Hour,Bus,Phase,Node,kVBase,Voltage_Real_V,Voltage_Imag_V,Voltage_V,Voltage_Angle_Deg,Voltage_pu
0,sourcebus,1,sourcebus.1,66.39528095680697,66361.13405884913,-72.9547421422875,66361.17416058088,-0.06298863326450446,0.9994863069222002
0,sourcebus,2,sourcebus.2,66.39528095680697,-33258.5275830665,-57452.07545009172,66384.26493165852,-120.06619237282675,0.9998340842151776
0,sourcebus,3,sourcebus.3,66.39528095680697,-33102.606469304046,57525.030203455266,66369.508473169,119.91814593695366,0.9996118325991462
0,150,1,150.1,2.4017771198288433,2001.2772195849677,-1267.6943101952902,2368.999656760476,-32.35191285770843,0.9863528289957633
0,150,2,150.2,2.4017771198288433,-2107.934689189045,-1140.1727700061667,2396.5355410154157,-151.5912358806103,0.9978176248036699
0,150,3,150.3,2.4017771198288433,80.43696487803955,2387.059866561165,2388.4147277777784,88.07002938064986,0.9944364562636782
0,150r,1,150r.1,2.4017771198288433,2063.808416576852,-1307.3190967938244,2443.0285305692346,-32.35220728070486,1.0171753700207333
0,150r,2,150r.2,2.4017771198288433,-2173.811976622538,-1175.7961736207224,2471.4277556927937,-151.59142626857363,1.0289996250230387
0,150r,3,150r.3,2.4017771198288433,82.96063610499255,2461.654804412647,2463.0523427712237,88.06979598279403,1.0255124517743541
0,40,1,40.1,2.4017771198288433,1948.8311962210832,-1348.316023045973,2369.788836450836,-34.67776360869354,0.9866814105630721
0,40,2,40.2,2.4017771198288433,-2204.476784299373,-1110.887439990546,2468.560065472107,-153.25539571076033,1.0278056382051066
0,40,3,40.3,2.4017771198288433,136.44628064900488,2425.5438032771526,2429.3785890879876,86.78028277608888,1.0114921026731702
0,401,1,401.1,2.4017771198288433,1948.8311962210832,-1348.316023045973,2369.788836450836,-34.67776360869354,0.9866814105630721
0,401,2,401.2,2.4017771198288433,-2204.476784299373,-1110.887439990546,2468.560065472107,-153.25539571076033,1.0278056382051066
0,401,3,401.3,2.4017771198288433,136.44628064900488,2425.5438032771526,2429.3785890879876,86.78028277608888,1.0114921026731702
0,101,1,101.1,2.4017771198288433,1919.5452339020267,-1363.966558119059,2354.7948268720015,-35.39636585384872,0.9804385292169867
0,101,2,101.2,2.4017771198288433,-2212.3748378807068,-1079.3677131731763,2461.6330115450546,-153.99329712704932,1.0249215013425046
0,101,3,101.3,2.4017771198288433,154.28037057018255,2426.285135503652,2431.185305876384,86.36162749311868,1.0122443443251872
0,1011,1,1011.1,2.4017771198288433,1919.5452339020267,-1363.966558119059,2354.7948268720015,-35.39636585384872,0.9804385292169867
0,1011,2,1011.2,2.4017771198288433,-2212.3748378807068,-1079.3677131731763,2461.6330115450546,-153.99329712704932,1.0249215013425046
0,1011,3,1011.3,2.4017771198288433,154.28037057018255,2426.285135503652,2431.185305876384,86.36162749311868,1.0122443443251872
0,30,1,30.1,2.4017771198288433,1965.1563778171571,-1344.4590922389098,2381.0522547771443,-34.37793005455474,0.9913710290265502
0,30,2,30.2,2.4017771198288433,-2207.1464281513686,-1132.1839785027262,2480.591848023291,-152.84386444844054,1.0328151715426717
0,30,3,30.3,2.4017771198288433,123.59641806727593,2428.6565620401607,2431.7994923306883,87.08668189044056,1.01250006599446
0,301,1,301.1,2.4017771198288433,1969.227814665949,-1342.3521530922173,2383.2262773319158,-34.280854842977234,0.9922762015077197
0,301,2,301.2,2.4017771198288433,-2207.2318428355425,-1136.5840294448662,2482.679130297815,-152.75441256525872,1.0336842289823867
0,301,3,301.3,2.4017771198288433,119.7561720953099,2430.980297198693,2433.9282541034704,87.17974645612271,1.0133863937703422
0,93,1,93.1,2.4017771198288433,1921.7976849475644,-1366.1227581214123,2357.8799231782505,-35.40737293250586,0.9817230348777237
0,93,2,93.2,2.4017771198288433,-2222.255940640366,-1069.6925693350295,2466.305670147554,-154.2959596574248,1.0268670018487431
0,93,3,93.3,2.4017771198288433,155.764161002683,2442.5916818056285,2447.5531859142343,86.35118679910437,1.0190592481323384
0,931,1,931.1,2.4017771198288433,1925.9465867782023,-1364.0692005098035,2360.0752189076647,-35.30838119942902,0.9826370646231527
0,931,2,931.2,2.4017771198288433,-2222.453893821108,-1074.1146625367353,2468.405075840878,-154.20546537551758,1.0277411069753144
0,931,3,931.3,2.4017771198288433,151.97870265634873,2444.949281424965,2449.66824586546,86.44305550223298,1.0199398710401695
0,77,1,77.1,2.4017771198288433,1922.3584912518465,-1370.739888174244,2361.014614507927,-35.490811298657896,0.9830281898414366
0,77,2,77.2,2.4017771198288433,-2223.3818734948936,-1076.0677132680307,2470.0908240231884,-154.1740433110623,1.0284429823360184
0,77,3,77.3,2.4017771198288433,158.04301579158314,2435.8375307042265,2440.9592521850427,86.28771499215244,1.0163138086514005
0,771,1,771.1,2.4017771198288433,1926.5048874055128,-1368.695107162157,2363.2070111539015,-35.392081995621396,0.9839410125292182
0,771,2,771.2,2.4017771198288433,-2223.5701480820494,-1080.483434216308,2472.187018624905,-154.0838262670235,1.029315750497731
0,771,3,771.3,2.4017771198288433,154.24994607923293,2438.205661497524,2443.080001478467,86.38008036953872,1.0171968003644596
0,149,1,149.1,2.4017771198288433,2063.808160502837,-1307.3188625562384,2443.0281888986547,-32.352205853673226,1.0171752277633284
0,149,2,149.2,2.4017771198288433,-2173.811787766005,-1175.7960541388943,2471.4275327346804,-151.5914266219775,1.0289995321925627
0,149,3,149.3,2.4017771198288433,82.96062027266348,2461.6545321390204,2463.0520701188198,88.06979613754784,1.0255123382532443
0,1,1,1.1,2.4017771198288433,2041.2473718200895,-1315.1491402893157,2428.2314745851863,-32.79315690773174,1.0110144919517878
0,1,2,1.2,2.4017771198288433,-2180.0050383442926,-1167.3072248639928,2472.8582904052905,-151.8326964132333,1.0295952401201627
0,1,3,1.3,2.4017771198288433,92.99495628278491,2453.605490955101,2455.367175625482,87.82945164692912,1.0223126681298629
0,2,1,2.1,2.4017771198288433,-2179.7248093832063,-1167.0140216742736,2472.4728454373403,-151.8356208718492,1.0294347568826598
0,3,1,3.1,2.4017771198288433,93.80210202275579,2450.776318999802,2452.5707737217504,87.80810577949505,1.0211483627991789
0,7,1,7.1,2.4017771198288433,2024.6579899915678,-1320.4986280062346,2417.220842828194,-33.11272189616974,1.0064301232915613
0,7,2,7.2,2.4017771198288433,-2184.974603590918,-1160.5968113999866,2474.0854829550867,-152.02402173219724,1.0301061920064407
0,7,3,7.3,2.4017771198288433,99.46580683556033,2449.183163567062,2451.2020756008287,87.67439161932575,1.0205784938843565
0,4,1,4.1,2.4017771198288433,94.05873381406188,2449.87725970162,2451.6822047340934,87.80130909007555,1.0207783996663298
0,5,1,5.1,2.4017771198288433,94.43429574028802,2448.5593019440917,2450.3796626949265,87.79135171791147,1.0202360753896875
0,6,1,6.1,2.4017771198288433,94.75908640495332,2447.419983372837,2449.2537352158924,87.78273234115574,1.0197672860629268
0,8,1,8.1,2.4017771198288433,2013.8898648570257,-1324.0311005689105,2410.1474525529698,-33.32290387793166,1.003485058065972
0,8,2,8.2,2.4017771198288433,-2188.159029693625,-1156.0950486615204,2474.7920520256707,-152.15065093518223,1.030400377950986
0,8,3,8.3,2.4017771198288433,103.88254420894528,2446.249161008619,2448.4539082299866,87.5683354691371,1.0194342714050293
0,12,1,12.1,2.4017771198288433,-2187.7969118905585,-1155.7203542514426,2474.2968425209096,-152.1544053770735,1.0301941933301597
0,9,1,9.1,2.4017771198288433,2011.3353770372491,-1323.3356273476556,2407.6310310197423,-33.34247016148058,1.0024373249052003
0,13,1,13.1,2.4017771198288433,1999.8528512801129,-1329.2718940431762,2401.327798337064,-33.611384284104886,0.9998129212373331
0,13,2,13.2,2.4017771198288433,-2192.1448954683688,-1149.523405464373,2475.2582294456543,-152.32824958825995,1.0305944748203977
0,13,3,13.3,2.4017771198288433,111.21719239388821,2441.794749117119,2444.3262590537934,87.39213352754071,1.0177156901336384
0,9r,1,9r.1,2.4017771198288433,2011.3304616410223,-1323.3383870382474,2407.6284415445166,-33.34258931975935,1.0024362467555235
0,14,1,14.1,2.4017771198288433,2008.4580572043694,-1322.5557848784483,2404.7988630371146,-33.36462834989469,1.0012581280683057
0,34,1,34.1,2.4017771198288433,111.68903722265865,2440.0934263017775,2442.6482288935654,87.37926142867995,1.0170170282360067
0,18,1,18.1,2.4017771198288433,1965.9307277791333,-1342.569906042922,2380.6254596299464,-34.32988066339307,0.9911933292959322
0,18,2,18.2,2.4017771198288433,-2204.1263163825106,-1126.378448455564,2475.2578103533174,-152.93152677427813,1.0305943003277966
0,18,3,18.3,2.4017771198288433,125.32164952091878,2429.211575572845,2432.4420640039402,87.04676130971397,1.0127676060871469
0,11,1,11.1,2.4017771198288433,2007.336296776283,-1322.2500739719287,2403.6938795267365,-33.373247726650426,1.0007980589381373
0,10,1,10.1,2.4017771198288433,2007.8901501866897,-1322.4010581323878,2404.239466809907,-33.36899191045115,1.0010252187685253
0,15,1,15.1,2.4017771198288433,111.87723826929506,2439.4146105606524,2441.978738371721,87.37412206133683,1.016738280255473
0,16,1,16.1,2.4017771198288433,112.34766283744425,2437.7172794844223,2440.304803101852,87.3612628213196,1.016041323299705
0,17,1,17.1,2.4017771198288433,112.09679958813827,2438.622857687503,2441.197889257212,87.36812293833076,1.0164131671931231
0,19,1,19.1,2.4017771198288433,1963.6432307680664,-1341.9041377321482,2378.361085412371,-34.34771374057473,0.9902505381439635
0,20,1,20.1,2.4017771198288433,1962.1739628318953,-1341.4763743199476,2376.906713203952,-34.359183168671066,0.9896449981059594
0,21,1,21.1,2.4017771198288433,1965.9307237232583,-1342.5698997398852,2380.6254527259466,-34.32988059317035,0.9911933264213941
0,21,2,21.2,2.4017771198288433,-2204.1263536198117,-1126.3784474197244,2475.2578430404046,-152.93152718786192,1.030594313937339
0,21,3,21.3,2.4017771198288433,125.32165607519772,2429.21158496081,2432.4420737171195,87.04676116692696,1.0127676101313103
0,22,1,22.1,2.4017771198288433,-2205.0668907642676,-1127.2231462396046,2476.479762518383,-152.92402703146618,1.0311030703360449
0,23,1,23.1,2.4017771198288433,1965.1126556807267,-1343.014564177989,2380.200804367302,-34.349825565765705,0.9910165205241531
0,23,2,23.2,2.4017771198288433,-2205.1054656130846,-1127.7509725412585,2476.7544025487173,-152.9135610051605,1.0312174190106438
0,23,3,23.3,2.4017771198288433,124.5714188382953,2429.147873265609,2432.339908109518,87.06433283402988,1.012725072625745
0,24,1,24.1,2.4017771198288433,124.30269562289055,2430.420527315081,2433.597152310471,87.07218579967116,1.0132485367684305
0,25,1,25.1,2.4017771198288433,1964.3270051148907,-1343.6434659754234,2379.9072138808447,-34.37299816152099,0.990894281668585
0,25,2,25.2,2.4017771198288433,-2206.1012266900957,-1129.3776935391911,2478.3818505362424,-152.89056070613898,1.031895020597439
0,25,3,25.3,2.4017771198288433,123.96840449406614,2428.742297576868,2431.9040510167683,87.0780318619982,1.0125435998782735
0,25r,1,25r.1,2.4017771198288433,1988.8776713820096,-1360.4408489892776,2409.6542688362147,-34.37308019496093,1.0032797168989323
0,25r,2,25r.2,2.4017771198288433,122.42203812668137,2398.3811298050687,2401.5035288802155,87.07795239540532,0.9998860881193475
0,26,1,26.1,2.4017771198288433,1988.0880731361885,-1360.8236961237642,2409.218819135843,-34.391196876714886,1.003098413772686
0,26,2,26.2,2.4017771198288433,122.67183548304922,2397.5140496736735,2400.650328057678,87.07094334595327,0.9995308508179787
0,28,1,28.1,2.4017771198288433,1964.1549038012508,-1343.864182876549,2379.889793277192,-34.37972326104426,0.9908870284544925
0,28,2,28.2,2.4017771198288433,-2206.7271458716414,-1130.3669231722693,2479.3898598906835,-152.87680345694622,1.0323147137263806
0,28,3,28.3,2.4017771198288433,123.43984976850415,2428.965537104083,2432.1001165556895,87.0907355325943,1.0126252334059236
0,27,1,27.1,2.4017771198288433,1987.2903242221337,-1360.8979599432769,2408.6025180848515,-34.40337354222447,1.002841811673389
0,27,2,27.2,2.4017771198288433,122.39021349626974,2397.481597962279,2400.6035443045207,87.0776165259636,0.9995113720109025
0,31,1,31.1,2.4017771198288433,122.95350185294572,2396.476514695753,2399.6285648212734,87.06296090806997,0.9991054311452001
0,33,1,33.1,2.4017771198288433,1985.0304160404305,-1360.2374551326022,2406.364828314955,-34.42080048283363,1.0019101308144858
0,29,1,29.1,2.4017771198288433,1964.1674977290666,-1344.1730125731697,2380.0745885087917,-34.38568784901172,0.9909639694953885
0,29,2,29.2,2.4017771198288433,-2207.096685437436,-1131.2299718029985,2480.1123014844165,-152.86294999541087,1.0326155083287476
0,29,3,29.3,2.4017771198288433,123.30947940374662,2428.783279110147,2431.911479597039,87.0935851575332,1.0125466928298257
0,250,1,250.1,2.4017771198288433,1965.1563810477126,-1344.459099350745,2381.0522614591137,-34.3779301519022,0.991371031808644
0,250,2,250.2,2.4017771198288433,-2207.1464366146506,-1132.1839786793446,2480.591855634244,-152.84386453403195,1.0328151747115557
0,250,3,250.3,2.4017771198288433,123.59642180266852,2428.6565699148355,2431.7995003850374,87.08668181197436,1.0125000693479558
0,32,1,32.1,2.4017771198288433,123.14126481996007,2395.7847077047677,2398.9472976231636,87.05763571032745,0.9988217798469654
0,35,1,35.1,2.4017771198288433,1952.0074765855413,-1347.942152896729,2372.18912319438,-34.62668854800688,0.9876807900324357
0,35,2,35.2,2.4017771198288433,-2204.92321697227,-1113.3564495173223,2470.0706419908647,-153.20891143690963,1.0284345793779934
0,35,3,35.3,2.4017771198288433,134.32752324704546,2427.4888794312565,2431.2026125487982,86.83271096524857,1.0122515501030553
0,42,1,42.1,2.4017771198288433,1945.6549016143765,-1348.6898707296316,2367.390412159507,-34.72894194777067,0.9856828065412718
0,42,2,42.2,2.4017771198288433,-2204.03032615393,-1108.4184321039118,2467.051093762327,-153.30193657883217,1.0271773652078655
0,42,3,42.3,2.4017771198288433,138.5650256647307,2423.598704666871,2427.556579690863,86.72777610527362,1.0107334938155532
0,44,1,44.1,2.4017771198288433,1943.189302551617,-1348.9571062915625,2365.516844194001,-34.768283757112336,0.984902730842308
0,44,2,44.2,2.4017771198288433,-2203.666386869837,-1106.5071811926255,2465.867735027735,-153.33781161269252,1.026684663897314
0,44,3,44.3,2.4017771198288433,140.19408601189332,2422.0752221497137,2426.12917288101,86.68731305828175,1.0101391810468667
0,151,1,151.1,2.4017771198288433,1945.38659927707,-1350.5324323815917,2368.2201906835735,-34.76927683607204,0.9860282917726932
0,151,2,151.2,2.4017771198288433,-2207.297633996426,-1108.0071776386935,2469.785972659389,-153.34451484170197,1.028316054919947
0,151,3,151.3,2.4017771198288433,138.53487089743513,2427.4608536737414,2431.410723545699,86.73368044352253,1.012338198857922
0,52,1,52.1,2.4017771198288433,1734.5651747667773,-1240.5261686009085,2132.5153036959314,-35.571588490380215,0.8878905898845018
0,52,2,52.2,2.4017771198288433,-2380.1158463924316,-1151.361041980379,2643.9711971272504,-154.18501447006446,1.100839530570458
0,52,3,52.3,2.4017771198288433,137.9781629162226,2208.750823235389,2213.056296749982,86.42544243828756,0.9214245062454796
0,53,1,53.1,2.4017771198288433,1735.1230563151112,-1240.4856281187813,2132.945525353505,-35.561985067254966,0.8880697162713851
0,53,2,53.2,2.4017771198288433,-2379.8685730099714,-1151.317982057214,2643.7298501565574,-154.18352088833555,1.1007390437398106
0,53,3,53.3,2.4017771198288433,138.17518908525946,2208.769455532756,2213.087185488456,86.42038152299818,0.9214373670301955
0,54,1,54.1,2.4017771198288433,1735.8204906224123,-1240.4349023268337,2133.4834244903836,-35.54998385254642,0.8882936750777363
0,54,2,54.2,2.4017771198288433,-2379.5594699175017,-1151.2641239302116,2643.4281442707797,-154.18165406859336,1.1006134259698324
0,54,3,54.3,2.4017771198288433,138.42150487782052,2208.7927828769084,2213.125859661343,86.41405478271479,0.9214534693456717
0,55,1,55.1,2.4017771198288433,1735.528524558305,-1240.290319126317,2133.1618164766564,-35.55138373809172,0.888159770890261
0,55,2,55.2,2.4017771198288433,-2379.5449347143053,-1150.93690551149,2643.272565739839,-154.18790165384985,1.1005486495467178
0,55,3,55.3,2.4017771198288433,138.3559847247558,2208.9245217420116,2213.2532438160642,86.41596092619474,0.9215065068043392
0,57,1,57.1,2.4017771198288433,1738.1274452603682,-1240.4452289936357,2135.366802706366,-35.51421994566741,0.8890778353565703
0,57,2,57.2,2.4017771198288433,-2378.924574783845,-1151.6478304096631,2643.023809540463,-154.1681721488541,1.1004450778217136
0,57,3,57.3,2.4017771198288433,139.2694119250992,2208.684419519541,2213.070905806304,86.39197021683903,0.9214305888483162
0,56,1,56.1,2.4017771198288433,1735.586738661301,-1240.1200929526328,2133.1102110209445,-35.5467545789172,0.888138284526982
0,56,2,56.2,2.4017771198288433,-2379.375188649909,-1150.582573283311,2642.9654833739382,-154.19321439149542,1.1004207932342542
0,56,3,56.3,2.4017771198288433,138.4141343175483,2209.068019655939,2213.4000966941085,86.41469082450529,0.9215676502288609
0,58,1,58.1,2.4017771198288433,-2378.060986903467,-1150.817025537122,2641.8845326203036,-154.176228957564,1.099970730343443
0,60,1,60.1,2.4017771198288433,1742.7602805890683,-1241.1904046907694,2139.571689917242,-35.458393960224214,0.890828575329968
0,60,2,60.2,2.4017771198288433,-2378.486288888498,-1154.4940991791236,2643.8709596858157,-154.1085149697729,1.1007977958730095
0,60,3,60.3,2.4017771198288433,140.76515216045456,2207.5072691075816,2211.990771053435,86.351384995995,0.9209808657062513
0,59,1,59.1,2.4017771198288433,-2377.6430362349593,-1150.414040168323,2641.3327831935526,-154.18014829479455,1.0997410048530152
0,61,1,61.1,2.4017771198288433,1742.7603058892319,-1241.1904550605504,2139.5717397452568,-35.45839466588346,0.8908285960762787
0,61,2,61.2,2.4017771198288433,-2378.486354716393,-1154.4940959611226,2643.871017500885,-154.10851565544715,1.1007978199447974
0,61,3,61.3,2.4017771198288433,140.7651763305183,2207.5073203324814,2211.990823712624,86.35138445563922,0.9209808876313453
0,62,1,62.1,2.4017771198288433,1742.044990600817,-1240.5034990013935,2138.5905826763806,-35.45452094416079,0.8904200831211108
0,62,2,62.2,2.4017771198288433,-2376.262383756094,-1154.0909401410254,2641.694307555246,-154.09531898805366,1.0998915285459543
0,62,3,62.3,2.4017771198288433,140.67031297593883,2204.157041214536,2208.641301635095,86.34830954827393,0.9195862860882312
0,63,1,63.1,2.4017771198288433,1741.571191024661,-1239.8117682612153,2137.803413348865,-35.44678511916273,0.8900923385851932
0,63,2,63.2,2.4017771198288433,-2374.693978058901,-1153.576390785434,2640.0587074545815,-154.09049346322902,1.0992105327586428
0,63,3,63.3,2.4017771198288433,140.65754513469037,2202.4799803593523,2206.9668345688956,86.34586732590856,0.9188891077146116
0,64,1,64.1,2.4017771198288433,1741.76830424779,-1239.2719170997925,2137.6509795086795,-35.431933297422,0.8900288714803869
0,64,2,64.2,2.4017771198288433,-2371.150211769504,-1152.8283935507595,2636.544449037677,-154.07146459063523,1.0977473418622474
0,64,3,64.3,2.4017771198288433,140.98142249145596,2198.841621803814,2203.356584682684,86.33143247986615,0.9173859499667899
0,65,1,65.1,2.4017771198288433,1740.9576250217333,-1239.180629034704,2136.9375478698853,-35.4425400959846,0.8897318282481469
0,65,2,65.2,2.4017771198288433,-2369.9441760171467,-1153.380792633072,2635.7015480233126,-154.0492016269177,1.097396392972192
0,65,3,65.3,2.4017771198288433,140.3236079110964,2193.857983349182,2198.3410941075836,86.34023113403688,0.9152977085002137
0,66,1,66.1,2.4017771198288433,1740.8773966263932,-1239.9761523862371,2137.33361190322,-35.46116124563719,0.8898967328223745
0,66,2,66.2,2.4017771198288433,-2369.964586730737,-1154.256370152759,2636.103167631346,-154.03228391744412,1.09756361065643
0,66,3,66.3,2.4017771198288433,140.18753601804082,2191.3391727362387,2195.8187346006393,86.33957918973319,0.9142475030144008
0,67,1,67.1,2.4017771198288433,1919.7700466641768,-1365.5783260645653,2355.9119670917835,-35.4251519288679,0.9809036598948331
0,67,2,67.2,2.4017771198288433,-2216.223520548694,-1078.4546937569758,2464.6929260091815,-154.0516025815544,1.0261955223325725
0,67,3,67.3,2.4017771198288433,154.15116234500312,2429.915508944284,2434.80018922709,86.37008319325093,1.0137494312547202
0,68,1,68.1,2.4017771198288433,1916.9739114969739,-1364.7042777684085,2353.1270138093696,-35.44727304515029,0.9797441212934277
0,97,1,97.1,2.4017771198288433,1922.3076584546927,-1363.2063870909155,2356.6073893542452,-35.34239764623244,0.981193204772549
0,97,2,97.2,2.4017771198288433,-2213.4110636815203,-1081.9718778100014,2463.7068983950708,-153.94943380755583,1.0257849814851432
0,97,3,97.3,2.4017771198288433,152.57303932998227,2427.8907118695024,2432.679970960543,86.40415814983983,1.0128666606391445
0,69,1,69.1,2.4017771198288433,1913.7689545970795,-1363.7020030975875,2349.9350554498246,-35.47268438702241,0.9784151227226642
0,70,1,70.1,2.4017771198288433,1911.49524738649,-1362.9905141897823,2347.6705949839866,-35.49074521332719,0.9774722956605097
0,71,1,71.1,2.4017771198288433,1910.2124256330476,-1362.5889800691295,2346.3930275315606,-35.5009482307466,0.9769403697620246
0,72,1,72.1,2.4017771198288433,1919.7699873485653,-1365.5784016112507,2355.9119625468707,-35.42515426219255,0.9809036580025206
0,72,2,72.2,2.4017771198288433,-2216.2235462577382,-1078.4546042429981,2464.692909958591,-154.05160471418134,1.0261955156497748
0,72,3,72.3,2.4017771198288433,154.15126369814848,2429.9154931622656,2434.8001798935684,86.37008078947814,1.0137494273686305
0,73,1,73.1,2.4017771198288433,154.67262165466514,2428.045540732829,2432.9670708339036,86.35503951764647,1.0129861970736413
0,76,1,76.1,2.4017771198288433,1920.525663025078,-1367.38078494154,2357.5726994867537,-35.45020311185313,0.9815951197231657
0,76,2,76.2,2.4017771198288433,-2218.6927847788083,-1076.77541929077,2466.179834646767,-154.11178524073608,1.0268146091850994
0,76,3,76.3,2.4017771198288433,155.2753065193301,2432.6878978775026,2437.6383713123514,86.34783924930672,1.0149311321135674
0,74,1,74.1,2.4017771198288433,154.923743458659,2427.2620247621985,2432.2011230858216,86.34796235902613,1.0126672883198864
0,75,1,75.1,2.4017771198288433,154.74012471409515,2428.1890998755866,2433.1146316914756,86.35366806470223,1.0130476352713633
0,86,1,86.1,2.4017771198288433,1921.919484742996,-1367.4112107169055,2358.7259113828927,-35.43116810108051,0.9820752691452825
0,86,2,86.2,2.4017771198288433,-2220.5184487484185,-1073.4118903840397,2466.3566789193164,-154.20059961993024,1.0268882397776673
0,86,3,86.3,2.4017771198288433,155.08962754890814,2437.581520025242,2442.510278246916,86.3594982424474,1.0169595913300131
0,78,1,78.1,2.4017771198288433,1922.5717269846316,-1371.7003621290305,2361.7459492641415,-35.50677984647556,0.9833326871864136
0,78,2,78.2,2.4017771198288433,-2224.5712722843095,-1075.960975302364,2471.1150045771333,-154.1882848708236,1.0288694084791812
0,78,3,78.3,2.4017771198288433,158.7756371287474,2436.338852226429,2441.507056269474,86.27132008209477,1.016541891465542
0,79,1,79.1,2.4017771198288433,1921.9374385104238,-1371.747158270479,2361.256822916801,-35.51664327081143,0.9831290353390785
0,79,2,79.2,2.4017771198288433,-2224.7953016631195,-1075.982455671244,2471.3260366075965,-154.19009807486358,1.0289572734308126
0,79,3,79.3,2.4017771198288433,158.49459456296202,2436.289574906269,2441.439622293094,86.27782643066672,1.0165138147652424
0,80,1,80.1,2.4017771198288433,1924.9236205510458,-1376.1637557868494,2366.2539229120603,-35.561682818560506,0.98520961973386
0,80,2,80.2,2.4017771198288433,-2229.7478829190513,-1075.4086193096662,2475.536168159842,-154.25196135891636,1.0307101969296197
0,80,3,80.3,2.4017771198288433,162.84886006219244,2438.8240882947753,2444.2550367894096,86.17983026340532,1.017686036147931
0,81,1,81.1,2.4017771198288433,1925.7200607159914,-1377.9711194883757,2367.9531579801255,-35.58605044024399,0.9859171104722956
0,81,2,81.2,2.4017771198288433,-2231.864559801454,-1075.6556906866863,2477.55011618421,-154.26807957984596,1.0315487210406793
0,81,3,81.3,2.4017771198288433,164.27710775999086,2439.5601950246496,2445.085052361716,86.14758566973723,1.0180316200763704
0,82,1,82.1,2.4017771198288433,1926.5332754334163,-1380.1871409668147,2369.904429600982,-35.618179265254334,0.9867295387383269
0,82,2,82.2,2.4017771198288433,-2235.1497274113317,-1075.6787621261867,2480.5199259905726,-154.30054442285376,1.0327852262025632
0,82,3,82.3,2.4017771198288433,165.70712159267495,2441.488312167469,2447.1052344753966,86.11721251150426,1.0188727398026773
0,84,1,84.1,2.4017771198288433,165.44694341336384,2434.948751237579,2440.563072784285,86.1129104714486,1.016148856042981
0,83,1,83.1,2.4017771198288433,1928.0930195510236,-1382.3494786607039,2372.4318268803645,-35.63869364541999,0.9877818417428467
0,83,2,83.2,2.4017771198288433,-2238.171195321747,-1075.6770484629958,2483.242117103775,-154.33081167287904,1.0339186332496735
0,83,3,83.3,2.4017771198288433,167.4679681600467,2443.473787501404,2449.205926533355,86.07925970855582,1.0197473805179273
0,85,1,85.1,2.4017771198288433,165.99562841147173,2432.7845971864645,2438.441191613902,86.09660053326475,1.0152653930634794
0,87,1,87.1,2.4017771198288433,1921.7315322953325,-1367.5637393056634,2358.661201461934,-35.436833955439816,0.9820483266282503
0,87,2,87.2,2.4017771198288433,-2221.3777353689093,-1071.185969948794,2466.1626924045063,-154.2558478012716,1.0268074718691014
0,87,3,87.3,2.4017771198288433,155.51991698650556,2439.574063227254,2444.5261411060064,86.35239868956575,1.0177989126985312
0,88,1,88.1,2.4017771198288433,1921.1404378524273,-1368.5732579934045,2358.7652160498083,-35.46513807568749,0.982091633972223
0,89,1,89.1,2.4017771198288433,1921.679025036493,-1366.7897843101707,2358.16975422887,-35.422252526913375,0.9818437084607247
0,89,2,89.2,2.4017771198288433,-2222.180976770112,-1070.1373890166399,2466.43109064298,-154.2858936072231,1.0269192217214327
0,89,3,89.3,2.4017771198288433,155.69544747766415,2441.0181464077455,2445.9784674966327,86.35044736397214,1.0184036009431796
0,90,1,90.1,2.4017771198288433,-2223.1432413116904,-1068.7007000832818,2466.6753044834145,-154.3256580315371,1.0270209021972847
0,91,1,91.1,2.4017771198288433,1921.9207597553834,-1366.3436885270867,2358.108242205288,-35.410015566060984,0.9818180974150228
0,91,2,91.2,2.4017771198288433,-2222.0563751486648,-1069.8269565549465,2466.184147891321,-154.29113552727057,1.026816405040559
0,91,3,91.3,2.4017771198288433,156.1541853565767,2442.002477372194,2446.990034531467,86.34119497508752,1.0188247753421207
0,92,1,92.1,2.4017771198288433,158.2074647107418,2442.1586603275146,2447.277778288129,86.29345482330413,1.0189445798628176
0,94,1,94.1,2.4017771198288433,1920.5199273124008,-1365.7248815148953,2356.607995232322,-35.417487656355156,0.9811934570349559
0,95,1,95.1,2.4017771198288433,1921.9185345804972,-1365.842351039863,2357.81597701308,-35.40011768803161,0.9816964103568044
0,95,2,95.2,2.4017771198288433,-2221.8945051149503,-1068.9173229496655,2465.6438175782587,-154.3085491270221,1.0265914339936617
0,95,3,95.3,2.4017771198288433,155.88910944972068,2442.900537360159,2447.869369447557,86.34872820720663,1.0191908937920093
0,96,1,96.1,2.4017771198288433,-2221.559026089244,-1068.5953886685536,2465.201941237733,-154.3119115208914,1.0264074550820144
0,98,1,98.1,2.4017771198288433,1921.7911340298983,-1363.2463782436887,2356.2092119823437,-35.35045653559088,0.9810274202921265
0,98,2,98.2,2.4017771198288433,-2213.1384013067823,-1081.5457992646063,2463.2748322600255,-153.95555231207965,1.0256050871346316
0,98,3,98.3,2.4017771198288433,152.8193806762521,2427.5478330136216,2432.3532318887,86.39786027290432,1.0127306200926902
0,99,1,99.1,2.4017771198288433,1922.3959010073877,-1363.213140936985,2356.6832769452253,-35.3412905796784,0.9812248012060205
0,99,2,99.2,2.4017771198288433,-2212.0097288455313,-1080.6360790096167,2461.8613640423705,-153.9630411497206,1.025016577815434
0,99,3,99.3,2.4017771198288433,153.94679113246247,2426.9390771791645,2431.8167897354515,86.3704488221834,1.0125072679136642
0,100,1,100.1,2.4017771198288433,1922.6064241283127,-1363.4765266004615,2357.007361187045,-35.34355306364317,0.9813597363917811
0,100,2,100.2,2.4017771198288433,-2211.748660274108,-1080.9280001582274,2461.7549589165806,-153.95426925965663,1.024972275150998
0,100,3,100.3,2.4017771198288433,154.438700940511,2426.239290366167,2431.1496059405135,86.35783502094384,1.0122294803581788
0,450,1,450.1,2.4017771198288433,1922.6064841961456,-1363.4766386869412,2357.0074750238073,-35.34355444147998,0.9813597837886696
0,450,2,450.2,2.4017771198288433,-2211.748802918477,-1080.9280079513696,2461.755090496419,-153.95427055445091,1.0249723299353648
0,450,3,450.3,2.4017771198288433,154.43877177645277,2426.239396030211,2431.1497158909942,86.35783351309084,1.0122295261369816
0,197,1,197.1,2.4017771198288433,1922.3077651242597,-1363.2064126921316,2356.607491174968,-35.342396653757156,0.9811932471664588
0,197,2,197.2,2.4017771198288433,-2213.411115860879,-1081.9719672658266,2463.706984559159,-153.94943247144687,1.0257850173602825
0,197,3,197.3,2.4017771198288433,152.57297339005177,2427.8907803019774,2432.680035122668,86.40415980092118,1.012866687353582
0,105,1,105.1,2.4017771198288433,1916.5064360496817,-1364.8026928178851,2352.8032875153,-35.45582765268497,0.9796093351422078
0,105,2,105.2,2.4017771198288433,-2211.234899918336,-1076.5030319384234,2459.3532809235585,-154.04163337394175,1.0239723164232735
0,105,3,105.3,2.4017771198288433,156.15849149772097,2424.5189023845387,2429.5426282505873,86.3147818769822,1.0115604017510678
0,108,1,108.1,2.4017771198288433,1913.0239738787745,-1365.7240090301473,2350.5026682555194,-35.523362747269495,0.9786514530636474
0,108,2,108.2,2.4017771198288433,-2209.8994719537377,-1073.2418934873315,2456.726244024287,-154.096383864378,1.022878527629308
0,108,3,108.3,2.4017771198288433,158.28515927521477,2422.4789519995265,2427.6446330811073,86.2615987919169,1.010770155581342
0,300,1,300.1,2.4017771198288433,1945.3864413171038,-1350.532341945121,2368.2200093530582,-34.76927721810911,0.986028216274216
0,300,2,300.2,2.4017771198288433,-2207.2975038649533,-1108.007074751076,2469.785810200328,-153.34451562054068,1.0283159872787575
0,300,3,300.3,2.4017771198288433,138.53490963901726,2427.4607099707223,2431.4105822835136,86.7336793391229,1.0123381400422293
0,135,1,135.1,2.4017771198288433,1965.9305143455458,-1342.5697472546815,2380.625193825866,-34.32988040440982,0.9911932186261794
0,135,2,135.2,2.4017771198288433,-2204.1261032102643,-1126.378330184157,2475.2575667112533,-152.93152696666206,1.0305941988853846
0,135,3,135.3,2.4017771198288433,125.32165964041928,2429.2113509591113,2432.4418402098786,87.0467607990835,1.0127675129086169
0,152,1,152.1,2.4017771198288433,1734.5651901649571,-1240.526195047522,2132.5153316051624,-35.57158882767645,0.8878906015047436
0,152,2,152.2,2.4017771198288433,-2380.1158822494194,-1151.3610395746302,2643.9712283582635,-154.1850148553673,1.1008395435737515
0,152,3,152.3,2.4017771198288433,137.97817678438258,2208.7508492284046,2213.056323557071,86.425442121898,0.9214245174068355
0,160r,1,160r.1,2.4017771198288433,1917.054763596031,-1365.301709766294,2353.539403816516,-35.457979940476015,0.9799158233234544
0,160r,2,160r.2,2.4017771198288433,-2214.9653758201553,-1075.138868505117,2462.111939504901,-154.10817520801865,1.0251209070058744
0,160r,3,160r.3,2.4017771198288433,154.82726420769472,2428.2680723525295,2433.1989875365125,86.35173856671511,1.013082757533267
0,160,1,160.1,2.4017771198288433,1742.7603052249663,-1241.1904627380206,2139.5717436579775,-35.458394843667996,0.8908285977053728
0,160,2,160.2,2.4017771198288433,-2378.4863493336006,-1154.4940993772836,2643.8710141501315,-154.10851553790815,1.1007978185496832
0,160,3,160.3,2.4017771198288433,140.765183710764,2207.5073146373675,2211.990818498713,86.35138425547335,0.9209808854604898
0,61s,1,61s.1,2.4017771198288433,1742.760305889239,-1241.19045506054,2139.5717397452563,-35.45839466588312,0.8908285960762785
0,61s,2,61s.2,2.4017771198288433,-2378.4863547163864,-1154.4940959611358,2643.871017500885,-154.10851565544684,1.1007978199447974
0,61s,3,61s.3,2.4017771198288433,140.76517633050534,2207.507320332483,2211.9908237126247,86.35138445563956,0.9209808876313456
0,610,1,610.1,0.24017771198288432,220.1246812833623,-135.97669609848913,258.7364241693904,-31.7046954993464,1.077270751033837
0,610,2,610.2,0.24017771198288432,-255.40377528663808,-125.97327215232612,284.7812383697907,-153.74601786072756,1.185710514179954
0,610,3,610.3,0.24017771198288432,35.27908940257796,261.949965902632,264.31496133489145,82.32963079989823,1.1004974572899888
0,x1,1,x1.1,0.24017771198288432,200.35983547787188,-131.05748385050856,239.41622281279564,-33.189122706113636,0.9968294761249831
0,x2,1,x2.1,0.24017771198288432,-215.78532200876143,-113.68737582801208,243.9018749765662,-152.21731347874368,1.0155058642325117
0,x4,1,x4.1,0.24017771198288432,10.913629953013238,241.5478612143797,241.79428565620105,87.41301806721673,1.0067307397508722
0,x5,1,x5.1,0.24017771198288432,10.961727469947407,241.39027082434438,241.63903310056455,87.3999385529419,1.0060843327451814
0,x6,1,x6.1,0.24017771198288432,11.0031006190629,241.25451369310758,241.50529725149107,87.38867204144638,1.0055275123476126
0,x7,1,x7.1,0.24017771198288432,198.6861210473285,-131.56917183700028,238.29943700040036,-33.512370037072664,0.9921796449513275
0,x9,1,x9.1,0.24017771198288432,197.34054949254624,-131.83566103504552,237.32663987544151,-33.74536733722131,0.9881293227256408
0,x10,1,x10.1,0.24017771198288432,197.03825240119062,-131.74604614265775,237.02551251613951,-33.767947387505494,0.9868755537692463
0,x11,1,x11.1,0.24017771198288432,197.02926293440575,-131.73685393851656,237.01293031835468,-33.76730802635977,0.986823166735991
0,x12,1,x12.1,0.24017771198288432,-216.57740558464917,-112.57240295343465,244.0867028670101,-152.53553324314055,1.0162754106193015
0,x16,1,x16.1,0.24017771198288432,12.722991662096986,240.30410441207783,240.64068050544694,86.96928309258526,1.0019276081812105
0,x17,1,x17.1,0.24017771198288432,12.697771865783693,240.39612895495924,240.73124480815713,86.97643520586726,1.0023046802332443
0,x19,1,x19.1,0.24017771198288432,192.53336839999136,-133.61880310128117,234.35674193345864,-34.760777638552,0.975763904146774
0,x20,1,x20.1,0.24017771198288432,192.4760314724997,-133.58880251448912,234.29253263528878,-34.762744795465736,0.9754965633613208
0,x22,1,x22.1,0.24017771198288432,-218.18687976826175,-109.65028083221027,244.1898822424723,-153.31808733117552,1.0167050065822674
0,x24,1,x24.1,0.24017771198288432,13.905042604974993,239.55728443618452,239.96050245047658,86.67800828575383,0.9990956299374556
0,x28,1,x28.1,0.24017771198288432,192.6742927114929,-133.8262457818223,234.59080785898402,-34.78277710517158,0.9767384572124725
0,x29,1,x29.1,0.24017771198288432,192.7578963577915,-133.8692088597811,234.68398260005898,-34.77974814872107,0.9771263980430589
0,x30,1,x30.1,0.24017771198288432,13.836394863117922,239.37864463809944,239.7781919432658,86.6919107561532,0.9983365648863913
0,x31,1,x31.1,0.24017771198288432,13.790560482327502,236.11251781336574,236.51490571755448,86.65733831824306,0.9847495996398248
0,x32,1,x32.1,0.24017771198288432,13.809435660728345,236.04217637591705,236.44578562864538,86.65177838659324,0.9844618123662329
0,x33,1,x33.1,0.24017771198288432,194.76194154494132,-135.46091852425678,237.23801196644368,-34.81940392945786,0.9877603130108503
0,x34,1,x34.1,0.24017771198288432,12.667447114322085,240.52062454682422,240.85397038203155,86.9852011289706,1.0028156584287697
0,x52,1,x52.1,0.24017771198288432,169.87699536726757,-123.43970634881576,209.98941558681597,-36.003718311410346,0.8743085020386087
0,x53,1,x53.1,0.24017771198288432,169.931874982022,-123.43611420317035,210.03170337947475,-35.99412509589966,0.8744845708016493
0,x55,1,x55.1,0.24017771198288432,170.28424660564338,-123.47118809911116,210.3374881771142,-35.94544403780107,0.8757577313922592
0,x56,1,x56.1,0.24017771198288432,-236.75945246982377,-113.5758089394982,262.59189383922757,-154.372513451261,1.0933233215992189
0,x58,1,x58.1,0.24017771198288432,-236.57200750746244,-113.52658127161423,262.40159944507064,-154.36450246698303,1.0925310149668261
0,x59,1,x59.1,0.24017771198288432,-235.4511121295082,-112.11325174702439,260.7807650504805,-154.5379096952864,1.085782535346429
0,x60,1,x60.1,0.24017771198288432,170.68208049788564,-123.51096214434278,210.6830092174212,-35.89069068223557,0.8771963371540279
0,x62,1,x62.1,0.24017771198288432,15.365036740752439,217.23733806614118,217.78003903964105,85.95424924856458,0.9067454146418075
0,x63,1,x63.1,0.24017771198288432,170.56636176093966,-123.37438752690699,210.50919994623314,-35.87904011495593,0.8764726677104601
0,x64,1,x64.1,0.24017771198288432,-234.9517917285414,-112.37878330767593,260.44449576477035,-154.43794400722402,1.0843824500390373
0,x65,1,x65.1,0.24017771198288432,104.87435119002117,-225.67628211083633,248.8542019836066,-65.07516752668093,1.0361252920976305
0,x65,2,x65.2,0.24017771198288432,-271.46539550728875,6.394135857987083,271.54068927381604,178.65069627457416,1.1305823801551025
0,x65,3,x65.3,0.24017771198288432,166.59104431726755,219.2821462528493,275.38561275414116,52.77566584208782,1.1465910407780295
0,x66,1,x66.1,0.24017771198288432,15.417933355367222,215.94946066731353,216.49915064834352,85.91623846207858,0.9014123286500947
0,x68,1,x68.1,0.24017771198288432,187.83648352857915,-135.81818773885232,231.7954371100698,-35.8694151345069,0.9650996972049936
0,x69,1,x69.1,0.24017771198288432,187.51095049569648,-135.71531961675532,231.471390315256,-35.89599552755006,0.9637505012611297
0,x70,1,x70.1,0.24017771198288432,187.27999833141936,-135.64229049001614,231.24149442605315,-35.91488865757915,0.9627933104905755
0,x71,1,x71.1,0.24017771198288432,187.14969270542971,-135.60107367017056,231.11178823296703,-35.925562330317725,0.9622532679028796
0,x73,1,x73.1,0.24017771198288432,16.898633826621154,239.3007837603939,239.8967047158944,85.96066604379007,0.9988300027314361
0,x74,1,x74.1,0.24017771198288432,16.921743366075326,239.22611189399217,239.82384787686186,85.95390205931677,0.9985266571860437
0,x75,1,x75.1,0.24017771198288432,16.905215687938,239.31531435918205,239.9116629184372,85.95934251177839,0.9988922824593063
0,x76,1,x76.1,0.24017771198288432,115.17593551521952,-250.97750257756238,276.1434462772498,-65.34916481538787,1.1497463440609696
0,x76,2,x76.2,0.24017771198288432,-272.56803885962023,19.625222312049583,273.2736451957576,175.88174264171369,1.1377976871360644
0,x76,3,x76.3,0.24017771198288432,157.39210334440068,231.35228026551275,279.8144952986297,55.772012920222366,1.1650310638256476
0,x77,1,x77.1,0.24017771198288432,-220.02735838348468,-104.68131716611569,243.66004309456918,-154.55652989853095,1.0144989769572499
0,x79,1,x79.1,0.24017771198288432,188.57525834303738,-136.5594167202002,232.82848269510453,-35.91070357052078,0.9694008689353177
0,x80,1,x80.1,0.24017771198288432,-220.6651469609799,-104.62503830576784,244.21200978615744,-154.63273925314036,1.016797136461857
0,x82,1,x82.1,0.24017771198288432,188.82213330715027,-137.35986309594827,233.49845827414126,-36.034254595948624,0.972190368316861
0,x83,1,x83.1,0.24017771198288432,18.151847331742733,240.8603914033888,241.54340750380365,85.69019224731923,1.0056861875718788
0,x84,1,x84.1,0.24017771198288432,17.956809625448898,239.99617842760546,240.66701616918684,85.7210321945795,1.0020372589207502
0,x85,1,x85.1,0.24017771198288432,18.01191879073475,239.7762677796555,240.45184093465596,85.70402738635121,1.0011413588276301
0,x86,1,x86.1,0.24017771198288432,-219.73610181089154,-104.41232971189582,243.28150162910484,-154.58426582634615,1.0129228878924523
0,x87,1,x87.1,0.24017771198288432,-219.8190154973721,-104.19173097046144,243.26182679749596,-154.639576549368,1.0128409700848156
0,x88,1,x88.1,0.24017771198288432,188.2627141564358,-136.2055137858081,232.36779365308743,-35.885226893365214,0.9674827515620873
0,x90,1,x90.1,0.24017771198288432,-219.96082663721302,-103.9068923063517,243.26818025317215,-154.7145038231052,1.01286742322913
0,x92,1,x92.1,0.24017771198288432,17.23994606612477,240.73137544480838,241.34790420451588,85.90376344384863,1.004872193227134
0,x94,1,x94.1,0.24017771198288432,188.19654128770236,-135.92325938457188,232.14881131373355,-35.83836026383404,0.9665710002694883
0,x95,1,x95.1,0.24017771198288432,-219.86750050464082,-103.9663727202547,243.2092194690924,-154.6924429722056,1.0126219350712446
0,x96,1,x96.1,0.24017771198288432,-219.83335616506744,-103.93378337128001,243.1644213462684,-154.69594571298424,1.0124354143385166
0,x98,1,x98.1,0.24017771198288432,188.32223864380634,-135.67980501787315,232.10832612705394,-35.77147457473834,0.9664024368072696
0,x99,1,x99.1,0.24017771198288432,-218.89312426356628,-105.11975702260801,242.82578768812263,-154.34813334209952,1.0110254847686575
0,x100,1,x100.1,0.24017771198288432,16.873223973268672,239.12559789446345,239.72016447440694,85.96377472123449,0.9980949626645208
1,sourcebus,1,sourcebus.1,66.39528095680697,66364.44775396216,-70.96881098924905,66364.4857002637,-0.06127093548366483,0.9995361830524778
1,sourcebus,2,sourcebus.2,66.39528095680697,-33257.44493874398,-57455.32177396558,66386.5320980356,-120.06398001338374,0.999868230713911
1,sourcebus,3,sourcebus.3,66.39528095680697,-33107.00280873958,57526.29059617609,66372.79370897076,119.92089263623524,0.9996613125584808
1,150,1,150.1,2.4017771198288433,2005.9337535906225,-1266.6190395914414,2372.3604311423064,-32.269794288354774,0.9877521155299235
1,150,2,150.2,2.4017771198288433,-2108.716438769129,-1142.8073718622716,2398.4773729009644,-151.5447632005399,0.9986261227569218
1,150,3,150.3,2.4017771198288433,77.48868342307415,2389.8393236373477,2391.0952488058806,88.14287949518507,0.9955525136221949
1,150r,1,150r.1,2.4017771198288433,2068.611023093731,-1306.2100236448528,2446.4946741685703,-32.27007729742799,1.0186185279102475
1,150r,2,150r.2,2.4017771198288433,-2174.6182124416036,-1178.5134384380785,2473.4304709172357,-151.54494731315592,1.029833472263862
1,150r,3,150r.3,2.4017771198288433,79.91982152807725,2464.5214194160435,2465.816904117893,88.14265586910338,1.0266635000226887
1,40,1,40.1,2.4017771198288433,1958.6990734057083,-1347.5564005665751,2377.479823861461,-34.52740458001338,0.989883617523547
1,40,2,40.2,2.4017771198288433,-2205.902071259356,-1115.4647926793466,2471.895153863427,-153.17551488794166,1.0291942301621977
1,40,3,40.3,2.4017771198288433,132.4966542522072,2431.8722098745766,2435.478969021963,86.88141475094504,1.0140320469018047
1,401,1,401.1,2.4017771198288433,1958.6990734057083,-1347.5564005665751,2377.479823861461,-34.52740458001338,0.989883617523547
1,401,2,401.2,2.4017771198288433,-2205.902071259356,-1115.4647926793466,2471.895153863427,-153.17551488794166,1.0291942301621977
1,401,3,401.3,2.4017771198288433,132.4966542522072,2431.8722098745766,2435.478969021963,86.88141475094504,1.0140320469018047
1,101,1,101.1,2.4017771198288433,1930.6733654167488,-1363.621101685481,2363.6755599894755,-35.23329396951587,0.9841360967573531
1,101,2,101.2,2.4017771198288433,-2214.343743425684,-1084.590887246613,2465.6957652449473,-153.90427617497448,1.0266130628393442
1,101,3,101.3,2.4017771198288433,150.27263860259373,2433.256434528431,2437.8922745040636,86.46602529104882,1.0150368468318967
1,1011,1,1011.1,2.4017771198288433,1930.6733654167488,-1363.621101685481,2363.6755599894755,-35.23329396951587,0.9841360967573531
1,1011,2,1011.2,2.4017771198288433,-2214.343743425684,-1084.590887246613,2465.6957652449473,-153.90427617497448,1.0266130628393442
1,1011,3,1011.3,2.4017771198288433,150.27263860259373,2433.256434528431,2437.8922745040636,86.46602529104882,1.0150368468318967
1,30,1,30.1,2.4017771198288433,1974.6427904627835,-1343.430433108307,2388.3089160592735,-34.22905979966079,0.9943924006693304
1,30,2,30.2,2.4017771198288433,-2208.294522914945,-1136.2949596332971,2483.491682133077,-152.77156557294825,1.034022541737785
1,30,3,30.3,2.4017771198288433,119.75132389624055,2434.9810188350093,2437.923899891398,87.18448652967457,1.0150500143265293
1,301,1,301.1,2.4017771198288433,1978.6965382264577,-1341.3193324329432,2390.4764257251572,-34.132570535162344,0.9952948614547168
1,301,2,301.2,2.4017771198288433,-2208.374320262697,-1140.689653019942,2485.576396512987,-152.68232922290838,1.034890530013091
1,301,3,301.3,2.4017771198288433,115.9164864926638,2437.2925881716915,2440.0474979388136,87.2770914903768,1.0159341921421492
1,93,1,93.1,2.4017771198288433,1933.9481206578,-1365.925391632478,2367.6797733017393,-35.233123056394966,0.985803284473984
1,93,2,93.2,2.4017771198288433,-2224.786810059176,-1076.1124405282947,2471.3749887204585,-154.18729944285354,1.0289776550525949
1,93,3,93.3,2.4017771198288433,151.4404861616973,2449.8500524086985,2454.5263290777293,86.46269216496749,1.0219625746341714
1,931,1,931.1,2.4017771198288433,1938.0738292874817,-1363.8677545226133,2369.8661184960633,-35.134944841560895,0.9867135875892372
1,931,2,931.2,2.4017771198288433,-2224.976015006868,-1080.5253033724684,2473.4698701589246,-154.09718695777198,1.0298498764678008
1,931,3,931.3,2.4017771198288433,147.6607787064907,2452.1939194569827,2456.6356514937265,86.5540506488469,1.0228408086712029
1,77,1,77.1,2.4017771198288433,1934.2559761888972,-1370.398976353879,2370.514614132177,-35.31715006846911,0.9869835941734285
1,77,2,77.2,2.4017771198288433,-2225.7256321494638,-1081.9476004836336,2474.7656858376354,-154.07514762420018,1.0303894001679863
1,77,3,77.3,2.4017771198288433,153.74351358324014,2443.237380443128,2448.069844829497,86.39934487545852,1.0192743633946986
1,771,1,771.1,2.4017771198288433,1938.3797706249188,-1368.349860908985,2372.698353566578,-35.2192064800148,0.9878928123587348
1,771,2,771.2,2.4017771198288433,-2225.9059709980834,-1086.3547866485137,2476.8577097199304,-153.9852817200749,1.0312604318157705
1,771,3,771.3,2.4017771198288433,149.95643023489365,2445.5915788074194,2450.1847075889114,86.49118560171276,1.020154904200069
1,149,1,149.1,2.4017771198288433,2068.6107726129367,-1306.2098044518707,2446.494345347335,-32.27007608892817,1.0186183910027748
1,149,2,149.2,2.4017771198288433,-2174.6180326098442,-1178.5133175097592,2473.4302551921223,-151.54494779115112,1.0298333824449062
1,149,3,149.3,2.4017771198288433,79.91981373392261,2464.521158071644,2465.816642658181,88.14265585329363,1.02666339116175
1,1,1,1.1,2.4017771198288433,2047.0856786715494,-1314.0692840599784,2432.5578840249746,-32.697297156089164,1.0128158287219944
1,1,2,1.2,2.4017771198288433,-2180.861763526517,-1170.2664492342146,2475.011433067582,-151.7816661961506,1.0304917190833918
1,1,3,1.3,2.4017771198288433,89.70259496891605,2457.218664835756,2458.855449667868,87.90930335984984,1.0237650402145109
1,2,1,2.1,2.4017771198288433,-2180.598139826216,-1169.9900990816118,2474.6484759178534,-151.78441809531293,1.0303405988371657
1,3,1,3.1,2.4017771198288433,90.4679875579235,2454.5510183861693,2456.217652943925,87.88919090127014,1.0226667714775137
1,7,1,7.1,2.4017771198288433,2031.2513659644892,-1319.4695918842644,2422.1854007568927,-33.007132522631245,1.0084971585246443
1,7,2,7.2,2.4017771198288433,-2185.8521718130323,-1163.7568576333583,2476.3440271312097,-151.9689757056906,1.0310465557718695
1,7,3,7.3,2.4017771198288433,96.04153444925923,2453.263478013429,2455.1426982751764,87.75810220833114,1.0222192051068153
1,4,1,4.1,2.4017771198288433,90.71076480254632,2453.7052572562293,2455.3814229846084,87.88280268421948,1.0223186001370457
1,5,1,5.1,2.4017771198288433,91.06841580685423,2452.457374770182,2454.1476384729226,87.87338217655638,1.0218049036322785
1,6,1,6.1,2.4017771198288433,91.377127723192,2451.3806292826116,2453.0831149989504,87.86524343557905,1.021361680376805
1,8,1,8.1,2.4017771198288433,2020.9692364502919,-1323.0374269184024,2415.5216181407573,-33.21096033259092,1.0057226368751875
1,8,2,8.2,2.4017771198288433,-2189.058186838474,-1159.3904162383872,2477.127748548703,-152.09297287537194,1.0313728647415998
1,8,3,8.3,2.4017771198288433,100.36419311184858,2450.6402429658688,2452.6945532827367,87.65480349683453,1.0211998994550844
1,12,1,12.1,2.4017771198288433,-2188.717597131198,-1159.0372502820367,2476.661476167688,-152.09650517150268,1.031178728334368
1,9,1,9.1,2.4017771198288433,2018.5583102530907,-1322.3864078116103,2413.1480401037784,-33.229381209950446,1.0047343777992794
1,13,1,13.1,2.4017771198288433,2007.5410188248468,-1328.3300439765778,2407.2144997891487,-33.491418368193955,1.0022638986421408
1,13,2,13.2,2.4017771198288433,-2193.121030755046,-1153.0091263658164,2477.742904544969,-152.26734716165785,1.031628990087781
1,13,3,13.3,2.4017771198288433,107.5175182534054,2446.6567167465764,2449.017988160256,87.48377485441118,1.0196691308037689
1,9r,1,9r.1,2.4017771198288433,2018.5536693504614,-1322.389026108068,2413.1455928764963,-33.22949359455639,1.0047333588757241
1,14,1,14.1,2.4017771198288433,2015.8369578238987,-1321.6549096243466,2410.4709790127845,-33.25028399691349,1.0036197610145277
1,34,1,34.1,2.4017771198288433,107.9650664545345,2445.0535608255996,2447.4360810612557,87.47165992959722,1.0190104905469606
1,18,1,18.1,2.4017771198288433,1975.190699305743,-1341.689251652201,2387.7831448066954,-34.18712063421937,0.9941734914090842
1,18,2,18.2,2.4017771198288433,-2205.336512689736,-1130.6124545779355,2478.26424270078,-152.85709361574808,1.0318460535910956
1,18,3,18.3,2.4017771198288433,121.54179345476565,2435.2174088586266,2438.2486001153216,87.142736384941,1.0151852059815931
1,11,1,11.1,2.4017771198288433,2014.774881102769,-1321.3678296397675,2409.4254009472024,-33.25842273789082,1.0031844258383575
1,10,1,10.1,2.4017771198288433,2015.3009509552114,-1321.5100727811916,2409.943317877649,-33.25439147593881,1.0034000648858656
1,15,1,15.1,2.4017771198288433,108.1431860991791,2444.4153330925965,2446.8063407956647,87.466833760076,1.0187482929182166
1,16,1,16.1,2.4017771198288433,108.58840880443107,2442.819499085614,2445.2317983454186,87.45475897415403,1.0180927189945386
1,17,1,17.1,2.4017771198288433,108.35098421195116,2443.6709073760435,2446.0718385476243,87.4612004585443,1.0184424767615146
1,19,1,19.1,2.4017771198288433,1973.0355781211167,-1341.0681270088505,2385.651507201074,-34.20386416949039,0.9932859662561367
1,20,1,20.1,2.4017771198288433,1971.6485697089051,-1340.668241167488,2384.279642850288,-34.214653186667796,0.9927147790550181
1,21,1,21.1,2.4017771198288433,1975.190696226571,-1341.6892471931785,2387.78313975407,-34.187120587227874,0.9941734893053813
1,21,2,21.2,2.4017771198288433,-2205.336550648297,-1130.6124535876029,2478.2642760272174,-152.85709403648264,1.0318460674668368
1,21,3,21.3,2.4017771198288433,121.541801165902,2435.217420275307,2438.2486119021937,87.14273621733734,1.015185210889156
1,22,1,22.1,2.4017771198288433,-2206.3765038883785,-1131.559600939069,2479.6218274946864,-152.84858152383507,1.0324112953792275
1,23,1,23.1,2.4017771198288433,1974.4471461779729,-1342.083257884836,2387.389579466476,-34.20496955199284,0.9940096271866422
1,23,2,23.2,2.4017771198288433,-2206.2971391395868,-1131.9423368505666,2479.725896168818,-152.8398758217382,1.0324546252424662
1,23,3,23.3,2.4017771198288433,120.76508543838862,2435.2666859250053,2438.2592227728987,87.16102299964155,1.0151896288139572
1,24,1,24.1,2.4017771198288433,120.45113158117209,2436.697703427663,2439.672964351745,87.17005171683934,1.015778251949374
1,25,1,25.1,2.4017771198288433,1973.7591348487686,-1342.6730828688478,2387.1523055430494,-34.22596081819828,0.9939108362033042
1,25,2,25.2,2.4017771198288433,-2207.2612262237744,-1133.536200824233,2481.311435384506,-152.81729220044286,1.0331147777614478
1,25,3,25.3,2.4017771198288433,120.16399538905205,2434.9449886809466,2437.9082188815714,87.17475802731856,1.015043485406882
1,25r,1,25r.1,2.4017771198288433,1998.42790143614,-1359.4582405180947,2416.9900258277876,-34.22603797116795,1.0063340207021492
1,25r,2,25r.2,2.4017771198288433,118.66499348898557,2404.506405882913,2407.43274809738,87.17468349664627,1.0023547681514011
1,26,1,26.1,2.4017771198288433,1997.6830960582165,-1359.8206757774976,2416.5781639642264,-34.24307543244173,1.0061625385691233
1,26,2,26.2,2.4017771198288433,118.90022049033497,2403.6912214740887,2406.630164903666,87.16813352779786,1.0020206059233208
1,28,1,28.1,2.4017771198288433,1973.6355209440499,-1342.8782385884194,2387.1655018465785,-34.23170093602754,0.9939163305946948
1,28,2,28.2,2.4017771198288433,-2207.869636113476,-1134.5126805936313,2482.298804032182,-152.8036579957171,1.0335258769594229
1,28,3,28.3,2.4017771198288433,119.6421194732566,2435.1984356544763,2438.135693058543,87.18730068529688,1.0151381961837869
1,27,1,27.1,2.4017771198288433,1996.930770094309,-1359.892761959467,2415.996859389349,-34.25452815758157,1.0059205075454791
1,27,2,27.2,2.4017771198288433,118.6346500009682,2403.659893124309,2406.585768676283,87.17441163564352,1.0020021211825776
1,31,1,31.1,2.4017771198288433,119.16679183369953,2402.716268637458,2405.669593242398,87.16064514551061,1.0016206638748528
1,33,1,33.1,2.4017771198288433,1994.797316939827,-1359.275460553883,2413.886101980436,-34.270920882561505,1.0050416760371401
1,29,1,29.1,2.4017771198288433,1973.6747528584092,-1343.1666708345672,2387.3602023388758,-34.23689439554286,0.9939973957737614
1,29,2,29.2,2.4017771198288433,-2208.232354624113,-1135.3588269097004,2483.008215421473,-152.79011695022928,1.033821246327144
1,29,3,29.3,2.4017771198288433,119.50074982471877,2435.060030615168,2437.990521291708,87.1904594304532,1.0150777527039834
1,250,1,250.1,2.4017771198288433,1974.64279372482,-1343.4304402316498,2388.3089227632104,-34.229059896932085,0.9943924034605706
1,250,2,250.2,2.4017771198288433,-2208.2945313853825,-1136.2949598195007,2483.491689750096,-152.77156565854008,1.0340225449091947
1,250,3,250.3,2.4017771198288433,119.75132763032697,2434.9810267372236,2437.923907967492,87.18448645114493,1.0150500176890789
1,32,1,32.1,2.4017771198288433,119.34449233000359,2402.0661961261826,2405.0291304725633,87.15564977138102,1.0013540018417495
1,35,1,35.1,2.4017771198288433,1961.8079264315627,-1347.182482171768,2379.830031846853,-34.4775644328737,0.9908621462829348
1,35,2,35.2,2.4017771198288433,-2206.3403749978092,-1117.8901600519982,2473.381543613228,-153.12995885004068,1.0298131009714537
1,35,3,35.3,2.4017771198288433,130.4118161568697,2433.775533106522,2437.2670324240776,86.93278716289528,1.0147765220603664
1,42,1,42.1,2.4017771198288433,1955.5902060276537,-1347.9302964626313,2375.131393846058,-34.57734307326661,0.9889058290368408
1,42,2,42.2,2.4017771198288433,-2205.463742019377,-1113.039426919171,2470.410306657311,-153.22112541720267,1.0285760016039118
1,42,3,42.3,2.4017771198288433,134.5814799622744,2429.968864106478,2433.6928432478417,86.82996715430511,1.0132883784908704
1,44,1,44.1,2.4017771198288433,1953.1780697639422,-1348.1974365271699,2373.2974739937745,-34.61570166491632,0.9881422611615609
1,44,2,44.2,2.4017771198288433,-2205.1064307143515,-1111.162942779961,2469.246333638102,-153.25626167599808,1.0280913716981643
1,44,3,44.3,2.4017771198288433,136.18334832555274,2428.478612721069,2432.2940358445167,86.79034957568331,1.012705973324389
1,151,1,151.1,2.4017771198288433,1955.480244525508,-1349.8781961825316,2376.146908601938,-34.617520693166576,0.9893286471024706
1,151,2,151.2,2.4017771198288433,-2208.78963446607,-1112.7045985633185,2473.2293005276947,-153.26276454557814,1.029749713288943
1,151,3,151.3,2.4017771198288433,134.57170002914663,2433.919053677817,2437.6364581915523,86.83533109378722,1.0149303355697152
1,52,1,52.1,2.4017771198288433,1745.7089153012503,-1240.2776299021693,2141.4453568088097,-35.392734863033084,0.8916086922176253
1,52,2,52.2,2.4017771198288433,-2382.4788713432113,-1157.7879473600192,2648.901376693543,-154.08213095287283,1.1028922520847024
1,52,3,52.3,2.4017771198288433,134.25363439864202,2215.352893291876,2219.417148750079,86.53203299429364,0.9240729001982666
1,53,1,53.1,2.4017771198288433,1746.2379655384038,-1240.2374548587852,2141.8533975793725,-35.38366201165343,0.8917785834066095
1,53,2,53.2,2.4017771198288433,-2382.2444514940685,-1157.7463414821882,2648.672350044389,-154.08072402473238,1.1027968949230145
1,53,3,53.3,2.4017771198288433,134.44046435115806,2215.3711721275768,2219.446703290905,86.52724729091356,0.9240852054786285
1,54,1,54.1,2.4017771198288433,1746.8993528332642,-1240.1871923429333,2142.363559478345,-35.372323701306286,0.8919909935818754
1,54,2,54.2,2.4017771198288433,-2381.951418612142,-1157.6943041744362,2648.3860486240155,-154.07896552900752,1.1026776909310996
1,54,3,54.3,2.4017771198288433,134.6740321108256,2215.3940553554758,2219.4837047001197,86.52126461406027,0.9241006113249532
1,55,1,55.1,2.4017771198288433,1746.6223365052294,-1240.0514736001128,2142.0591129931026,-35.37365294726444,0.8918642347403789
1,55,2,55.2,2.4017771198288433,-2381.9383434212355,-1157.3851164703992,2648.239146997019,-154.08485830526115,1.1026165272095436
1,55,3,55.3,2.4017771198288433,134.61166443582732,2215.5183389402073,2219.6039760242274,86.52306624368354,0.9241506872970803
1,57,1,57.1,2.4017771198288433,1749.0872367160946,-1240.1893539161238,2144.149200781055,-35.33852646472121,0.8927344602790838
1,57,2,57.2,2.4017771198288433,-2381.3483907887617,-1158.0546970697048,2648.0012914871154,-154.06624839973233,1.1025174940778095
1,57,3,57.3,2.4017771198288433,135.47832810612664,2215.2945625232946,2219.4333457285234,86.50038372072181,0.9240796439457654
1,56,1,56.1,2.4017771198288433,1746.6771934109036,-1239.8903926508642,2142.010598426092,-35.369290211917644,0.8918440352944729
1,56,2,56.2,2.4017771198288433,-2381.778216737663,-1157.0497599728844,2647.948568378803,-154.0898707477183,1.1024955423705187
1,56,3,56.3,2.4017771198288433,134.66649263154702,2215.654139882422,2219.7428526331146,86.52186621250061,0.9242085097351993
1,58,1,58.1,2.4017771198288433,-2380.5327995086805,-1157.2676405648074,2646.923648584347,-154.0738487256631,1.102068808438384
1,60,1,60.1,2.4017771198288433,1753.4828009252258,-1240.8783079356672,2148.134285431397,-35.28570431839708,0.8943936836172702
1,60,2,60.2,2.4017771198288433,-2380.9254651294145,-1160.7427016730023,2648.7977820114656,-154.0099587844766,1.1028491195720216
1,60,3,60.3,2.4017771198288433,136.89939246008336,2214.1871366769215,2218.4152271117964,86.46200392683478,0.9236557417408849
1,59,1,59.1,2.4017771198288433,-2380.138187782342,-1156.8857959321783,2646.4018095839947,-154.0775484845703,1.1018515364042538
1,61,1,61.1,2.4017771198288433,1753.4828264942057,-1240.878358422389,2148.1343354667447,-35.28570502365032,0.8943937044499058
1,61,2,61.2,2.4017771198288433,-2380.925531066265,-1160.7426985512504,2648.7978399121394,-154.00995947018703,1.1028491436794516
1,61,3,61.3,2.4017771198288433,136.89941662199405,2214.187188099788,2218.415279927698,86.46200338594475,0.9236557637312275
1,62,1,62.1,2.4017771198288433,1752.8012694497247,-1240.2299178235116,2147.203422885005,-35.28208652353793,0.894006111207363
1,62,2,62.2,2.4017771198288433,-2378.82302864394,-1160.3589102289038,2646.7398440636994,-153.9974823528701,1.1019922798882824
1,62,3,62.3,2.4017771198288433,136.81561334461847,2211.0130212372073,2215.241994034816,86.45910048260124,0.9223345395981953
1,63,1,63.1,2.4017771198288433,1752.349273623951,-1239.5762983813474,2146.4569355752733,-35.274812961469124,0.8936953049699446
1,63,2,63.2,2.4017771198288433,-2377.340700379762,-1159.870259585654,2645.1933435485257,-153.99291891821716,1.1013483814589045
1,63,3,63.3,2.4017771198288433,136.80645951045182,2209.4238123461714,2213.6552554375025,86.456796522737,0.9216738877066384
1,64,1,64.1,2.4017771198288433,1752.5334353112905,-1239.0657133899485,2146.3124851667185,-35.26084640098865,0.8936351618336967
1,64,2,64.2,2.4017771198288433,-2373.9892269776615,-1159.1583722139192,2641.869221153768,-153.9749234233365,1.0999643552862368
1,64,3,64.3,2.4017771198288433,137.12035297471826,2205.976847560037,2210.2343412341665,86.44315276249803,0.9202495614545921
1,65,1,65.1,2.4017771198288433,1751.7647797980717,-1238.9810192981947,2145.6359919432234,-35.27084920671479,0.8933534982197378
1,65,2,65.2,2.4017771198288433,-2372.8466612264615,-1159.680473856821,2641.071767131357,-153.95386971819352,1.0996323286315453
1,65,3,65.3,2.4017771198288433,136.50816595956715,2201.254551894584,2205.4831855197335,86.45141511028342,0.9182713780189986
1,66,1,66.1,2.4017771198288433,1751.690287298876,-1239.73498840013,2146.010648641029,-35.28843244250314,0.8935094896706982
1,66,2,66.2,2.4017771198288433,-2372.8643314044916,-1160.5101520540643,2641.4520529951383,-153.93786916906487,1.09979066383286
1,66,3,66.3,2.4017771198288433,136.38409706516725,2198.867599848311,2203.0931309399866,86.45079330571816,0.9172762587966466
1,67,1,67.1,2.4017771198288433,1931.4252888893989,-1365.2092699723328,2365.206121542029,-35.254210350824785,0.9847733588662796
1,67,2,67.2,2.4017771198288433,-2218.4200948172884,-1084.0926101618636,2469.138413393771,-153.95626776842067,1.0280464382014465
1,67,3,67.3,2.4017771198288433,149.93331823424555,2437.1782503450804,2441.785785828036,86.47964461323981,1.0166579428494362
1,68,1,68.1,2.4017771198288433,1928.7984002908772,-1364.3972903113784,2362.592481739853,-35.274901305461725,0.9836851480657862
1,97,1,97.1,2.4017771198288433,1933.568663950921,-1362.8164471280786,2365.577402406387,-35.17691879569042,0.9849279447607379
1,97,2,97.2,2.4017771198288433,-2215.434131465825,-1087.3317365842536,2467.88141859512,-153.85826514782116,1.0275230778994962
1,97,3,97.3,2.4017771198288433,148.4726220103555,2434.9412867818974,2439.4637094168284,86.51066120795097,1.015691126906343
1,69,1,69.1,2.4017771198288433,1925.7874984468258,-1363.4662318990472,2359.5969263209063,-35.29866584233264,0.9824379235026842
1,70,1,70.1,2.4017771198288433,1923.6515270023765,-1362.805342734888,2357.4718661153374,-35.31555369040097,0.9815531369052832
1,71,1,71.1,2.4017771198288433,1922.4464279199751,-1362.43237145072,2356.2729542646593,-35.3250930935284,0.9810539599247133
1,72,1,72.1,2.4017771198288433,1931.4252314987505,-1365.2093503836088,2365.2061210906836,-35.25421274395564,0.9847733586783582
1,72,2,72.2,2.4017771198288433,-2218.420126303979,-1084.0925199061905,2469.1384020558903,-153.95626997091247,1.028046433480825
1,72,3,72.3,2.4017771198288433,149.93342312980835,2437.178239936403,2441.7857818799184,86.47964214154408,1.0166579412056045
1,73,1,73.1,2.4017771198288433,150.40063848548826,2435.532773132204,2440.172174470049,86.46632015390347,1.015986102259123
1,76,1,76.1,2.4017771198288433,1932.3281900930333,-1367.043100655775,2367.0021278568324,-35.277843817640026,0.9855211411229994
1,76,2,76.2,2.4017771198288433,-2220.9889920236274,-1082.5731248660384,2470.780579770763,-154.01408085069855,1.0287301679128482
1,76,3,76.3,2.4017771198288433,151.00575596364976,2439.9995674655315,2444.6677949296372,86.45861745368572,1.0178578914532463
1,74,1,74.1,2.4017771198288433,150.60464277141241,2434.938094491737,2439.5912121565275,86.4606772275437,1.0157442137388581
1,75,1,75.1,2.4017771198288433,150.38865653248934,2435.9832552609005,2440.6210619277094,86.46725272830994,1.016173000308053
1,86,1,86.1,2.4017771198288433,1933.8842076510828,-1367.158738177656,2368.339321967563,-35.25838676399127,0.986077893079578
1,86,2,86.2,2.4017771198288433,-2222.939371035403,-1079.53654672165,2471.205900568987,-154.0971805320434,1.0289072537859347
1,86,3,86.3,2.4017771198288433,150.78743346916752,2444.823685832965,2449.469270046494,86.47068465715628,1.0198570257930717
1,78,1,78.1,2.4017771198288433,1934.4966110739356,-1371.3537635231041,2371.2630142996627,-35.33261316414022,0.9872951968451781
1,78,2,78.2,2.4017771198288433,-2226.9196881243124,-1081.8465127210814,2475.7954629658825,-154.0893326663733,1.0308181564916872
1,78,3,78.3,2.4017771198288433,154.47167933283404,2443.767400780701,2448.6446473170354,86.38311904056884,1.019513687219875
1,79,1,79.1,2.4017771198288433,1933.8955572547588,-1371.3999933379616,2370.7994364975402,-35.341925237969505,0.9871021823484143
1,79,2,79.2,2.4017771198288433,-2227.1319651267468,-1081.8675345104903,2475.9955881053447,-154.09104159056633,1.0309014802679903
1,79,3,79.3,2.4017771198288433,154.205447064699,2443.7198644370587,2448.580424602937,86.3892661872874,1.0194869475554955
1,80,1,80.1,2.4017771198288433,1936.9084882042296,-1375.7913403626603,2375.798035165127,-35.38628119407669,0.9891833907279592
1,80,2,80.2,2.4017771198288433,-2232.143230837999,-1081.321963154537,2480.266233890282,-154.15295991797865,1.0326795993739135
1,80,3,80.3,2.4017771198288433,158.4924720346723,2446.3852805307492,2451.513982111702,86.29319362755966,1.020708358769944
1,81,1,81.1,2.4017771198288433,1937.7314608474594,-1377.579625142818,2377.5047503562755,-35.40993103075672,0.9898939958782281
1,81,2,81.2,2.4017771198288433,-2234.2639969944153,-1081.5528547706147,2482.275606359601,-154.1695050003188,1.033516218414344
1,81,3,81.3,2.4017771198288433,159.90600464680193,2447.180800411784,2452.3996004375313,86.26143973191478,1.0210770933700524
1,82,1,82.1,2.4017771198288433,1938.6014390994826,-1379.791120600875,2379.4955507770137,-35.441193816226196,0.9907228822908358
1,82,2,82.2,2.4017771198288433,-2237.5398879473228,-1081.5732421391351,2485.2334756047926,-154.2019885134002,1.0347477520236752
1,82,3,82.3,2.4017771198288433,161.35008937802758,2449.139675612916,2454.448818371171,86.23078286421573,1.0219303024029478
1,84,1,84.1,2.4017771198288433,161.01439977449883,2442.8499963248264,2448.1506778543976,86.22894552748373,1.0193080189009625
1,83,1,83.1,2.4017771198288433,1940.1719834688477,-1381.9499775685833,2382.0270917727303,-35.4615943884256,0.9917769105663224
1,83,2,83.2,2.4017771198288433,-2240.5683305767393,-1081.56957131078,2487.958838399225,-154.23241664103003,1.0358824796268036
1,83,3,83.3,2.4017771198288433,163.1045360693612,2451.1533842082567,2456.57403767971,86.19303910902161,1.0228151552442015
1,85,1,85.1,2.4017771198288433,161.53426801833822,2440.8175838832562,2446.1569445842833,86.21366418180517,1.0184779113719773
1,87,1,87.1,2.4017771198288433,1933.808321139462,-1367.3526555363724,2368.389306577488,-35.26327718057214,0.9860987045901516
1,87,2,87.2,2.4017771198288433,-2223.859579489046,-1077.4873906856408,2471.1395157642855,-154.14923953716155,1.028879613917042
1,87,3,87.3,2.4017771198288433,151.21450247823842,2446.8106668514397,2451.478791500699,86.4635809466928,1.020693706864606
1,88,1,88.1,2.4017771198288433,1933.2711554818911,-1368.3847313749939,2368.546840085393,-35.29116425764649,0.9861642949842829
1,89,1,89.1,2.4017771198288433,1933.7745130454848,-1366.5878055669916,2367.9202050805484,-35.24863850144851,0.9859033902568329
1,89,2,89.2,2.4017771198288433,-2224.6992034060086,-1076.5051734553101,2471.4671622563337,-154.17821884984673,1.0290160322754913
1,89,3,89.3,2.4017771198288433,151.36995935237385,2448.2659390309814,2452.9408824538746,86.46205344279738,1.021302460666574
1,90,1,90.1,2.4017771198288433,-2225.7161392929065,-1075.115343322965,2471.777767955157,-154.21748599078512,1.0291453555570977
1,91,1,91.1,2.4017771198288433,1934.03788501787,-1366.1364661340615,2367.87486679209,-35.236041777582955,0.9858845132810786
1,91,2,91.2,2.4017771198288433,-2224.5855772741224,-1076.2140188979104,2471.2380713092844,-154.18314778778216,1.0289206483428366
1,91,3,91.3,2.4017771198288433,151.81887562551614,2449.2734252242303,2453.9741813038354,86.45304364146139,1.0217326832885776
1,92,1,92.1,2.4017771198288433,153.8556504626939,2449.519786326235,2454.3469079946753,86.40594280318885,1.021887871164989
1,94,1,94.1,2.4017771198288433,1932.7477622178344,-1365.5557999471348,2366.4861197833607,-35.2425801375085,0.9853062968440646
1,95,1,95.1,2.4017771198288433,1934.0612508532924,-1365.6614722375039,2367.619939687557,-35.22632685709553,0.9857783722480791
1,95,2,95.2,2.4017771198288433,-2224.4483471952426,-1075.3827247854201,2470.7526088434192,-154.19911522564627,1.0287185219832102
1,95,3,95.3,2.4017771198288433,151.5574184654291,2450.140734584382,2454.8236739858935,86.46038675126313,1.022086376674631
1,96,1,96.1,2.4017771198288433,-2224.133457579163,-1075.079356486073,2470.3370741389826,-154.20227121258478,1.0285455106321544
1,98,1,98.1,2.4017771198288433,1933.0856577274708,-1362.857198606936,2365.2061017819133,-35.184466419631526,0.9847733506389901
1,98,2,98.2,2.4017771198288433,-2215.1762183113547,-1086.9323196822093,2467.4739199719907,-153.86395239799964,1.027353412438132
1,98,3,98.3,2.4017771198288433,148.70842736046228,2434.6151187517225,2439.1525111854908,86.50466608799262,1.0155615569188663
1,99,1,99.1,2.4017771198288433,1933.6569779331128,-1362.8277524890318,2365.6561016478545,-35.175910349572824,0.9849607118484155
1,99,2,99.2,2.4017771198288433,-2214.112875384371,-1086.0777871564374,2466.1428962445525,-153.87089324714162,1.026799229572266
1,99,3,99.3,2.4017771198288433,149.7757278155976,2434.036872205108,2438.640659034602,86.47880825274378,1.0153484429930724
1,100,1,100.1,2.4017771198288433,1933.8567695742684,-1363.076705033059,2365.9628291737818,-35.178050932980064,0.9850884204202871
1,100,2,100.2,2.4017771198288433,-2213.865190606165,-1086.3536537890898,2466.04204004688,-153.86260447412064,1.0267572372504807
1,100,3,100.3,2.4017771198288433,150.24271600712146,2433.3753269603285,2438.0090966960074,86.46689939557473,1.0150854867289876
1,450,1,450.1,2.4017771198288433,1933.8568302458023,-1363.0768173615595,2365.962943479221,-35.178052309926755,0.9850884680123131
1,450,2,450.2,2.4017771198288433,-2213.8653334452156,-1086.3536618313897,2466.042171822081,-153.8626057683489,1.0267572921161883
1,450,3,450.3,2.4017771198288433,150.24278688214034,2433.375433070076,2438.0092069717643,86.46689788677715,1.0150855326432218
1,197,1,197.1,2.4017771198288433,1933.5687663000622,-1362.8164620205573,2365.5774946438287,-35.17691766238563,0.9849279831645684
1,197,2,197.2,2.4017771198288433,-2215.4341735909998,-1087.3318269093522,2467.881496207803,-153.85826369619497,1.0275231102141862
1,197,3,197.3,2.4017771198288433,148.47255053864708,2434.9413471264565,2439.4637652995493,86.51066296975952,1.0156911501735812
1,105,1,105.1,2.4017771198288433,1927.4884108022957,-1364.5061799914386,2361.5860536961145,-35.295412411603934,0.9832661133287868
1,105,2,105.2,2.4017771198288433,-2213.1442380188146,-1081.5758518300931,2463.2932715244992,-153.954983885506,1.0256127644766804
1,105,3,105.3,2.4017771198288433,152.25271949219294,2431.403006731982,2436.165321101606,86.41685770296957,1.014317815333012
1,108,1,108.1,2.4017771198288433,1923.832354568097,-1365.4851285152263,2359.169465019262,-35.36612095663997,0.9822599464130887
1,108,2,108.2,2.4017771198288433,-2211.738547661003,-1078.1367087180395,2460.521523152149,-154.01256301488732,1.024458723850068
1,108,3,108.3,2.4017771198288433,154.49970877515995,2429.2597930319052,2434.1678869899306,86.3609183456863,1.0134861669276771
1,300,1,300.1,2.4017771198288433,1955.4800881734407,-1349.8781133421212,2376.1467328687622,-34.61752119105756,0.9893285739344925
1,300,2,300.2,2.4017771198288433,-2208.789510351731,-1112.7044940331423,2473.2291426556885,-153.26276541465927,1.0297496475576122
1,300,3,300.3,2.4017771198288433,134.57174301146324,2433.9189141843317,2437.636321283669,86.83532990403798,1.0149302785669727
1,135,1,135.1,2.4017771198288433,1975.1904883944887,-1341.6891019753307,2387.782886236399,-34.18712050696594,0.9941733837511777
1,135,2,135.2,2.4017771198288433,-2205.3363070663945,-1130.6123348168985,2478.2640050860928,-152.85709391084788,1.0318459546582324
1,135,3,135.3,2.4017771198288433,121.54180851721274,2435.217189944255,2438.2483822239333,87.14273577500371,1.0151851152606903
1,152,1,152.1,2.4017771198288433,1745.7089308546172,-1240.2776564094588,2141.4453848403678,-35.3927352001707,0.8916087038887991
1,152,2,152.2,2.4017771198288433,-2382.4789072596304,-1157.7879450094144,2648.901407970135,-154.08213133816002,1.1028922651069732
1,152,3,152.3,2.4017771198288433,134.25364827031956,2215.3529193850504,2219.4171756345754,86.53203267758973,0.9240729113918517
1,160r,1,160r.1,2.4017771198288433,1928.8485568495826,-1364.95875026508,2362.9577112563666,-35.28531330220474,0.9838372144309364
1,160r,2,160r.2,2.4017771198288433,-2217.2368320564815,-1080.957002223086,2466.6996594808584,-154.0096379860168,1.0270310426042537
1,160r,3,160r.3,2.4017771198288433,150.57566839665677,2435.615361759899,2440.265399982941,86.46233790194051,1.0160249174814524
1,160,1,160.1,2.4017771198288433,1753.482824454082,-1240.8783629023628,2148.1343363893034,-35.285705152621944,0.8943937048340209
1,160,2,160.2,2.4017771198288433,-2380.9255223083155,-1160.7427019557304,2648.797833531773,-154.00995932097626,1.1028491410229326
1,160,3,160.3,2.4017771198288433,136.8994222406064,2214.1871798672755,2218.415272057603,86.46200322798637,0.9236557604544475
1,61s,1,61s.1,2.4017771198288433,1753.4828264942128,-1240.8783584223784,2148.1343354667442,-35.28570502364998,0.8943937044499057
1,61s,2,61s.2,2.4017771198288433,-2380.9255310662593,-1160.7426985512639,2648.79783991214,-154.00995947018671,1.1028491436794519
1,61s,3,61s.3,2.4017771198288433,136.89941662198106,2214.187188099789,2218.415279927699,86.4620033859451,0.9236557637312278
1,610,1,610.1,0.24017771198288432,221.19198948729908,-135.9692757802582,259.6411757975944,-31.57952362429345,1.0810377601402794
1,610,2,610.2,0.24017771198288432,-255.85512440667137,-126.72285559077096,285.5179973560908,-153.6511790787769,1.1887780718655425
1,610,3,610.3,0.24017771198288432,34.663134505569914,262.69212902966916,264.9692200009118,82.48305074894262,1.103221517989122
1,x1,1,x1.1,0.24017771198288432,201.1656529596223,-130.98276051769156,240.05021033839176,-33.068912195076535,0.9994691362348325
1,x2,1,x2.1,0.24017771198288432,-216.00289543043868,-114.1588433740313,244.31433104676776,-152.14327597063587,1.0172231595918368
1,x4,1,x4.1,0.24017771198288432,10.49485779871342,242.13531593239054,242.36264823997487,87.5181854954692,1.0090971649244718
1,x5,1,x5.1,0.24017771198288432,10.543942770599854,241.97874186199581,242.2083529572506,87.50498120230476,1.008454743604648
1,x6,1,x6.1,0.24017771198288432,10.586628591473318,241.8428741719745,242.07447716084258,87.49348769737135,1.007897340524642
1,x7,1,x7.1,0.24017771198288432,199.56921416646992,-131.5016876677624,238.9990901708458,-33.38199473303002,0.9950927094678855
1,x9,1,x9.1,0.24017771198288432,198.28818210992404,-131.77781010701796,238.08316698384976,-33.60710719999635,0.9912791866416655
1,x10,1,x10.1,0.24017771198288432,197.99105239437202,-131.69232574031747,237.78840486265273,-33.62957939632762,0.9900519198867135
1,x11,1,x11.1,0.24017771198288432,197.9712357525031,-131.6821306202957,237.76625856095265,-33.63017847609851,0.989959711906559
1,x12,1,x12.1,0.24017771198288432,-216.801111750701,-113.07713512452743,244.51822129303693,-152.4547687251543,1.0180720736920914
1,x16,1,x16.1,0.24017771198288432,12.264286221214254,241.0225229373516,241.3343516360695,87.08705105220308,1.0048157659744366
1,x17,1,x17.1,0.24017771198288432,12.240423238496735,241.10895528354354,241.41946126809935,87.09374954341216,1.0051701270486895
1,x19,1,x19.1,0.24017771198288432,193.70267626065802,-133.5791761836445,235.29582040580837,-34.59050935187472,0.9796738359410142
1,x20,1,x20.1,0.24017771198288432,193.6342646273505,-133.54889424659027,235.22231100017223,-34.59389727151564,0.9793677733799662
1,x22,1,x22.1,0.24017771198288432,-218.44897275774593,-110.24920979821623,244.69336313035856,-153.22033726204273,1.018801291386255
1,x24,1,x24.1,0.24017771198288432,13.437554515184392,240.39582160708105,240.7710923626258,86.80063165170282,1.0024705888604009
1,x28,1,x28.1,0.24017771198288432,193.8330857366031,-133.76884426578246,235.51086773730103,-34.6104843694738,0.9805692034991329
1,x29,1,x29.1,0.24017771198288432,193.9015321848746,-133.80691710830956,235.5888266655955,-34.60865013375056,0.9808937920200695
1,x30,1,x30.1,0.24017771198288432,13.36940340604559,240.22213248424694,240.5938774838476,86.8145275919848,1.0017327398846774
1,x31,1,x31.1,0.24017771198288432,13.328396806262463,236.95058965050657,237.325152685399,86.7805229068963,0.9881231306854625
1,x32,1,x32.1,0.24017771198288432,13.346256293898389,236.88456187241133,237.26023309974786,86.7753213553161,0.9878528325586499
1,x33,1,x33.1,0.24017771198288432,195.94931585454424,-135.40614649246137,238.18261668686458,-34.64549606461966,0.9916932538013272
1,x34,1,x34.1,0.24017771198288432,12.219469484935814,241.20790037895918,241.51721810197958,87.09990419138953,1.0055771458060634
1,x52,1,x52.1,0.24017771198288432,171.17366257733926,-123.4574170900763,211.05012815607068,-35.80067775052245,0.8787248675726858
1,x53,1,x53.1,0.24017771198288432,171.22575534014535,-123.45381629382588,211.09027464407978,-35.79161395705949,0.8788920208346502
1,x55,1,x55.1,0.24017771198288432,171.5621017683264,-123.48616888012197,211.3820916441494,-35.74540868547213,0.880107025331364
1,x56,1,x56.1,0.24017771198288432,-237.06532551668099,-114.30135113129197,263.18200438625894,-154.2588998816664,1.0957802962375376
1,x58,1,x58.1,0.24017771198288432,-236.8879240146283,-114.25430241736848,263.00177597278656,-154.2513476621791,1.0950299001579662
1,x59,1,x59.1,0.24017771198288432,-235.83096915348338,-112.91526341966699,261.4691238463999,-154.41501997638093,1.0886485747896244
1,x60,1,x60.1,0.24017771198288432,171.93815280919299,-123.52186457296612,211.70824126381945,-35.69379526343554,0.8814649765624644
1,x62,1,x62.1,0.24017771198288432,14.916580271948314,218.09438961783528,218.60390469931136,86.08734474439353,0.9101756482503657
1,x63,1,x63.1,0.24017771198288432,171.8276614069988,-123.39280466577985,211.5432094582228,-35.68286686718759,0.8807778528313148
1,x64,1,x64.1,0.24017771198288432,-235.3573877250234,-113.16558659653532,261.15043547060174,-154.32061451696865,1.087321689071682
1,x65,1,x65.1,0.24017771198288432,105.93348380811653,-226.32014352786206,249.8853944475278,-64.91715455059588,1.0404187482031442
1,x65,2,x65.2,0.24017771198288432,-272.5058511994307,5.928464174573505,272.5703315208672,178.75370601829582,1.134869381802968
1,x65,3,x65.3,0.24017771198288432,166.5723673913142,220.39167935328854,276.258657613675,52.917956235756364,1.1502260361001435
1,x66,1,x66.1,0.24017771198288432,14.9703362381956,216.87202416443546,217.38809956449805,86.051225977841,0.9051135418426739
1,x68,1,x68.1,0.24017771198288432,189.2538702517113,-135.83887080564867,232.95756314617753,-35.66927515780984,0.969938306193785
1,x69,1,x69.1,0.24017771198288432,188.94835435095143,-135.74346862909076,232.6537553691959,-35.694060735103946,0.9686733770941052
1,x70,1,x70.1,0.24017771198288432,188.7316110549461,-135.67574504946703,232.43822578509636,-35.71167532868694,0.9677760016369067
1,x71,1,x71.1,0.24017771198288432,188.60932378294808,-135.63752355236406,232.31662620931604,-35.721625631861095,0.9672697116286607
1,x73,1,x73.1,0.24017771198288432,16.39192968270015,240.26310792868628,240.82162774608543,86.09704852779207,1.0026809971578337
1,x74,1,x74.1,0.24017771198288432,16.42065121201396,240.1824085152139,240.74307289389597,86.088921489336,1.002353927457898
1,x75,1,x75.1,0.24017771198288432,16.39053802543673,240.3087820512763,240.86710125654582,86.09811831777849,1.002870329923497
1,x76,1,x76.1,0.24017771198288432,116.37855662523413,-251.56981647117394,277.1846694922231,-65.17429623469458,1.1540815640377822
1,x76,2,x76.2,0.24017771198288432,-273.68629275626984,19.207379698084193,274.35945450728866,175.98554847197212,1.1423185450565048
1,x76,3,x76.3,0.24017771198288432,157.30773613103565,232.36243677308968,280.6029683909271,55.90227594302571,1.1683139375185805
1,x77,1,x77.1,0.24017771198288432,-220.40389363233905,-105.43923953637093,244.32623592709734,-154.43396706306663,1.0172727265571948
1,x79,1,x79.1,0.24017771198288432,189.95805792871752,-136.56750172012488,233.9545816993681,-35.7136809761772,0.9740894763625707
1,x80,1,x80.1,0.24017771198288432,-221.0467832153802,-105.38578410213606,244.88332703695716,-154.51016260441259,1.019592222006046
1,x82,1,x82.1,0.24017771198288432,190.2620180698036,-137.3722141376165,234.67160189734386,-35.82988552522424,0.9770748499513858
1,x83,1,x83.1,0.24017771198288432,17.637628383169137,241.84101080944362,242.4833199300855,85.82876505006257,1.0095995916030938
1,x84,1,x84.1,0.24017771198288432,17.43527671142867,241.00010720624164,241.6299661619478,85.86211636669925,1.0060465817876014
1,x85,1,x85.1,0.24017771198288432,17.487483612790754,240.79379737040503,241.4279704905115,85.84622598719676,1.0052055559081865
1,x86,1,x86.1,0.24017771198288432,-220.12104729774248,-105.19496259431449,243.96568533028204,-154.45705224337,1.01577154397935
1,x87,1,x87.1,0.24017771198288432,-220.21050307897494,-104.99194723015617,243.9589609944163,-154.50913097581696,1.015743546644334
1,x88,1,x88.1,0.24017771198288432,189.7105508044303,-136.2381485667566,233.56139709168116,-35.68352267059727,0.9724524193499077
1,x90,1,x90.1,0.24017771198288432,-220.3571884808552,-104.71227243262831,243.9712083693322,-154.5832434105737,1.0157945396145593
1,x92,1,x92.1,0.24017771198288432,16.72611628535959,241.6796193934304,242.25771689699533,86.04099757485942,1.0086602744981568
1,x94,1,x94.1,0.24017771198288432,189.65450988903052,-135.95778469678595,233.35242090217528,-35.635634638171275,0.9715823294994357
1,x95,1,x95.1,0.24017771198288432,-220.26663512234543,-104.78293880045824,243.9197712605131,-154.55912147064274,1.015580376908143
1,x96,1,x96.1,0.24017771198288432,-220.23462355849995,-104.75225380568757,243.87768264301135,-154.56240069818594,1.0154051374275341
1,x98,1,x98.1,0.24017771198288432,189.6857244857219,-135.6912672384494,233.222627715343,-35.577952434156025,0.9710419247059987
1,x99,1,x99.1,0.24017771198288432,-219.24482384324196,-105.83479584241543,243.45286359593297,-154.23226891312675,1.0136363677795468
1,x100,1,x100.1,0.24017771198288432,16.383935799777863,240.02842689700577,240.586947008649,86.09514365736702,1.0017038842713009
2,sourcebus,1,sourcebus.1,66.39528095680697,66367.87681872955,-68.20115179076477,66367.91186125389,-0.05887843588420817,0.9995877855299553
2,sourcebus,2,sourcebus.2,66.39528095680697,-33255.93696895575,-57459.18175821323,66389.11742150622,-120.06118481458162,0.9999071690756945
2,sourcebus,3,sourcebus.3,66.39528095680697,-33111.9398432952,57527.38292122525,66376.20316010309,119.924115941777,0.9997126633635862
2,150,1,150.1,2.4017771198288433,2010.872579712455,-1265.0866350722397,2375.7215169454994,-32.174951217125816,0.9891515317269736
2,150,2,150.2,2.4017771198288433,-2109.3339350043134,-1146.3261969516848,2400.6985231758053,-151.47794961496263,0.9995509172586694
2,150,3,150.3,2.4017771198288433,73.91972335686467,2392.7359099335185,2393.87745304277,88.2305019387747,0.9967109076354944
2,150r,1,150r.1,2.4017771198288433,2073.7047711054665,-1304.6294716527755,2449.9611294897263,-32.17522133635405,1.0200618155877497
2,150r,2,150r.2,2.4017771198288433,-2175.255029466909,-1182.142664826922,2475.7212531351706,-151.47812493430513,1.0307872586077416
2,150r,3,150r.3,2.4017771198288433,76.23885424651932,2467.5088288648503,2468.6863274670613,88.23028986423934,1.0278582084431658
2,40,1,40.1,2.4017771198288433,1969.3782632388334,-1346.0803904023505,2385.452401776935,-34.35281173095114,0.9932030670468408
2,40,2,40.2,2.4017771198288433,-2207.4517753700607,-1122.0094865264468,2476.2367876355793,-153.05655826093138,1.031001905710569
2,40,3,40.3,2.4017771198288433,127.02108262155967,2438.754319076989,2442.059987847764,87.01847719337596,1.0167721091546544
2,401,1,401.1,2.4017771198288433,1969.3782632388334,-1346.0803904023505,2385.452401776935,-34.35281173095114,0.9932030670468408
2,401,2,401.2,2.4017771198288433,-2207.4517753700607,-1122.0094865264468,2476.2367876355793,-153.05655826093138,1.031001905710569
2,401,3,401.3,2.4017771198288433,127.02108262155967,2438.754319076989,2442.059987847764,87.01847719337596,1.0167721091546544
2,101,1,101.1,2.4017771198288433,1943.3040697440974,-1362.266582424907,2373.2258529427004,-35.03066186139531,0.9881124411376783
2,101,2,101.2,2.4017771198288433,-2216.6874878536296,-1092.5113659035333,2471.2920716570998,-153.76326484526714,1.0289431318394815
2,101,3,101.3,2.4017771198288433,144.15432904990317,2441.232592520701,2445.4850319249904,86.62061909808354,1.0181981549142503
2,1011,1,1011.1,2.4017771198288433,1943.3040697440974,-1362.266582424907,2373.2258529427004,-35.03066186139531,0.9881124411376783
2,1011,2,1011.2,2.4017771198288433,-2216.6874878536296,-1092.5113659035333,2471.2920716570998,-153.76326484526714,1.0289431318394815
2,1011,3,1011.3,2.4017771198288433,144.15432904990317,2441.232592520701,2445.4850319249904,86.62061909808354,1.0181981549142503
2,30,1,30.1,2.4017771198288433,1984.7254786807937,-1341.7850476890371,2395.730022336945,-34.06088521138602,0.9974822403619494
2,30,2,30.2,2.4017771198288433,-2209.516117574771,-1142.2488822615483,2487.306571946942,-152.66248803136392,1.035610903031749
2,30,3,30.3,2.4017771198288433,114.5447578417936,2441.6808936811262,2444.3661935390323,87.31409494344742,1.0177323171907076
2,301,1,301.1,2.4017771198288433,1988.7605019223276,-1339.668671906751,2397.8908408213138,-33.96499265195291,0.9983819152179256
2,301,2,301.2,2.4017771198288433,-2209.587459270008,-1146.6369981847242,2489.388106697982,-152.57352480020978,1.0364775674419706
2,301,3,301.3,2.4017771198288433,110.71485049215956,2443.9777400243324,2446.484206336502,87.4062121983787,1.0186141695407793
2,93,1,93.1,2.4017771198288433,1947.1835251303007,-1364.7257341594734,2377.814124362116,-35.025524585626705,0.9900228063341553
2,93,2,93.2,2.4017771198288433,-2227.5035861867937,-1084.7864655097956,2477.606486556786,-154.03407963594032,1.0315721913169638
2,93,3,93.3,2.4017771198288433,145.17129866310185,2457.949456354614,2462.2327745258926,86.61992588861915,1.0251712176779157
2,931,1,931.1,2.4017771198288433,1951.2842359346143,-1362.6620492879736,2379.991182751867,-34.9281812608977,0.9909292428106199
2,931,2,931.2,2.4017771198288433,-2227.680578535515,-1089.1887495334468,2479.6961289832593,-153.9444191978252,1.0324422314256907
2,931,3,931.3,2.4017771198288433,141.39706121667766,2460.2756671265956,2464.335506211751,86.71071303514708,1.026046707609308
2,77,1,77.1,2.4017771198288433,1947.308691876037,-1369.0937267089266,2380.426174862329,-35.10989066927138,0.9911103554154784
2,77,2,77.2,2.4017771198288433,-2228.299163576257,-1090.2186935109346,2480.7043278221076,-153.92932419734643,1.0328620034480505
2,77,3,77.3,2.4017771198288433,147.4982688858255,2451.448685483347,2455.881999787927,86.55679011320446,1.0225270194775355
2,771,1,771.1,2.4017771198288433,1951.4079437407167,-1367.038353775195,2382.6008527629565,-35.01276079627896,0.9920158007553784
2,771,2,771.2,2.4017771198288433,-2228.467913409361,-1094.6158027383074,2482.7913719641247,-153.8398874000747,1.0337309617393036
2,771,3,771.3,2.4017771198288433,143.71683641416845,2453.7850419869706,2457.990146714973,86.64804712246956,1.0234047640899067
2,149,1,149.1,2.4017771198288433,2073.704527841565,-1304.6292682420697,2449.960815267143,-32.17522033936622,1.020061684758548
2,149,2,149.2,2.4017771198288433,-2175.2548615404294,-1182.1425433647364,2475.7210475916145,-151.47812554845234,1.030787173027962
2,149,3,149.3,2.4017771198288433,76.23885460350343,2467.5085805668255,2468.6860792984926,88.23028967799063,1.0278581051161055
2,1,1,1.1,2.4017771198288433,2053.271883070493,-1312.5032753538665,2436.922295359964,-32.58774170077343,1.0146329878992375
2,1,2,1.2,2.4017771198288433,-2181.597786580946,-1174.316673706744,2477.5771537049163,-151.70718170587676,1.031559978338654
2,1,3,1.3,2.4017771198288433,85.63839861397035,2460.9711749114613,2462.460773101221,88.00699020550609,1.0252661467924644
2,2,1,2.1,2.4017771198288433,-2181.3468072065266,-1174.0528874812273,2477.231130902628,-151.70980255954868,1.031415908849678
2,3,1,3.1,2.4017771198288433,86.37376242343134,2458.42506871399,2459.941919094141,87.98781042439357,1.0242174008508511
2,7,1,7.1,2.4017771198288433,2038.2402027017506,-1317.936041428081,2427.2162106423057,-32.88690551837761,1.0105917783142488
2,7,2,7.2,2.4017771198288433,-2186.6500333958707,-1168.1374607461914,2479.109415848506,-151.8882757640582,1.0321979485028876
2,7,3,7.3,2.4017771198288433,91.73169049967632,2457.5197354224565,2459.23117112499,87.86231634737987,1.0239214749869217
2,4,1,4.1,2.4017771198288433,86.60649853992578,2457.619583689387,2459.145116442489,87.9817322836387,1.0238856453998253
2,5,1,5.1,2.4017771198288433,86.95147009966402,2456.4239785369105,2457.9624326835424,87.97271436497122,1.0233932251210316
2,6,1,6.1,2.4017771198288433,87.24871489586344,2455.394100293319,2456.943736841814,87.9649373719142,1.022969082583692
2,8,1,8.1,2.4017771198288433,2028.4800228412855,-1321.526502118443,2420.983993930482,-33.083683658049026,1.0079969427400521
2,8,2,8.2,2.4017771198288433,-2189.9030948204613,-1163.9923005614746,2480.0309757078903,-152.0081559613343,1.0325816476612215
2,8,3,8.3,2.4017771198288433,95.88594401466688,2455.2318806932667,2457.103518827031,87.76352309650396,1.0230356091501658
2,12,1,12.1,2.4017771198288433,-2189.5789410812295,-1163.6551736359343,2479.5865184252143,-152.011519130844,1.0323965941527147
2,9,1,9.1,2.4017771198288433,2026.1764583081815,-1320.9101150545462,2418.7175470186057,-33.10123628151847,1.0070532886044687
2,13,1,13.1,2.4017771198288433,2015.7445401831828,-1326.8510439854588,2413.2467226132544,-33.354657447156015,1.0047754650877965
2,13,2,13.2,2.4017771198288433,-2194.0698222617407,-1157.932982432909,2480.877098279082,-152.17689039380875,1.0329339378734175
2,13,3,13.3,2.4017771198288433,102.75654271322479,2451.75536480022,2453.9077561915474,87.60005722597863,1.021705026637284
2,9r,1,9r.1,2.4017771198288433,2026.172023737932,-1320.912630352067,2418.715205806976,-33.10134356420847,1.0070523138214174
2,14,1,14.1,2.4017771198288433,2023.571126989834,-1320.2161959572197,2416.1562263344354,-33.12119182289226,1.0059868613065215
2,34,1,34.1,2.4017771198288433,103.18684042544831,2450.2262471773743,2452.398048114112,87.58851695424508,1.0210764470472082
2,18,1,18.1,2.4017771198288433,1985.108617502211,-1340.1558930068434,2395.135495299276,-34.02346570522047,0.9972347040552869
2,18,2,18.2,2.4017771198288433,-2206.608939060784,-1136.65904845518,2482.1597052522616,-152.74629046296812,1.033467962018535
2,18,3,18.3,2.4017771198288433,116.38674609460199,2441.680983724406,2444.453292854636,87.27096792581192,1.0177685817195368
2,11,1,11.1,2.4017771198288433,2022.55332067534,-1319.9435776306013,2415.1548569611673,-33.12896881594928,1.0055699327892995
2,10,1,10.1,2.4017771198288433,2023.0589758236029,-1320.079063234388,2415.6523658941956,-33.12510525332828,1.0057770747963246
2,15,1,15.1,2.4017771198288433,103.3577315882717,2449.6187953668746,2451.798332508963,87.58392966886143,1.0208267504370616
2,16,1,16.1,2.4017771198288433,103.78488435861308,2448.099920466325,2450.2988639773225,87.57245314395666,1.0202024341675537
2,17,1,17.1,2.4017771198288433,103.55709527629848,2448.9102565667804,2451.098838623208,87.57857536990454,1.0205355103049194
2,19,1,19.1,2.4017771198288433,1983.0529153603525,-1339.5699246450617,2393.1039359235465,-34.03937701692224,0.9963888473107301
2,20,1,20.1,2.4017771198288433,1981.727341852685,-1339.1919400105644,2391.793952169745,-34.04964870345472,0.9958434246139335
2,21,1,21.1,2.4017771198288433,1985.1086151447691,-1340.1558899006827,2395.135491607411,-34.02346567519039,0.997234702518148
2,21,2,21.2,2.4017771198288433,-2206.608977550166,-1136.6590475374358,2482.1597390485767,-152.74629088865072,1.0334679760899137
2,21,3,21.3,2.4017771198288433,116.3867546593571,2441.68099668229,2444.453306205614,87.27096773975042,1.0177685872783282
2,22,1,22.1,2.4017771198288433,-2207.7232954273322,-1137.6852334301843,2483.6203090524145,-152.73701730684002,1.0340760966318987
2,23,1,23.1,2.4017771198288433,1984.4193720387577,-1340.5118332195666,2394.763499622537,-34.039750832245694,0.9970798205427129
2,23,2,23.2,2.4017771198288433,-2207.554944655139,-1137.95680401899,2483.5950800169635,-152.7296691462545,1.0340655923118922
2,23,3,23.3,2.4017771198288433,115.58874271004042,2441.814780370095,2444.5490747937833,87.28979977090286,1.0178084613313279
2,24,1,24.1,2.4017771198288433,115.23782046494259,2443.368216180684,2446.0842166833686,87.29973091975098,1.0184476305019021
2,25,1,25.1,2.4017771198288433,1983.803458230166,-1341.072521227722,2394.567114966303,-34.05911725854031,0.9969980541478994
2,25,2,25.2,2.4017771198288433,-2208.494012344,-1139.5261034607663,2485.148998154392,-152.70742984293574,1.0347125791303606
2,25,3,25.3,2.4017771198288433,114.98880609299616,2441.5550537602257,2444.261341605842,87.30355924054915,1.0176886612110063
2,25r,1,25r.1,2.4017771198288433,2008.597929167373,-1357.8376024094039,2424.4975965284802,-34.05919070744435,1.0094598605807588
2,25r,2,25r.2,2.4017771198288433,113.5543508317018,2411.033937322256,2413.70653508509,87.30348848918447,1.00496691185779
2,26,1,26.1,2.4017771198288433,2007.8868939767096,-1358.1850999483604,2424.103245475567,-34.07540732753429,1.0092956692202624
2,26,2,26.2,2.4017771198288433,113.77897198253902,2410.258271078842,2412.9423092501343,87.29729421981669,1.0046487200369727
2,28,1,28.1,2.4017771198288433,1983.7152967397706,-1341.2659682299857,2394.6024254667573,-34.06413327335346,0.9970127559702137
2,28,2,28.2,2.4017771198288433,-2209.0884489435916,-1140.4930981691234,2486.1207296162047,-152.69390684980988,1.0351171676551618
2,28,3,28.3,2.4017771198288433,114.47152974192895,2441.8301696726708,2444.5118753332167,87.31597337415016,1.0177929730246655
2,27,1,27.1,2.4017771198288433,2007.1686992476527,-1358.256080525186,2423.5481772647217,-34.086310353401686,1.0090645619263081
2,27,2,27.2,2.4017771198288433,113.5254668502845,2410.2275991200763,2412.899730859884,87.30327281512275,1.00463099216793
2,31,1,31.1,2.4017771198288433,114.03481904361784,2409.3309601688466,2412.028112519099,87.29018486231548,1.0042680865787357
2,33,1,33.1,2.4017771198288433,2005.129691158889,-1357.672692381195,2421.5326175801442,-34.10191677273807,1.0082253667870351
2,29,1,29.1,2.4017771198288433,1983.7736628270284,-1341.5389295666575,2394.803675642122,-34.06876114612,0.9970965481646281
2,29,2,29.2,2.4017771198288433,-2209.4454593957175,-1141.326509592687,2486.820347259403,-152.6806182756267,1.0354084593147512
2,29,3,29.3,2.4017771198288433,114.32163582898777,2441.7242531085553,2444.3990600221455,87.31936671862972,1.0177460014259523
2,250,1,250.1,2.4017771198288433,1984.7254819764742,-1341.7850548235735,2395.730029063093,-34.06088530859731,0.9974822431624374
2,250,2,250.2,2.4017771198288433,-2209.516126055807,-1142.248882463175,2487.306579573381,-152.66248811695488,1.0356109062070809
2,250,3,250.3,2.4017771198288433,114.54476157008871,2441.6809016136917,2444.3662016375943,87.31409486486567,1.0177323205626116
2,32,1,32.1,2.4017771198288433,114.20537069838441,2408.712658330874,2411.4185735993124,87.2854424993568,1.004014299949346
2,35,1,35.1,2.4017771198288433,1972.4202716069226,-1345.7057176623962,2387.75325492296,-34.30419914325656,0.9941610465058961
2,35,2,35.2,2.4017771198288433,-2207.8794521652826,-1124.3912840946468,2477.6980112680553,-153.01193983279416,1.0316102983963067
2,35,3,35.3,2.4017771198288433,124.97025628235436,2440.61403271168,2443.8114537796173,87.06876213995481,1.0175013466502543
2,42,1,42.1,2.4017771198288433,1966.336240397999,-1346.4550406137664,2383.1532444844493,-34.40151790085183,0.9922457936705962
2,42,2,42.2,2.4017771198288433,-2207.0240730315645,-1119.62769052502,2474.7770453782755,-153.1012290516724,1.0303941298077792
2,42,3,42.3,2.4017771198288433,129.07189658988023,2436.8945828144165,2440.310382357039,86.96812036625647,1.0160436462692848
2,44,1,44.1,2.4017771198288433,1963.9771815672066,-1346.722724446735,2381.3585337487307,-34.43890029730546,0.9914985508390688
2,44,2,44.2,2.4017771198288433,-2206.675205317359,-1117.785983615202,2473.633151243129,-153.1356165848167,1.0299178599134153
2,44,3,44.3,2.4017771198288433,130.6466139298604,2435.4389322663474,2438.940616441898,86.92937006995734,1.015473332769405
2,151,1,151.1,2.4017771198288433,1966.4935099234124,-1348.4732947668429,2384.4238195568855,-34.43939759526391,0.992774808233166
2,151,2,151.2,2.4017771198288433,-2210.4201413954115,-1119.4664040669873,2477.733284944363,-153.14008409130645,1.0316249848865795
2,151,3,151.3,2.4017771198288433,128.9809715191019,2441.00203603144,2444.4072964470647,86.97534085832211,1.0177494307303832
2,52,1,52.1,2.4017771198288433,1757.8038570120539,-1239.1451111532547,2150.663852446836,-35.18151535193288,0.8954468900095516
2,52,2,52.2,2.4017771198288433,-2385.1238366761368,-1166.7402113777948,2655.202146188986,-153.93332865593746,1.105515630183954
2,52,3,52.3,2.4017771198288433,128.71688511391756,2222.713141562286,2226.4370070107793,86.6857141299521,0.9269956769216957
2,53,1,53.1,2.4017771198288433,1758.311670246286,-1239.1046245700884,2151.055601409518,-35.17284057949368,0.8956099979680079
2,53,2,53.2,2.4017771198288433,-2384.898910599283,-1166.6994172622863,2654.9821739548097,-153.93198653150378,1.1054240429037023
2,53,3,53.3,2.4017771198288433,128.89620011982225,2222.731365409592,2226.4655742186806,86.68113447515523,0.927007571117733
2,54,1,54.1,2.4017771198288433,1758.9465056972692,-1239.053977159894,2151.54539069488,-35.16199964678965,0.8958139258351352
2,54,2,54.2,2.4017771198288433,-2384.617747310109,-1166.648396965462,2654.707193444961,-153.93030904528126,1.1053095524676086
2,54,3,54.3,2.4017771198288433,129.1203722129944,2222.7541783283973,2226.5013379283587,86.67540939342611,0.9270224616374998
2,55,1,55.1,2.4017771198288433,1758.6803583890799,-1238.9250887572216,2151.253583038418,-35.16327544976286,0.8956924292757531
2,55,2,55.2,2.4017771198288433,-2384.606077886281,-1166.3524782289414,2654.5666784172113,-153.93593560471024,1.1052510478600872
2,55,3,55.3,2.4017771198288433,129.0601943147102,2222.872902225661,2226.6163731558436,86.67713246692959,0.9270703575169864
2,57,1,57.1,2.4017771198288433,1761.0468320841665,-1239.0477276224756,2153.2592078335806,-35.12967874728367,0.8965274879406909
2,57,2,57.2,2.4017771198288433,-2384.037753941703,-1166.9909508324797,2654.3368082337056,-153.91816516048442,1.1051553394858138
2,57,3,57.3,2.4017771198288433,129.89270746735045,2222.662104439032,2226.454344010347,86.65543008723145,0.927002895326528
2,56,1,56.1,2.4017771198288433,1758.7325696564644,-1238.7706853837092,2151.207349963377,-35.159112627822495,0.8956731797481181
2,56,2,56.2,2.4017771198288433,-2384.4533964901807,-1166.0309275793911,2654.288251886975,-153.94072266099047,1.1051351226445718
2,56,3,56.3,2.4017771198288433,129.11243034225478,2223.0030923741424,2226.749372599863,86.67598482543349,0.9271257329483373
2,58,1,58.1,2.4017771198288433,-2383.2583743100586,-1166.235262634157,2653.3045747765905,-153.925422436989,1.104725560449036
2,60,1,60.1,2.4017771198288433,1765.2686811033332,-1239.690432544392,2157.0827255871304,-35.07911225699001,0.8981194415495346
2,60,2,60.2,2.4017771198288433,-2383.62313649107,-1169.561842545792,2655.095885340986,-153.8644023203871,1.1054713875907831
2,60,3,60.3,2.4017771198288433,131.26007713172288,2221.6076278205087,2225.481893846565,86.61870283124074,0.9265980075641483
2,59,1,59.1,2.4017771198288433,-2382.881375424032,-1165.8685815977444,2652.804779643512,-153.9289570861659,1.104517466563491
2,61,1,61.1,2.4017771198288433,1765.268706973836,-1239.6904831424558,2157.082775837556,-35.07911296192251,0.8981194624717197
2,61,2,61.2,2.4017771198288433,-2383.6232025768686,-1169.5618395756271,2655.095943361432,-153.86440300612213,1.1054714117480813
2,61,3,61.3,2.4017771198288433,131.2601012463922,2221.6076794750766,2225.481946833505,86.61870228991737,0.9265980296257041
2,62,1,62.1,2.4017771198288433,1764.6112017668502,-1239.0711351779305,2156.1887606218925,-35.07568571109602,0.8977472317562705
2,62,2,62.2,2.4017771198288433,-2381.610692628636,-1169.190082809206,2653.125504189813,-153.8524658671316,1.104651002911911
2,62,3,62.3,2.4017771198288433,131.18791769220778,2218.5633088713616,2222.438621248889,86.61593085855112,0.9253309155544232
2,63,1,63.1,2.4017771198288433,1764.174476638205,-1238.4460829105344,2155.472172007361,-35.06875932564302,0.8974488740907672
2,63,2,63.2,2.4017771198288433,-2380.192372673905,-1168.7189517888442,2651.6447196420277,-153.84809865166108,1.1040344658754142
2,63,3,63.3,2.4017771198288433,131.18316277510093,2217.0388636693933,2220.916555212319,86.61373182614729,0.9246971906246602
2,64,1,64.1,2.4017771198288433,1764.3484930460536,-1237.9569232752397,2155.333604989951,-35.055458611948445,0.89739118055365
2,64,2,64.2,2.4017771198288433,-2376.983422017119,-1168.030148618179,2648.4608014137607,-153.83087692215062,1.1027088148805817
2,64,3,64.3,2.4017771198288433,131.4935007734575,2213.7333227294216,2217.6351739878914,86.600683266399,0.9233309600958833
2,65,1,65.1,2.4017771198288433,1763.6106700173978,-1237.87796544324,2154.6843046555823,-35.0650088143044,0.8971208389266072
2,65,2,65.2,2.4017771198288433,-2375.8870741453766,-1168.5287444491892,2647.696888938588,-153.81073017992537,1.102390753529732
2,65,3,65.3,2.4017771198288433,130.9201491595539,2209.2030277243816,2213.078874139495,86.60854649879074,0.9214339065305129
2,66,1,66.1,2.4017771198288433,1763.541227092517,-1238.6013974557932,2155.0431739142546,-35.081812358791765,0.8972702571451877
2,66,2,66.2,2.4017771198288433,-2375.9018195515023,-1169.324621310793,2648.0614657050105,-153.79541851366403,1.1025425481169202
2,66,3,66.3,2.4017771198288433,130.80753069398477,2206.913099058415,2210.7862938063176,86.60794924967267,0.9204793715263071
2,67,1,67.1,2.4017771198288433,1944.2875176922958,-1363.8807453800257,2374.957818377506,-35.04893014635994,0.9888335594381679
2,67,2,67.2,2.4017771198288433,-2220.8736115804572,-1092.1731784560727,2474.8983515193636,-153.8131304707753,1.0304446366346145
2,67,3,67.3,2.4017771198288433,143.75391784823728,2445.277320224475,2449.499206307466,86.63554571271708,1.01986949000581
2,68,1,68.1,2.4017771198288433,1941.7887675663537,-1363.1185050979,2372.4745892816622,-35.06851487695342,0.9877996462264287
2,97,1,97.1,2.4017771198288433,1946.1329993197883,-1361.468410655911,2375.0852372610475,-34.97572196878968,0.9888866113564702
2,97,2,97.2,2.4017771198288433,-2217.7519767376043,-1095.20281577235,2473.437494257584,-153.7182430675412,1.0298363964903818
2,97,3,97.3,2.4017771198288433,142.38292157121552,2442.877774744962,2447.023644899667,86.66429426637463,1.0188387693001455
2,69,1,69.1,2.4017771198288433,1938.9247840678165,-1362.2445103462442,2369.6285414049407,-35.09100598259379,0.9866146703794924
2,70,1,70.1,2.4017771198288433,1936.893088823828,-1361.6241588075366,2367.6095935313833,-35.10698702812194,0.9857740645393879
2,71,1,71.1,2.4017771198288433,1935.746830943647,-1361.2740691446293,2366.4705543982473,-35.11601349435561,0.9852998160657338
2,72,1,72.1,2.4017771198288433,1944.287461776065,-1363.8808295391123,2374.9578209315446,-35.048932583203,0.9888335605015631
2,72,2,72.2,2.4017771198288433,-2220.8736475249298,-1092.173087611724,2474.89834368485,-153.81313272525065,1.0304446333726491
2,72,3,72.3,2.4017771198288433,143.75402548529837,2445.2773139665974,2449.49920637728,86.63554319074767,1.019869490034878
2,73,1,73.1,2.4017771198288433,144.18110017281347,2443.8035041085336,2448.053054233137,86.62354054127856,1.019267372489414
2,76,1,76.1,2.4017771198288433,1945.3035738509795,-1365.7392273603832,2376.8570911159823,-35.07154060842786,0.9896243375344349
2,76,2,76.2,2.4017771198288433,-2223.5212855071145,-1090.7764769073772,2476.6590862849253,-153.869156265395,1.0311777332866832
2,76,3,76.3,2.4017771198288433,144.78523015126686,2448.1377621374086,2452.4153941111026,86.61541466085424,1.0210836691981926
2,74,1,74.1,2.4017771198288433,144.34912509668186,2443.353101345541,2447.6133370634852,86.61899313429096,1.019084292566626
2,75,1,75.1,2.4017771198288433,144.10600122378054,2444.490528452747,2448.734465654433,86.62624142660492,1.0195510838361788
2,86,1,86.1,2.4017771198288433,1946.9814311176171,-1365.9183733422421,2378.3333861657666,-35.051847031962645,0.9902390053308746
2,86,2,86.2,2.4017771198288433,-2225.568923227913,-1087.9876042039277,2477.2714947981085,-153.94792413844112,1.0314327146952942
2,86,3,86.3,2.4017771198288433,144.5386305646719,2452.9086030972767,2457.1634115121738,86.62772251137308,1.0230605459707591
2,78,1,78.1,2.4017771198288433,1947.571820519904,-1370.0447178655688,2381.188469028556,-35.12496833007836,0.9914277429698579
2,78,2,78.2,2.4017771198288433,-2229.4980936160346,-1090.1233617922385,2481.739449128926,-153.94346580806385,1.0332929848652155
2,78,3,78.3,2.4017771198288433,148.2228209083785,2452.002315090092,2456.478242900842,86.54069645640287,1.0227752702864854
2,79,1,79.1,2.4017771198288433,1946.995297363625,-1370.0911828689632,2380.7436941702367,-35.1338659687303,0.9912425572360747
2,79,2,79.2,2.4017771198288433,-2229.701691072202,-1090.1442761843516,2481.931540971213,-153.9450966149198,1.0333729639110234
2,79,3,79.3,2.4017771198288433,147.96754942703723,2451.955772206608,2456.416394779343,86.54657429557419,1.0227495193036036
2,80,1,80.1,2.4017771198288433,1950.038755651307,-1374.463766976591,2385.749734417585,-35.17768204718185,0.9933268639796183
2,80,2,80.2,2.4017771198288433,-2234.76311145664,-1089.6263799401927,2486.2525640386843,-154.007050974196,1.0351720580200467
2,80,3,80.3,2.4017771198288433,152.2033090128412,2454.7302412166077,2459.4443283835076,86.45196962261518,1.0240102247950358
2,81,1,81.1,2.4017771198288433,1950.885531483557,-1376.238027339872,2387.464233208159,-35.200777972917955,0.9940407098966351
2,81,2,81.2,2.4017771198288433,-2236.888712400045,-1089.8475619745882,2488.260199417393,-154.02392378369902,1.036007953808267
2,81,3,81.3,2.4017771198288433,153.6056543400525,2455.574242404603,2460.3738652908373,86.42059153042943,1.0243972452640275
2,82,1,82.1,2.4017771198288433,1951.8035419826178,-1378.4471042211917,2389.4881220947054,-35.23137274215189,0.99488337296884
2,82,2,82.2,2.4017771198288433,-2240.1602992563026,-1089.8698842704027,2491.2114585084237,-154.05641870851406,1.0372367352246048
2,82,3,82.3,2.4017771198288433,155.0596767485251,2457.5605838359584,2462.447466765026,86.38971106243466,1.0252606065880527
2,84,1,84.1,2.4017771198288433,154.67152443897436,2451.458311688292,2456.3328631148274,86.3897839205244,1.022714740196156
2,83,1,83.1,2.4017771198288433,1953.3870613614142,-1380.6036846023203,2392.0258245745767,-35.2516861187371,0.9959399666298089
2,83,2,83.2,2.4017771198288433,-2243.196838134961,-1089.8684709593263,2493.941727188089,-154.08696753528244,1.0383735054340986
2,83,3,83.3,2.4017771198288433,156.80841828747086,2459.6001254098537,2464.5936088860544,86.35212344195153,1.026154170817352
2,85,1,85.1,2.4017771198288433,155.17144826771522,2449.526764438375,2454.4367068754154,86.37529775647872,1.0219252596803508
2,87,1,87.1,2.4017771198288433,1946.9912210283633,-1366.144112863278,2378.4710534022715,-35.056163243671236,0.9902963242366833
2,87,2,87.2,2.4017771198288433,-2226.537736987229,-1086.0725351873666,2477.3017268626213,-153.99755701903297,1.0314453020683119
2,87,3,87.3,2.4017771198288433,144.96203313039155,2454.89244239992,2459.1687406116607,86.62059368850024,1.0238954815203283
2,88,1,88.1,2.4017771198288433,1946.4968439239838,-1367.1951984289774,2378.6703584173406,-35.083727981522784,0.990379306547333
2,89,1,89.1,2.4017771198288433,1946.9698673519829,-1365.3854812918876,2378.0179092890107,-35.041496244814745,0.9901076538935779
2,89,2,89.2,2.4017771198288433,-2227.4066023341557,-1085.140592749605,2477.6743688698784,-154.02573521022944,1.0316004546860051
2,89,3,89.3,2.4017771198288433,145.10067218331008,2456.3571226315175,2460.639046867833,86.61938150770376,1.024507655832438
2,90,1,90.1,2.4017771198288433,-2228.4678352767437,-1083.7867347019633,2478.0360326635605,-154.0646229773645,1.0317510364326195
2,91,1,91.1,2.4017771198288433,1947.2487172788697,-1364.9293072219423,2377.984352483753,-35.02863970368524,0.9900936822369322
2,91,2,91.2,2.4017771198288433,-2227.301277028195,-1084.8632243407587,2477.4582123980326,-154.0304351070833,1.0315104561303268
2,91,3,91.3,2.4017771198288433,145.541353352939,2457.3832588604173,2461.6894130785977,86.61055087674173,1.0249449845929184
2,92,1,92.1,2.4017771198288433,147.566532517604,2457.702317872352,2462.128462285102,86.56394467615897,1.0251277864036608
2,94,1,94.1,2.4017771198288433,1946.0417556478446,-1364.3788015304426,2376.6800434199367,-35.03447344740924,0.9895506222447922
2,95,1,95.1,2.4017771198288433,1947.290538186206,-1364.4742172000088,2377.75741603577,-35.01908151293368,0.9899991953479909
2,95,2,95.2,2.4017771198288433,-2227.1832731289255,-1084.0909734566085,2477.0140433262327,-154.0452991041367,1.0313255226208295
2,95,3,95.3,2.4017771198288433,145.28186241815985,2458.2264605068262,2462.515817346887,86.61773785604088,1.025289064924714
2,96,1,96.1,2.4017771198288433,-2226.8843066307827,-1083.8013870964376,2476.618493387834,-154.04829580839282,1.0311608320943302
2,98,1,98.1,2.4017771198288433,1945.6758427050536,-1361.510453886527,2374.734764332286,-34.98287582791106,0.9887406890201017
2,98,2,98.2,2.4017771198288433,-2217.5053406814063,-1094.8236726542118,2473.0484852009304,-153.723588944072,1.029674429314726
2,98,3,98.3,2.4017771198288433,142.61164237698344,2442.563832707593,2446.7235555723632,86.65851953922267,1.018713824597814
2,99,1,99.1,2.4017771198288433,1946.2221926413888,-1361.483854774473,2375.1671751566064,-34.974793881325574,0.9889207268848772
2,99,2,99.2,2.4017771198288433,-2216.4919066391376,-1094.010586001503,2471.779831311873,-153.7300890724382,1.0291462146529309
2,99,3,99.3,2.4017771198288433,143.6349578701508,2442.0083872014425,2446.228927202961,86.63383381271446,1.018507881937557
2,100,1,100.1,2.4017771198288433,1946.414336866807,-1361.7219397081399,2375.4610945757777,-34.97684280692923,0.9890431026943328
2,100,2,100.2,2.4017771198288433,-2216.253797307695,-1094.2743363686784,2471.6830738013095,-153.7221635949714,1.029105928853818
2,100,3,100.3,2.4017771198288433,144.0842771982855,2441.375568907493,2445.623631590547,86.62245486202045,1.0182558620446964
2,450,1,450.1,2.4017771198288433,1946.414398219464,-1361.722052266568,2375.461209370743,-34.97684418317026,0.9890431504901771
2,450,2,450.2,2.4017771198288433,-2216.2539404191093,-1094.274344787436,2471.6832058504588,-153.7221648886999,1.029105983833586
2,450,3,450.3,2.4017771198288433,144.08434803923745,2441.3756755498885,2445.6237422213103,86.62245335244387,1.0182559081067404
2,197,1,197.1,2.4017771198288433,1946.1330984945178,-1361.4684173764194,2375.0853223767194,-34.97572073020538,0.9888866467950923
2,197,2,197.2,2.4017771198288433,-2217.7520112350776,-1095.2029068587108,2473.4375655207073,-153.71824152952607,1.0298364261613795
2,197,3,197.3,2.4017771198288433,142.38284583591286,2442.877828973097,2447.0236946291807,86.66429611055302,1.0188387900054447
2,105,1,105.1,2.4017771198288433,1940.1921243211007,-1363.1445386004161,2371.1829352442983,-35.09119625856565,0.9872618552604393
2,105,2,105.2,2.4017771198288433,-2215.516479848353,-1089.550668980064,2468.933764351434,-153.812880545562,1.0279612308603292
2,105,3,105.3,2.4017771198288433,146.10294461166643,2439.422808364861,2443.7941215239275,86.57251123094264,1.0174941302205753
2,108,1,108.1,2.4017771198288433,1936.6215782970037,-1364.1150092472487,2368.8209928103897,-35.16005097560416,0.9862784407652272
2,108,2,108.2,2.4017771198288433,-2214.14420936921,-1086.175546434071,2466.2140818579715,-153.86917477092186,1.0268288682980375
2,108,3,108.3,2.4017771198288433,148.31281794560795,2437.3307052096525,2441.838991114023,86.51781625054157,1.0166800953154365
2,300,1,300.1,2.4017771198288433,1966.4933576304677,-1348.4732217249148,2384.4236526494033,-34.439398217316864,0.9927747387398391
2,300,2,300.2,2.4017771198288433,-2210.420026525428,-1119.4662988347486,2477.7331349222104,-153.1400850620553,1.031624922423601
2,300,3,300.3,2.4017771198288433,128.98101956260322,2441.001904164176,2444.4071672985538,86.97533957067924,1.0177493769583201
2,135,1,135.1,2.4017771198288433,1985.1084115467643,-1340.1557546610238,2395.1352471926875,-34.023465719012655,0.9972346007540329
2,135,2,135.2,2.4017771198288433,-2206.60874424309,-1136.6589280959681,2482.159476945497,-152.74629087349254,1.0334678669611033
2,135,3,135.3,2.4017771198288433,116.38676696939933,2441.6807739289225,2444.4530842909894,87.27096720294942,1.0177684948823176
2,152,1,152.1,2.4017771198288433,1757.803872736664,-1239.1451377156704,2150.663880603476,-35.18151568894795,0.8954469017328044
2,152,2,152.2,2.4017771198288433,-2385.123872674497,-1166.7402091112344,2655.202177529748,-153.9333290412097,1.1055156432329427
2,152,3,152.3,2.4017771198288433,128.7168989690501,2222.713167774724,2226.437033980381,86.68571381299465,0.926995688150715
2,160r,1,160r.1,2.4017771198288433,1941.8122966787207,-1363.6523230840162,2372.800592924977,-35.07873850220751,0.9879353805710618
2,160r,2,160r.2,2.4017771198288433,-2219.749002510588,-1089.1691803715983,2472.56448603835,-153.86409576764189,1.0294729122136659
2,160r,3,160r.3,2.4017771198288433,144.37295675098554,2443.7774703710793,2448.0383729292917,86.61902209032927,1.0192612598057162
2,160,1,160.1,2.4017771198288433,1765.2687038790327,-1239.6904852191412,2157.0827744983803,-35.07911305430621,0.8981194619141427
2,160,2,160.2,2.4017771198288433,-2383.6231912618414,-1169.5618429517745,2655.095934690503,-153.86440283315804,1.1054714081378674
2,160,3,160.3,2.4017771198288433,131.26010555955284,2221.60766931819,2225.4819369486927,86.61870216364396,0.9265980255100799
2,61s,1,61s.1,2.4017771198288433,1765.268706973843,-1239.6904831424451,2157.0827758375553,-35.07911296192218,0.8981194624717195
2,61s,2,61s.2,2.4017771198288433,-2383.6232025768622,-1169.5618395756403,2655.095943361432,-153.86440300612182,1.1054714117480813
2,61s,3,61s.3,2.4017771198288433,131.26010124637918,2221.6076794750775,2225.481946833505,86.6187022899177,0.9265980296257041
2,610,1,610.1,0.24017771198288432,222.41924900572022,-135.8241061858203,260.61179971261004,-31.411037201432258,1.0850790340245307
2,610,2,610.2,0.24017771198288432,-256.2990439440065,-127.73234172035916,286.36471683498013,-153.5096060719999,1.1923034592626447
2,610,3,610.3,0.24017771198288432,33.879794517418446,263.5564466200778,265.7251230718398,82.67488384310327,1.1063687836728833
2,x1,1,x1.1,0.24017771198288432,201.95147480713817,-130.8528158142852,240.63843746023915,-32.94089166559677,1.0019182690748076
2,x2,1,x2.1,0.24017771198288432,-216.17726827557348,-114.69506228246337,244.71936709436673,-152.0513562866268,1.0189095610662078
2,x4,1,x4.1,0.24017771198288432,10.022678417278035,242.68163294173,242.88851156429925,87.6350455422394,1.0112866408753536
2,x5,1,x5.1,0.24017771198288432,10.072917345596652,242.52513506942813,242.73422668485708,87.62167275932174,1.0106442628704655
2,x6,1,x6.1,0.24017771198288432,10.11699221982813,242.3885000359372,242.59954344814335,87.60993325452417,1.0100834979451867
2,x7,1,x7.1,0.24017771198288432,200.43679501680484,-131.37678611964895,239.6555209623526,-33.24293526372871,0.9978258139932279
2,x9,1,x9.1,0.24017771198288432,199.2199801191607,-131.65999070292503,238.79479397711563,-33.4598163379973,0.9942421051714105
2,x10,1,x10.1,0.24017771198288432,198.92545075088435,-131.57764426331383,238.50369268907698,-33.48232349551546,0.9930300806016229
2,x11,1,x11.1,0.24017771198288432,198.89630891718167,-131.56659973006543,238.4732938201052,-33.483972933339324,0.9929035123671235
2,x12,1,x12.1,0.24017771198288432,-216.98812887809365,-113.66822870428399,244.95778062920473,-152.3524125964368,1.0199022157670528
2,x16,1,x16.1,0.24017771198288432,11.723372629749866,241.70872762997067,241.99286451942194,87.2232123818909,1.007557539463391
2,x17,1,x17.1,0.24017771198288432,11.70048198702542,241.79092703020467,242.0738599536399,87.22956646824854,1.0078947707308108
2,x19,1,x19.1,0.24017771198288432,194.87843127810055,-133.46508734467076,236.20019584524894,-34.40581247631146,0.9834392787540635
2,x20,1,x20.1,0.24017771198288432,194.79991538830924,-133.43446173990066,236.11811157789114,-34.41044665155922,0.9830975140387611
2,x22,1,x22.1,0.24017771198288432,-218.68326453852197,-110.98264494830818,245.23359816498925,-153.09202142423007,1.0210506051555077
2,x24,1,x24.1,0.24017771198288432,12.856217045592905,241.22374884267043,241.56609721240923,86.94926085593836,1.0057806580721522
2,x28,1,x28.1,0.24017771198288432,194.99880595124574,-133.641010034641,236.39892953541607,-34.42450599005696,0.9842667231015277
2,x29,1,x29.1,0.24017771198288432,195.0540526665934,-133.6751668991141,236.4638105655244,-34.42376526351004,0.984536860699112
2,x30,1,x30.1,0.24017771198288432,12.78863409128887,241.05314730282723,241.3921477316928,86.96312425408482,1.0050564048544814
2,x31,1,x31.1,0.24017771198288432,12.754352832912913,237.775415425536,238.11724359435345,86.92957778919704,0.9914210674607572
2,x32,1,x32.1,0.24017771198288432,12.771491103261056,237.71266581539032,238.0555029274898,86.92464987740881,0.9911640050283028
2,x33,1,x33.1,0.24017771198288432,197.14026229056017,-135.27943119741641,239.091629968695,-34.45826629319486,0.9954780066592245
2,x34,1,x34.1,0.24017771198288432,11.687536843735584,241.86848328714464,242.15070044312787,87.23351283685503,1.0082147025381945
2,x52,1,x52.1,0.24017771198288432,172.51652882653903,-123.37917822388899,212.09520111864916,-35.57132972780687,0.8830761162957685
2,x53,1,x53.1,0.24017771198288432,172.56656638564328,-123.37551502344871,212.13377275066753,-35.56266319153493,0.8832367125130443
2,x55,1,x55.1,0.24017771198288432,172.89146040545222,-123.40552241723567,212.4155833365361,-35.518279567152895,0.8844100544669747
2,x56,1,x56.1,0.24017771198288432,-237.3826478179107,-115.2563364584553,263.8835814878729,-154.1020477207719,1.098701371202495
2,x58,1,x58.1,0.24017771198288432,-237.21269386263276,-115.21071339179444,263.71077075048214,-154.09483673612726,1.0979818592379416
2,x59,1,x59.1,0.24017771198288432,-236.204334813908,-113.92535606934547,262.24315918705656,-154.25119847160522,1.0918713356955647
2,x60,1,x60.1,0.24017771198288432,173.251197450575,-123.43778119566537,212.72720381880424,-35.46906121295207,0.8857075124188198
2,x62,1,x62.1,0.24017771198288432,14.31059142321199,218.97730640320114,219.44442063193026,86.26092674116109,0.9136752066635077
2,x63,1,x63.1,0.24017771198288432,173.14440656240802,-123.31438009638573,212.56862859416563,-35.45867459084537,0.8850472712027243
2,x64,1,x64.1,0.24017771198288432,-235.74947320388335,-114.16398172716886,261.93745215167274,-154.16096101779297,1.090598498874613
2,x65,1,x65.1,0.24017771198288432,107.15436798229227,-226.89934689238524,250.92901824594836,-64.72073869214644,1.044763963210001
2,x65,2,x65.2,0.24017771198288432,-273.5918852774379,5.243878063462358,273.64213481627274,178.90195830487096,1.1393319245033577
2,x65,3,x65.3,0.24017771198288432,166.4375172951456,221.65546882892292,277.1869297516416,53.09770503488106,1.1540909748169916
2,x66,1,x66.1,0.24017771198288432,14.366416021714839,217.80308520487867,218.27637946894902,86.22620429732606,0.9088119695490477
2,x68,1,x68.1,0.24017771198288432,190.73129423331977,-135.7535473506555,234.10991482251208,-35.44146905691609,0.97473621881782
2,x69,1,x69.1,0.24017771198288432,190.44091939466088,-135.66410519818567,233.82149862471607,-35.46487305948078,0.9735353738459245
2,x70,1,x70.1,0.24017771198288432,190.23492346129643,-135.60061624841723,233.6168941478245,-35.48150374152249,0.9726834859867124
2,x71,1,x71.1,0.24017771198288432,190.11870106810267,-135.56478529807057,233.50145932891843,-35.49089746473596,0.9722028634595301
2,x73,1,x73.1,0.24017771198288432,15.712677969929702,241.25427231661675,241.76540728567227,86.27363929663377,1.0066105022388634
2,x74,1,x74.1,0.24017771198288432,15.747633284834235,241.1646566283489,241.678256284555,86.26398901690092,1.0062476417536095
2,x75,1,x75.1,0.24017771198288432,15.704955108583665,241.3239064904537,241.83439263011346,86.27653735846975,1.0068977284925889
2,x76,1,x76.1,0.24017771198288432,117.75420363475402,-252.1232965109353,278.26643548440427,-64.96507018955622,1.1585855872597963
2,x76,2,x76.2,0.24017771198288432,-274.85394381677,18.57036149212569,275.48057782279386,176.13471540763098,1.146986435787286
2,x76,3,x76.3,0.24017771198288432,157.09974018201606,233.55293501880965,281.4734478084163,56.073190140351244,1.1719382514080858
2,x77,1,x77.1,0.24017771198288432,-220.77193086841058,-106.39321643728614,245.0709325139101,-154.26990407981708,1.0203733331066727
2,x79,1,x79.1,0.24017771198288432,191.40514481510425,-136.47187229697116,235.07552273669802,-35.48887008612035,0.9787566081629178
2,x80,1,x80.1,0.24017771198288432,-221.41939420247348,-106.34268570303315,245.63247939050007,-154.34608746124243,1.022711380513128
2,x82,1,x82.1,0.24017771198288432,191.75917889528031,-137.28074239802388,235.8338078476975,-35.59894398158565,0.9819137916698266
2,x83,1,x83.1,0.24017771198288432,16.95192969522687,242.8490315513879,243.43997216118578,86.00697991057497,1.0135826932123242
2,x84,1,x84.1,0.24017771198288432,16.744604813290366,242.02513248889113,242.60368205494856,86.0422754291831,1.0101007293809057
2,x85,1,x85.1,0.24017771198288432,16.794804171812345,241.8292190841623,242.41170897880593,86.02724270974038,1.009301433415607
2,x86,1,x86.1,0.24017771198288432,-220.4951793678264,-106.16710404346415,244.72347273080626,-154.28946433936795,1.0189266552270508
2,x87,1,x87.1,0.24017771198288432,-220.58980682901088,-105.97741593436149,244.7265322047959,-154.33908881821816,1.018939393602999
2,x88,1,x88.1,0.24017771198288432,191.21132889242256,-136.16179071758043,234.7377378016248,-35.45470845260433,0.9773502123225856
2,x90,1,x90.1,0.24017771198288432,-220.73936921212828,-105.69993309233439,244.74138386446265,-154.41280519369712,1.0190012297306903
2,x92,1,x92.1,0.24017771198288432,16.040523682346972,242.6608469938828,243.19042963034656,86.2180994697635,1.0125437020054422
2,x94,1,x94.1,0.24017771198288432,191.16242845333474,-135.8826317669459,234.53606048556315,-35.40608645297354,0.9765105119424103
2,x95,1,x95.1,0.24017771198288432,-220.65192726503048,-105.78067169767873,244.6974121452542,-154.38691170131708,1.0188181497985622
2,x96,1,x96.1,0.24017771198288432,-220.62156035177134,-105.75139758893556,244.65737467745257,-154.39001939426836,1.0186514504513535
2,x98,1,x98.1,0.24017771198288432,191.12249870786223,-135.59843600553253,234.33895399502683,-35.355107212625256,0.9756898425767601
2,x99,1,x99.1,0.24017771198288432,-219.5929074810718,-106.75567375073805,244.16760410415748,-154.0731734586581,1.0166122496893362
2,x100,1,x100.1,0.24017771198288432,15.720272770661632,240.96956011535056,241.4817920220271,86.26745074463041,1.0054296463580088
3,sourcebus,1,sourcebus.1,66.39528095680697,66370.17982271465,-66.15387067641582,66370.21279183972,-0.057109026118573346,0.9996224405619496
3,sourcebus,2,sourcebus.2,66.39528095680697,-33254.76492520722,-57461.863608256455,66390.8514749183,-120.05915001827665,0.9999332861940662
3,sourcebus,3,sourcebus.3,66.39528095680697,-33115.414891028835,57528.01749015413,66378.48672388105,119.92644237078792,0.9997470568286798
3,150,1,150.1,2.4017771198288433,2014.2697797218334,-1263.8904622147131,2377.9616998551437,-32.10696853813915,0.9900842506254716
3,150,2,150.2,2.4017771198288433,-2109.649572856477,-1148.8431315298099,2402.1785656184543,-151.42879752227458,1.0001671453134833
3,150,3,150.3,2.4017771198288433,71.3419551124176,2394.663851229874,2395.7263272223636,88.29354577894932,0.9974807018700758
3,150r,1,150r.1,2.4017771198288433,2077.20853297279,-1303.3957223065463,2452.2715384683597,-32.10722951592414,1.021023773697667
3,150r,2,150r.2,2.4017771198288433,-2175.580532816141,-1184.738565177757,2477.247691004679,-151.4289664428376,1.0314228037867286
3,150r,3,150r.3,2.4017771198288433,73.580188361488,2469.497218321844,2470.5931586197344,88.29334193785222,1.0286521335484264
3,40,1,40.1,2.4017771198288433,1976.7644177572124,-1344.779147705064,2390.8217247242355,-34.22718310261703,0.9954386295821702
3,40,2,40.2,2.4017771198288433,-2208.33420146762,-1126.7324113677587,2479.166366381699,-152.9684956320851,1.0322216603338992
3,40,3,40.3,2.4017771198288433,122.96808304997177,2443.3902234779393,2446.4825635259613,87.11891582920869,1.018613485542865
3,401,1,401.1,2.4017771198288433,1976.7644177572124,-1344.779147705064,2390.8217247242355,-34.22718310261703,0.9954386295821702
3,401,2,401.2,2.4017771198288433,-2208.33420146762,-1126.7324113677587,2479.166366381699,-152.9684956320851,1.0322216603338992
3,401,3,401.3,2.4017771198288433,122.96808304997177,2443.3902234779393,2446.4825635259613,87.11891582920869,1.018613485542865
3,101,1,101.1,2.4017771198288433,1952.2101286056052,-1360.9656061337616,2379.7797728591086,-34.88193151660667,0.9908412205328602
3,101,2,101.2,2.4017771198288433,-2218.1513663900414,-1098.3684452753441,2475.198724505688,-153.65663371150953,1.0305696994407527
3,101,3,101.3,2.4017771198288433,139.51129373031006,2446.716826126957,2450.6910511794576,86.73654007498075,1.0203657245906732
3,1011,1,1011.1,2.4017771198288433,1952.2101286056052,-1360.9656061337616,2379.7797728591086,-34.88193151660667,0.9908412205328602
3,1011,2,1011.2,2.4017771198288433,-2218.1513663900414,-1098.3684452753441,2475.198724505688,-153.65663371150953,1.0305696994407527
3,1011,3,1011.3,2.4017771198288433,139.51129373031006,2446.716826126957,2450.6910511794576,86.73654007498075,1.0203657245906732
3,30,1,30.1,2.4017771198288433,1991.7028382623675,-1340.396650025915,2400.7380897013873,-33.94017036942599,0.9995673911126566
3,30,2,30.2,2.4017771198288433,-2210.1876337889535,-1146.5577827489667,2489.884359912291,-152.58150419950653,1.03668418662
3,30,3,30.3,2.4017771198288433,110.6948153662942,2446.201851667751,2448.705135628157,87.40903559078916,1.0195388720343286
3,301,1,301.1,2.4017771198288433,1995.7249555406493,-1338.2762614459052,2402.894390129819,-33.84467852143404,1.0004651848382398
3,301,2,301.2,2.4017771198288433,-2210.2527205209963,-1150.9414697744849,2491.9637548361566,-152.49272472245133,1.0375499600952731
3,301,3,301.3,2.4017771198288433,106.86794966352703,2448.4882911911845,2450.819387626435,87.50082581617254,1.0204191585441893
3,93,1,93.1,2.4017771198288433,1956.459124067653,-1363.539440629018,2384.7373252202146,-34.87427810361841,0.9929053389392589
3,93,2,93.2,2.4017771198288433,-2229.2075519101213,-1091.1131727718703,2481.9134282422933,-153.91999194772777,1.0333654225247848
3,93,3,93.3,2.4017771198288433,140.4482238241182,2463.4990340087024,2467.499380777462,86.73700344663119,1.027364013257526
3,931,1,931.1,2.4017771198288433,1960.54243726991,-1361.4710326877293,2386.908046235554,-34.777500704587645,0.9938091367968611
3,931,2,931.2,2.4017771198288433,-2229.375511594876,-1095.5081854098244,2483.9994677935906,-153.83064190241078,1.034233962546286
3,931,3,931.3,2.4017771198288433,136.67736811245908,2465.812578113497,2469.597613648199,86.82740236226842,1.0282376300696
3,77,1,77.1,2.4017771198288433,1956.4649700783311,-1367.8381412926449,2387.202622300529,-34.958842804914845,0.9939317860062915
3,77,2,77.2,2.4017771198288433,-2229.9078384969393,-1096.2774145143426,2484.8165199395194,-153.82013631294333,1.0345741490436855
3,77,3,77.3,2.4017771198288433,142.79256406007775,2457.073437755625,2461.2191277647544,86.67400278384221,1.0247491773675266
3,771,1,771.1,2.4017771198288433,1960.5471228840702,-1365.7779040219957,2389.3711105987118,-34.862265087297516,0.994834654253424
3,771,2,771.2,2.4017771198288433,-2230.0679673042578,-1100.66758488042,2486.9001329371954,-153.73099477681185,1.035441678749283
3,771,3,771.3,2.4017771198288433,139.0146336156934,2459.39700235253,2463.3226917194415,86.76486330676904,1.0256250138210095
3,149,1,149.1,2.4017771198288433,2077.2082951441034,-1303.3955296911806,2452.2712346382946,-32.10722865731765,1.0210236471954772
3,149,2,149.2,2.4017771198288433,-2175.58037335392,-1184.738443750926,2477.247492888861,-151.42896714543497,1.03142272129955
3,149,3,149.3,2.4017771198288433,73.58019405835945,2469.4969793790297,2470.5929199525804,88.29334164075945,1.02865203417736
3,1,1,1.1,2.4017771198288433,2057.536309156176,-1311.257527154348,2439.8467095321694,-32.50915683045554,1.0158505922090053
3,1,2,1.2,2.4017771198288433,-2181.98145089725,-1177.2236239898364,2479.2939545240356,-151.6522307620173,1.0322747827245171
3,1,3,1.3,2.4017771198288433,82.68937283901244,2463.4784242141886,2464.8658135787696,88.07752569937608,1.026267505518756
3,2,1,2.1,2.4017771198288433,-2181.738880024348,-1176.9681906181827,2478.9591893246115,-151.6547644892137,1.0321354004326881
3,3,1,3.1,2.4017771198288433,83.40467565851922,2461.0133379835065,2462.4262404495335,88.0589671980039,1.0252517688339924
3,7,1,7.1,2.4017771198288433,2043.064088277475,-1316.695681537055,2430.596302677061,-32.80060879188051,1.0119991079148392
3,7,2,7.2,2.4017771198288433,-2187.068899127243,-1171.2874760942063,2480.964473986838,-151.82866874092434,1.032970317480432
3,7,3,7.3,2.4017771198288433,88.59280134578906,2460.3694105209124,2461.9639153889557,87.93778873175718,1.0250592759266528
3,4,1,4.1,2.4017771198288433,83.63072688498765,2460.2346076382996,2461.6556264230967,88.05309488930239,1.0249309172362007
3,5,1,5.1,2.4017771198288433,83.96716700554622,2459.0740972574645,2460.5072446423624,88.04434692065486,1.0244527788730473
3,6,1,6.1,2.4017771198288433,84.25672244198968,2458.075577488587,2459.5192090980945,88.0368116998082,1.0240414020070963
3,8,1,8.1,2.4017771198288433,2033.668157373813,-1320.2903965586975,2424.659338043454,-32.99228782521239,1.0095272030138422
3,8,2,8.2,2.4017771198288433,-2190.349292817749,-1167.3050454656182,2481.981283917488,-151.94546299030603,1.0333936748029142
3,8,3,8.3,2.4017771198288433,92.6173983061436,2458.309537600993,2460.053610214421,87.84238830670111,1.0242639043833222
3,12,1,12.1,2.4017771198288433,-2190.036069089209,-1166.9785787753378,2481.5513267374145,-151.94871374337316,1.0332146585334514
3,9,1,9.1,2.4017771198288433,2031.4361875316367,-1319.6970419355682,2422.464296229474,-33.009262606665565,1.0086132789882287
3,13,1,13.1,2.4017771198288433,2021.418919699652,-1325.6200415709027,2417.3131662104,-33.25633753302018,1.0064685629042316
3,13,2,13.2,2.4017771198288433,-2194.579236571976,-1161.4832423215444,2482.9863768830073,-152.10992436334206,1.0338121536689262
3,13,3,13.3,2.4017771198288433,99.27343018179015,2455.1775907499177,2457.1837977775754,87.68454558278354,1.0230690339629351
3,9r,1,9r.1,2.4017771198288433,2031.4318909039018,-1319.6994882387303,2422.4620258404398,-33.009366488575345,1.0086123336927577
3,14,1,14.1,2.4017771198288433,2028.908471545261,-1319.0281952465514,2419.9803647475123,-33.02858593961154,1.0075790733321526
3,34,1,34.1,2.4017771198288433,99.69222684300769,2453.6977858294554,2455.7221675664555,87.673387488991,1.0224604719947772
3,18,1,18.1,2.4017771198288433,1991.9756735091325,-1338.8425161261025,2400.0971577915416,-33.90575434235813,0.9993005337491843
3,18,2,18.2,2.4017771198288433,-2207.315203828709,-1141.0293116455136,2484.7913995117597,-152.66416293035988,1.0345636899434
3,18,3,18.3,2.4017771198288433,112.57116004881178,2446.0455129024513,2448.6345005461617,87.36501037219959,1.0195094625269217
3,11,1,11.1,2.4017771198288433,2027.9203286971338,-1318.765241521064,2419.008603082511,-33.036121160458215,1.007174472232001
3,10,1,10.1,2.4017771198288433,2028.4122316832377,-1318.8961868800145,2419.492371016866,-33.032370233222956,1.007375893059255
3,15,1,15.1,2.4017771198288433,99.85831307277878,2453.110766004433,2455.1423814061372,87.6689585858545,1.0222190731757395
3,16,1,16.1,2.4017771198288433,100.2734542976042,2451.642983332458,2453.692744285651,87.65787868350083,1.0216155046312154
3,17,1,17.1,2.4017771198288433,100.05207027266749,2452.4260528545224,2454.4661255526544,87.6637892589193,1.021937508392771
3,19,1,19.1,2.4017771198288433,1989.9861009616006,-1338.2798729377157,2398.13212737133,-33.92111371016747,0.9984823768919188
3,20,1,20.1,2.4017771198288433,1988.7015087836323,-1337.916462427937,2396.8633985844876,-33.93104141849976,0.9979541310458042
3,21,1,21.1,2.4017771198288433,1991.9756716380575,-1338.8425139205613,2400.0971550083173,-33.90575432357629,0.9993005325903656
3,21,2,21.2,2.4017771198288433,-2207.315242673208,-1141.029310783102,2484.791433622477,-152.66416335933508,1.0345637041456826
3,21,3,21.3,2.4017771198288433,112.5711691731754,2446.0455268866294,2448.6345149350286,87.36501017396682,1.0195094685178467
3,22,1,22.1,2.4017771198288433,-2208.478984598626,-1142.1087456703058,2486.320939128812,-152.65438105260708,1.0352005265609299
3,23,1,23.1,2.4017771198288433,1991.3227305883127,-1339.173051461979,2399.739710701909,-33.92100049361084,0.9991517076625831
3,23,2,23.2,2.4017771198288433,-2208.2512736814383,-1142.3057948385285,2486.2092061283533,-152.64793686005186,1.035154005591296
3,23,3,23.3,2.4017771198288433,111.75890273475562,2446.235254766878,2448.7868371920104,87.38419926250442,1.0195728891640525
3,24,1,24.1,2.4017771198288433,111.38281519993107,2447.8698612278254,2450.40261774048,87.39472818343854,1.0202456329149734
3,25,1,25.1,2.4017771198288433,1990.7550248950777,-1339.7141969781007,2399.57073217892,-33.93928719487125,0.9990813520406587
3,25,2,25.2,2.4017771198288433,-2209.17342077875,-1143.8588112513744,2487.7419848434224,-152.6259258457502,1.0357921908343872
3,25,3,25.3,2.4017771198288433,111.15977154761823,2446.0165868321283,2448.5411243980393,87.39797078000963,1.0194705845863534
3,25r,1,25r.1,2.4017771198288433,2015.636490612049,-1356.4622527047454,2429.563809678538,-33.939358184083005,1.0115692208158245
3,25r,2,25r.2,2.4017771198288433,109.77308418744467,2415.439762404079,2417.9328724790307,87.39790252788116,1.0067265827943848
3,26,1,26.1,2.4017771198288433,2014.9480086971469,-1356.7998071809207,2429.181177787853,-33.955029848716705,1.0114099088265787
3,26,2,26.2,2.4017771198288433,109.99072174133464,2414.690332348879,2417.1941088808567,87.39194261112291,1.006418992388899
3,28,1,28.1,2.4017771198288433,1990.690572703374,-1339.8997393223638,2399.6208591538425,-33.943821821713854,0.9991022228260904
3,28,2,28.2,2.4017771198288433,-2209.7583858774833,-1144.8195329756118,2488.70325411415,-152.61247670611732,1.0361924233383908
3,28,3,28.3,2.4017771198288433,110.64553816427579,2446.3060233662063,2448.8069738289796,87.41029755329288,1.0195812732213418
3,27,1,27.1,2.4017771198288433,2014.252574831663,-1356.8700302695488,2428.6435955610427,-33.96556771922753,1.011186081968386
3,27,2,27.2,2.4017771198288433,109.74526239164622,2414.660105260363,2417.1527561479015,87.39772230810975,1.0064017748325265
3,31,1,31.1,2.4017771198288433,110.23945665337926,2413.7946350003326,2416.310674925644,87.38508425370478,1.006051167269774
3,33,1,33.1,2.4017771198288433,2012.276570516218,-1356.3092024433336,2426.691502618531,-33.98065132102056,1.0103733117382112
3,29,1,29.1,2.4017771198288433,1990.7618304603404,-1340.1623339540135,2399.8266076879127,-33.94807289791113,0.9991878879497904
3,29,2,29.2,2.4017771198288433,-2210.1114366239485,-1145.644508255949,2489.396292596458,-152.59935525824577,1.036480975709294
3,29,3,29.3,2.4017771198288433,110.49000807029945,2446.2216251733958,2448.7156391360236,87.41384374913365,1.0195432452577138
3,250,1,250.1,2.4017771198288433,1991.702841581702,-1340.396657167516,2400.7380964425247,-33.94017046659717,0.9995673939193855
3,250,2,250.2,2.4017771198288433,-2210.187642277117,-1146.5577829621204,2489.884367545106,-152.5815042850969,1.0366841897979866
3,250,3,250.3,2.4017771198288433,110.69481908955743,2446.201859621263,2448.70514374185,87.40903551217254,1.0195388754125323
3,32,1,32.1,2.4017771198288433,110.4052672937656,2413.1974148374115,2415.721649119404,87.38050943198382,1.005805921446847
3,35,1,35.1,2.4017771198288433,1979.7784397162097,-1344.4076910196504,2393.1056621131333,-34.179240650093476,0.996389566024208
3,35,2,35.2,2.4017771198288433,-2208.7613935079057,-1129.0967503511501,2480.6221729849376,-152.92433580636578,1.0328277975941884
3,35,3,35.3,2.4017771198288433,120.93272512672915,2445.234351068001,2448.222979152333,87.1686583891923,1.0193381221513176
3,42,1,42.1,2.4017771198288433,1973.7503812409614,-1345.1505818442079,2388.5394397590867,-34.27521695702676,0.9944883811405865
3,42,2,42.2,2.4017771198288433,-2207.9069838556934,-1124.3680739167237,2477.7120121196385,-153.01270702478823,1.0316161277680114
3,42,3,42.3,2.4017771198288433,125.00342861550517,2441.5460731965227,2444.743971197596,87.06910274527422,1.0178896080797932
3,44,1,44.1,2.4017771198288433,1971.3985788245536,-1345.422062300064,2386.749438528315,-34.31239704136031,0.993743099150849
3,44,2,44.2,2.4017771198288433,-2207.5598053491694,-1122.5275473483932,2476.5678647574473,-153.04700626535745,1.0311397524404486
3,44,3,44.3,2.4017771198288433,126.57898474348919,2440.096298309381,2443.377208783334,87.03046690608139,1.0173205451126353
3,151,1,151.1,2.4017771198288433,1974.155836174475,-1347.2134595649832,2390.0366882403273,-34.31060801707265,0.9951117730735345
3,151,2,151.2,2.4017771198288433,-2211.364836747014,-1124.376013518589,2480.79742441359,-153.04878423610793,1.0329007649928723
3,151,3,151.3,2.4017771198288433,124.8150798399739,2445.8048083270005,2448.9875386761228,87.07859807577688,1.0196564529062728
3,52,1,52.1,2.4017771198288433,1766.2811328088696,-1238.0408980400448,2156.9641409481947,-35.02779820771899,0.8980700678428918
3,52,2,52.2,2.4017771198288433,-2386.7722235383326,-1173.292001869635,2659.5668385482195,-153.8221429804069,1.1073329063679926
3,52,3,52.3,2.4017771198288433,124.53441401237616,2227.7565806085677,2231.2346812287997,86.80042343558927,0.9289932287254877
3,53,1,53.1,2.4017771198288433,1766.7746779300458,-1238.0001953133453,2157.344952985196,-35.01938946812088,0.8982286221208293
3,53,2,53.2,2.4017771198288433,-2386.553676166841,-1173.2517500760944,2659.3529510544627,-153.82084400973883,1.1072438525203268
3,53,3,53.3,2.4017771198288433,124.70868004594071,2227.77476992617,2231.2625754039796,86.7959815666277,0.9290048426987201
3,54,1,54.1,2.4017771198288433,1767.391674642531,-1237.9492806551816,2157.821066045656,-35.00888093432201,0.8984268557772871
3,54,2,54.2,2.4017771198288433,-2386.280487793455,-1173.2014091796566,2659.0855783379557,-153.81922046874178,1.1071325296526469
3,54,3,54.3,2.4017771198288433,124.92653964260833,2227.797538668087,2231.2974955399072,86.79042873916026,0.9290193819894975
3,55,1,55.1,2.4017771198288433,1767.132820448936,-1237.8249598192247,2157.5377253386037,-35.010120544158006,0.8983088845031363
3,55,2,55.2,2.4017771198288433,-2386.2697615417596,-1172.9143515282406,2658.949313332144,-153.824669487599,1.10707579457732
3,55,3,55.3,2.4017771198288433,124.86783053489597,2227.912547836911,2231.409038233835,86.7920991836108,0.9290658237234147
3,57,1,57.1,2.4017771198288433,1769.4331854991985,-1237.9373765277833,2159.486685800663,-34.97754723253257,0.8991203504988646
3,57,2,57.2,2.4017771198288433,-2385.7159714757463,-1173.5320400678906,2658.7249097302956,-153.80745890822158,1.1069823622600599
3,57,3,57.3,2.4017771198288433,125.67740687623439,2227.7104281009124,2231.2526889773567,86.77105241150478,0.9290007264022739
3,56,1,56.1,2.4017771198288433,1767.1832534644934,-1237.6750170483485,2157.4930125381593,-35.00609069996796,0.8982902679545501
3,56,2,56.2,2.4017771198288433,-2386.1220773837563,-1172.6020203476191,2658.6790077595847,-153.8293061734428,1.1069632505904832
3,56,3,56.3,2.4017771198288433,124.91832556820944,2228.038990515715,2231.538108865957,86.7909864017185,0.929119563361059
3,58,1,58.1,2.4017771198288433,-2384.9608511171436,-1172.7972812113915,2657.7230337599594,-153.81448708020017,1.1065652228169096
3,60,1,60.1,2.4017771198288433,1773.5383403559267,-1238.5491070857208,2163.2018249288003,-34.92849240934499,0.9006671797601917
3,60,2,60.2,2.4017771198288433,-2385.3069593397076,-1176.0246812016824,2659.4592196666526,-153.75538196218744,1.107288098346183
3,60,3,60.3,2.4017771198288433,127.00871627101161,2226.6913460160845,2230.3106430342236,86.73543130238626,0.9286084976915598
3,59,1,59.1,2.4017771198288433,-2384.5956531920997,-1172.4407216712457,2657.237978626613,-153.81791140200303,1.1063632660535856
3,61,1,61.1,2.4017771198288433,1773.5383664413694,-1238.5491577549044,2163.201875326227,-34.92849311406469,0.900667200743582
3,61,2,61.2,2.4017771198288433,-2385.3070255292864,-1176.0246783466046,2659.4592777705034,-153.75538264793948,1.1072881225382076
3,61,3,61.3,2.4017771198288433,127.00874034382527,2226.6913978331036,2230.3106961380213,86.73543076077398,0.9286085198017703
3,62,1,62.1,2.4017771198288433,1772.8970455345113,-1237.949327731571,2162.3326460320686,-34.92519181740445,0.9003052898539403
3,62,2,62.2,2.4017771198288433,-2383.3547132227395,-1175.660804963261,2657.5473687909894,-153.74380602544844,1.1064920832372542
3,62,3,62.3,2.4017771198288433,126.94452812917723,2223.7340795734713,2227.354522719366,86.7327477443305,0.9273776922640069
3,63,1,63.1,2.4017771198288433,1772.470590420913,-1237.3434338235993,2161.636131992023,-34.91849582260712,0.9000152904054921
3,63,2,63.2,2.4017771198288433,-2381.979221588573,-1175.2012887714563,2656.1105175067164,-153.73956958914056,1.1058938381826193
3,63,3,63.3,2.4017771198288433,126.94281924999474,2222.253085898795,2225.875840460526,86.73061896184593,0.9267620305331027
3,64,1,64.1,2.4017771198288433,1772.6378324786856,-1236.8685872844062,2161.5015122237724,-34.90563735748814,0.89995924033859
3,64,2,64.2,2.4017771198288433,-2378.865666216954,-1174.527678611731,2653.020377933591,-153.72286452444476,1.1046072327155203
3,64,3,64.3,2.4017771198288433,127.25095665524037,2219.042444194061,2222.688051685262,86.7179688042158,0.9254347680036424
3,65,1,65.1,2.4017771198288433,1771.9206789067962,-1236.7935000774628,2160.870439006324,-34.91488572229714,0.899696487724187
3,65,2,65.2,2.4017771198288433,-2377.800226715785,-1175.010415482714,2652.2789058963044,-153.70332429532647,1.104298514628748
3,65,3,65.3,2.4017771198288433,126.70382929137023,2214.6408875203347,2218.2624103189305,86.72556868278292,0.9235921151905259
3,66,1,66.1,2.4017771198288433,1771.8546603251561,-1237.496448175794,2161.2187294588393,-34.93116885573709,0.899841501368309
3,66,2,66.2,2.4017771198288433,-2377.8129697640775,-1175.7836156818025,2652.6329618105924,-153.6884737586579,1.10444592877112
3,66,3,66.3,2.4017771198288433,126.59900853171679,2212.416046565927,2216.0352145360007,86.72498875435667,0.9226648035909014
3,67,1,67.1,2.4017771198288433,1953.3154266167853,-1362.6107015522873,2381.6274015563245,-34.89919075905184,0.9916104962004323
3,67,2,67.2,2.4017771198288433,-2222.402317797105,-1098.1033955550224,2478.8915122448207,-153.70572400790394,1.0321072225142494
3,67,3,67.3,2.4017771198288433,139.0932624865348,2450.8266765337244,2454.770525747466,86.75174217462775,1.0220642479608595
3,68,1,68.1,2.4017771198288433,1950.9016292946799,-1361.8814284836305,2379.230588327506,-34.918044172186804,0.9906125629579885
3,97,1,97.1,2.4017771198288433,1954.9619271956071,-1360.1860782288916,2381.5923883385367,-34.82868710657535,0.9915959181542436
3,97,2,97.2,2.4017771198288433,-2219.190048223318,-1100.992537107862,2477.2947012619675,-153.61290565894322,1.031442376900695
3,97,3,97.3,2.4017771198288433,137.78313263944986,2448.3185869132567,2452.1925076683656,86.77898381863193,1.0209908685628228
3,69,1,69.1,2.4017771198288433,1948.1350468058079,-1361.0452532774025,2376.483608624729,-34.93969359910695,0.9894688349741976
3,70,1,70.1,2.4017771198288433,1946.1724799979943,-1360.4517661672203,2374.53497130892,-34.955075404559196,0.9886575035231143
3,71,1,71.1,2.4017771198288433,1945.0652295661394,-1360.1168397883964,2373.435603748952,-34.963762950799655,0.9881997726408889
3,72,1,72.1,2.4017771198288433,1953.3153717090245,-1362.6107882135252,2381.627406105046,-34.89919322471206,0.9916104980943304
3,72,2,72.2,2.4017771198288433,-2222.402356727194,-1098.1033043345728,2478.891506737859,-153.70572629676704,1.0321072202213797
3,72,3,72.3,2.4017771198288433,139.09337193797097,2450.826673066437,2454.7705284875356,86.75173961948595,1.0220642491017105
3,73,1,73.1,2.4017771198288433,139.49341419229586,2449.4671456205506,2453.4358989135035,86.7406133282951,1.0215085649114442
3,76,1,76.1,2.4017771198288433,1954.4072922762184,-1364.4850670104631,2383.595469494983,-34.92112707817707,0.9924299177539188
3,76,2,76.2,2.4017771198288433,-2225.102449457574,-1096.7890789662765,2480.7311813902347,-153.7605647183915,1.0328731841558296
3,76,3,76.3,2.4017771198288433,140.09657739975873,2453.7132811756037,2457.709485927227,86.73220286772431,1.0232879086225826
3,74,1,74.1,2.4017771198288433,139.6370054396113,2449.1129393756974,2453.0904351665495,86.73679457937226,1.0213647281898341
3,75,1,75.1,2.4017771198288433,139.37524683708003,2450.3116107356736,2454.272285044377,86.74448840469935,1.021856801275247
3,86,1,86.1,2.4017771198288433,1956.1658767588447,-1364.7056414702502,2385.1638151826023,-34.901288951310804,0.9930829116036275
3,86,2,86.2,2.4017771198288433,-2227.214705915657,-1094.1655148821187,2481.4680171632713,-153.836462016046,1.0331799718951886
3,86,3,86.3,2.4017771198288433,139.8303080899019,2458.4484912116477,2462.4218767305783,86.74466889563966,1.0252499519630933
3,78,1,78.1,2.4017771198288433,1956.74336998896,-1368.7865261174436,2387.9742817033043,-34.97366458020656,0.9942530728552686
3,78,2,78.2,2.4017771198288433,-2231.1100653654885,-1096.1861796359567,2485.8552379815014,-153.8342487320239,1.0350066279916306
3,78,3,78.3,2.4017771198288433,143.5145993870863,2457.6429452693483,2461.8296623993774,86.65799567412115,1.0250033785711197
3,79,1,79.1,2.4017771198288433,1956.1833096746507,-1368.8331579083697,2387.5421159089674,-34.982285488590165,0.9940731370107772
3,79,2,79.2,2.4017771198288433,-2231.307837798658,-1096.2070251207595,2486.041936280607,-153.83582750406453,1.0350843613906058
3,79,3,79.3,2.4017771198288433,143.2666842280382,2457.597065115855,2461.769420005814,86.66369364508148,1.0249782961464993
3,80,1,80.1,2.4017771198288433,1959.2480884651552,-1373.1928429421948,2392.5533758021015,-35.02574811357928,0.9961596169975176
3,80,2,80.2,2.4017771198288433,-2236.403040297662,-1095.70880308064,2490.396823761433,-153.89780462929195,1.03689755523148
3,80,3,80.3,2.4017771198288433,147.46760321792948,2460.444892113146,2464.860190989443,86.57006105992717,1.0262651645066445
3,81,1,81.1,2.4017771198288433,1960.1111296124334,-1374.9576316244159,2394.2731943520466,-35.04847805172188,0.9968756778408601
3,81,2,81.2,2.4017771198288433,-2238.5319808048635,-1095.9240146739817,2492.4034334403577,-153.9148943815682,1.037733023961013
3,81,3,81.3,2.4017771198288433,148.86226370122017,2461.3214362647186,2465.818968653309,86.53893131056132,1.0266643596092837
3,82,1,82.1,2.4017771198288433,1961.0616723061837,-1377.164875745009,2396.319256187308,-35.07863153968796,0.9977275728057879
3,82,2,82.2,2.4017771198288433,-2241.8009102185315,-1095.9483027563117,2495.350477061504,-153.94739691169573,1.0389600502311926
3,82,3,82.3,2.4017771198288433,150.3224782697404,2463.326519789639,2467.9089105094804,86.50790260278858,1.0275345243880705
3,84,1,84.1,2.4017771198288433,149.9000601685006,2457.348107975414,2461.915870172835,86.50924040711172,1.025039271898917
3,83,1,83.1,2.4017771198288433,1962.6544796188973,-1379.3197205734575,2398.8612919322713,-35.09888711975221,0.9987859706579353
3,83,2,83.2,2.4017771198288433,-2244.84301352052,-1095.9490701979955,2498.0841698829404,-153.97802528214999,1.0400982461107633
3,83,3,83.3,2.4017771198288433,152.06704033184425,2465.383719178792,2470.0690815333764,86.47041743309703,1.0284339296684615
3,85,1,85.1,2.4017771198288433,150.38681711214096,2455.4834990064433,2460.084431204353,86.49528062203457,1.0242767369603658
3,87,1,87.1,2.4017771198288433,1956.232531925204,-1364.9522506850606,2385.359588324726,-34.90523098232459,0.9931644233894245
3,87,2,87.2,2.4017771198288433,-2228.215947533903,-1092.3399370077277,2481.5625816864776,-153.8844865152365,1.0332193446256661
3,87,3,87.3,2.4017771198288433,140.25082413425142,2460.4302971006855,2464.424383210267,86.73752444729843,1.026083712291292
3,88,1,88.1,2.4017771198288433,1955.7668651107465,-1366.0159771748442,2385.5866533333183,-34.9325827120464,0.9932589638056513
3,89,1,89.1,2.4017771198288433,1956.2191686629353,-1364.1976780690738,2384.9169253232612,-34.89054790489603,0.9929801169449131
3,89,2,89.2,2.4017771198288433,-2229.1043869611985,-1091.441687964417,2481.965214541952,-153.9121334031597,1.033386984183954
3,89,3,89.3,2.4017771198288433,140.37791345622549,2461.901205494084,2465.90014075987,86.73652129619653,1.0266981562950337
3,90,1,90.1,2.4017771198288433,-2230.1954255044234,-1090.1121394910926,2482.3609956262817,-153.95076846047624,1.033551770949996
3,91,1,91.1,2.4017771198288433,1956.5081061740082,-1363.7381294391562,2384.8911202004197,-34.877521388489235,0.9929693727661012
3,91,2,91.2,2.4017771198288433,-2229.004585138738,-1091.1734314278247,2481.7576227390723,-153.9166823982821,1.0333005515998623
3,91,3,91.3,2.4017771198288433,140.81285306208412,2462.939827678774,2466.961867227346,86.72780932449696,1.0271402149934494
3,92,1,92.1,2.4017771198288433,142.83012403474487,2463.3076317973237,2467.445021313083,86.68153075932926,1.027341380239695
3,94,1,94.1,2.4017771198288433,1955.3561942988363,-1363.2075246516063,2383.642716904022,-34.88289115738925,0.992449589608001
3,95,1,95.1,2.4017771198288433,1956.5620632255848,-1363.2961599336086,2384.6826889427616,-34.868068483523125,0.9928825906679885
3,95,2,95.2,2.4017771198288433,-2228.8993243524756,-1090.440407188289,2481.3408632688665,-153.93081593350777,1.0331270303073306
3,95,3,95.3,2.4017771198288433,140.55454566301813,2463.766954516765,2467.7729203626805,86.7348929747625,1.0274779037525932
3,96,1,96.1,2.4017771198288433,-2228.6109483343,-1090.1599662967249,2480.9585871496492,-153.9337068984231,1.032967866446512
3,98,1,98.1,2.4017771198288433,1954.52185851821,-1360.2289159098025,2381.255634975513,-34.83558058027577,0.9914557080738647
3,98,2,98.2,2.4017771198288433,-2218.950995524784,-1100.626786086255,2476.918012932804,-153.6180270836267,1.0312855395630196
3,98,3,98.3,2.4017771198288433,138.00705094757402,2448.012936095651,2451.8999329913318,86.77335826527849,1.0208690526480078
3,99,1,99.1,2.4017771198288433,1955.0515351958627,-1360.2040745534744,2381.6762226851015,-34.827811319133104,0.991630823285895
3,99,2,99.2,2.4017771198288433,-2217.970870564072,-1099.8410772725508,2475.690848617168,-153.62423775687202,1.0307745994322703
3,99,3,99.3,2.4017771198288433,139.00098671220044,2447.4729803641853,2451.416991031863,86.74945398089989,1.020667975722309
3,100,1,100.1,2.4017771198288433,1955.238567922471,-1360.4348679026618,2381.961562934391,-34.829799028104404,0.9917496270861869
3,100,2,100.2,2.4017771198288433,-2217.7391632430495,-1100.0966970532895,2475.596845015266,-153.6165550966991,1.0307354602460712
3,100,3,100.3,2.4017771198288433,139.4385005079672,2446.8594332588327,2450.8292844569255,86.7384288731583,1.0204232791723729
3,450,1,450.1,2.4017771198288433,1955.2386297605751,-1360.434980606487,2381.9616780640667,-34.82980040387329,0.9917496750213906
3,450,2,450.2,2.4017771198288433,-2217.7393065421325,-1100.0967057543637,2475.5969772548965,-153.61655639009,1.0307355153051478
3,450,3,450.3,2.4017771198288433,139.438571305971,2446.8595402773767,2450.829395330133,86.73842736305886,1.0204233253353605
3,197,1,197.1,2.4017771198288433,1954.9620242299627,-1360.1860794960692,2381.5924687142005,-34.82868579834972,0.9915959516193238
3,197,2,197.2,2.4017771198288433,-2219.1900776171433,-1100.992628689596,2477.294768295289,-153.61290406363162,1.0314424048105792
3,197,3,197.3,2.4017771198288433,137.7830540673392,2448.3186370344706,2452.1925532956116,86.77898571737948,1.0209908875601084
3,105,1,105.1,2.4017771198288433,1949.1830295106145,-1361.8230600242362,2377.7881590557963,-34.940595206592405,0.990011995461612
3,105,2,105.2,2.4017771198288433,-2217.0087517124575,-1095.4818415825996,2472.894714784039,-153.70482162262113,1.0296104057150248
3,105,3,105.3,2.4017771198288433,141.41234139540262,2444.9548099857134,2449.040929256023,86.68979012341997,1.0196786825209443
3,108,1,108.1,2.4017771198288433,1945.6908746522683,-1362.782677890395,2375.4767114967103,-35.007809436864704,0.9890496049300331
3,108,2,108.2,2.4017771198288433,-2215.6675432367238,-1092.1693976722636,2470.226033253729,-153.75992109161317,1.0284992778304773
3,108,3,108.3,2.4017771198288433,143.58463432828827,2442.9095358742406,2447.125568433399,86.63624890060767,1.01888120601623
3,300,1,300.1,2.4017771198288433,1974.1556873642976,-1347.2133937754486,2390.0365282398434,-34.310608725214,0.9951117064559943
3,300,2,300.2,2.4017771198288433,-2211.3647290105764,-1124.3759081333308,2480.797280614172,-153.04878527795753,1.0329007051207815
3,300,3,300.3,2.4017771198288433,124.81513145989014,2445.8046825583383,2448.987415701772,87.07859671969754,1.019656401704873
3,135,1,135.1,2.4017771198288433,1991.9754714765297,-1338.8423856139684,2400.0969173099334,-33.905754446922856,0.9993004336226545
3,135,2,135.2,2.4017771198288433,-2207.315016741971,-1141.0291912719053,2484.7911780407676,-152.6641634150582,1.0345635977320993
3,135,3,135.3,2.4017771198288433,112.57118471477757,2446.045309845343,2448.634298837719,87.36500957721512,1.0195093785439238
3,152,1,152.1,2.4017771198288433,1766.2811486551245,-1238.0409246370762,2156.964169190275,-35.02779854465334,0.8980700796017183
3,152,2,152.2,2.4017771198288433,-2386.7722595938635,-1173.2919996667122,2659.566869933657,-153.8221433656694,1.107332919435582
3,152,3,152.3,2.4017771198288433,124.53442785134357,2227.756606904901,2231.234708256552,86.80042311846216,0.9289932399787185
3,160r,1,160r.1,2.4017771198288433,1950.908432680521,-1362.3970230024183,2379.531332214354,-34.92813018189975,0.9907377801916629
3,160r,2,160r.2,2.4017771198288433,-2221.3170376063276,-1095.1872662018118,2476.6276525975295,-153.75508491923088,1.031164645607924
3,160r,3,160r.3,2.4017771198288433,139.6968182791801,2449.3692704550353,2453.349755759818,86.73574073135218,1.02147269848863
3,160,1,160.1,2.4017771198288433,1773.5383626270868,-1238.5491582211773,2163.201872465988,-34.928493182033534,0.9006671995526975
3,160,2,160.2,2.4017771198288433,-2385.3070124995525,-1176.0246816932754,2659.4592675638614,-153.7553824591377,1.1072881182885868
3,160,3,160.3,2.4017771198288433,127.0087437902419,2226.691386380042,2230.3106848998077,86.7354306556255,0.9286085151226461
3,61s,1,61s.1,2.4017771198288433,1773.5383664413764,-1238.5491577548937,2163.2018753262264,-34.92849311406435,0.9006672007435818
3,61s,2,61s.2,2.4017771198288433,-2385.3070255292796,-1176.024678346618,2659.4592777705034,-153.75538264793914,1.1072881225382076
3,61s,3,61s.3,2.4017771198288433,127.00874034381222,2226.6913978331045,2230.3106961380217,86.73543076077432,0.9286085198017705
3,610,1,610.1,0.24017771198288432,223.2836515519721,-135.6832698760938,261.27674748176764,-31.285887206917824,1.087847599698955
3,610,2,610.2,0.24017771198288432,-256.58312012439086,-128.46890896429284,286.94800592309986,-153.40327555013187,1.1947320321860195
3,610,3,610.3,0.24017771198288432,33.29946395521668,264.15217441615727,266.24279435975114,82.81509818276811,1.108524151394715
3,x1,1,x1.1,0.24017771198288432,202.4889932716904,-130.74586142385456,241.03168396633762,-32.85007481072162,1.0035555838066863
3,x2,1,x2.1,0.24017771198288432,-216.28265000999278,-115.0729831320509,244.98974701455222,-151.98483124146793,1.0200353104871398
3,x4,1,x4.1,0.24017771198288432,9.684021310699928,243.0460142021139,243.23886467478886,87.71829129972892,1.0127453653656369
3,x5,1,x5.1,0.24017771198288432,9.734878267031167,242.88995845179483,243.0849641001856,87.70484925737972,1.012104587446101
3,x6,1,x6.1,0.24017771198288432,9.779738349122463,242.75317617316762,242.95009327913058,87.69298639521577,1.0115430414977216
3,x7,1,x7.1,0.24017771198288432,201.03122017993255,-131.27155666874998,240.09534164008548,-33.14417097147209,0.9996570441856624
3,x9,1,x9.1,0.24017771198288432,199.85881384312881,-131.55838084783647,239.27213177068242,-33.35517462810751,0.9962295410147531
3,x10,1,x10.1,0.24017771198288432,199.56654453479396,-131.4782217921978,238.98395030460992,-33.377649164267446,0.9950296733680289
3,x11,1,x11.1,0.24017771198288432,199.53164989311853,-131.4667056333018,238.94847561586005,-33.379946465050644,0.9948819715331793
3,x12,1,x12.1,0.24017771198288432,-217.10093484380877,-114.08651414140355,245.25201042803374,-152.27807949753677,1.021127266153285
3,x16,1,x16.1,0.24017771198288432,11.33199169042356,242.16803176600246,242.43302094618093,87.32086017102186,1.0093901675749886
3,x17,1,x17.1,0.24017771198288432,11.309747326439053,242.24742452544044,242.51128854920722,87.32698665650095,1.0097160412889985
3,x19,1,x19.1,0.24017771198288432,195.68718679673532,-133.3596837473063,236.808530939242,-34.27420333313958,0.9859721328185422
3,x20,1,x20.1,0.24017771198288432,195.60256611821342,-133.32897214173101,236.7213101611271,-34.2795949647851,0.9856089818109204
3,x22,1,x22.1,0.24017771198288432,-218.8255331975251,-111.50580708408908,245.5975549403032,-152.9982063571995,1.0225659696425333
3,x24,1,x24.1,0.24017771198288432,12.430911417207822,241.78067599912316,242.1000265288202,87.05678639076487,1.0080037174559846
3,x28,1,x28.1,0.24017771198288432,195.80154749461602,-133.52656729127702,236.9970256646237,-34.29197294756898,0.9867569463794073
3,x29,1,x29.1,0.24017771198288432,195.8485345127756,-133.55823570510836,237.05368758039418,-34.29189820250357,0.9869928630067357
3,x30,1,x30.1,0.24017771198288432,12.36376539014134,241.61210184936033,241.92823409988367,87.07061767294665,1.0072884453038844
3,x31,1,x31.1,0.24017771198288432,12.334455393736192,238.33018416578687,238.649147231575,87.0373778329114,0.9936356927597918
3,x32,1,x32.1,0.24017771198288432,12.351115375025653,238.269606990242,238.589512900906,87.03263052387057,0.9933874002343251
3,x33,1,x33.1,0.24017771198288432,197.96014336498732,-135.16537055957798,239.70376667794432,-34.324902993315824,0.9980266890669115
3,x34,1,x34.1,0.24017771198288432,11.301827417844388,242.31159829901577,242.57502339112804,87.32956218439855,1.00998140663616
3,x52,1,x52.1,0.24017771198288432,173.4538519487948,-123.29232354420229,212.807978705693,-35.40550568551827,0.8860438254189807
3,x53,1,x53.1,0.24017771198288432,173.50250687504402,-123.28861846725583,212.84549169641642,-35.397104657269935,0.8862000138946462
3,x55,1,x55.1,0.24017771198288432,173.81963061851408,-123.31702391851776,213.1205113931481,-35.353945848750435,0.8873450814134478
3,x56,1,x56.1,0.24017771198288432,-237.5828938942699,-115.95139505021801,264.3678450289816,-153.98549272170166,1.1007176429752197
3,x58,1,x58.1,0.24017771198288432,-237.41793595213065,-115.90672162158727,264.2000083815936,-153.97850899348882,1.100018841050585
3,x59,1,x59.1,0.24017771198288432,-236.44215926097434,-114.65724306077689,262.7759084510793,-154.12998996233236,1.0940894818325415
3,x60,1,x60.1,0.24017771198288432,174.16845835125505,-123.34701422912583,213.4224397847917,-35.30632586046755,0.8886021855350206
3,x62,1,x62.1,0.24017771198288432,13.857434353514481,219.5801518285935,220.01698017182704,86.38892243973805,0.916059106215093
3,x63,1,x63.1,0.24017771198288432,174.0641631769196,-123.2274120321267,213.26820667557746,-35.29629772283267,0.8879600230798081
3,x64,1,x64.1,0.24017771198288432,-235.9998403643547,-114.88801444905444,262.4789144218008,-154.04253484919394,1.0928529223415442
3,x65,1,x65.1,0.24017771198288432,108.02862735486707,-227.27198729408516,251.6401012096036,-64.57697342128242,1.0477246166269423
3,x65,2,x65.2,0.24017771198288432,-274.33617123649447,4.725504699291409,274.37686717972827,179.01316439323247,1.1423910441751608
3,x65,3,x65.3,0.24017771198288432,166.30754388162737,222.5464825947937,277.82213026908823,53.22947615216713,1.156735685319904
3,x66,1,x66.1,0.24017771198288432,13.914671183148068,218.43832163498496,218.88106001398174,86.35514415691046,0.9113296075931465
3,x68,1,x68.1,0.24017771198288432,191.76086099761213,-135.6580518738971,234.89430569676753,-35.2768664677407,0.9780020958543676
3,x69,1,x69.1,0.24017771198288432,191.48051226496696,-135.57255164150544,234.61607646502577,-35.299360569322225,0.9768436651680033
3,x70,1,x70.1,0.24017771198288432,191.2816327177346,-135.51186316950256,234.41870248517353,-35.31534337864868,0.9760218820882047
3,x71,1,x71.1,0.24017771198288432,191.16942612746985,-135.47761309022684,234.30734758972318,-35.324370660340094,0.9755582466637059
3,x73,1,x73.1,0.24017771198288432,15.206006233239462,241.92958297014655,242.40698368998022,86.40351790460716,1.0092817592802066
3,x74,1,x74.1,0.24017771198288432,15.244764167149812,241.83503988663824,242.3150621638777,86.39296927477982,1.008899036315017
3,x75,1,x75.1,0.24017771198288432,15.193963214587832,242.01514564275524,242.49162302778683,86.40762599619428,1.0096341622451104
3,x76,1,x76.1,0.24017771198288432,118.73755400957903,-252.4767567616307,279.0037982484277,-64.81281921597045,1.161655658824455
3,x76,2,x76.2,0.24017771198288432,-275.65551601523174,18.08398505433541,276.2480661019532,176.24657104038306,1.1501819374548765
3,x76,3,x76.3,0.24017771198288432,156.9179620056527,234.3927717072953,282.069527295374,56.19904161468206,1.1744200782272212
3,x77,1,x77.1,0.24017771198288432,-221.0064775860187,-107.08330468486356,245.58236353046752,-154.14862207484828,1.0225027189365863
3,x79,1,x79.1,0.24017771198288432,192.4159518601219,-136.3697777584746,235.84023154697866,-35.326110793182586,0.9819405372792678
3,x80,1,x80.1,0.24017771198288432,-221.65702381101644,-107.03487167832951,246.14690727277883,-154.2247961264574,1.0248532440442262
3,x82,1,x82.1,0.24017771198288432,192.80232053799185,-137.18096823023774,236.62492017837016,-35.43226869966907,0.9852076540525653
3,x83,1,x83.1,0.24017771198288432,16.440687314621446,243.53583524024396,244.09014573624313,86.13791987441566,1.0162897452934252
3,x84,1,x84.1,0.24017771198288432,16.230155339769034,242.72310217475447,243.26512752897676,86.17450028041672,1.0128547129565146
3,x85,1,x85.1,0.24017771198288432,16.279029123720296,242.53407961783657,243.079794646289,86.16003346363361,1.0120830639922638
3,x86,1,x86.1,0.24017771198288432,-220.73374813347675,-106.86922231458303,245.24358960669474,-154.16584940354036,1.0210922053590528
3,x87,1,x87.1,0.24017771198288432,-220.8318138208207,-106.68842889424248,245.2531566673821,-154.21384843507548,1.02113203861672
3,x88,1,x88.1,0.24017771198288432,192.25647432038284,-136.07209774875167,235.53803876200092,-35.289463271064726,0.980682332333926
3,x90,1,x90.1,0.24017771198288432,-220.98359824928465,-106.41273776326872,245.2700989796258,-154.28726214226117,1.0212025793513446
3,x92,1,x92.1,0.24017771198288432,15.52938352472819,243.3295922537582,243.82463415134723,86.34831485278148,1.015184265593815
3,x94,1,x94.1,0.24017771198288432,192.2122142676083,-135.79369631110953,235.34116357214435,-35.24036401586342,0.9798626260080093
3,x95,1,x95.1,0.24017771198288432,-220.89791448349243,-106.49985605158284,245.23072393597872,-154.26023776375663,1.0210386380625296
3,x96,1,x96.1,0.24017771198288432,-220.86863992229593,-106.47151739978634,245.19204742107323,-154.2632319370205,1.0208776051565778
3,x98,1,x98.1,0.24017771198288432,192.12498903181503,-135.4980473778643,235.099409301021,-35.193781948923245,0.978856061872114
3,x99,1,x99.1,0.24017771198288432,-219.81417597198862,-107.42343033048023,244.65907982785333,-153.95518911933888,1.0186585499877205
3,x100,1,x100.1,0.24017771198288432,15.223820511042625,241.61256133881415,242.09170681304775,86.39460356856587,1.0079690776232386
4,sourcebus,1,sourcebus.1,66.39528095680697,66368.31138403708,-67.81626092051906,66368.34603192813,-0.05854577432737323,0.9995943247096679
4,sourcebus,2,sourcebus.2,66.39528095680697,-33255.58042466506,-57459.59429286477,66389.29586674334,-120.06074015302924,0.9999098566949733
4,sourcebus,3,sourcebus.3,66.39528095680697,-33112.73095289343,57527.41056500655,66376.62176906515,119.92469588098608,0.9997189681635062
4,150,1,150.1,2.4017771198288433,2011.627562690817,-1264.7345153776535,2376.1731513854256,-32.158070533508415,0.9893395735049544
4,150,2,150.2,2.4017771198288433,-2109.279688083863,-1146.6723050427083,2400.816148253572,-151.47007400715003,0.9995998914439905
4,150,3,150.3,2.4017771198288433,73.32616779540739,2393.055897434814,2394.1790357304326,88.24493617219692,0.9968364741109066
4,150r,1,150r.1,2.4017771198288433,2074.4834349626913,-1304.2662937717105,2450.4269193354044,-32.158338421069246,1.0202557510873564
4,150r,2,150r.2,2.4017771198288433,-2175.1990754205676,-1182.4996298477759,2475.842562098935,-151.47024835447112,1.0308377666098218
4,150r,3,150r.3,2.4017771198288433,75.62667315328612,2467.8388471580733,2468.9973611234827,88.2447259295406,1.0279877099084989
4,40,1,40.1,2.4017771198288433,1971.0714353414758,-1345.5273405998087,2386.538587058818,-34.31891205868347,0.9936553093772867
4,40,2,40.2,2.4017771198288433,-2207.215899127736,-1122.6101982915745,2476.2987870348984,-153.04169496734877,1.0310277196792372
4,40,3,40.3,2.4017771198288433,126.16691713492855,2439.542325993469,2442.8026631909825,87.03944582603503,1.0170813282479194
4,401,1,401.1,2.4017771198288433,1971.0714353414758,-1345.5273405998087,2386.538587058818,-34.31891205868347,0.9936553093772867
4,401,2,401.2,2.4017771198288433,-2207.215899127736,-1122.6101982915745,2476.2987870348984,-153.04169496734877,1.0310277196792372
4,401,3,401.3,2.4017771198288433,126.16691713492855,2439.542325993469,2442.8026631909825,87.03944582603503,1.0170813282479194
4,101,1,101.1,2.4017771198288433,1944.853184835924,-1361.8298820048503,2374.243992956028,-35.000573691270056,0.9885363522512124
4,101,2,101.2,2.4017771198288433,-2216.3661425498763,-1092.9017505930362,2471.1764636081216,-153.75185227560837,1.0288949974609733
4,101,3,101.3,2.4017771198288433,143.51244850394335,2441.8771951126278,2446.0907707782862,86.63651801349133,1.0184503593541605
4,1011,1,1011.1,2.4017771198288433,1944.853184835924,-1361.8298820048503,2374.243992956028,-35.000573691270056,0.9885363522512124
4,1011,2,1011.2,2.4017771198288433,-2216.3661425498763,-1092.9017505930362,2471.1764636081216,-153.75185227560837,1.0288949974609733
4,1011,3,1011.3,2.4017771198288433,143.51244850394335,2441.8771951126278,2446.0907707782862,86.63651801349133,1.0184503593541605
4,30,1,30.1,2.4017771198288433,1986.3578196269389,-1341.2239174950932,2396.768446148683,-34.02791734334056,0.9979145968046704
4,30,2,30.2,2.4017771198288433,-2209.2762699354366,-1142.7381903211078,2487.3182764813587,-152.64993833494844,1.0356157763125877
4,30,3,30.3,2.4017771198288433,113.73909320430289,2442.5146246847503,2445.1614002191805,87.33386827026352,1.0180634081456437
4,301,1,301.1,2.4017771198288433,1990.3896469011825,-1339.1062661842673,2398.928206225727,-33.93211338325313,0.9988138309839011
4,301,2,301.2,2.4017771198288433,-2209.34665382365,-1147.1263479953543,2489.399826268757,-152.5609750216983,1.036482446983323
4,301,3,301.3,2.4017771198288433,109.90981838915181,2444.8093058674876,2447.278633550868,87.42592137862513,1.0189449359586153
4,93,1,93.1,2.4017771198288433,1949.056475866627,-1364.3158355713172,2379.113037522239,-34.991552659820336,0.990563619696644
4,93,2,93.2,2.4017771198288433,-2227.3537242405155,-1085.533356164706,2477.798878083995,-154.0170349422666,1.0316522951390965
4,93,3,93.3,2.4017771198288433,144.41674084999596,2458.7102706546607,2462.947906485326,86.63849221221606,1.0254689688528809
4,931,1,931.1,2.4017771198288433,1953.153381869058,-1362.2510244399634,2381.288723925402,-34.89432370078027,0.9914694849350129
4,931,2,931.2,2.4017771198288433,-2227.5294003542,-1089.93540762379,2479.88838906802,-153.9273873080405,1.03252228052066
4,931,3,931.3,2.4017771198288433,140.64306741484222,2461.034459097929,2465.049914561426,86.72922138523575,1.0263441575032954
4,77,1,77.1,2.4017771198288433,1949.1192646652232,-1368.6484505531923,2381.651630505762,-35.0760758499773,0.9916205841262592
4,77,2,77.2,2.4017771198288433,-2228.1034534669952,-1090.8308298975535,2480.797633586129,-153.91463847452698,1.0329008520836092
4,77,3,77.3,2.4017771198288433,146.74970562674275,2452.2435563406325,2456.630606280824,86.57533069185709,1.0228387080545964
4,771,1,771.1,2.4017771198288433,1953.2148603716448,-1366.5918894799088,2383.82501102092,-34.979053800860974,0.9925254892888635
4,771,2,771.2,2.4017771198288433,-2228.271076271645,-1095.2278762597782,2482.884630885072,-153.82520723314371,1.0337697908713563
4,771,3,771.3,2.4017771198288433,142.9688991158119,2454.5778480570593,2458.7379930132474,86.66652663140059,1.0237161361535758
4,149,1,149.1,2.4017771198288433,2074.4831932016364,-1304.2660927275324,2450.4266076572876,-32.1583374502474,1.0202556213175646
4,149,2,149.2,2.4017771198288433,-2175.1989086060353,-1182.4995087202688,2475.842357688503,-151.47024897341998,1.030837681501828
4,149,3,149.3,2.4017771198288433,75.62667433645204,2467.8386009580754,2468.997115075249,88.24472572709423,1.027987607464258
4,1,1,1.1,2.4017771198288433,2054.2439235968536,-1312.097136456801,2437.522716434194,-32.56739204352989,1.0148829782373388
4,1,2,1.2,2.4017771198288433,-2181.5042943368107,-1174.692991008975,2477.673224889747,-151.6984942963692,1.0315999783803054
4,1,3,1.3,2.4017771198288433,84.96972746744996,2461.417823259225,2462.8839914303867,88.02289791956433,1.0254423572849665
4,2,1,2.1,2.4017771198288433,-2181.2573636362463,-1174.4333831309218,2477.3327305450293,-151.70107313845975,1.0314582107108965
4,3,1,3.1,2.4017771198288433,85.69423163998704,2458.9120280898455,2460.4048169399452,88.00402315968003,1.0244101322421124
4,7,1,7.1,2.4017771198288433,2039.3521323121086,-1317.5049924262823,2427.916086818925,-32.864115518442404,1.0108831776163911
4,7,2,7.2,2.4017771198288433,-2186.524012709542,-1168.5331705863287,2479.1847508638753,-151.87883715252178,1.03222931486688
4,7,3,7.3,2.4017771198288433,91.03515798229054,2458.030756606375,2459.7159592952535,87.87897385981113,1.0241233205979325
4,4,1,4.1,2.4017771198288433,85.923431252049,2458.119623113444,2459.6208889935674,87.99804439075135,1.0240837372823528
4,5,1,5.1,2.4017771198288433,86.26356861340058,2456.942087139121,2458.455983503764,87.98916343638399,1.0235987191346714
4,6,1,6.1,2.4017771198288433,86.55654775492998,2455.928101744317,2457.4529246552606,87.98150726866562,1.0231810871902989
4,8,1,8.1,2.4017771198288433,2029.6809492353254,-1321.0792541543804,2421.746302040308,-33.05930841465183,1.0083143360999658
4,8,2,8.2,2.4017771198288433,-2189.757273034524,-1164.4013116481442,2480.094217842442,-151.99823114899604,1.032607979053102
4,8,3,8.3,2.4017771198288433,95.16933252190339,2455.785639720773,2457.629001723293,87.78072084846372,1.023254398350847
4,12,1,12.1,2.4017771198288433,-2189.4383495328198,-1164.0695117284697,2479.656854191877,-152.00154050569896,1.0324258790376784
4,9,1,9.1,2.4017771198288433,2027.4134539443876,-1320.4735874151536,2419.515614393872,-33.07657923652535,1.0073855706337533
4,13,1,13.1,2.4017771198288433,2017.0488541374045,-1326.379592387469,2414.077236353254,-33.32829052120891,1.0051212564325234
4,13,2,13.2,2.4017771198288433,-2193.9055386422906,-1158.3590327709178,2480.9307046524486,-152.16641764884739,1.0329562573355042
4,13,3,13.3,2.4017771198288433,101.99972108529224,2452.3742523619717,2454.494533860163,87.61831333169734,1.0219493364293004
4,9r,1,9r.1,2.4017771198288433,2027.4090887398247,-1320.476065922828,2419.5133092793426,-33.07668483345502,1.0073846108800317
4,14,1,14.1,2.4017771198288433,2024.847928595116,-1319.7914855366773,2416.993731731847,-33.096221477159524,1.0063355636863125
4,34,1,34.1,2.4017771198288433,102.42368222160485,2450.8695344616553,2453.0087822166724,87.60695873111864,1.021330731300946
4,18,1,18.1,2.4017771198288433,1986.681550624447,-1339.63160141652,2396.1461581267004,-33.99203040384849,0.9976555019799072
4,18,2,18.2,2.4017771198288433,-2206.384394517206,-1137.1775120728405,2482.1975727836884,-152.7332779769258,1.03348372848209
4,18,3,18.3,2.4017771198288433,115.59633918827106,2442.435940449288,2445.169899379617,87.29031019807891,1.0180669468422059
4,11,1,11.1,2.4017771198288433,2023.8454796921565,-1319.5234546919942,2416.0075896306016,-33.10387764487789,1.0059249751712067
4,10,1,10.1,2.4017771198288433,2024.3437944471034,-1319.6567382571195,2416.4978181127985,-33.10007191883027,1.0061290859016112
4,15,1,15.1,2.4017771198288433,102.5919923533619,2450.272005915,2452.418810045656,87.60244704454892,1.0210850914511258
4,16,1,16.1,2.4017771198288433,103.0126928103034,2448.7779454339725,2450.9437041523124,87.59115983952228,1.0204709187699201
4,17,1,17.1,2.4017771198288433,102.78834459565759,2449.5750383690533,2451.7306769678976,87.59718103563839,1.0207985814864513
4,19,1,19.1,2.4017771198288433,1984.6586822789175,-1339.0562267603339,2394.147377161797,-34.007678999957136,0.9968232928009615
4,20,1,20.1,2.4017771198288433,1983.3538175252377,-1338.6849424154163,2392.858069452031,-34.0177844210748,0.9962864787480997
4,21,1,21.1,2.4017771198288433,1986.6815485228235,-1339.6315987822372,2396.146154911444,-33.992030379717974,0.9976555006412082
4,21,2,21.2,2.4017771198288433,-2206.3844331952237,-1137.177511163703,2482.1976067474325,-152.73327840459726,1.033483742623179
4,21,3,21.3,2.4017771198288433,115.5963480338082,2442.4359539053644,2445.1699132388244,87.29031000594622,1.0180669526126027
4,22,1,22.1,2.4017771198288433,-2207.523388005951,-1138.229185236144,2483.691846167034,-152.72375047251506,1.034105881708136
4,23,1,23.1,2.4017771198288433,1986.0117484742946,-1339.9749768853428,2395.7828790933454,-34.00779461023682,0.99750424771474
4,23,2,23.2,2.4017771198288433,-2207.3257292782782,-1138.4650897365755,2483.6242943897114,-152.7168237188636,1.0340777559604284
4,23,3,23.3,2.4017771198288433,114.79220997657814,2442.5974008758835,2445.2932982030866,87.30930957159754,1.0181183249748604
4,24,1,24.1,2.4017771198288433,114.43033749047619,2444.1884085061106,2446.8656028506794,87.31952273708698,1.0187729671706796
4,25,1,25.1,2.4017771198288433,1985.4209666495926,-1340.52577758295,2395.6013389494037,-34.02661783256344,0.9974286619568266
4,25,2,25.2,2.4017771198288433,-2208.2569562466074,-1140.0265172906484,2485.167850455453,-152.694671050564,1.0347204284436486
4,25,3,25.3,2.4017771198288433,114.19296448638644,2442.3585447471155,2445.0266448931466,87.3230738114355,1.0180073016381241
4,25r,1,25r.1,2.4017771198288433,2010.2357058885018,-1357.283999817994,2425.544773734547,-34.02669009201307,1.00989586157245
4,25r,2,25r.2,2.4017771198288433,112.76841036351271,2411.8274131119556,2414.462297285717,87.32300423748552,1.0052815797736376
4,26,1,26.1,2.4017771198288433,2009.5359182416323,-1357.626326221247,2425.156458530509,-34.042644431046305,1.0097341832881361
4,26,2,26.2,2.4017771198288433,112.98945945201648,2411.064404796768,2413.710459443148,87.31691685225178,1.0049685457971034
4,28,1,28.1,2.4017771198288433,1985.3454105868484,-1340.7152680718568,2395.644762768314,-34.03138501737425,0.9974467418271659
4,28,2,28.2,2.4017771198288433,-2208.8470902646127,-1140.990541817441,2486.134526667313,-152.68116845645847,1.0351229121728336
4,28,3,28.3,2.4017771198288433,113.67747197367245,2442.6413078426276,2445.285080806217,87.33544863683589,1.0181149035929171
4,27,1,27.1,2.4017771198288433,2008.829096799525,-1357.6966002629908,2424.61015392456,-34.053370888661775,1.0095067247944072
4,27,2,27.2,2.4017771198288433,112.73997214212199,2411.034071160899,2413.668492899824,87.3227989945069,1.0049510726756476
4,31,1,31.1,2.4017771198288433,113.24144815276972,2410.1523347394477,2412.811203188046,87.30992570148595,1.004594132931031
4,33,1,33.1,2.4017771198288433,2006.8219258743945,-1357.123589063703,2422.626400864021,-34.0687245559724,1.008680772609185
4,29,1,29.1,2.4017771198288433,1985.4109919136142,-1340.9831431327198,2395.849034680088,-34.03581625026299,0.9975317921468176
4,29,2,29.2,2.4017771198288433,-2209.2023713408735,-1141.8199406484482,2486.8308938085365,-152.6679473737972,1.0354128504587279
4,29,3,29.3,2.4017771198288433,113.52502022530936,2442.5462743378475,2445.183067277143,87.33891351749298,1.018072429406519
4,250,1,250.1,2.4017771198288433,1986.3578229288812,-1341.2239246303457,2396.7684528780815,-34.02791744053266,0.9979145996065119
4,250,2,250.2,2.4017771198288433,-2209.2762784158763,-1142.738190524226,2487.31828410714,-152.64993842054065,1.0356157794876455
4,250,3,250.3,2.4017771198288433,113.73909693172125,2442.514632621554,2445.1614083207774,87.33386819166698,1.0180634115188114
4,32,1,32.1,2.4017771198288433,113.40942770241463,2409.544196494786,2412.2116269418593,87.30526224277533,1.0043444943441544
4,35,1,35.1,2.4017771198288433,1974.0642498147424,-1345.1716043480103,2388.810647067038,-34.27139399735371,0.994601300572499
4,35,2,35.2,2.4017771198288433,-2207.648022960138,-1124.9525709357542,2477.7465730245235,-152.99794539828721,1.0316305174899385
4,35,3,35.3,2.4017771198288433,124.1566881182127,2441.3801946917324,2444.535157905798,87.08872415925352,1.0178026669185698
4,42,1,42.1,2.4017771198288433,1968.0786063744326,-1345.8830543220163,2384.268146996031,-34.36652040051045,0.9927099926599101
4,42,2,42.2,2.4017771198288433,-2206.7837497527876,-1120.267827209132,2474.852424459455,-153.08549539785207,1.0304255145189405
4,42,3,42.3,2.4017771198288433,128.17713378343393,2437.7044346553234,2441.0719547697004,86.99009784299895,1.0163607333155282
4,44,1,44.1,2.4017771198288433,1965.7215872288698,-1346.1516465145367,2382.4746827430054,-34.403849248673154,0.9919632688118815
4,44,2,44.2,2.4017771198288433,-2206.4346655894665,-1118.4258265005287,2473.7077965876024,-153.11987841212712,1.0299489391271597
4,44,3,44.3,2.4017771198288433,129.75235865781886,2436.2501462751916,2439.702942942677,86.95136177885725,1.0157907337865457
4,151,1,151.1,2.4017771198288433,1968.1373382042284,-1347.9536669581714,2385.486044876307,-34.406775889865514,0.9932170746327631
4,151,2,151.2,2.4017771198288433,-2210.182411673962,-1120.0142671086053,2477.7688050743877,-153.12629840622716,1.0316397739899195
4,151,3,151.3,2.4017771198288433,128.19178656094195,2441.7566251189724,2445.1193325590634,86.99474084895488,1.0180458929233653
4,52,1,52.1,2.4017771198288433,1759.5409343554877,-1238.7558018329983,2151.8597157453123,-35.146394260958175,0.8959447976999045
4,52,2,52.2,2.4017771198288433,-2384.8778604152094,-1167.4306149874906,2655.2846645715213,-153.91761415928343,1.1055499874029708
4,52,3,52.3,2.4017771198288433,128.08429278822993,2223.40826033706,2227.0944924259798,86.70299529467398,0.927269426475629
4,53,1,53.1,2.4017771198288433,1760.041154521613,-1238.7155981507544,2152.24561765421,-35.1378532013597,0.8961054711885941
4,53,2,53.2,2.4017771198288433,-2384.6563111403193,-1167.3902871368796,2655.0679472968072,-153.9162937776201,1.105459755352326
4,53,3,53.3,2.4017771198288433,128.26092394590106,2223.4263250881277,2227.122692557901,86.6984854657074,0.9272811678365106
4,54,1,54.1,2.4017771198288433,1760.6664967868376,-1238.6653059302869,2152.728095469329,-35.12717933754243,0.8963063548639093
4,54,2,54.2,2.4017771198288433,-2384.379369615609,-1167.339850455999,2654.7970364438715,-153.91464347139149,1.1053469593519398
4,54,3,54.3,2.4017771198288433,128.48174058076148,2223.4489385762636,2227.157996218179,86.69284767734567,0.9272958668108604
4,55,1,55.1,2.4017771198288433,1760.4043181959667,-1238.538609780826,2152.4407660701904,-35.1284366572468,0.8961867228644341
4,55,2,55.2,2.4017771198288433,-2384.3679678716,-1167.0485895242925,2654.6587382416565,-153.92018125665652,1.1052893777382784
4,55,3,55.3,2.4017771198288433,128.42243416549044,2223.56575910803,2227.271201868928,86.69454413762739,0.9273430009307646
4,57,1,57.1,2.4017771198288433,1762.73543283523,-1238.6577217304741,2154.4161988286605,-35.0953548103699,0.8970092108222721
4,57,2,57.2,2.4017771198288433,-2383.80792374458,-1167.6766025130723,2654.4319289377,-153.9026914368894,1.1051949437868163
4,57,3,57.3,2.4017771198288433,129.24254277026654,2223.358860117209,2227.1120887201478,86.67317381434607,0.9272767528399377
4,56,1,56.1,2.4017771198288433,1760.4557042273102,-1238.3865896127816,2152.395324256037,-35.12433991071289,0.8961678027848904
4,56,2,56.2,2.4017771198288433,-2384.2176855759067,-1166.7319965675117,2654.384584800655,-153.92489313487195,1.1051752316592196
4,56,3,56.3,2.4017771198288433,128.47384730136002,2223.693941076692,2227.402135453229,86.69341394652028,0.9273975162241364
4,58,1,58.1,2.4017771198288433,-2383.040760482098,-1166.9324782452513,2653.415661916297,-153.90983418545937,1.1047718125091415
4,60,1,60.1,2.4017771198288433,1766.8944584941976,-1239.2874506745043,2158.1819693568045,-35.045551931014835,0.8985771208906354
4,60,2,60.2,2.4017771198288433,-2383.3984443510585,-1170.2067549625751,2655.1783356104515,-153.84977293960458,1.1055057164503532
4,60,3,60.3,2.4017771198288433,130.58981381102137,2222.3218853228277,2226.1554890564144,86.63700798586339,0.9268784645658777
4,59,1,59.1,2.4017771198288433,-2382.6697028636845,-1166.5713902077018,2652.9236177085177,-153.91331368558957,1.1045669457861984
4,61,1,61.1,2.4017771198288433,1766.894484411064,-1239.287501280858,2158.1820196343942,-35.04555263584297,0.8985771418241305
4,61,2,61.2,2.4017771198288433,-2383.398510435212,-1170.206752006001,2655.1783936272946,-153.84977362535906,1.1055057406061513
4,61,3,61.3,2.4017771198288433,130.58983792149021,2222.321937001819,2226.155542060769,86.63700744441296,0.9268784866346843
4,62,1,62.1,2.4017771198288433,1766.246194076785,-1238.6780193907089,2157.3012895310703,-35.042187235335014,0.8982104424763631
4,62,2,62.2,2.4017771198288433,-2381.417334840307,-1169.840553787991,2653.238670750316,-153.83801660209386,1.1046981207562643
4,62,3,62.3,2.4017771198288433,130.51967046081396,2219.323538506009,2223.1581934140518,86.63427960127413,0.9256305154461958
4,63,1,63.1,2.4017771198288433,1765.8155011317474,-1238.0627805531615,2156.5954262745227,-35.03537476826105,0.8979165504033976
4,63,2,63.2,2.4017771198288433,-2380.021159152407,-1169.3765263464466,2651.7809446451733,-153.833714741306,1.1040911842952963
4,63,3,63.3,2.4017771198288433,130.51543384249928,2217.822046191798,2221.6590438331145,86.63211528369486,0.9250063319744821
4,64,1,64.1,2.4017771198288433,1765.986391551927,-1237.5812425786005,2156.4589648609103,-35.02229234134793,0.8978597335520396
4,64,2,64.2,2.4017771198288433,-2376.8618994146527,-1168.6979272409458,2648.646321052759,-153.81675282858498,1.1027860575345594
4,64,3,64.3,2.4017771198288433,130.82217699716463,2214.5664333921573,2218.4271297253686,86.61926701387941,0.9236606974936372
4,65,1,65.1,2.4017771198288433,1765.2595972952856,-1237.5037559043865,2155.8193318830263,-35.031691326889266,0.8975934170097579
4,65,2,65.2,2.4017771198288433,-2375.7821905173305,-1169.1888641121525,2647.8941853373203,-153.7969110978135,1.1024728995361635
4,65,3,65.3,2.4017771198288433,130.2592851351646,2210.1045480900425,2213.939835418347,86.6269996134217,0.9217923749628016
4,66,1,66.1,2.4017771198288433,1765.1914382940865,-1238.2163020045934,2156.172633250101,-35.04823516116175,0.8977405169900842
4,66,2,66.2,2.4017771198288433,-2375.796456766747,-1169.9727355974242,2648.253199002457,-153.78183091278675,1.1026223778795838
4,66,3,66.3,2.4017771198288433,130.1491215260593,2207.8491295510103,2211.6818425562838,86.62641084941842,0.9208522407415947
4,67,1,67.1,2.4017771198288433,1946.0388672405816,-1363.431836092439,2376.1341806559253,-35.01581663205217,0.9893233477156509
4,67,2,67.2,2.4017771198288433,-2220.646028649959,-1092.7266222716423,2474.9384347049986,-153.7993080587799,1.030461325604338
4,67,3,67.3,2.4017771198288433,143.02586062022664,2446.0407692155245,2450.2187333931292,86.65358892730542,1.020169071128356
4,68,1,68.1,2.4017771198288433,1943.5811951409903,-1362.6837690595214,2373.6922539714246,-35.035067911379315,0.9883066311084602
4,97,1,97.1,2.4017771198288433,1947.7857086487884,-1361.0169816601401,2376.181051852687,-34.94395898872449,0.9893428629306035
4,97,2,97.2,2.4017771198288433,-2217.4830836810397,-1095.6856725174136,2473.41026103061,-153.70545605198745,1.0298250577084653
4,97,3,97.3,2.4017771198288433,141.68513511815317,2443.5892929292518,2447.6934673344886,86.68156953316135,1.0191176554754244
4,69,1,69.1,2.4017771198288433,1940.7643110650824,-1361.8260359754686,2370.8935579997224,-35.05717520966616,0.9871413706233817
4,70,1,70.1,2.4017771198288433,1938.766046012964,-1361.2172380382583,2368.908219054771,-35.072882970137094,0.9863147581419152
4,71,1,71.1,2.4017771198288433,1937.6386524262357,-1360.8736701441005,2367.7881437045066,-35.08175486303177,0.9858484053979335
4,72,1,72.1,2.4017771198288433,1946.0388118406627,-1363.4319214308168,2376.1341842511224,-35.015819083869374,0.9893233492125413
4,72,2,72.2,2.4017771198288433,-2220.646066008063,-1092.7265312862858,2474.938428053119,-153.79931033055303,1.030461322834772
4,72,3,72.3,2.4017771198288433,143.02596908422393,2446.0407642899804,2450.2187348073217,86.65358638859078,1.0201690717171668
4,73,1,73.1,2.4017771198288433,143.43912990763334,2444.621665929809,2448.826223626759,86.64199789889142,1.0195892880357145
4,76,1,76.1,2.4017771198288433,1947.0913016395943,-1365.2965703486714,2378.0662862768177,-35.03806248500422,0.9901277960572314
4,76,2,76.2,2.4017771198288433,-2223.316625137812,-1091.3693815893143,2476.7365509243878,-153.85475697058493,1.031209986337486
4,76,3,76.3,2.4017771198288433,144.0442469955996,2448.9125709840687,2453.1452312116235,86.63375928915912,1.0213875429816905
4,74,1,74.1,2.4017771198288433,143.59512814401384,2444.217493280274,2448.4318890432714,86.63779964856228,1.0194251035324013
4,75,1,75.1,2.4017771198288433,143.34434366620206,2445.382460167542,2449.5801634884606,86.64525348262443,1.0199031972055026
4,86,1,86.1,2.4017771198288433,1948.8089094750335,-1365.4955586735382,2379.586999125358,-35.018241734766875,0.9907609575758359
4,86,2,86.2,2.4017771198288433,-2225.393561514772,-1088.6613130136,2477.409929358462,-153.93214500007352,1.0314903530828075
4,86,3,86.3,2.4017771198288433,143.78962301438787,2453.66631103911,2457.8758759577127,86.64619146165792,1.0233571865039945
4,78,1,78.1,2.4017771198288433,1949.388885624203,-1369.597567726123,2382.4177897498344,-35.091029937258845,0.9919395809381395
4,78,2,78.2,2.4017771198288433,-2229.302865545274,-1090.7366064581943,2481.833517985505,-153.92876758704708,1.0333321512207454
4,78,3,78.3,2.4017771198288433,147.47306630694177,2452.803760053788,2457.2331168653845,86.55927436793566,1.0230895683778074
4,79,1,79.1,2.4017771198288433,1948.8210616869758,-1369.6436734083093,2381.979706584873,-35.09978925483618,0.9917571813468765
4,79,2,79.2,2.4017771198288433,-2229.5033884338313,-1090.7573261439727,2482.0227443709464,-153.93037231642862,1.0334109372096199
4,79,3,79.3,2.4017771198288433,147.2216619920084,2452.757767092888,2457.1721310877224,86.565061625124,1.0230641764389972
4,80,1,80.1,2.4017771198288433,1951.8682941704008,-1374.0084739684364,2386.983268547298,-35.143449190655836,0.9938404562357561
4,80,2,80.2,2.4017771198288433,-2234.5766638267596,-1090.2452999586144,2486.356306043239,-153.99234821743443,1.0352152518716737
4,80,3,80.3,2.4017771198288433,151.4397315216931,2455.561752200028,2460.2271259278145,86.47091675662706,1.0243361491024348
4,81,1,81.1,2.4017771198288433,1952.7206928269584,-1375.777414872715,2388.6987251364385,-35.166375774515615,0.9945547009402201
4,81,2,81.2,2.4017771198288433,-2236.7024319878064,-1090.462162921888,2488.3620110475185,-154.00932326417782,1.0360503439323485
4,81,3,81.3,2.4017771198288433,152.83804799107688,2456.4193855012495,2461.169572861663,86.43965480606799,1.0247285447689884
4,82,1,82.1,2.4017771198288433,1953.6514040176496,-1377.9843254437094,2390.730978087808,-35.19676600025879,0.995400846460798
4,82,2,82.2,2.4017771198288433,-2239.970506511713,-1090.483205992824,2491.309192491917,-154.0418252527544,1.0372774275863925
4,82,3,82.3,2.4017771198288433,154.29505002735192,2458.412225003052,2463.249404852744,86.40870856133098,1.0255945002208537
4,84,1,84.1,2.4017771198288433,153.88784906383577,2452.3712494666656,2457.1947857872783,86.40936149288228,1.023073608912714
4,83,1,83.1,2.4017771198288433,1955.236552124553,-1380.1392061993618,2393.26851883622,-35.217049793219516,0.9964573727835206
4,83,2,83.2,2.4017771198288433,-2243.007446149598,-1090.480764577658,2494.0390336553305,-154.0724141261193,1.0384140197959175
4,83,3,83.3,2.4017771198288433,156.04184966800517,2460.457560547151,2465.4006704999188,86.37117018950987,1.0264901976731335
4,85,1,85.1,2.4017771198288433,154.38023541526894,2450.4715265543537,2455.329704854421,86.39511777068249,1.022297066860806
4,87,1,87.1,2.4017771198288433,1948.8456902049143,-1365.7306490447477,2379.7520311936823,-35.02236904175275,0.9908296700583398
4,87,2,87.2,2.4017771198288433,-2226.376341887099,-1086.7896741959548,2477.4711727189742,-153.98101438407951,1.0315158522683925
4,87,3,87.3,2.4017771198288433,144.21199959140202,2455.6485210159476,2459.8794197264956,86.63907127907088,1.024191378716187
4,88,1,88.1,2.4017771198288433,1948.3641203878838,-1366.7863988290433,2379.963824439127,-35.04983662849995,0.990917851948198
4,89,1,89.1,2.4017771198288433,1948.829213820847,-1364.974439122252,2379.3046303696983,-35.007683892344964,0.99064339098178
4,89,2,89.2,2.4017771198288433,-2227.25355947365,-1085.8743863896898,2477.8582689906275,-154.00893161284836,1.0316770230400087
4,89,3,89.3,2.4017771198288433,144.34580317326873,2457.1154819065205,2461.3517022803644,86.63796389135098,1.0248043758763787
4,90,1,90.1,2.4017771198288433,-2228.327329062726,-1084.5324066686817,2478.235910191438,-154.0476988606761,1.0318342571137673
4,91,1,91.1,2.4017771198288433,1949.113420851578,-1364.5171300076872,2379.27512604746,-34.994737453862705,0.9906311066103475
4,91,2,91.2,2.4017771198288433,-2227.150984638781,-1085.602030971916,2477.6467217962777,-154.01355335813273,1.0315889435955827
4,91,3,91.3,2.4017771198288433,144.78394233145985,2458.146916880464,2462.4070855417,86.62919418495679,1.025243793527843
4,92,1,92.1,2.4017771198288433,146.80431913463917,2458.4869167876323,2462.8661003255015,86.58273880074987,1.025434908173749
4,94,1,94.1,2.4017771198288433,1947.9334847998605,-1363.975359481125,2377.9978222185555,-35.0003483436815,0.9900992904737212
4,95,1,95.1,2.4017771198288433,1949.1617020124156,-1364.0683153145221,2379.057315290436,-34.985215832249516,0.9905404192791933
4,95,2,95.2,2.4017771198288433,-2227.038743747597,-1084.8489079384385,2477.215920990356,-154.02807383791793,1.031409576075439
4,95,3,95.3,2.4017771198288433,144.52545343064614,2458.98287153527,2463.226414520837,86.63633965705482,1.0255849280037994
4,96,1,96.1,2.4017771198288433,-2226.744649803209,-1084.5638719322603,2476.8267052274596,-154.03102226921635,1.0312475228359093
4,98,1,98.1,2.4017771198288433,1947.3364422037641,-1361.0588028085272,2375.836754458815,-34.95099146517521,0.9891995118298583
4,98,2,98.2,2.4017771198288433,-2217.2401307308205,-1095.3127264095244,2473.027247314087,-153.71070904510805,1.029665586742837
4,98,3,98.3,2.4017771198288433,141.91079005182004,2443.2799869589653,2447.397754147726,86.6758764523831,1.0189945328158234
4,99,1,99.1,2.4017771198288433,1947.8743564291954,-1361.032765475214,2376.2627584363563,-34.94304667278035,0.9893768821503699
4,99,2,99.2,2.4017771198288433,-2216.24269329231,-1094.5126468050644,2471.7786328042766,-153.71709647636746,1.029145715644265
4,99,3,99.3,2.4017771198288433,142.9185750535823,2442.732933329624,2446.9102767916306,86.65157554835409,1.0187915675397905
4,100,1,100.1,2.4017771198288433,1948.0636406683534,-1361.2671555910376,2376.55217005328,-34.94506505728087,0.989497381098642
4,100,2,100.2,2.4017771198288433,-2216.008140895357,-1094.7722945778894,2471.683324677705,-153.70929227156975,1.0291060333083044
4,100,3,100.3,2.4017771198288433,143.36122900223447,2442.109922225069,2446.314230472276,86.64037346192451,1.018543398667486
4,450,1,450.1,2.4017771198288433,1948.0637021234656,-1361.267268163606,2376.5522849086638,-34.94506643328943,0.9894974289196422
4,450,2,450.2,2.4017771198288433,-2216.008283995243,-1094.7723030292102,2471.683456718401,-153.70929356519062,1.029106088284553
4,450,3,450.3,2.4017771198288433,143.36129983926526,2442.110028924215,2446.3143411393053,86.64037195213339,1.0185434447446298
4,197,1,197.1,2.4017771198288433,1947.7858066761476,-1361.0169857448934,2376.1811345466,-34.94395771559908,0.9893428973609061
4,197,2,197.2,2.4017771198288433,-2217.4831156701,-1095.6857637569656,2473.4103301275463,-153.70545448540202,1.0298250864775529
4,197,3,197.3,2.4017771198288433,141.68505805257854,2443.589345107672,2447.6935149644664,86.68157140479359,1.0191176753065643
4,105,1,105.1,2.4017771198288433,1941.6272869921308,-1362.7240425100954,2372.1157934695093,-35.06295768751276,0.987650258587921
4,105,2,105.2,2.4017771198288433,-2215.13743983606,-1089.8393342334707,2468.721055892283,-153.8029864983986,1.0278726679135866
4,105,3,105.3,2.4017771198288433,145.5225620273145,2439.9938060484765,2444.3294764851003,86.58689141682436,1.0177170297380838
4,108,1,108.1,2.4017771198288433,1937.8684137856296,-1363.747301224228,2369.62880864164,-35.13542143577453,0.986614781645728
4,108,2,108.2,2.4017771198288433,-2213.691133155044,-1086.282110636968,2465.8542651379803,-153.86231520103073,1.0266790555960095
4,108,3,108.3,2.4017771198288433,147.85166003069838,2437.7912695506157,2442.270744055834,86.52927132865459,1.0168598592653244
4,300,1,300.1,2.4017771198288433,1968.13718548249,-1347.9535939461318,2385.485877617227,-34.40677651577076,0.9932170049930455
4,300,2,300.2,2.4017771198288433,-2210.1822963358873,-1120.0141616132296,2477.7686545056545,-153.1262993766623,1.0316397112993676
4,300,3,300.3,2.4017771198288433,128.19183456355353,2441.756492664283,2445.1192028031987,86.99473956294692,1.0180458388984255
4,135,1,135.1,2.4017771198288433,1986.6813453848054,-1339.6314639571806,2396.145911108929,-33.99203042238563,0.9976553991319912
4,135,2,135.2,2.4017771198288433,-2206.384200437527,-1137.1773920386574,2482.197345277806,-152.73327838738268,1.0334836337581124
4,135,3,135.3,2.4017771198288433,115.59636013304491,2442.435731448936,2445.1696916031224,87.29030947632107,1.0180668603327236
4,152,1,152.1,2.4017771198288433,1759.540950107025,-1238.7558283999078,2151.859743918798,-35.146394597930545,0.895944809430171
4,152,2,152.2,2.4017771198288433,-2384.8778964125763,-1167.4306127292969,2655.2846959101726,-153.9176145445576,1.1055500004510805
4,152,3,152.3,2.4017771198288433,128.08430664246933,2223.4082865616306,2227.094519403927,86.70299497764174,0.9272694377081231
4,160r,1,160r.1,2.4017771198288433,1943.6003968067737,-1363.2091403877273,2374.0096172728736,-35.045183960023074,0.988438767974462
4,160r,2,160r.2,2.4017771198288433,-2219.539755328239,-1089.7695275236645,2472.641168589104,-153.84947114042998,1.0295048396352908
4,160r,3,160r.3,2.4017771198288433,143.6358629116152,2444.563010511565,2448.7792006376835,86.63732231626386,1.0195697096207619
4,160,1,160.1,2.4017771198288433,1766.894480959501,-1239.2875025470494,2158.182017535696,-35.04555271598148,0.89857714095032
4,160,2,160.2,2.4017771198288433,-2383.3984982748334,-1170.2067553745528,2655.1783841962424,-153.84977344446008,1.1055057366794538
4,160,3,160.3,2.4017771198288433,130.5898417906257,2222.3219262014386,2226.1555315059577,86.63700732869592,0.9268784822401003
4,61s,1,61s.1,2.4017771198288433,1766.894484411071,-1239.287501280847,2158.182019634394,-35.04555263584261,0.8985771418241303
4,61s,2,61s.2,2.4017771198288433,-2383.398510435205,-1170.2067520060143,2655.178393627294,-153.84977362535878,1.1055057406061513
4,61s,3,61s.3,2.4017771198288433,130.5898379214772,2222.32193700182,2226.1555420607697,86.63700744441329,0.9268784866346845
4,610,1,610.1,0.24017771198288432,222.5614465095043,-135.79577469963544,260.71841112333647,-31.38943705989791,1.0855229195534843
4,610,2,610.2,0.24017771198288432,-256.3185101261951,-127.82492111360543,286.4234436826215,-153.49476788805765,1.1925479734065947
4,610,3,610.3,0.24017771198288432,33.7570642432068,263.62069452771675,265.77323034797115,82.70289222966579,1.10656908234229
4,x1,1,x1.1,0.24017771198288432,202.1033433176799,-130.81984119177076,240.74798489213595,-32.91465189712839,1.002374378973567
4,x2,1,x2.1,0.24017771198288432,-216.1999933540202,-114.77613227488384,244.7774451747138,-152.03708629765367,1.0191513740132443
4,x4,1,x4.1,0.24017771198288432,9.933220078878858,242.7817880349431,242.98490789055086,87.65709635482287,1.0116879950453794
4,x5,1,x5.1,0.24017771198288432,9.983303595065129,242.62644793918486,242.83175161056928,87.64379076036697,1.0110503160587778
4,x6,1,x6.1,0.24017771198288432,10.027315232578623,242.4906624724208,242.69789541132616,87.63209145030969,1.0104929945732077
4,x7,1,x7.1,0.24017771198288432,200.60299197076145,-131.34180810577993,239.7753760170483,-33.21417414784721,0.9983248405419705
4,x9,1,x9.1,0.24017771198288432,199.39900273577942,-131.62483646819544,238.92479960712024,-33.42911323117724,0.9947833944897712
4,x10,1,x10.1,0.24017771198288432,199.1070546553734,-131.5436657171761,238.6364498643282,-33.451464561728656,0.9935828262088451
4,x11,1,x11.1,0.24017771198288432,199.07641294044805,-131.53255016303902,238.60475674560257,-33.45329346323382,0.993450869257203
4,x12,1,x12.1,0.24017771198288432,-217.00595806833257,-113.75238724919234,245.01263527019404,-152.33691409650837,1.0201306076546115
4,x16,1,x16.1,0.24017771198288432,11.625297621660108,241.82734699557432,242.10661556370178,87.24775503291801,1.008031151454032
4,x17,1,x17.1,0.24017771198288432,11.602754853914078,241.90818174437842,242.18627606673186,87.25400025498674,1.0083628246237548
4,x19,1,x19.1,0.24017771198288432,195.09518956163288,-133.423724581286,236.3557134304824,-34.36784908298608,0.9840867892326567
4,x20,1,x20.1,0.24017771198288432,195.0155189309461,-133.39328121564995,236.27276630492915,-34.372661586779245,0.9837414319350605
4,x22,1,x22.1,0.24017771198288432,-218.6963481182679,-111.07980603524182,245.289249640284,-153.073166290871,1.02128231472937
4,x24,1,x24.1,0.24017771198288432,12.754778317006068,241.35703409614564,241.69381927886357,86.97495535191318,1.0063124395826009
4,x28,1,x28.1,0.24017771198288432,195.21475799271354,-133.59552199372314,236.5514008306209,-34.38584790721807,0.9849015500966974
4,x29,1,x29.1,0.24017771198288432,195.26777121377768,-133.62871992367846,236.61389913366696,-34.38523206861892,0.9851617670107903
4,x30,1,x30.1,0.24017771198288432,12.687343841251357,241.18783126766272,241.52130060378667,86.98881217817667,1.0055941436439286
4,x31,1,x31.1,0.24017771198288432,12.654038122867117,237.90960590283555,238.24589243396724,86.95539642112769,0.9919567076688001
4,x32,1,x32.1,0.24017771198288432,12.670916245531554,237.84790501622902,238.1851759432362,86.95055377488453,0.9917039094793687
4,x33,1,x33.1,0.24017771198288432,197.36242082824046,-135.23415449917798,239.24924597225174,-34.41922338086244,0.9961342540780855
4,x34,1,x34.1,0.24017771198288432,11.591276617977629,241.9815315286286,242.25899218517185,87.2575429127627,1.0086655842671857
4,x52,1,x52.1,0.24017771198288432,172.73853620176848,-123.35028078522362,212.25902491748894,-35.53012435365561,0.8837582103897096
4,x53,1,x53.1,0.24017771198288432,172.78783714830254,-123.34663477391315,212.2970300697526,-35.52159127479137,0.8839164480211279
4,x55,1,x55.1,0.24017771198288432,173.10823980831753,-123.37597553357523,212.57491392070543,-35.47785247560273,0.8850734406856788
4,x56,1,x56.1,0.24017771198288432,-237.37567186664572,-115.34715971037575,263.91698855396254,-154.08364889085541,1.0988404643173966
4,x58,1,x58.1,0.24017771198288432,-237.2083307840413,-115.30216365087377,263.7468125606905,-154.07655240602128,1.0981319223304358
4,x59,1,x59.1,0.24017771198288432,-236.2161651757541,-114.03639853306922,262.3020718193666,-154.23047400239878,1.0921166233695276
4,x60,1,x60.1,0.24017771198288432,173.46243529041655,-123.40740285252338,212.88166556959985,-35.42941240975303,0.8863506268423872
4,x62,1,x62.1,0.24017771198288432,14.226527647718004,219.09756720921402,219.55896257248835,86.28486378291821,0.9141521116169792
4,x63,1,x63.1,0.24017771198288432,173.35709048566616,-123.28593596523615,212.72541650794753,-35.41920259841233,0.8857000708005199
4,x64,1,x64.1,0.24017771198288432,-235.76810456522298,-114.27121658697358,262.00097341526225,-154.141630683051,1.0908629749705214
4,x65,1,x65.1,0.24017771198288432,107.33136815689802,-226.97677235746414,251.07464583315394,-64.6917599598675,1.0453702958542888
4,x65,2,x65.2,0.24017771198288432,-273.7277336595148,5.165879346100851,273.77647540245806,178.91882365013774,1.1398912627744913
4,x65,3,x65.3,0.24017771198288432,166.39636550261676,221.8108930113633,277.2865353943081,53.12378843795148,1.154505691244441
4,x66,1,x66.1,0.24017771198288432,14.282128724129144,217.9406808037375,218.4081490011057,86.25064348338447,0.9093606030216077
4,x68,1,x68.1,0.24017771198288432,190.96739919816258,-135.7213724544466,234.28367100041137,-35.401575994500014,0.9754596672030377
4,x69,1,x69.1,0.24017771198288432,190.68188206397497,-135.63363207991736,234.00013311673573,-35.42456355850693,0.9742791335001608
4,x70,1,x70.1,0.24017771198288432,190.47933437742736,-135.57135241835525,233.79899148929118,-35.44089768564529,0.973441663504365
4,x71,1,x71.1,0.24017771198288432,190.36505790954445,-135.53620417516976,233.6855107085536,-35.45012366531396,0.9729691767785956
4,x73,1,x73.1,0.24017771198288432,15.618324115619435,241.38756225425166,241.8923050847851,86.29799304657809,1.0071388518432676
4,x74,1,x74.1,0.24017771198288432,15.65328401454275,241.29979186315504,241.80697850484358,86.28838383020636,1.0067835874882318
4,x75,1,x75.1,0.24017771198288432,15.608623126173747,241.46467127805346,241.96862728732694,86.30146426314614,1.007456625719585
4,x76,1,x76.1,0.24017771198288432,117.95637303883302,-252.17675863353927,278.4004733031082,-64.93202803558108,1.1591436649331879
4,x76,2,x76.2,0.24017771198288432,-275.00427433482724,18.498314451164223,275.6257218402504,176.1517647275462,1.1475907550484625
4,x76,3,x76.3,0.24017771198288432,157.0479012959942,233.67844418237505,281.5486788762677,56.096198963783735,1.172251482253822
4,x77,1,x77.1,0.24017771198288432,-220.78586575627122,-106.49589121216474,245.1280754275598,-154.2496986110007,1.0206112524089173
4,x79,1,x79.1,0.24017771198288432,191.63695756773674,-136.43714208329382,235.24416516818317,-35.44920507319212,0.9794587650370625
4,x80,1,x80.1,0.24017771198288432,-221.4342395227695,-106.4459080209556,245.69056507614002,-154.32588737187018,1.0229532251254378
4,x82,1,x82.1,0.24017771198288432,192.00037583733507,-137.24589584475365,236.009703715561,-35.557979957338134,0.9826461488332425
4,x83,1,x83.1,0.24017771198288432,16.855504835991656,242.98603163952586,243.56994809541015,86.03185132031581,1.014123858889819
4,x84,1,x84.1,0.24017771198288432,16.64636483926906,242.16794737493709,242.73939976475256,86.06773518384036,1.0106658014214525
4,x85,1,x85.1,0.24017771198288432,16.695802580610973,241.97531507672068,242.55061931541007,86.05296386605833,1.0098797982249696
4,x86,1,x86.1,0.24017771198288432,-220.51130040101074,-106.27599457358626,244.7852541047964,-154.2681371423173,1.0191838871470322
4,x87,1,x87.1,0.24017771198288432,-220.6074207305874,-106.09062627671642,244.79145218979423,-154.3169895906051,1.0192096933925272
4,x88,1,x88.1,0.24017771198288432,191.45486016159396,-136.13223153132688,234.9190242215268,-35.414382532371185,0.9781050135004522
4,x90,1,x90.1,0.24017771198288432,-220.75926344156483,-105.81605029008466,244.80949510641116,-154.3903049568724,1.0192848165855495
4,x92,1,x92.1,0.24017771198288432,15.9443545652224,242.79043612324833,243.31341581470318,86.24270897630268,1.013055765274516
4,x94,1,x94.1,0.24017771198288432,191.40850179886522,-135.85359129067302,234.71986031748446,-35.36550755982238,0.9772757779215218
4,x95,1,x95.1,0.24017771198288432,-220.6713254545935,-105.89795004818531,244.76562197803653,-154.36411934342394,1.0191021471446076
4,x96,1,x96.1,0.24017771198288432,-220.64146175420953,-105.8691416631261,244.7262343957455,-154.36717510193012,1.0189381536500994
4,x98,1,x98.1,0.24017771198288432,191.34521388348637,-135.5643496758627,234.50092490042917,-35.316827280003906,0.9763642219938389
4,x99,1,x99.1,0.24017771198288432,-219.6013216007059,-106.84756918042805,244.2153629249049,-154.05464673619454,1.0168110975355962
4,x100,1,x100.1,0.24017771198288432,15.628915232925305,241.0917930222264,241.5978386783086,86.29095764356856,1.0059128163212974
5,sourcebus,1,sourcebus.1,66.39528095680697,66363.27496243265,-70.54239748596508,66363.3124547689,-0.060903867879976765,0.9995185124367669
5,sourcebus,2,sourcebus.2,66.39528095680697,-33256.944459042155,-57454.80608680374,66385.8350645982,-120.06382914288605,0.9998577324762747
5,sourcebus,3,sourcebus.3,66.39528095680697,-33106.3304969119,57525.34849551097,66371.6418246584,119.92079527873652,0.9996439636701901
5,150,1,150.1,2.4017771198288433,2004.7113123463557,-1266.1033598137724,2371.051489019412,-32.27502932899368,0.9872071265248706
5,150,2,150.2,2.4017771198288433,-2107.901154147299,-1142.8997244379702,2397.8046325286605,-151.5335407299288,0.998346021673957
5,150,3,150.3,2.4017771198288433,77.50419101660096,2388.8196477354577,2390.0766115403276,88.1417157741498,0.995128395473536
5,150r,1,150r.1,2.4017771198288433,2067.35022299796,-1305.6781842533069,2445.144671663566,-32.27531358612834,1.0180564430715424
5,150r,2,150r.2,2.4017771198288433,-2173.777349633386,-1178.6086776150971,2472.736617743337,-151.53372377499016,1.0295445806892982
5,150r,3,150r.3,2.4017771198288433,79.93582968752618,2463.4697531031275,2464.766309677617,88.14149158742097,1.0262260762369417
5,40,1,40.1,2.4017771198288433,1956.745381306404,-1346.160834540796,2375.079257565001,-34.52638195242955,0.9888841216599878
5,40,2,40.2,2.4017771198288433,-2204.723124046788,-1116.3483485130498,2471.242134825004,-153.1448993196049,1.0289223402216068
5,40,3,40.3,2.4017771198288433,131.41973229808264,2430.11487626811,2433.6658476251155,86.90448037344512,1.0132771386374706
5,401,1,401.1,2.4017771198288433,1956.745381306404,-1346.160834540796,2375.079257565001,-34.52638195242955,0.9888841216599878
5,401,2,401.2,2.4017771198288433,-2204.723124046788,-1116.3483485130498,2471.242134825004,-153.1448993196049,1.0289223402216068
5,401,3,401.3,2.4017771198288433,131.41973229808264,2430.11487626811,2433.6658476251155,86.90448037344512,1.0132771386374706
5,101,1,101.1,2.4017771198288433,1927.2533758363463,-1362.0906902475795,2359.9992845616966,-35.25084593136428,0.9826054487228507
5,101,2,101.2,2.4017771198288433,-2212.578134284369,-1084.486518391756,2464.0643272623324,-153.8883967118636,1.025933799984708
5,101,3,101.3,2.4017771198288433,149.6832103441236,2430.628505421944,2435.2330473342045,86.4760557004663,1.0139296553494295
5,1011,1,1011.1,2.4017771198288433,1927.2533758363463,-1362.0906902475795,2359.9992845616966,-35.25084593136428,0.9826054487228507
5,1011,2,1011.2,2.4017771198288433,-2212.578134284369,-1084.486518391756,2464.0643272623324,-153.8883967118636,1.025933799984708
5,1011,3,1011.3,2.4017771198288433,149.6832103441236,2430.628505421944,2435.2330473342045,86.4760557004663,1.0139296553494295
5,30,1,30.1,2.4017771198288433,1972.3504370990938,-1342.3354843544635,2385.797728073803,-34.23828545660823,0.9933468465399573
5,30,2,30.2,2.4017771198288433,-2207.1942430528975,-1136.9570752110048,2482.816509015158,-152.74636170282517,1.0337414277608281
5,30,3,30.3,2.4017771198288433,119.02805677917141,2432.969933210392,2435.8797946956256,87.19915481097367,1.0141989340248243
5,301,1,301.1,2.4017771198288433,1976.4082813788036,-1340.223058981201,2387.9672406730465,-34.14160486747368,0.994250141263407
5,301,2,301.2,2.4017771198288433,-2207.272128464289,-1141.3530617067006,2484.9018211113557,-152.65707555699,1.0346096649003118
5,301,3,301.3,2.4017771198288433,115.18979017765373,2435.2822233589295,2438.004962088712,87.2919059162038,1.015083765250645
5,93,1,93.1,2.4017771198288433,1930.1192667180808,-1364.3228210231396,2363.6279622057446,-35.254936825762044,0.9841162790218364
5,93,2,93.2,2.4017771198288433,-2222.8104878469544,-1075.497522324847,2469.3281242899457,-154.18017640023902,1.0281254259204184
5,93,3,93.3,2.4017771198288433,150.953146962939,2447.1495144096675,2451.800888827126,86.47016533111712,1.020827814781518
5,931,1,931.1,2.4017771198288433,1934.252076483547,-1362.263561519248,2365.817640145584,-35.156439131859194,0.9850279697535707
5,931,2,931.2,2.4017771198288433,-2222.999296055654,-1079.9141485057312,2471.4247790306695,-154.08991283448228,1.028998385664857
5,931,3,931.3,2.4017771198288433,147.16940395261872,2449.4951928282007,2453.9122912500834,86.5617154404618,1.0217069148468512
5,77,1,77.1,2.4017771198288433,1930.55718631979,-1368.8673415483124,2366.6112584048374,-35.33866112669049,0.9853583993561768
5,77,2,77.2,2.4017771198288433,-2223.8366318971243,-1081.602948142777,2472.9161536127126,-154.06319489037224,1.029619331950726
5,77,3,77.3,2.4017771198288433,153.25022952712217,2440.4699375518626,2445.2769063941423,86.40680793764925,1.018111500108053
5,771,1,771.1,2.4017771198288433,1934.6878180045014,-1366.816719457662,2368.798196918434,-35.2404111011742,0.9862689495048734
5,771,2,771.2,2.4017771198288433,-2224.016181869321,-1086.0135543487456,2475.0097812828512,-153.97319279350302,1.0304910313489983
5,771,3,771.3,2.4017771198288433,149.4590001546808,2442.826019290546,2447.3939105199497,86.49884658593217,1.0189929324892384
5,149,1,149.1,2.4017771198288433,2067.3499736864946,-1305.6779607679923,2445.1443415342196,-32.275312277994495,1.0180563056194267
5,149,2,149.2,2.4017771198288433,-2173.777169790161,-1178.6085594181727,2472.736403306002,-151.53372419637634,1.0295444914065197
5,149,3,149.3,2.4017771198288433,79.93581848741799,2463.4694912912423,2464.766047640219,88.14149165026146,1.0262259671354785
5,1,1,1.1,2.4017771198288433,2045.5928495652104,-1313.4297394533035,2430.9561465959623,-32.703619067095715,1.0121489319413612
5,1,2,1.2,2.4017771198288433,-2179.978685815064,-1170.4770561742102,2474.332962565511,-151.76770020696307,1.0302092322129532
5,1,3,1.3,2.4017771198288433,89.6134690431944,2455.9275146417776,2457.561907868954,87.91028170173358,1.023226463263205
5,2,1,2.1,2.4017771198288433,-2179.7070219963152,-1170.1921508760806,2473.958846002098,-151.77053730288796,1.0300534656514668
5,3,1,3.1,2.4017771198288433,90.40175428010555,2453.179757473458,2454.8448830128664,87.88955691095317,1.0220952072304714
5,7,1,7.1,2.4017771198288433,2029.5947005499715,-1318.7345696589873,2420.395734939682,-33.01390429582747,1.0077520161871496
5,7,2,7.2,2.4017771198288433,-2184.9462875800923,-1164.0444966468242,2475.679678347703,-151.95324702189183,1.0307699485971147
5,7,3,7.3,2.4017771198288433,95.84395270661811,2451.838323254417,2453.710909347199,87.76141054380842,1.0216230678065819
5,4,1,4.1,2.4017771198288433,90.6520371132292,2452.3077726699557,2453.9827227856063,87.88296750787553,1.021736239605981
5,5,1,5.1,2.4017771198288433,91.01974642902884,2451.0245834285806,2452.7140279313553,87.87327630580269,1.021208007887985
5,6,1,6.1,2.4017771198288433,91.33738646745716,2449.91654469224,2451.618566197334,87.86489700519068,1.0207519032290735
5,8,1,8.1,2.4017771198288433,2019.2118879867614,-1322.2377887785797,2413.6133531825535,-33.21792798354235,1.004928114792997
5,8,2,8.2,2.4017771198288433,-2188.1333287374423,-1159.7285971169722,2476.4688335011406,-152.07604369340157,1.0310985199482707
5,8,3,8.3,2.4017771198288433,100.09732145026733,2449.1261592909646,2451.170825928872,87.6595881411504,1.020565482821965
5,12,1,12.1,2.4017771198288433,-2187.7823695725674,-1159.3644790908388,2475.988225333499,-152.0796853203529,1.0308984147163265
5,9,1,9.1,2.4017771198288433,2016.7287282983493,-1321.5667964395864,2411.168505309297,-33.23691410181898,1.0039101819244256
5,13,1,13.1,2.4017771198288433,2005.692568650444,-1327.4322205246121,2405.177536072237,-33.49787982307795,1.0014157917549136
5,13,2,13.2,2.4017771198288433,-2192.145296726701,-1153.4286462355103,2477.074614119986,-152.24825569338878,1.031350741777617
5,13,3,13.3,2.4017771198288433,107.16681947396407,2445.007526863211,2447.355007679499,87.4902822009219,1.0189767349661087
5,9r,1,9r.1,2.4017771198288433,2016.7239514408348,-1321.5694903052377,2411.165986410056,-33.23702985903375,1.0039091331596506
5,14,1,14.1,2.4017771198288433,2013.9280744908492,-1320.8134432683441,2408.413262116948,-33.25844228062078,1.002763013367609
5,34,1,34.1,2.4017771198288433,107.6280240313276,2443.3559060888233,2445.7252248312816,87.47779367419649,1.0182981612405277
5,18,1,18.1,2.4017771198288433,1973.0148291679984,-1340.5200780336543,2385.3263080191314,-34.19325698672993,0.9931505668557271
5,18,2,18.2,2.4017771198288433,-2204.210094722926,-1131.2118149044966,2477.5355319062483,-152.83287505682117,1.0315426487545205
5,18,3,18.3,2.4017771198288433,120.78782233684638,2433.366856767922,2436.362854264831,87.15827607958148,1.014400059918321
5,11,1,11.1,2.4017771198288433,2012.8354893685407,-1320.5179091265159,2407.3375865435573,-33.266821581232776,1.0023151468422309
5,10,1,10.1,2.4017771198288433,2013.3760081544574,-1320.6641603258527,2407.869758641685,-33.262676188570545,1.002536721148079
5,15,1,15.1,2.4017771198288433,107.81173328205698,2442.697821898313,2445.075871816669,87.47281433754992,1.0180277976796246
5,16,1,16.1,2.4017771198288433,108.27092931263336,2441.052334164805,2443.452289746142,87.46035593560453,1.0173518056997182
5,17,1,17.1,2.4017771198288433,108.02605330970488,2441.9302421024295,2444.3185012367153,87.46700213354121,1.0177124601015866
5,19,1,19.1,2.4017771198288433,1970.7936034120023,-1339.8795135506086,2383.1291484269755,-34.210530308785536,0.9922357610754503
5,20,1,20.1,2.4017771198288433,1969.3650627834095,-1339.467405814766,2381.71612115131,-34.22165337435343,0.9916474353461394
5,21,1,21.1,2.4017771198288433,1973.0148255819972,-1340.5200726366945,2385.326302019966,-34.193256927909616,0.9931505643579245
5,21,2,21.2,2.4017771198288433,-2204.210132313566,-1131.2118139315053,2477.535564905577,-152.8328754737635,1.0315426624940671
5,21,3,21.3,2.4017771198288433,120.7878294667026,2433.366867190893,2436.3628650284627,87.1582759242675,1.014400064399849
5,22,1,22.1,2.4017771198288433,-2205.199703498693,-1132.109011565786,2478.825638559353,-152.82486894989998,1.0320797954541263
5,23,1,23.1,2.4017771198288433,1972.2330355334564,-1340.939943323043,2384.9157381443724,-34.212155587843974,0.9929796226530493
5,23,2,23.2,2.4017771198288433,-2205.1789740323115,-1132.5634039126833,2479.0147582046548,-152.81530734888622,1.0321585370008504
5,23,3,23.3,2.4017771198288433,120.02338967422348,2433.3595613407642,2436.3177889670733,87.17622291054609,1.014381296604529
5,24,1,24.1,2.4017771198288433,119.72982359708647,2434.7140850195615,2437.6562322138925,87.1846830857116,1.01493856864937
5,25,1,25.1,2.4017771198288433,1971.4955714074229,-1341.550082591027,2384.6491172034243,-34.234241310616724,0.9928686127934138
5,25,2,25.2,2.4017771198288433,-2206.157449712611,-1134.1742971033086,2480.6212990160825,-152.79253509842673,1.032827433709943
5,25,3,25.3,2.4017771198288433,119.42122479807628,2432.995314367232,2435.924388946664,87.18994726014924,1.0142175012143733
5,25r,1,25r.1,2.4017771198288433,1996.1359464261814,-1358.3212543528987,2414.4554969271185,-34.23432085830583,1.0052787483874353
5,25r,2,25r.2,2.4017771198288433,117.93160314258189,2402.5810478433027,2405.473665304944,87.18987034053484,1.001539087638725
5,26,1,26.1,2.4017771198288433,1995.3691086000272,-1358.6946471138149,2414.031694831491,-34.2518869053367,1.0051022948388821
5,26,2,26.2,2.4017771198288433,118.174761719222,2401.7406419621148,2404.6462079815374,87.18310181484983,1.0011945688586201
5,28,1,28.1,2.4017771198288433,1971.3470529422768,-1341.7632266875457,2384.6462546120283,-34.240482764576974,0.9928674209295342
5,28,2,28.2,2.4017771198288433,-2206.7737198217765,-1135.157563066557,2481.6190165863986,-152.7788506390521,1.0332428417684507
5,28,3,28.3,2.4017771198288433,118.89552972431225,2433.232860126669,2436.135935983178,87.2025701764158,1.0143055805930832
5,27,1,27.1,2.4017771198288433,1994.5942046119785,-1358.768736030943,2413.4329323780303,-34.26369490359806,1.004852995081416
5,27,2,27.2,2.4017771198288433,117.90121977333585,2401.7084296833946,2404.600606927545,87.18957405776455,1.0011755824782371
5,31,1,31.1,2.4017771198288433,118.44987531789721,2400.735290175946,2403.6556131149505,87.17537415433168,1.0007821263974073
5,33,1,33.1,2.4017771198288433,1992.396899400502,-1358.1324741972815,2411.258845957846,-34.28059537737209,1.0039477960093477
5,29,1,29.1,2.4017771198288433,1971.3723204900953,-1342.0617944559715,2384.835148628283,-34.24607108052634,0.9929460685337166
5,29,2,29.2,2.4017771198288433,-2207.1391898218562,-1136.0123036972439,2482.3350614691403,-152.76516566296084,1.0335409730466738
5,29,3,29.3,2.4017771198288433,118.75943628775823,2433.0723997163127,2435.969028121803,87.20558318227674,1.0142360871084477
5,250,1,250.1,2.4017771198288433,1972.3504403552226,-1342.3354914716253,2385.7977347700307,-34.23828555391309,0.9933468493279879
5,250,2,250.2,2.4017771198288433,-2207.1942515220317,-1136.9570754014685,2482.816516631336,-152.74636178841644,1.0337414309318875
5,250,3,250.3,2.4017771198288433,119.02806050693154,2432.9699411063407,2435.8798027642974,87.19915473247092,1.0141989373842832
5,32,1,32.1,2.4017771198288433,118.63327027484038,2400.064945748811,2402.9951303796574,87.17021904778237,1.0005071288841743
5,35,1,35.1,2.4017771198288433,1959.6142458710926,-1345.8395964386107,2377.261494233012,-34.480813358050874,0.9897927141559336
5,35,2,35.2,2.4017771198288433,-2205.1429991653404,-1118.5792747960259,2472.62517191165,-153.10317452109385,1.0294981792847853
5,35,3,35.3,2.4017771198288433,129.51333056394864,2431.883666422527,2435.329930380366,86.95151386573859,1.013969993416339
5,42,1,42.1,2.4017771198288433,1953.8765024056015,-1346.4820501662664,2372.89850142662,-34.57203408180027,0.9879761455949413
5,42,2,42.2,2.4017771198288433,-2204.303223429414,-1114.117423826091,2469.860387733321,-153.18667052500032,1.0283470382586248
5,42,3,42.3,2.4017771198288433,133.32612166844834,2428.3460635901547,2432.0033838942227,86.85738280991536,1.01258495795294
5,44,1,44.1,2.4017771198288433,1951.5888950261883,-1346.7358103077945,2371.1593278299392,-34.6084494678425,0.9872520261159429
5,44,2,44.2,2.4017771198288433,-2203.9666134221375,-1112.3390686181551,2468.7581972833527,-153.21998164917636,1.027888132042528
5,44,3,44.3,2.4017771198288433,134.84462547383242,2426.9342397483647,2430.677452292293,86.81981812842415,1.0120328952361362
5,151,1,151.1,2.4017771198288433,1953.0434910960466,-1348.4731815057787,2373.343379992232,-34.623025744048064,0.9881613745081235
5,151,2,151.2,2.4017771198288433,-2207.524057491363,-1113.241714522115,2472.3409108282917,-153.23845266463638,1.0293798248042587
5,151,3,151.3,2.4017771198288433,133.74613401911034,2431.8691130647126,2435.5441715237293,86.8520605085263,1.0140591945089776
5,52,1,52.1,2.4017771198288433,1742.1700460823859,-1238.8679380011622,2137.7441936008045,-35.4168687594148,0.8900676819475845
5,52,2,52.2,2.4017771198288433,-2380.530971887401,-1157.352315877909,2646.9590271069806,-154.07218302031816,1.1020835385823018
5,52,3,52.3,2.4017771198288433,133.71700148030354,2212.890556694659,2216.92689378637,86.54202719311546,0.923036061707655
5,53,1,53.1,2.4017771198288433,1742.7137334146782,-1238.8269116556557,2138.163528281786,-35.40752975203891,0.89024227545067
5,53,2,53.2,2.4017771198288433,-2380.2900563286566,-1157.309674558729,2646.723717180226,-154.07073287084884,1.1019855653254111
5,53,3,53.3,2.4017771198288433,133.90900272590758,2212.909250468701,2216.957142531401,86.53710322397225,0.923048656025746
5,54,1,54.1,2.4017771198288433,1743.3934209420715,-1238.7755816904883,2138.687813117358,-35.395858900102304,0.8904605658287587
5,54,2,54.2,2.4017771198288433,-2379.988902212135,-1157.2563413069042,2646.429559642192,-154.06892034515693,1.1018630903731748
5,54,3,54.3,2.4017771198288433,134.1490359373355,2212.932653553557,2216.9950142042503,86.53094769106922,0.9230644242136169
5,55,1,55.1,2.4017771198288433,1743.1086451955389,-1238.6357469659083,2138.374677790873,-35.39722431096145,0.8903301893155094
5,55,2,55.2,2.4017771198288433,-2379.9754700451067,-1156.9380702091005,2646.2783179997496,-154.07499041844298,1.1018001196498741
5,55,3,55.3,2.4017771198288433,134.0849141869811,2213.060610377702,2217.118857756132,86.5328018052286,0.9231159875126671
5,57,1,57.1,2.4017771198288433,1745.6419365567313,-1238.7791013615592,2140.523167974523,-35.361074374746266,0.8912247311803279
5,57,2,57.2,2.4017771198288433,-2379.3691893400946,-1157.6276970793774,2646.034698227943,-154.05582083116116,1.101698686519466
5,57,3,57.3,2.4017771198288433,134.9756586180628,2212.829721159479,2216.942444734666,86.50946221362295,0.9230425364750959
5,56,1,56.1,2.4017771198288433,1743.1650123270592,-1238.4699938784993,2138.324621272132,-35.39272910267358,0.8903093478650985
5,56,2,56.2,2.4017771198288433,-2379.8108734338725,-1156.5929669696377,2645.9794187706225,-154.08015300664715,1.1016756704548762
5,56,3,56.3,2.4017771198288433,134.14126314656556,2213.2003533689167,2217.2617532963613,86.5315667561994,0.9231754832664777
5,58,1,58.1,2.4017771198288433,-2378.530292789838,-1156.8176589668242,2644.925981916393,-154.06364944649368,1.1012370632062967
5,60,1,60.1,2.4017771198288433,1750.1591875120384,-1239.4908214410036,2144.619937907249,-35.30673836422889,0.8929304556203284
5,60,2,60.2,2.4017771198288433,-2378.935020442578,-1160.3947839616976,2646.856226948046,-153.99784722991305,1.1020407368759793
5,60,3,60.3,2.4017771198288433,136.43611393762473,2211.689012361899,2215.8932963003326,86.4699738844596,0.9226057147460223
5,59,1,59.1,2.4017771198288433,-2378.1243469622214,-1156.424707131386,2644.3890623125794,-154.06745902073723,1.101013512236733
5,61,1,61.1,2.4017771198288433,1750.1592130140864,-1239.4908718575937,2144.6199878571456,-35.30673906965148,0.8929304764173858
5,61,2,61.2,2.4017771198288433,-2378.935086339948,-1160.394780860704,2646.8562848156334,-153.99784791561288,1.1020407609696337
5,61,3,61.3,2.4017771198288433,136.4361380560256,2211.689063728775,2215.8933490547574,86.46997334379778,0.9226057367107684
5,62,1,62.1,2.4017771198288433,1749.45954624751,-1238.823775591776,2143.6634649422017,-35.30299656383422,0.8925322200983264
5,62,2,62.2,2.4017771198288433,-2376.7718046444115,-1159.9989470141245,2644.7385066252828,-153.9850092133432,1.1011590063001988
5,62,3,62.3,2.4017771198288433,136.35044172577594,2208.4254143949324,2212.6306184956047,86.4669847021969,0.9212472715425328
5,63,1,63.1,2.4017771198288433,1748.995563248781,-1238.1514172894229,2142.896267298006,-35.29549452692638,0.8922127909398663
5,63,2,63.2,2.4017771198288433,-2375.246659266434,-1159.4955984036726,2643.147127019956,-153.98031418267996,1.100496422086123
5,63,3,63.3,2.4017771198288433,136.34130623051317,2206.7915776098066,2210.999325824009,86.46461189166708,0.9205680691893552
5,64,1,64.1,2.4017771198288433,1749.1855591383066,-1237.6259068626534,2142.7477699523097,-35.2810902533232,0.8921509628274781
5,64,2,64.2,2.4017771198288433,-2371.798961115734,-1158.7618205662916,2639.727120130371,-153.96179897364885,1.099072473601749
5,64,3,64.3,2.4017771198288433,136.6643401463514,2203.2477820423023,2207.48226061773,86.45057146137549,0.9191037096627187
5,65,1,65.1,2.4017771198288433,1748.3954762044862,-1237.5388107702454,2142.05253188967,-35.29139477787216,0.8918614946428992
5,65,2,65.2,2.4017771198288433,-2370.623710403407,-1159.298054473028,2638.9067348869617,-153.94013681685118,1.0987308993413247
5,65,3,65.3,2.4017771198288433,136.03474152867625,2198.392186469149,2202.597025429613,86.4590980225526,0.9170697011163865
5,66,1,66.1,2.4017771198288433,1748.3189669323706,-1238.3139689921895,2142.438026160071,-35.30949742848489,0.8920219984078899
5,66,2,66.2,2.4017771198288433,-2370.6417864131954,-1160.15106042424,2639.297816179871,-153.9236741255833,1.0988937293098846
5,66,3,66.3,2.4017771198288433,135.90741389399935,2195.9381316702224,2200.139791757483,86.45846050478828,0.9160466113168197
5,67,1,67.1,2.4017771198288433,1927.8407550504708,-1363.692554895182,2361.4036844872835,-35.274360249619306,0.9831901823827696
5,67,2,67.2,2.4017771198288433,-2216.600513290557,-1083.861057530318,2467.401999583915,-153.9425473630409,1.0273234677827843
5,67,3,67.3,2.4017771198288433,149.40448446546466,2434.4730320887556,2439.0532269603736,86.48814193892605,1.0155202191010075
5,68,1,68.1,2.4017771198288433,1925.130033196226,-1362.8533677997407,2358.7062018906036,-35.29574407710373,0.9820670629332545
5,97,1,97.1,2.4017771198288433,1930.1782628594744,-1361.3062020154111,2361.936218880781,-35.1943549608266,0.9834119075333262
5,97,2,97.2,2.4017771198288433,-2213.697222309376,-1087.2367424841414,2466.2804232827566,-153.8424677726684,1.0268564901053392
5,97,3,97.3,2.4017771198288433,147.88630332007932,2432.3398268060837,2436.831424571,86.52069864565497,1.0145951530859176
5,69,1,69.1,2.4017771198288433,1922.0230159744535,-1361.8910913126601,2355.6145309732497,-35.32030633988886,0.9807798198781729
5,70,1,70.1,2.4017771198288433,1919.81883074855,-1361.2080205878922,2353.4212581281613,-35.33776230678725,0.9798666323775589
5,71,1,71.1,2.4017771198288433,1918.5752406870217,-1360.8225279653693,2352.183859054245,-35.34762310019838,0.9793514309195633
5,72,1,72.1,2.4017771198288433,1927.8406967539627,-1363.6926329540076,2361.403681972618,-35.27436261270155,0.9831901813357675
5,72,2,72.2,2.4017771198288433,-2216.600541995568,-1083.86096765297,2467.40198589056,-153.94254953075324,1.0273234620814413
5,72,3,72.3,2.4017771198288433,149.404587643021,2434.4730191067943,2439.0532203229454,86.48813950105404,1.0155202163374588
5,73,1,73.1,2.4017771198288433,149.90059603546425,2432.7172390539345,2437.3311949511467,86.47397318048365,1.0148032366653725
5,76,1,76.1,2.4017771198288433,1928.6723907649455,-1365.51078750496,2363.132857393208,-35.2987061871356,0.9839101379904938
5,76,2,76.2,2.4017771198288433,-2219.122016169294,-1082.2644427787075,2468.967161942495,-154.00153685156434,1.0279751362268117
5,76,3,76.3,2.4017771198288433,150.5002454245884,2437.2716643317713,2441.9138988972204,86.46650221743025,1.0167112837977395
5,74,1,74.1,2.4017771198288433,150.1287775031514,2432.029386530033,2436.6586931247143,86.4676231152483,1.0145232349029776
5,75,1,75.1,2.4017771198288433,149.92749473920378,2433.0170566586853,2437.6320993273093,86.47377554322003,1.0149285207201162
5,86,1,86.1,2.4017771198288433,1930.1482224577924,-1365.5832752623683,2364.379377835391,-35.27947416703136,0.9844291372064876
5,86,2,86.2,2.4017771198288433,-2221.0138454168946,-1079.0670282386375,2469.268748630919,-154.0874626717519,1.0281007043679746
5,86,3,86.3,2.4017771198288433,150.29377982850855,2442.129926951011,2446.750252961035,86.47833951022592,1.01872494027897
5,78,1,78.1,2.4017771198288433,1930.7855230009493,-1369.824963744035,2367.351508991936,-35.35437110464334,0.985666608881943
5,78,2,78.2,2.4017771198288433,-2225.028681174538,-1081.5002859362264,2473.943309885949,-154.07740799094339,1.0300469970595143
5,78,3,78.3,2.4017771198288433,153.98026210595532,2440.9869076649156,2445.8387118756923,86.39049892893027,1.0183454125210374
5,79,1,79.1,2.4017771198288433,1930.1676427408277,-1369.872229808781,2366.8749555236254,-35.36395902918055,0.9854681918579917
5,79,2,79.2,2.4017771198288433,-2225.2469024930506,-1081.5218050583483,2474.148983362074,-154.07916897448067,1.0301326309322107
5,79,3,79.3,2.4017771198288433,153.70656504922582,2440.93815530585,2445.7728402627986,86.39682605913288,1.0183179863238478
5,80,1,80.1,2.4017771198288433,1933.1745062410425,-1374.2738194142437,2371.8752501570802,-35.40862851290416,0.9875501063671163
5,80,2,80.2,2.4017771198288433,-2230.230143014657,-1080.9672078222718,2478.3899199275033,-154.14105908688504,1.031898380356009
5,80,3,80.3,2.4017771198288433,158.02568131219198,2443.545366072748,2448.6498467542847,86.29979706868455,1.0195158520490784
5,81,1,81.1,2.4017771198288433,1933.9870239737822,-1376.0710668152594,2373.5790254013145,-35.432623953543526,0.9882594874458883
5,81,2,81.2,2.4017771198288433,-2232.3488270239327,-1081.2082514781996,2480.4016950041932,-154.15739430622787,1.0327359997421213
5,81,3,81.3,2.4017771198288433,159.44620094967428,2444.313700795331,2449.508636215241,86.2677991821374,1.0198734162268142
5,82,1,82.1,2.4017771198288433,1934.8323893480276,-1378.2845398565846,2375.551440755993,-35.46430264934663,0.9890807190824105
5,82,2,82.2,2.4017771198288433,-2235.629540897654,-1081.2333777660715,2483.365672092953,-154.1898667758398,1.0339700764032276
5,82,3,82.3,2.4017771198288433,160.88204695297412,2446.259694020393,2451.544314023413,86.2372732225097,1.0207209877151782
5,84,1,84.1,2.4017771198288433,160.58985883593465,2439.846126342255,2445.1254002582878,86.23424266142696,1.018048419260707
5,83,1,83.1,2.4017771198288433,1936.4007681723606,-1380.4440158626899,2378.0819195119457,-35.48475488467886,0.9901343050854835
5,83,2,83.2,2.4017771198288433,-2238.654876253857,-1081.2337908249995,2486.0897339792405,-154.22021515664932,1.035104262362365
5,83,3,83.3,2.4017771198288433,162.63821439809715,2448.2621322321334,2453.6582192523133,86.19942162847104,1.0216011298447074
5,85,1,85.1,2.4017771198288433,161.1262668595217,2437.7495122497,2443.0686356190927,86.21846037232672,1.0171920680938087
5,87,1,87.1,2.4017771198288433,1930.0177257785706,-1365.7571928430116,2364.373306316477,-35.28474112992225,0.984426609278786
5,87,2,87.2,2.4017771198288433,-2221.906032553118,-1076.9308352319672,2469.1388056100373,-154.1410960642525,1.0280466015039706
5,87,3,87.3,2.4017771198288433,150.72096627064948,2444.12036031868,2448.7631868757485,86.47122385964227,1.01956304215699
5,88,1,88.1,2.4017771198288433,1929.4553385769711,-1366.7792985848941,2364.5049280141898,-35.312830268871274,0.9844814110739344
5,89,1,89.1,2.4017771198288433,1929.9737045604513,-1364.9876925812964,2363.892954681579,-35.27013275755387,0.9842266108563962
5,89,2,89.2,2.4017771198288433,-2222.728815696371,-1075.916204295212,2469.4369938899044,-154.1706066154921,1.0281707546892955
5,89,3,89.3,2.4017771198288433,150.88495041117645,2445.570573871163,2450.2207451666704,86.46948379566031,1.0201699087471028
5,90,1,90.1,2.4017771198288433,-2223.720339660988,-1074.5038777434565,2469.7147066630396,-154.21012041670897,1.0282863827260698
5,91,1,91.1,2.4017771198288433,1930.2258291755354,-1364.5385782962276,2363.839521472444,-35.25771639580814,0.9842043634926864
5,91,2,91.2,2.4017771198288433,-2222.6100027461553,-1075.6151754003774,2469.1989044746574,-154.17569271470336,1.0280716241691148
5,91,3,91.3,2.4017771198288433,151.33783771349735,2446.567273104831,2451.2434728013873,86.460352655356,1.020595729955188
5,92,1,92.1,2.4017771198288433,153.38306072645042,2446.7719144744237,2451.574833607706,86.41294018671441,1.020733694799462
5,94,1,94.1,2.4017771198288433,1928.8805643265223,-1363.9408301386143,2362.3959912673013,-35.26471252618374,0.9836033376134633
5,95,1,95.1,2.4017771198288433,1930.2359166252152,-1364.0506184446415,2363.5661157473874,-35.24791630638589,0.9840905287314174
5,95,2,95.2,2.4017771198288433,-2222.4614875109023,-1074.7449031367892,2468.686223538277,-154.1923722582497,1.0278581651715466
5,95,3,95.3,2.4017771198288433,151.07371546626865,2447.4493178655143,2452.1075488292017,86.4677847774644,1.020955495239269
5,96,1,96.1,2.4017771198288433,-2222.136757167905,-1074.4319955947894,2468.257660924907,-154.19562966928228,1.0276797295415994
5,98,1,98.1,2.4017771198288433,1929.6791006011042,-1361.3473240272206,2361.5520252437295,-35.20215026740916,0.9832519452979133
5,98,2,98.2,2.4017771198288433,-2213.4322107724206,-1086.8240211556042,2465.8606214962197,-153.8483608990599,1.0266817021189474
5,98,3,98.3,2.4017771198288433,148.1280935167439,2432.005247851893,2436.512150117059,86.51454583066986,1.0144622204955849
5,99,1,99.1,2.4017771198288433,1930.267195633124,-1361.3156511842658,2362.0143413401634,-35.19329893257453,0.9834444344729566
5,99,2,99.2,2.4017771198288433,-2212.3371867376886,-1085.9413056580279,2464.4886583542425,-153.85556149682228,1.0261104737852895
5,99,3,99.3,2.4017771198288433,149.2263966470115,2431.412325034346,2435.987358707999,86.48791307059582,1.014243719201386
5,100,1,100.1,2.4017771198288433,1930.4727187098904,-1361.571680195258,2362.329857998856,-35.19550069350701,0.9835758024737955
5,100,2,100.2,2.4017771198288433,-2212.0823949527644,-1086.225013581811,2464.384974428866,-153.8470300610307,1.0260673041154145
5,100,3,100.3,2.4017771198288433,149.70679346726155,2430.731956594879,2435.3377525143856,86.47565151333785,1.0139732502272876
5,450,1,450.1,2.4017771198288433,1930.4727792322803,-1361.571792373578,2362.3299721131684,-35.1955020708352,0.9835758499862444
5,450,2,450.2,2.4017771198288433,-2212.0825377117576,-1086.2250216544808,2464.3851061304454,-153.8470313555078,1.026067358950469
5,450,3,450.3,2.4017771198288433,149.706864230478,2430.7320625942466,2435.3378626632903,86.47565000495472,1.0139732960887056
5,197,1,197.1,2.4017771198288433,1930.1783674236917,-1361.3062221202197,2361.936315918279,-35.19435389745202,0.9834119479357004
5,197,2,197.2,2.4017771198288433,-2213.697269365963,-1087.2368324508827,2466.280505181061,-153.84246637857456,1.0268565242043834
5,197,3,197.3,2.4017771198288433,147.88623451460646,2432.3398911402373,2436.8314846109097,86.52070035225519,1.0145951780840365
5,105,1,105.1,2.4017771198288433,1924.0358714815436,-1362.9535798966378,2357.871178775635,-35.313093995712094,0.9817193940725287
5,105,2,105.2,2.4017771198288433,-2211.3470534871635,-1081.4611711322373,2461.628334179039,-153.93901527008535,1.0249195538820275
5,105,3,105.3,2.4017771198288433,151.65986780172722,2428.745957217562,2433.47645154053,86.42687921605146,1.0131982819929377
5,108,1,108.1,2.4017771198288433,1920.2441724127627,-1363.9666247292503,2355.364650125428,-35.386519037240134,0.9806757798963782
5,108,2,108.2,2.4017771198288433,-2209.8932820097834,-1077.8981783701665,2458.7583860163436,-153.99871804885888,1.0237246269510474
5,108,3,108.3,2.4017771198288433,153.98658828365097,2426.525819880818,2431.406881605692,86.36889639970074,1.0123365992340538
5,300,1,300.1,2.4017771198288433,1953.043332737324,-1348.4730924758521,2373.3431990930226,-34.623026147497356,0.9881612991892241
5,300,2,300.2,2.4017771198288433,-2207.523927784216,-1113.2416109331891,2472.3407483704536,-153.23845345463917,1.0293797571635785
5,300,3,300.3,2.4017771198288433,133.74617347648612,2431.8689692760336,2435.5440301187905,86.85205939594523,1.0140591356338482
5,135,1,135.1,2.4017771198288433,1973.0146210354662,-1340.5199269941993,2385.3260509809256,-34.19325679542871,0.9931504598357195
5,135,2,135.2,2.4017771198288433,-2204.2098898300806,-1131.2116978658655,2477.53529617911,-152.83287530138534,1.031542550607554
5,135,3,135.3,2.4017771198288433,120.78783549494071,2433.366640003136,2436.3626384189415,87.15827551779756,1.014399970049079
5,152,1,152.1,2.4017771198288433,1742.1700615942634,-1238.8679644696522,2137.7442215813703,-35.41686909661658,0.8900676935975272
5,152,2,152.2,2.4017771198288433,-2380.531007783028,-1157.3523135372027,2646.9590583661084,-154.07218340561613,1.102083551597301
5,152,3,152.3,2.4017771198288433,133.71701532650096,2212.890582761344,2216.9269206407475,86.54202687655062,0.9230360728886997
5,160r,1,160r.1,2.4017771198288433,1925.1930710414172,-1363.4323168284352,2359.0922074726195,-35.3063358247723,0.9822277795871144
5,160r,2,160r.2,2.4017771198288433,-2215.3832263153777,-1080.6334464092142,2464.8917795590514,-153.99751694137225,1.0262783166719092
5,160r,3,160r.3,2.4017771198288433,150.0656754189138,2432.8676948533434,2437.491523595509,86.47031767214983,1.0148699908379555
5,160,1,160.1,2.4017771198288433,1750.1592116726451,-1239.4908779456998,2144.6199902810795,-35.30673922309805,0.8929304774266109
5,160,2,160.2,2.4017771198288433,-2378.9350792687233,-1160.3947842671435,2646.856279953575,-153.99784778223244,1.1020407589452748
5,160,3,160.3,2.4017771198288433,136.4361445630392,2211.6890567743335,2215.893342514158,86.46997316479508,0.9226057339875351
5,61s,1,61s.1,2.4017771198288433,1750.1592130140932,-1239.4908718575832,2144.6199878571456,-35.306739069651144,0.8929304764173858
5,61s,2,61s.2,2.4017771198288433,-2378.9350863399422,-1160.3947808607172,2646.856284815634,-153.9978479156126,1.1020407609696339
5,61s,3,61s.3,2.4017771198288433,136.43613805601265,2211.6890637287765,2215.893349054758,86.46997334379812,0.9226057367107686
5,610,1,610.1,0.24017771198288432,220.87759115058313,-135.7798457916239,259.274134451706,-31.580245473031248,1.0795095527855747
5,610,2,610.2,0.24017771198288432,-255.55636218615774,-126.65337585317438,285.2194451099505,-153.63704901519455,1.1875350246082617
5,610,3,610.3,0.24017771198288432,34.67877481170005,262.43321930040315,264.71458595025337,82.47236355761092,1.102161327813455
5,x1,1,x1.1,0.24017771198288432,200.90635688263967,-130.90510631683364,239.79055672748268,-33.08716939477788,0.9983880467000651
5,x2,1,x2.1,0.24017771198288432,-215.85121081340023,-114.09127287104567,244.1486509382068,-152.14066259044262,1.0165333365970506
5,x4,1,x4.1,0.24017771198288432,10.533044516169745,241.89524607377464,242.1244620022347,87.50669756877355,1.0081054565941119
5,x5,1,x5.1,0.24017771198288432,10.582140335738712,241.73728905162375,241.96879677370296,87.49345606552357,1.0074573313902928
5,x6,1,x6.1,0.24017771198288432,10.624625548394455,241.60068094039292,241.83418223837822,87.48198457126401,1.0068968525089952
5,x7,1,x7.1,0.24017771198288432,199.29287588755776,-131.41375567953264,238.71997310935967,-33.40086484192577,0.9939305822280939
5,x9,1,x9.1,0.24017771198288432,197.9939181103966,-131.68083851234556,237.7844293472995,-33.6268923017522,0.9900353674959008
5,x10,1,x10.1,0.24017771198288432,197.69243305270874,-131.59331711960508,237.48494520040776,-33.64959045480139,0.9887884401918674
5,x11,1,x11.1,0.24017771198288432,197.67648950787589,-131.58341911062732,237.46618851744003,-33.64973401515945,0.9887103451729213
5,x12,1,x12.1,0.24017771198288432,-216.64474299309447,-113.02238681857162,244.35426042676397,-152.44919513738614,1.0173894089064237
5,x16,1,x16.1,0.24017771198288432,12.276525963608663,240.74442813085736,241.05723960459827,87.08078653802484,1.0036619868448768
5,x17,1,x17.1,0.24017771198288432,12.251911659395759,240.83359145997906,241.14503543473944,87.08770619054718,1.0040275321297258
5,x19,1,x19.1,0.24017771198288432,193.3653688141747,-133.44312945139066,234.9409173695004,-34.60989583351854,0.9781961674538847
5,x20,1,x20.1,0.24017771198288432,193.3001132567187,-133.4126976404348,234.86992501543986,-34.6128275115498,0.9779005848476785
5,x22,1,x22.1,0.24017771198288432,-218.26823451663833,-110.21801442933698,244.5179602887194,-153.20778138382667,1.0180709869787767
5,x24,1,x24.1,0.24017771198288432,13.40962958913116,240.09562738572814,240.46980778356377,86.80328293584783,1.0012161653063805
5,x28,1,x28.1,0.24017771198288432,193.49844712845677,-133.64108501297508,235.1628981037813,-34.63117521804864,0.9791204028146442
5,x29,1,x29.1,0.24017771198288432,193.57234105898078,-133.68118400243392,235.24648813392938,-34.628983514453026,0.9794684368993142
5,x30,1,x30.1,0.24017771198288432,13.341364359307372,239.9190731861745,240.2897286225126,86.81718749350692,1.0004663906517532
5,x31,1,x31.1,0.24017771198288432,13.301542368776252,236.64907487744918,237.02260582007972,86.7829109000754,0.9868634514969922
5,x32,1,x32.1,0.24017771198288432,13.319975793166373,236.58095615185528,236.955629958135,86.77753638388066,0.9865845918917784
5,x33,1,x33.1,0.24017771198288432,195.60350888998548,-135.27547460376638,237.82385649751134,-34.66695897698233,0.990199525734758
5,x34,1,x34.1,0.24017771198288432,12.227216537782745,240.94279722227404,241.25284735636944,87.0948812402698,1.0044764160862758
5,x52,1,x52.1,0.24017771198288432,170.72619254946238,-123.29903509361876,210.5945984052144,-35.83694383977462,0.8768282313398919
5,x53,1,x53.1,0.24017771198288432,170.7797016165001,-123.29537278423305,210.63583606362855,-35.827614458285375,0.8769999277811381
5,x55,1,x55.1,0.24017771198288432,171.12448903855372,-123.32871240642302,210.93497114639925,-35.780136744888125,0.8782454017274968
5,x56,1,x56.1,0.24017771198288432,-236.83712434184974,-114.21467888937224,262.9388072162784,-154.25431567418192,1.0947677244715202
5,x58,1,x58.1,0.24017771198288432,-236.6546914652199,-114.1663120924962,262.75347725444027,-154.24653549008295,1.093996087668471
5,x59,1,x59.1,0.24017771198288432,-235.56701452030538,-112.78860764593422,261.17635487294456,-154.41507438375925,1.0874296066720657
5,x60,1,x60.1,0.24017771198288432,171.5114540867648,-123.36594655668769,211.27076383821768,-35.72697079235554,0.8796435026963425
5,x62,1,x62.1,0.24017771198288432,14.905535278027328,217.75021085071236,218.2597748268201,86.08407226827022,0.9087428347321996
5,x63,1,x63.1,0.24017771198288432,171.39811836485828,-123.23321664472483,211.10125689729952,-35.715687602036006,0.8789377463648381
5,x64,1,x64.1,0.24017771198288432,-235.08012340052673,-113.04605653256947,260.84875946718967,-154.31788559958602,1.086065635789629
5,x65,1,x65.1,0.24017771198288432,105.69394122357865,-225.95213518014702,249.4505494157925,-64.9311525508988,1.038608234529143
5,x65,2,x65.2,0.24017771198288432,-272.06965487997707,5.876952935214239,272.13312125192067,178.7625512938817,1.1330490202659336
5,x65,3,x65.3,0.24017771198288432,166.37571365639837,220.07518224493273,275.88759293381827,52.910905685182975,1.148681077257821
5,x66,1,x66.1,0.24017771198288432,14.960399807692808,216.4944787680565,217.01076678233844,86.04697873448491,0.9035424852319485
5,x68,1,x68.1,0.24017771198288432,188.77125848042218,-135.66369873796444,232.46338891005513,-35.70356056294344,0.9678807704131226
5,x69,1,x69.1,0.24017771198288432,188.4558584751046,-135.5650206874943,232.14970477601176,-35.72921192233956,0.9665747202744414
5,x70,1,x70.1,0.24017771198288432,188.23209996312852,-135.49496911428884,231.92716553222326,-35.74744315221662,0.9656481595126153
5,x71,1,x71.1,0.24017771198288432,188.1058540386018,-135.45543330647834,231.80161072744417,-35.75774230682547,0.9651254015774908
5,x73,1,x73.1,0.24017771198288432,16.38488171267931,239.87799453411563,240.43692854977104,86.09247753973229,1.001079269865412
5,x74,1,x74.1,0.24017771198288432,16.412043579490724,239.79752626579102,240.35850053128522,86.08471068132162,1.0007527282482138
5,x75,1,x75.1,0.24017771198288432,16.38738082572498,239.90840985629683,240.4674434723009,86.0923773210967,1.0012063212986109
5,x76,1,x76.1,0.24017771198288432,116.10039084143493,-251.22490733062696,276.7548641249437,-65.19658208214652,1.1522920334284223
5,x76,2,x76.2,0.24017771198288432,-273.2292982827184,19.133867822620342,273.8984379983212,175.99419585411957,1.1403990642472266
5,x76,3,x76.3,0.24017771198288432,157.1289074412835,232.09103950800667,280.27797661178903,55.90144556206307,1.1669608070534137
5,x77,1,x77.1,0.24017771198288432,-220.14776780653096,-105.31825338983954,244.0429760662755,-154.43364045238192,1.0160933504257323
5,x79,1,x79.1,0.24017771198288432,189.4895591824868,-136.3972546731232,233.4748468712165,-35.74687146310723,0.9720920602651695
5,x80,1,x80.1,0.24017771198288432,-220.7882694970681,-105.26405212521549,244.59758914864645,-154.50984195761686,1.0184025283997922
5,x82,1,x82.1,0.24017771198288432,189.77023227974655,-137.2004596926329,234.17238778169119,-35.86625147138089,0.9749963302106022
5,x83,1,x83.1,0.24017771198288432,17.633124881711904,241.44876889174333,242.09179063411574,85.82307571971579,1.0079694266192685
5,x84,1,x84.1,0.24017771198288432,17.435155267773855,240.5960800939853,241.22698521476153,85.85522068623685,1.0043687368957532
5,x85,1,x85.1,0.24017771198288432,17.4890251716869,240.38315746646273,241.01852292925977,85.83878961093241,1.0035007867276018
5,x86,1,x86.1,0.24017771198288432,-219.86093834912862,-105.06137190749183,243.6733963296848,-154.4590222171773,1.0145545742689464
5,x87,1,x87.1,0.24017771198288432,-219.94737570402143,-104.84970098210734,243.66023039290445,-154.51269525694602,1.0144997567895404
5,x88,1,x88.1,0.24017771198288432,189.2132868665668,-136.05676157645627,233.0517330927242,-35.7186118754737,0.9703303906456235
5,x90,1,x90.1,0.24017771198288432,-220.09132365197704,-104.56672592548566,243.66860880641752,-154.58732306497723,1.0145346410152412
5,x92,1,x92.1,0.24017771198288432,16.721377941749374,241.3019496053073,241.8806221333017,86.03594067182604,1.00709020889723
5,x94,1,x94.1,0.24017771198288432,189.1519127473368,-135.775477556124,232.837768417346,-35.67123184395659,0.9694395308168254
5,x95,1,x95.1,0.24017771198288432,-219.9999618648026,-104.63259251197658,243.6143728031906,-154.56410978835095,1.0143088248777687
5,x96,1,x96.1,0.24017771198288432,-219.96693259665352,-104.60093189655548,243.57094734308637,-154.56749843781003,1.014128019341128
5,x98,1,x98.1,0.24017771198288432,189.22971198468457,-135.5199742462946,232.7521156026794,-35.608968391609466,0.9690829081562152
5,x99,1,x99.1,0.24017771198288432,-219.0004208623934,-105.73415729494023,243.18901364324952,-154.22858965890694,1.0125378064246853
5,x100,1,x100.1,0.24017771198288432,16.369563572782976,239.6698253663851,240.2281994327829,86.09273907941117,1.0002102087220408
6,sourcebus,1,sourcebus.1,66.39528095680697,66354.63263043083,-75.79423237900504,66354.67591877078,-0.06544663975792475,0.9993884348789397
6,sourcebus,2,sourcebus.2,66.39528095680697,-33259.784374874886,-57446.24734448334,66379.85078792156,-120.0696515065209,0.9997676014219228
6,sourcebus,3,sourcebus.3,66.39528095680697,-33094.84824907736,57522.0415880836,66363.04882305121,119.91362728776268,0.9995145417973799
6,150,1,150.1,2.4017771198288433,1992.5779805120972,-1268.8884980991074,2362.2965582309675,-32.48928777294716,0.9835619378368092
6,150,2,150.2,2.4017771198288433,-2105.85833331833,-1135.886117616863,2392.67143423433,-151.65786883692965,0.9962087716135949
6,150,3,150.3,2.4017771198288433,85.23442877888195,2381.557963923625,2383.0827185343996,87.95029571989167,0.992216429601188
6,150r,1,150r.1,2.4017771198288433,2054.836276091156,-1308.550877853408,2436.1152520911432,-32.489601882565786,1.0142969686815682
6,150r,2,150r.2,2.4017771198288433,-2171.670544610167,-1171.3750128856998,2467.44247656159,-151.65806867444095,1.0273403207111182
6,150r,3,150r.3,2.4017771198288433,87.90868411491425,2455.9803588032196,2457.5531448109127,87.95004582020364,1.0232228146906672
6,40,1,40.1,2.4017771198288433,1931.2106142615817,-1348.044245343482,2355.1640545915848,-34.916222525914684,0.9805922602674388
6,40,2,40.2,2.4017771198288433,-2200.910021259402,-1104.1998928830342,2462.369250360913,-153.35701019644983,1.0252280405337477
6,40,3,40.3,2.4017771198288433,141.79744095467095,2413.6696222402024,2417.8311685447466,86.63787139556341,1.006684237510368
6,401,1,401.1,2.4017771198288433,1931.2106142615817,-1348.044245343482,2355.1640545915848,-34.916222525914684,0.9805922602674388
6,401,2,401.2,2.4017771198288433,-2200.910021259402,-1104.1998928830342,2462.369250360913,-153.35701019644983,1.0252280405337477
6,401,3,401.3,2.4017771198288433,141.79744095467095,2413.6696222402024,2417.8311685447466,86.63787139556341,1.006684237510368
6,101,1,101.1,2.4017771198288433,1896.9794002346985,-1363.202060250603,2335.9903043433815,-35.70167472687293,0.9726091089209186
6,101,2,101.2,2.4017771198288433,-2206.8701695881264,-1069.3521761506734,2452.303003720402,-154.14721337710395,1.0210368745186311
6,101,3,101.3,2.4017771198288433,161.14103004264175,2411.626985495397,2417.004581860121,86.17727066832022,1.0063400812280046
6,1011,1,1011.1,2.4017771198288433,1896.9794002346985,-1363.202060250603,2335.9903043433815,-35.70167472687293,0.9726091089209186
6,1011,2,1011.2,2.4017771198288433,-2206.8701695881264,-1069.3521761506734,2452.303003720402,-154.14721337710395,1.0210368745186311
6,1011,3,1011.3,2.4017771198288433,161.14103004264175,2411.626985495397,2417.004581860121,86.17727066832022,1.0063400812280046
6,30,1,30.1,2.4017771198288433,1947.677572537544,-1344.917192881917,2366.9073032704755,-34.625991739491646,0.9854816601130529
6,30,2,30.2,2.4017771198288433,-2204.086563292126,-1125.8893351543898,2474.9998734341966,-152.9411906077981,1.03048690613331
6,30,3,30.3,2.4017771198288433,129.22507090719182,2416.4665193122346,2419.9193288016763,86.93891671106074,1.0075536605054036
6,301,1,301.1,2.4017771198288433,1951.7822426822363,-1342.8154306323536,2369.0941736440222,-34.52775742088603,0.9863921818910698
6,301,2,301.2,2.4017771198288433,-2204.1796434341527,-1130.2988929771939,2477.0917399230448,-152.85134002190426,1.0313578722490155
6,301,3,301.3,2.4017771198288433,125.37191995168659,2418.811577856121,2422.0585392354146,87.0328985001707,1.0084443386687008
6,93,1,93.1,2.4017771198288433,1897.4941169046272,-1364.9796913212483,2337.4459312264576,-35.72969660284221,0.9732151713532144
6,93,2,93.2,2.4017771198288433,-2215.761838470009,-1057.571822676481,2455.210517438219,-154.48509492450248,1.022247442182805
6,93,3,93.3,2.4017771198288433,163.06147113957132,2427.5579542205605,2433.0282909308135,86.15715838745524,1.0130116865732308
6,931,1,931.1,2.4017771198288433,1901.690518763457,-1362.9317766229697,2339.6602011581663,-35.62897363356147,0.9741371011665297
6,931,2,931.2,2.4017771198288433,-2215.975284047845,-1062.0127393477328,2457.3191730110684,-154.39379103853045,1.0231253985741122
6,931,3,931.3,2.4017771198288433,159.26128440468398,2429.9425277061455,2435.1560206001504,86.25013061640155,1.0138975846242078
6,77,1,77.1,2.4017771198288433,1898.57790352038,-1369.8903514805152,2341.1957694339126,-35.811766160530965,0.9747764478665498
6,77,2,77.2,2.4017771198288433,-2217.2621942699684,-1065.0309442270013,2459.7850618092493,-154.34334787684196,1.0241520920078295
6,77,3,77.3,2.4017771198288433,165.2998079799695,2420.5200288123606,2426.157710537385,86.09327783306152,1.0101510629388788
6,771,1,771.1,2.4017771198288433,1902.770536503164,-1367.851736045717,2343.406513259665,-35.71136519464763,0.9756969095561466
6,771,2,771.2,2.4017771198288433,-2217.4643028604964,-1069.4641277721505,2461.8898137512238,-154.25238299991534,1.0250284230897595
6,771,3,771.3,2.4017771198288433,161.49152634733673,2422.915554708147,2428.291436036597,86.18677688211686,1.0110394574037924
6,149,1,149.1,2.4017771198288433,2054.8360122673143,-1308.5506151618572,2436.114888454794,-32.4896000041865,1.0142968172785314
6,149,2,149.2,2.4017771198288433,-2171.67034074873,-1171.3748984162785,2467.4422427946415,-151.65806876658888,1.0273402233802933
6,149,3,149.3,2.4017771198288433,87.90865193240614,2455.9800683439607,2457.5528533863476,87.9500463277983,1.023222693353611
6,1,1,1.1,2.4017771198288433,2030.390806443245,-1316.2045620111023,2419.6861936929113,-32.95339823095567,1.0074565927521801
6,1,2,1.2,2.4017771198288433,-2177.7203283852878,-1162.572370909503,2468.6110155844053,-151.9045450806595,1.027826851710672
6,1,3,1.3,2.4017771198288433,98.25938262398635,2446.5023642227375,2448.4747751245245,87.7000538430522,1.0194429595111678
6,2,1,2.1,2.4017771198288433,-2177.40679946685,-1162.2452923412018,2468.1804006056277,-151.90781550911805,1.0276475615612144
6,3,1,3.1,2.4017771198288433,99.1499558228416,2443.350005844192,2445.3609068598616,87.67624006170263,1.018146474404804
6,7,1,7.1,2.4017771198288433,2012.4323549489773,-1321.3640372775358,2407.4648288720387,-33.28892162734472,1.0023681252503565
6,7,2,7.2,2.4017771198288433,-2182.6161274522105,-1155.588107050367,2469.655245772319,-152.10097689184678,1.028261625686697
6,7,3,7.3,2.4017771198288433,104.8543277653542,2441.194114467618,2443.444931763853,87.5405396924951,1.0173487421422265
6,4,1,4.1,2.4017771198288433,99.43445568998014,2442.343568835636,2444.3668544658253,87.66862037318432,1.017732592373108
6,5,1,5.1,2.4017771198288433,99.84531966809777,2440.887335567029,2442.9285852826592,87.65760270262092,1.017133756964405
6,6,1,6.1,2.4017771198288433,100.20200900880667,2439.623729699517,2441.680647652838,87.6480278386819,1.01661416769048
6,8,1,8.1,2.4017771198288433,2000.786586006705,-1324.7668767711289,2399.615435967667,-33.50946008341177,0.9990999648371492
6,8,2,8.2,2.4017771198288433,-2185.735853986994,-1150.9008866439526,2470.2255108151744,-152.23091771433545,1.0284990603088138
6,8,3,8.3,2.4017771198288433,109.36617765489174,2437.6708160344974,2440.122941198073,87.43114572082362,1.015965603574391
6,12,1,12.1,2.4017771198288433,-2185.330603493105,-1150.4829203465579,2469.6722042758392,-152.23511733835542,1.0282686865015327
6,9,1,9.1,2.4017771198288433,1997.9448970787487,-1323.9821979030821,2396.813024023211,-33.531322707955646,0.9979331571757224
6,13,1,13.1,2.4017771198288433,1985.6736631064616,-1329.8159490460118,2389.8347965271114,-33.81042538930608,0.995027713769468
6,13,2,13.2,2.4017771198288433,-2189.5354014515215,-1144.0765832528077,2470.4203088861,-152.41202095782862,1.0285801661155587
6,13,3,13.3,2.4017771198288433,116.92396504361808,2432.3228479042496,2435.13154676263,87.24785850949986,1.0138873947371785
6,9r,1,9r.1,2.4017771198288433,1997.9394356852724,-1323.9852382664892,2396.8101509744065,-33.53145541024403,0.9979319609578133
6,14,1,14.1,2.4017771198288433,1994.7575544339875,-1323.105976377015,2393.6723095896054,-33.55598339328627,0.9966254944422922
6,34,1,34.1,2.4017771198288433,117.44463265569463,2430.424712942088,2433.2606779831995,87.2334664732264,1.0131084428669217
6,18,1,18.1,2.4017771198288433,1948.900053478956,-1342.7342070792388,2366.6741578237993,-34.56568689131916,0.9853845880555538
6,18,2,18.2,2.4017771198288433,-2200.948886693796,-1119.8365789728198,2469.4553985533344,-153.03313649509485,1.0281784176249102
6,18,3,18.3,2.4017771198288433,130.8174706478808,2417.6650740940045,2421.201689475843,86.9028022150825,1.0080875821018662
6,11,1,11.1,2.4017771198288433,1993.5175360579203,-1322.7632462252452,2392.4495338741817,-33.565558257225305,0.9961163815419616
6,10,1,10.1,2.4017771198288433,1994.1258605389448,-1322.9314105391218,2393.049407066477,-33.56086040098366,0.9963661437648352
6,15,1,15.1,2.4017771198288433,117.65320885533585,2429.664004568489,2432.510935771871,87.22769452993789,1.012796281423989
6,16,1,16.1,2.4017771198288433,118.17456757430956,2427.7618818319975,2430.636332999615,87.21325061614232,1.0120157748745764
6,17,1,17.1,2.4017771198288433,117.89654479009609,2428.7767668517727,2431.636522688453,87.22095645915073,1.0124322122203153
6,19,1,19.1,2.4017771198288433,1946.346320994382,-1341.9784982158096,2364.1426122215908,-34.585718690785285,0.9843305578621157
6,20,1,20.1,2.4017771198288433,1944.712559988039,-1341.4949111946016,2362.5231295664057,-34.59855425653818,0.9836562727080875
6,21,1,21.1,2.4017771198288433,1948.900047500149,-1342.7341970855048,2366.6741472304416,-34.5656867742056,0.9853845836449207
6,21,2,21.2,2.4017771198288433,-2200.9489224905838,-1119.8365778833622,2469.4554299638576,-153.03313689425727,1.0281784307029442
6,21,3,21.3,2.4017771198288433,130.81747483509628,2417.665079404887,2421.2016950052034,86.90280212293054,1.0080875844040618
6,22,1,22.1,2.4017771198288433,-2201.690320834105,-1120.4794484016231,2470.4077524054587,-153.0276456447256,1.028574938119781
6,23,1,23.1,2.4017771198288433,1947.9341174248316,-1343.2800258291966,2366.1886132807217,-34.58984056888884,0.9851824275223932
6,23,2,23.2,2.4017771198288433,-2201.96350187108,-1121.2949855917147,2471.0211873404637,-153.01366560855692,1.0288303468877058
6,23,3,23.3,2.4017771198288433,130.12071662029012,2417.3729818573934,2420.8724737804514,86.91889497792997,1.007950510392475
6,24,1,24.1,2.4017771198288433,129.94031551691666,2418.3256184797315,2421.814047897157,86.92436816418962,1.0083425426543082
6,25,1,25.1,2.4017771198288433,1946.9545337517902,-1343.986381730563,2365.7834539056744,-34.61739170198963,0.9850137360265411
6,25,2,25.2,2.4017771198288433,-2203.0207975460994,-1122.9876564956987,2472.7316698465997,-152.9898321809914,1.0295425205910917
6,25,3,25.3,2.4017771198288433,129.51466839181234,2416.798165101396,2420.265981285139,86.93249000989462,1.0076979921674052
6,25r,1,25r.1,2.4017771198288433,1971.2876466065861,-1360.7882420692417,2395.3537578858013,-34.61748356570724,0.9973255795094343
6,25r,2,25r.2,2.4017771198288433,127.89935933857666,2386.586059881917,2390.010725361272,86.9324005188011,0.9951009632116031
6,26,1,26.1,2.4017771198288433,1970.4087850239866,-1361.2121605156121,2394.871463364012,-34.63777492074592,0.9971247721498308
6,26,2,26.2,2.4017771198288433,128.17917704001655,2385.6142757831626,2389.0553309304246,86.92445218012861,0.9947031767463397
6,28,1,28.1,2.4017771198288433,1946.6861868473948,-1344.2375422364164,2365.705324003869,-34.626089882648756,0.9849812059881956
6,28,2,28.2,2.4017771198288433,-2203.6805982392184,-1124.0023908010053,2473.7804174142734,-152.9758334092252,1.0299791754159775
6,28,3,28.3,2.4017771198288433,128.9728456312624,2416.960421628935,2420.399073423832,86.94550322039916,1.0077534061929592
6,27,1,27.1,2.4017771198288433,1969.5201887523901,-1361.2907177495658,2394.1850789223413,-34.65140853563105,0.9968389902444225
6,27,2,27.2,2.4017771198288433,127.86545104732089,2385.5795992280673,2389.003892383744,86.93192085225166,0.9946817598770324
6,31,1,31.1,2.4017771198288433,128.4915383484193,2384.450323686741,2387.909843682744,86.91546973110806,0.9942262435462423
6,33,1,33.1,2.4017771198288433,1967.0074333463938,-1360.5436355552351,2391.6933806593656,-34.67091215380736,0.9958015508240847
6,29,1,29.1,2.4017771198288433,1946.6467106794144,-1344.5868140223524,2365.8713229256073,-34.63359344812494,0.9850503210282081
6,29,2,29.2,2.4017771198288433,-2204.0626062751726,-1124.8993730950604,2474.5283534383207,-152.96135105253907,1.0302905848377228
6,29,3,29.3,2.4017771198288433,128.86513379376478,2416.6896654195098,2420.122964159703,86.94770808096095,1.0076384457905765
6,250,1,250.1,2.4017771198288433,1947.6775757121593,-1344.917199968662,2366.9073099096086,-34.62599183698932,0.9854816628773115
6,250,2,250.2,2.4017771198288433,-2204.0865717415304,-1125.889335318795,2474.9998810335182,-152.94119069338907,1.030486909297351
6,250,3,250.3,2.4017771198288433,129.2250746391064,2416.4665271362633,2419.9193368138276,86.9389166327196,1.0075536638413298
6,32,1,32.1,2.4017771198288433,128.6997626114294,2383.6742095597783,2387.146071403397,86.9094768517143,0.9939082405670977
6,35,1,35.1,2.4017771198288433,1934.059604072184,-1347.7415053941631,2357.3276644255416,-34.87055407063668,0.9814930973251718
6,35,2,35.2,2.4017771198288433,-2201.323251799784,-1106.3938026897729,2463.7230578018934,-153.31571605455355,1.025791709589383
6,35,3,35.3,2.4017771198288433,139.92816313230776,2415.4280213129996,2419.4777157439607,86.68450376206063,1.0073697912137571
6,42,1,42.1,2.4017771198288433,1928.3616103986633,-1348.3469629030021,2353.00191942741,-34.96197468663258,0.9796920372008086
6,42,2,42.2,2.4017771198288433,-2200.4967652983387,-1102.005984746489,2461.0167013869554,-153.3983494489762,1.024664895451387
6,42,3,42.3,2.4017771198288433,143.66670640905824,2411.911200851884,2416.1862021220973,86.59117576462296,1.005999341976528
6,44,1,44.1,2.4017771198288433,1926.0900048846713,-1348.585932805708,2351.2776792795175,-34.99846683450444,0.9789741353881644
6,44,2,44.2,2.4017771198288433,-2200.165470860225,-1100.2572555743484,2459.9378300293674,-153.43131311440044,1.0242156983345185
6,44,3,44.3,2.4017771198288433,145.15549839499306,2410.5077531762186,2414.8742714346354,86.55393495921672,1.0054531086576115
6,151,1,151.1,2.4017771198288433,1926.507748806265,-1350.1186382436147,2352.499190976136,-35.02321042263443,0.9794827220036891
6,151,2,151.2,2.4017771198288433,-2203.473236149557,-1100.4598676954715,2462.9872559223154,-153.46151392397618,1.025485352320216
6,151,3,151.3,2.4017771198288433,144.43072718686207,2414.830129807577,2419.1454670569533,86.57722312395971,1.007231456692929
6,52,1,52.1,2.4017771198288433,1712.3141771378296,-1239.6317147481866,2113.931557415408,-35.902699771381776,0.8801530916266086
6,52,2,52.2,2.4017771198288433,-2373.8549638837853,-1139.2868475722448,2633.0898029894065,-154.3622022525181,1.0963089710743215
6,52,3,52.3,2.4017771198288433,144.2154657886051,2195.082549697649,2199.814878702241,86.24110742232965,0.9159113310476558
6,53,1,53.1,2.4017771198288433,1712.9284388482542,-1239.5908652185617,2114.4051999908675,-35.892042245366504,0.8803502966759652
6,53,2,53.2,2.4017771198288433,-2373.582537038919,-1139.2411252492666,2632.824415261171,-154.36053412313748,1.0961984746731173
6,53,3,53.3,2.4017771198288433,144.43243402113262,2195.1017297359977,2199.8482520135876,86.2355013187362,0.9159252263050763
6,54,1,54.1,2.4017771198288433,1713.6963652947181,-1239.539739401989,2114.9973990483013,-35.878724071623715,0.8805968637085781
6,54,2,54.2,2.4017771198288433,-2373.2419850283686,-1139.1839322193732,2632.4926497386814,-154.35844910196016,1.096060341321879
6,54,3,54.3,2.4017771198288433,144.70368332196992,2195.1257466101924,2199.8900425698325,86.22849298636943,0.915942626152839
6,55,1,55.1,2.4017771198288433,1713.3751614144403,-1239.3773854281585,2114.6419903290243,-35.88026033602332,0.8804488863145299
6,55,2,55.2,2.4017771198288433,-2373.2243846589913,-1138.8209536054364,2632.319726839968,-154.36540594370067,1.0959883434261186
6,55,3,55.3,2.4017771198288433,144.63205528616814,2195.272311810251,2200.031580322661,86.23060544183524,0.9160015565805043
6,57,1,57.1,2.4017771198288433,1716.2361716156227,-1239.567929621643,2117.0723296355122,-35.83905772431367,0.8814607784199311
6,57,2,57.2,2.4017771198288433,-2372.5450492463447,-1139.6143600888865,2632.0507024797494,-154.34343688189955,1.0958763328827597
6,57,3,57.3,2.4017771198288433,145.63682726313291,2194.999126046071,2199.8252768795724,86.20402439434046,0.9159156604157914
6,56,1,56.1,2.4017771198288433,1713.4400406768364,-1239.1890803038489,2114.58420256535,-35.875095973502205,0.8804248258956021
6,56,2,56.2,2.4017771198288433,-2373.0355606924295,-1138.4291160512344,2631.9799817977396,-154.37131795999605,1.0958468877350707
6,56,3,56.3,2.4017771198288433,144.69679525518498,2195.431024297279,2200.1942062018343,86.22919489172753,0.9160692672260221
6,58,1,58.1,2.4017771198288433,-2371.5864516665915,-1138.697231046681,2630.7895548146594,-154.35240230002987,1.0953512435001196
6,60,1,60.1,2.4017771198288433,1721.3325097214138,-1240.4278739277395,2121.708490684032,-35.777302834284626,0.8833910828641878
6,60,2,60.2,2.4017771198288433,-2372.078777137667,-1142.7746631634527,2633.0005043135243,-154.2770538718046,1.0962717908234376
6,60,3,60.3,2.4017771198288433,147.27794447604967,2193.6826639431706,2198.62102760205,86.15907967060113,0.9154142611528956
6,59,1,59.1,2.4017771198288433,-2371.1223142091117,-1138.2525738971383,2630.1786918237767,-154.35675804526704,1.0950969055826503
6,61,1,61.1,2.4017771198288433,1721.3325345018563,-1240.4279240303006,2121.7085400800706,-35.777303540735325,0.8833911034306418
6,61,2,61.2,2.4017771198288433,-2372.0788427228363,-1142.7746597869098,2633.0005619339313,-154.27705455742165,1.0962718148141763
6,61,3,61.3,2.4017771198288433,147.2779686299068,2193.6827147734753,2198.6210799361666,86.15907913130098,0.9154142829426428
6,62,1,62.1,2.4017771198288433,1720.5520555100868,-1239.664837672528,2120.629219236979,-35.772905175598694,0.8829417191667229
6,62,2,62.2,2.4017771198288433,-2369.614656492987,-1142.3332796127513,2630.5890864932135,-154.26242094118228,1.0952677768371264
6,62,3,62.3,2.4017771198288433,147.16072412437242,2189.9860501025514,2194.9248685020143,86.15566879245753,0.9138753343850783
6,63,1,63.1,2.4017771198288433,1720.036292058582,-1238.897843748706,2119.7624190563974,-35.7642344015444,0.8825808196588437
6,63,2,63.2,2.4017771198288433,-2367.8759767536335,-1141.7676498819865,2628.7772837583652,-154.257069975359,1.094513417608749
6,63,3,63.3,2.4017771198288433,147.14058370191228,2188.1363349126345,2193.077967500708,86.15295378687733,0.9131063616997868
6,64,1,64.1,2.4017771198288433,1720.2595047502273,-1238.3000800143768,2119.594265855404,-35.74759653191151,0.882510807666638
6,64,2,64.2,2.4017771198288433,-2363.952473141456,-1140.948449008912,2624.887551604344,-154.23597953684606,1.0928938950802396
6,64,3,64.3,2.4017771198288433,147.48318086919653,2184.1217443936685,2189.0954942561407,86.13695729194808,0.9114482256422449
6,65,1,65.1,2.4017771198288433,1719.3663632123792,-1238.195463250313,2118.8083198250424,-35.75941043916983,0.8821835724607261
6,65,2,65.2,2.4017771198288433,-2362.6213849806095,-1141.560319965697,2623.95498682578,-154.21131344741187,1.0925056139317246
6,65,3,65.3,2.4017771198288433,146.73394340616602,2178.624273912293,2183.5600694799746,86.14685385158319,0.9091435052206596
6,66,1,66.1,2.4017771198288433,1719.2746695067508,-1239.072612405582,2119.246641620824,-35.78010296088959,0.8823660714079277
6,66,2,66.2,2.4017771198288433,-2362.6473957063586,-1142.52607561194,2624.3987025395472,-154.19257605729032,1.0926903586818115
6,66,3,66.3,2.4017771198288433,146.5736682765284,2175.846421673397,2180.77772616582,86.14615085747563,0.9079850533013769
6,67,1,67.1,2.4017771198288433,1896.471714525361,-1364.793192029298,2336.5070984279682,-35.74062476434206,0.9728242804621579
6,67,2,67.2,2.4017771198288433,-2210.40589712119,-1067.899498448222,2454.853064607757,-154.21371036437856,1.0220986137059611
6,67,3,67.3,2.4017771198288433,161.24692986919425,2414.8747242413247,2420.252157559591,86.17989514856627,1.0076922365436074
6,68,1,68.1,2.4017771198288433,1893.3311407910298,-1363.790568743031,2333.37256435433,-35.76568707105776,0.9715191909733122
6,97,1,97.1,2.4017771198288433,1899.7980149144826,-1362.4706353596143,2337.853444869939,-35.646806272851045,0.9733848430684277
6,97,2,97.2,2.4017771198288433,-2207.9423307504,-1071.9687474594316,2454.4095688065695,-154.10315921847993,1.021913960518317
6,97,3,97.3,2.4017771198288433,159.4389502980882,2413.274788933235,2418.535917817411,86.2201062748022,1.0069776657668226
6,69,1,69.1,2.4017771198288433,1889.7312228020132,-1362.6407470036888,2329.7797964244523,-35.7944869299058,0.9700233119842854
6,70,1,70.1,2.4017771198288433,1887.1771455103474,-1361.8244005998258,2327.2308172172475,-35.81496248496482,0.9689620231635364
6,71,1,71.1,2.4017771198288433,1885.7361072700521,-1361.3636712624946,2325.7927060886805,-35.826532067708946,0.9683632535621883
6,72,1,72.1,2.4017771198288433,1896.4716514858,-1364.7932577834163,2336.5070856687657,-35.74062697605512,0.9728242751497571
6,72,2,72.2,2.4017771198288433,-2210.4059112617147,-1067.8994105395825,2454.853039098577,-154.2137123554106,1.0220986030850008
6,72,3,72.3,2.4017771198288433,161.24702400782658,2414.8746977496535,2420.252137398676,86.17989288314601,1.0076922281494418
6,73,1,73.1,2.4017771198288433,161.87549658523488,2412.551689088664,2417.976287915016,86.16136648584971,1.0067446591744231
6,76,1,76.1,2.4017771198288433,1896.9325833114606,-1366.5286284049412,2337.89514689581,-35.768548512310375,0.9734022060558284
6,76,2,76.2,2.4017771198288433,-2212.672664010171,-1065.901379344177,2456.02647961004,-154.27868606038038,1.0225871748603645
6,76,3,76.3,2.4017771198288433,162.47294502178804,2417.548379257975,2423.001779594252,86.15518062115774,1.0088370646843874
6,74,1,74.1,2.4017771198288433,162.21905829095854,2411.3885725955192,2416.8388177363136,86.15139399083112,1.006271063948075
6,75,1,75.1,2.4017771198288433,162.09920864553476,2412.074518595061,2417.51517817347,86.15531923792312,1.0065526722753309
6,86,1,86.1,2.4017771198288433,1897.995893533585,-1366.3827592940715,2338.6727553820847,-35.75042213887787,0.9737259698554979
6,86,2,86.2,2.4017771198288433,-2214.246104962574,-1061.8824150058867,2455.7035807769357,-154.3790967700791,1.022452733229441
6,86,3,86.3,2.4017771198288433,162.34913538188707,2422.581513958541,2428.0153281091334,86.1660597855232,1.0109244975579414
6,78,1,78.1,2.4017771198288433,1898.7367988757396,-1370.8614543112637,2341.8929433945705,-35.8287583942836,0.9750667220784665
6,78,2,78.2,2.4017771198288433,-2218.4414253376044,-1064.9135196768846,2460.7972614672167,-154.3577004128805,1.0245735298047054
6,78,3,78.3,2.4017771198288433,166.04121510241762,2420.9633507255303,2426.6506198191933,86.07652626796781,1.0103562898426321
6,79,1,79.1,2.4017771198288433,1898.0373052449852,-1370.90893117482,2341.3536489980606,-35.839720318796964,0.9748421823440934
6,79,2,79.2,2.4017771198288433,-2218.6885157811344,-1064.9357475174804,2461.029637448462,-154.3597233194487,1.024670281488834
6,79,3,79.3,2.4017771198288433,165.73109600576666,2420.910849792882,2426.57704160164,86.0837467462399,1.01032565493611
6,80,1,80.1,2.4017771198288433,1900.9682316753517,-1375.3738984219196,2346.3447270806614,-35.886200896068175,0.9769202594651529
6,80,2,80.2,2.4017771198288433,-2223.521055107145,-1064.3088246738487,2465.116459071137,-154.42146326020855,1.0263718638667052
6,80,3,80.3,2.4017771198288433,170.21755436418772,2423.1798946427907,2429.1510487441433,85.98182810063766,1.0113973643471341
6,81,1,81.1,2.4017771198288433,1901.7113207780762,-1377.2186083452652,2348.028330908289,-35.91204152821888,0.9776212420058424
6,81,2,81.2,2.4017771198288433,-2225.6287085773783,-1064.5898453220348,2467.13896795592,-154.43670944031007,1.0272139523636292
6,81,3,81.3,2.4017771198288433,171.6744794117384,2423.7957653389412,2429.867905659951,85.94857616096178,1.0116958337221187
6,82,1,82.1,2.4017771198288433,1902.4100641176383,-1379.4416518627143,2349.898577162387,-35.94594846833272,0.9783999346824682
6,82,2,82.2,2.4017771198288433,-2228.9316411350337,-1064.6197824101462,2470.1318875622696,-154.4691421046555,1.028460079484102
6,82,3,82.3,2.4017771198288433,173.0743370115391,2425.662377446219,2431.8290843498908,85.91878403105942,1.0125123868792576
6,84,1,84.1,2.4017771198288433,172.9679355742301,2418.6131276908914,2424.7901699271893,85.90943712147379,1.0095816759633325
6,83,1,83.1,2.4017771198288433,1903.9490436072647,-1381.609427436109,2352.417176147409,-35.96668903035612,0.9794485744435139
6,83,2,83.2,2.4017771198288433,-2231.937737571863,-1064.6236458826475,2472.846451312711,-154.49908078390465,1.029590310814907
6,83,3,83.3,2.4017771198288433,174.84678624942333,2427.5912509876503,2433.879758848727,85.88039641155822,1.0133662023652599
6,85,1,85.1,2.4017771198288433,173.57459859032778,2416.180818181006,2422.407456936514,85.8910208354742,1.008589613473019
6,87,1,87.1,2.4017771198288433,1897.5791672332841,-1366.4496793886403,2338.373670357046,-35.75771858798994,0.9736014433028176
6,87,2,87.2,2.4017771198288433,-2214.982511451001,-1059.3022896292712,2455.2533203006974,-154.4408173883161,1.022265263512738
6,87,3,87.3,2.4017771198288433,162.7834048770088,2424.5848090784602,2430.0431957719156,86.15900174581577,1.0117688172269235
6,88,1,88.1,2.4017771198288433,1896.879082257422,-1367.4122086788343,2338.3683202501884,-35.78688114718185,0.9735992157410619
6,89,1,89.1,2.4017771198288433,1897.4879371915665,-1365.657299939078,2337.8366779277803,-35.74326617408279,0.9733778620117676
6,89,2,89.2,2.4017771198288433,-2215.712276205476,-1058.1216293842592,2455.402670337078,-154.47301847426752,1.0223274466500272
6,89,3,89.3,2.4017771198288433,162.99819912788615,2426.0055357494093,2431.4751227198917,86.15619429854799,1.0123650119929384
6,90,1,90.1,2.4017771198288433,-2216.564783790285,-1056.5927814617098,2455.5137439192367,-154.51378171326277,1.0223736930653344
6,91,1,91.1,2.4017771198288433,1897.6851192070837,-1365.221264794054,2337.7420545273767,-35.731769249099955,0.9733384647672761
6,91,2,91.2,2.4017771198288433,-2215.565665434585,-1057.7724518147968,2455.1199110574785,-154.47889740713796,1.0222097174580613
6,91,3,91.3,2.4017771198288433,163.47563902679838,2426.943024947412,2432.4425442127335,86.1464539114944,1.012767806026096
6,92,1,92.1,2.4017771198288433,165.5609355730494,2426.916635795952,2432.5572512257477,86.09740668313158,1.0128155652507413
6,94,1,94.1,2.4017771198288433,1896.05882711055,-1364.523212245647,2336.014270637278,-35.74116534587253,0.9726190874879133
6,95,1,95.1,2.4017771198288433,1897.6306137598829,-1364.666059705007,2337.3736117252415,-35.721501719577745,0.9731850605237711
6,95,2,95.2,2.4017771198288433,-2215.353853730938,-1056.7048345335322,2454.468945529167,-154.4992573009037,1.0219386825135874
6,95,3,95.3,2.4017771198288433,163.20267300885854,2427.9034334076696,2433.3824595467904,86.15438633877653,1.013159147639894
6,96,1,96.1,2.4017771198288433,-2214.976755440559,-1056.3455418509693,2453.973905918807,-154.50303832257853,1.0217325686297167
6,98,1,98.1,2.4017771198288433,1899.212403784378,-1362.5080658427953,2337.3994062151874,-35.65591769910519,0.9731958002754878
6,98,2,98.2,2.4017771198288433,-2207.640818334761,-1071.4882341180878,2453.9284868616837,-154.1101772192719,1.0217136580252528
6,98,3,98.3,2.4017771198288433,159.70500997595516,2412.8998053464097,2418.179307010165,86.21323031412338,1.0068291878733904
6,99,1,99.1,2.4017771198288433,1899.8836997798549,-1362.4661672723585,2337.920471198928,-35.645493500373675,0.9734127500413253
6,99,2,99.2,2.4017771198288433,-2206.381439994881,-1070.4662333535312,2452.349284972265,-154.11881079395462,1.0210561441050892
6,99,3,99.3,2.4017771198288433,160.95140657614274,2412.2323508148756,2417.595969056182,86.18271114847406,1.006586310235342
6,100,1,100.1,2.4017771198288433,1900.1153281255201,-1362.7580645955243,2338.278812031981,-35.64799826878853,0.9735619482454778
6,100,2,100.2,2.4017771198288433,-2206.0940417769352,-1070.789875333109,2452.232019666897,-154.10907628753012,1.0210073197140164
6,100,3,100.3,2.4017771198288433,161.49230890019967,2411.457034919471,2416.8584561567777,86.16869291771935,1.006279240568754
6,450,1,450.1,2.4017771198288433,1900.115387023783,-1362.7581761225026,2338.278924891825,-35.64799964838163,0.9735619952356183
6,450,2,450.2,2.4017771198288433,-2206.0941839721204,-1070.7898826960854,2452.232150804632,-154.1090775835005,1.0210073743143095
6,450,3,450.3,2.4017771198288433,161.49237958431928,2411.4571397078853,2416.8585654340513,86.16869141176728,1.0062792860672611
6,197,1,197.1,2.4017771198288433,1899.798130040767,-1362.470682473531,2337.853565881808,-35.646805566824796,0.973384893452732
6,197,2,197.2,2.4017771198288433,-2207.942402975856,-1071.9688350438337,2454.4096720319594,-154.10315811559855,1.0219140034970717
6,197,3,197.3,2.4017771198288433,159.43889550599798,2413.2748734099778,2418.5359984982892,86.22010770194983,1.0069776993589814
6,105,1,105.1,2.4017771198288433,1893.8787842052707,-1364.0065506619653,2333.943169726201,-35.7621316167318,0.9717567672942624
6,105,2,105.2,2.4017771198288433,-2205.690680775737,-1066.4738497319845,2449.9873165841273,-154.19576134727603,1.0200727188036163
6,105,3,105.3,2.4017771198288433,163.01336209860912,2409.8142851433213,2415.3215614289347,86.13008755938688,1.0056393415893048
6,108,1,108.1,2.4017771198288433,1890.2254223624022,-1364.950583545902,2331.532166380601,-35.83342510366492,0.9707529258779649
6,108,2,108.2,2.4017771198288433,-2204.297917311864,-1063.084647058867,2447.2593395628705,-154.2530039338728,1.0189369027452757
6,108,3,108.3,2.4017771198288433,165.2167760052179,2407.6767994520997,2413.3387979505624,86.07446997535202,1.0048138014248977
6,300,1,300.1,2.4017771198288433,1926.5075825996882,-1350.1185246259292,2352.4989896601846,-35.02321047971273,0.9794826381841083
6,300,2,300.2,2.4017771198288433,-2203.4730850383125,-1100.4597674644533,2462.9870759498876,-153.46151443933363,1.02548527738719
6,300,3,300.3,2.4017771198288433,144.43075352208658,2414.8299694782604,2419.145308585934,86.57722227463051,1.0072313907121941
6,135,1,135.1,2.4017771198288433,1948.899838418437,-1342.7340317443523,2366.673881250193,-34.56568634976945,0.9853844729018187
6,135,2,135.2,2.4017771198288433,-2200.9486614718585,-1119.8364657647767,2469.455146482987,-153.03313646647004,1.028178312673312
6,135,3,135.3,2.4017771198288433,130.81747066603538,2417.664841783738,2421.20145750589,86.90280191762723,1.0080874855192354
6,152,1,152.1,2.4017771198288433,1712.3141922346765,-1239.6317410547547,2113.931585070514,-35.90270010898081,0.8801531031410433
6,152,2,152.2,2.4017771198288433,-2373.8549996087154,-1139.286845075016,2633.0898341166176,-154.36220263786103,1.0963089840343962
6,152,3,152.3,2.4017771198288433,144.21547963287685,2195.0825754921148,2199.8149053488196,86.24110710656544,0.9159113421421817
6,160r,1,160r.1,2.4017771198288433,1893.4861380420261,-1364.4622587898568,2333.8909594535958,-35.77684301605114,0.9717350291104092
6,160r,2,160r.2,2.4017771198288433,-2208.9984357661133,-1064.2268765946376,2451.9895868627814,-154.27667630116812,1.020906380787538
6,160r,3,160r.3,2.4017771198288433,161.9898827362042,2413.0621233586926,2418.4932361487495,86.15947223376135,1.0069598948969491
6,160,1,160.1,2.4017771198288433,1721.3325364866837,-1240.427938023562,2121.7085498713213,-35.7773038159729,0.883391107507311
6,160,2,160.2,2.4017771198288433,-2372.0788440339497,-1142.7746631847147,2633.0005645898327,-154.2770545031932,1.0962718159199831
6,160,3,160.3,2.4017771198288433,147.27797952486625,2193.6827140674964,2198.621079961589,86.15907884678508,0.9154142829532278
6,61s,1,61s.1,2.4017771198288433,1721.3325345018632,-1240.4279240302901,2121.70854008007,-35.777303540734984,0.8833911034306416
6,61s,2,61s.2,2.4017771198288433,-2372.0788427228304,-1142.7746597869232,2633.0005619339317,-154.27705455742134,1.0962718148141763
6,61s,3,61s.3,2.4017771198288433,147.27796862989393,2193.6827147734766,2198.621079936167,86.15907913130133,0.915414282942643
6,610,1,610.1,0.24017771198288432,217.9794585127858,-135.837073573599,256.8399402167947,-31.92969805312265,1.0693745814145226
6,610,2,610.2,0.24017771198288432,-254.33723462465608,-124.56939133946022,283.2048060595034,-153.90529316330392,1.1791469063527649
6,610,3,610.3,0.24017771198288432,36.35777780452318,260.40645731151636,262.93233163005584,82.05178164941779,1.094740762826457
6,x1,1,x1.1,0.24017771198288432,198.82672078279987,-131.09553935279024,238.1556325923039,-33.39868895413274,0.9915809032658096
6,x2,1,x2.1,0.24017771198288432,-215.29243587084443,-112.86113231235694,243.08119657848692,-152.33546182674382,1.0120889010542724
6,x4,1,x4.1,0.24017771198288432,11.620208122956537,240.38215798098676,240.66285777497305,87.23244434319682,1.0020199450985
6,x5,1,x5.1,0.24017771198288432,11.665119386307467,240.22561828477805,240.50867487598177,87.21995710783628,1.0013779916977519
6,x6,1,x6.1,0.24017771198288432,11.70274941307037,240.09291946010316,240.37796138311163,87.20946418268429,1.0008337551331223
6,x7,1,x7.1,0.24017771198288432,197.01226371896686,-131.58385040258906,236.91378546307237,-33.73883264481356,0.9864103688353708
6,x9,1,x9.1,0.24017771198288432,195.5467491451644,-131.82506339550483,235.83124992347965,-33.98531987526662,0.9819031415383189
6,x10,1,x10.1,0.24017771198288432,195.2384176713055,-131.72793595260688,235.52131293182205,-34.00765592420076,0.9806126929404919
6,x11,1,x11.1,0.24017771198288432,195.25479592800275,-131.72146138075948,235.53126909429437,-34.004121913222896,0.9806541462559979
6,x12,1,x12.1,0.24017771198288432,-216.0671648320178,-111.70097952499883,243.2326634015065,-152.66223828693543,1.0127195458454525
6,x16,1,x16.1,0.24017771198288432,13.472886836991997,238.88850853800108,239.26813032920413,86.77203953648173,0.9962128806783495
6,x17,1,x17.1,0.24017771198288432,13.444923158113282,238.99185235690226,239.36973796140342,86.78011521085996,0.9966359325567291
6,x19,1,x19.1,0.24017771198288432,190.33848254688525,-133.5370292272271,232.50994841744782,-35.052601926063886,0.968074624817881
6,x20,1,x20.1,0.24017771198288432,190.30838701287632,-133.5086697655974,232.46902389355458,-35.051140121540385,0.967904232138413
6,x22,1,x22.1,0.24017771198288432,-217.5894407590061,-108.64636530965748,243.20608015593805,-153.4662093007232,1.0126088642782538
6,x24,1,x24.1,0.24017771198288432,14.635816768180726,237.92210789493626,238.3718451446006,86.47987661192283,0.9924811223182424
6,x28,1,x28.1,0.24017771198288432,190.50601796254196,-133.78094459853284,232.78720759015104,-35.078065227910955,0.9692290165822716
6,x29,1,x29.1,0.24017771198288432,190.6241587623202,-133.83456007933694,232.91470407741954,-35.07215710412254,0.9697598588749052
6,x30,1,x30.1,0.24017771198288432,14.566578275687366,237.73348447870103,238.17933337098438,86.49371504458492,0.9916795834409383
6,x31,1,x31.1,0.24017771198288432,14.513737486213895,234.47753148994587,234.92628918330382,86.45801325776031,0.9781352617766851
6,x32,1,x32.1,0.24017771198288432,14.534679363120873,234.39844732376469,234.84865128839982,86.451721861909,0.9778120099051312
6,x33,1,x33.1,0.24017771198288432,192.53833783612797,-135.40839656279095,235.38573745323868,-35.117960396875354,0.9800482130915331
6,x34,1,x34.1,0.24017771198288432,13.393265244452914,239.17433034188397,239.5490343299194,86.7949028172288,0.9973824479891386
6,x52,1,x52.1,0.24017771198288432,167.29604908439512,-123.26446887959192,207.80302530862303,-36.38295248009219,0.8652052831756163
6,x53,1,x53.1,0.24017771198288432,167.3563603403297,-123.26094083220097,207.84949093322703,-36.372307672888866,0.8653987466915286
6,x55,1,x55.1,0.24017771198288432,167.7390532596338,-123.30145061184814,208.18174202226356,-36.31882399202091,0.8667821019008588
6,x56,1,x56.1,0.24017771198288432,-235.99558403426045,-112.20473945221396,261.3117280934993,-154.57112232458326,1.0879932444027989
6,x58,1,x58.1,0.24017771198288432,-235.7884079580099,-112.15128789106647,261.1016750290924,-154.56219418261168,1.0871186708935723
6,x59,1,x59.1,0.24017771198288432,-234.54095621478928,-110.5917407607991,259.3067551504424,-154.75498727035927,1.0796453717942043
6,x60,1,x60.1,0.24017771198288432,168.18018347116427,-123.34985638844145,208.56596362648344,-36.257763656028686,0.868381840698634
6,x62,1,x62.1,0.24017771198288432,16.13747949498484,215.4819863137798,216.08541059077322,85.71710513645995,0.8996896873019259
6,x63,1,x63.1,0.24017771198288432,168.05445253310606,-123.19846552753803,208.37504870915322,-36.244643287984296,0.8675869504660889
6,x64,1,x64.1,0.24017771198288432,-233.9911871902316,-110.8873669501008,258.93606128119796,-154.64393813032856,1.0781019568528925
6,x65,1,x65.1,0.24017771198288432,102.84300489999906,-224.27124645446222,246.72712790266772,-65.36545412514887,1.0272690411850127
6,x65,2,x65.2,0.24017771198288432,-269.28891043697837,7.18014504541273,269.384616797634,178.47266433144816,1.1216053919975348
6,x65,3,x65.3,0.24017771198288432,166.4459055369792,217.09110140904954,273.55581840096045,52.52225889730008,1.1389725388859344
6,x66,1,x66.1,0.24017771198288432,16.187902116479403,214.06637458675135,214.67757429141977,85.67546963668632,0.8938280430730319
6,x68,1,x68.1,0.24017771198288432,184.9938884071166,-135.61937875607583,229.3803710917058,-36.24521540012824,0.9550443677640331
6,x69,1,x69.1,0.24017771198288432,184.62745035638886,-135.5009607180286,229.01485930089683,-36.27552521452489,0.9535225288398826
6,x70,1,x70.1,0.24017771198288432,184.36745774800073,-135.41687826302376,228.75552538673998,-36.297076384699274,0.9524427703892927
6,x71,1,x71.1,0.24017771198288432,184.2207629948178,-135.3694204244101,228.60920695464895,-36.30925441713792,0.95183356135452
6,x73,1,x73.1,0.24017771198288432,17.779639181149374,237.31684609333809,237.98193420741202,85.71543807627361,0.990857695506614
6,x74,1,x74.1,0.24017771198288432,17.78673282620746,237.26658036408313,237.93233916871577,85.71283033483354,0.9906512024132841
6,x75,1,x75.1,0.24017771198288432,17.80189792968758,237.26819735194766,237.93508577875141,85.70921783973468,0.9906626381539819
6,x76,1,x76.1,0.24017771198288432,112.86166815488444,-249.6559108908068,273.9814409433999,-65.67375463804146,1.1407446539540875
6,x76,2,x76.2,0.24017771198288432,-270.2374425216116,20.310261965617645,270.9995979364792,175.70189606835672,1.1283295010978842
6,x76,3,x76.3,0.24017771198288432,157.37577436672723,229.34564892518918,278.1484514399517,55.542291559607214,1.1580943508187524
6,x77,1,x77.1,0.24017771198288432,-219.12818655459998,-103.23548431023613,242.22866750960048,-154.7739775133824,1.0085393249431167
6,x79,1,x79.1,0.24017771198288432,185.81897744146667,-136.38920775254925,230.5009942901773,-36.27828397479455,0.9597101762156989
6,x80,1,x80.1,0.24017771198288432,-219.75538480516335,-103.17397107061619,242.77005057738435,-154.85019709459206,1.010793418644461
6,x82,1,x82.1,0.24017771198288432,185.93532934319788,-137.1766381135472,231.06141335605682,-36.41861966101215,0.9620435278878952
6,x83,1,x83.1,0.24017771198288432,19.047117815758764,238.83938303341859,239.59767024090914,85.44038886836859,0.9975849476740102
6,x84,1,x84.1,0.24017771198288432,18.867105485103334,237.92736265733762,238.67424991075654,85.46606082368864,0.9937402098649565
6,x85,1,x85.1,0.24017771198288432,18.928055620804056,237.67967596743753,238.43216993008798,85.4467551980686,0.992732289610117
6,x86,1,x86.1,0.24017771198288432,-218.82011145691106,-102.91675120030067,241.814182494823,-154.81118633266513,1.0068135819032837
6,x87,1,x87.1,0.24017771198288432,-218.88973908569807,-102.66093827631788,241.76845560324642,-154.8730685082489,1.0066231941641424
6,x88,1,x88.1,0.24017771198288432,185.3584323299827,-135.98167541241943,229.8885914607277,-36.26432066150119,0.9571603857942912
6,x90,1,x90.1,0.24017771198288432,-219.02462352736455,-102.36946693150001,241.76702312586644,-154.9491805300243,1.0066172299247125
6,x92,1,x92.1,0.24017771198288432,18.134231139960924,238.77568867291077,239.4633162725772,85.65691066191123,0.9970255536851894
6,x94,1,x94.1,0.24017771198288432,185.27134758992563,-135.6954168087803,229.64912013917157,-36.21958716602757,0.9561633269099381
6,x95,1,x95.1,0.24017771198288432,-218.92268487222833,-102.40279711155783,241.68879743988109,-154.9317899778554,1.0062915307358098
6,x96,1,x96.1,0.24017771198288432,-218.8842192898288,-102.36637221680998,241.63852262201146,-154.93574884254303,1.0060822073250129
6,x98,1,x98.1,0.24017771198288432,185.5881980328369,-135.50082549309028,229.79001927495545,-36.13376209872081,0.9567499722510925
6,x99,1,x99.1,0.24017771198288432,-218.04490273884335,-103.7587819793294,241.47352742738835,-154.55210584948156,1.0053952360267149
6,x100,1,x100.1,0.24017771198288432,17.715239670901468,237.2738677696073,237.93427252698712,85.73012926172176,0.9906592521122148
7,sourcebus,1,sourcebus.1,66.39528095680697,66345.38818129504,-81.92880970361725,66345.43876753385,-0.07075356342201339,0.999249311267987
7,sourcebus,2,sourcebus.2,66.39528095680697,-33263.0912459387,-57436.38665481393,66372.97455438419,-120.07638697194436,0.9996640363275624
7,sourcebus,3,sourcebus.3,66.39528095680697,-33082.29692887775,57518.3154757388,66353.56045651995,119.90583770701646,0.9993716345546582
7,150,1,150.1,2.4017771198288433,1979.6476853618353,-1271.931138814486,2353.0435142692086,-32.72089850479148,0.979709355561224
7,150,2,150.2,2.4017771198288433,-2103.676528447863,-1127.5681150252549,2386.8105895449808,-151.808744609437,0.9937685598883009
7,150,3,150.3,2.4017771198288433,94.02826904015308,2373.4326299697614,2375.2944584585434,87.73129979644835,0.988973722352644
7,150r,1,150r.1,2.4017771198288433,2041.5003675379926,-1311.6891634512228,2426.5721114718863,-32.7212449886966,1.0103236022353357
7,150r,2,150r.2,2.4017771198288433,-2169.4204133637313,-1162.7960280640593,2461.3978818551086,-151.80896477155386,1.0248236031287175
7,150r,3,150r.3,2.4017771198288433,96.97852178835298,2447.6002351645625,2449.5207173783765,87.73102037877777,1.0198784463201713
7,40,1,40.1,2.4017771198288433,1904.25142496278,-1350.0861402509051,2334.289201356671,-35.336077739389246,0.9719008404589259
7,40,2,40.2,2.4017771198288433,-2196.0676107036793,-1089.3530411877202,2451.408370534518,-153.6164212488616,1.0206643865061098
7,40,3,40.3,2.4017771198288433,154.48203283423047,2395.1319875469567,2400.108734253353,86.3096291322191,0.999305353705922
7,401,1,401.1,2.4017771198288433,1904.25142496278,-1350.0861402509051,2334.289201356671,-35.336077739389246,0.9719008404589259
7,401,2,401.2,2.4017771198288433,-2196.0676107036793,-1089.3530411877202,2451.408370534518,-153.6164212488616,1.0206643865061098
7,401,3,401.3,2.4017771198288433,154.48203283423047,2395.1319875469567,2400.108734253353,86.3096291322191,0.999305353705922
7,101,1,101.1,2.4017771198288433,1865.2003801339526,-1364.4620548545677,2311.0017648608127,-36.186830408658324,0.9622049214231421
7,101,2,101.2,2.4017771198288433,-2199.6503329718767,-1051.0091367166604,2437.843676859775,-154.46118530314277,1.0150166127960707
7,101,3,101.3,2.4017771198288433,175.3769717359555,2390.1741940186466,2396.5996244612825,85.80349177516176,0.9978443064825558
7,1011,1,1011.1,2.4017771198288433,1865.2003801339526,-1364.4620548545677,2311.0017648608127,-36.186830408658324,0.9622049214231421
7,1011,2,1011.2,2.4017771198288433,-2199.6503329718767,-1051.0091367166604,2437.843676859775,-154.46118530314277,1.0150166127960707
7,1011,3,1011.3,2.4017771198288433,175.3769717359555,2390.1741940186466,2396.5996244612825,85.80349177516176,0.9978443064825558
7,30,1,30.1,2.4017771198288433,1921.7393110311382,-1347.6523146069005,2347.178889779765,-35.04071090743993,0.9772675700845344
7,30,2,30.2,2.4017771198288433,-2200.130295455571,-1112.3654247587572,2465.3458489997192,-153.1792633182427,1.0264673722828228
7,30,3,30.3,2.4017771198288433,141.504275281071,2398.03773899731,2402.2090786561757,86.62298592986116,1.0001798496720475
7,301,1,301.1,2.4017771198288433,1925.893679778835,-1345.5627700037576,2349.384096701143,-34.94081769026461,0.9781857264376662
7,301,2,301.2,2.4017771198288433,-2200.242077228952,-1116.7917333883793,2467.4458401702345,-153.0887095393981,1.0273417211777216
7,301,3,301.3,2.4017771198288433,137.6358103677886,2400.4213186481174,2404.3639747999814,86.71835695634985,1.0010770587119768
7,93,1,93.1,2.4017771198288433,1863.7085382854998,-1365.696973453643,2310.5275888806686,-36.23338838677414,0.962007494286282
7,93,2,93.2,2.4017771198288433,-2207.0782454230666,-1036.5135725509676,2438.35082945464,-154.84376906968745,1.015227770022392
7,93,3,93.3,2.4017771198288433,178.0033984670975,2405.5677134081675,2412.1445300100977,85.76803020657896,1.0043165579752018
7,931,1,931.1,2.4017771198288433,1867.9718404033677,-1363.662406767836,2312.767596662447,-36.13030381189063,0.9629401402688276
7,931,2,931.2,2.4017771198288433,-2207.3210481960855,-1040.9836089497903,2440.473946575049,-154.7512014901491,1.0161117476000285
7,931,3,931.3,2.4017771198288433,174.18673483616595,2407.9987574844517,2414.2905862053035,85.86261755202061,1.0052100864285658
7,77,1,77.1,2.4017771198288433,1865.305998910491,-1371.001220637529,2314.953739615775,-36.31591257782359,0.9638503591793498
7,77,2,77.2,2.4017771198288433,-2209.130161534914,-1045.340812084758,2443.970843527659,-154.67690228355474,1.017567709905498
7,77,3,77.3,2.4017771198288433,180.1159976507821,2398.1548863435723,2404.9092771876635,85.70480313851522,1.0013040999237446
7,771,1,771.1,2.4017771198288433,1869.564100761788,-1368.9766960876655,2317.189487566421,-36.21322141242971,0.9647812315455607
7,771,2,771.2,2.4017771198288433,-2209.359450594869,-1049.801275100389,2446.0891028609863,-154.5847595118879,1.018449664902837
7,771,3,771.3,2.4017771198288433,176.29054349109572,2400.5974139630603,2407.061756509483,85.79995990127836,1.0022003026996178
7,149,1,149.1,2.4017771198288433,2041.5000880187595,-1311.6888590324952,2426.571711755202,-32.72124250908042,1.0103234358099498
7,149,2,149.2,2.4017771198288433,-2169.4201810848713,-1162.7959172490903,2461.397624779359,-151.80896449078438,1.024823496093078
7,149,3,149.3,2.4017771198288433,96.97846621394866,2447.5999121442396,2449.5203924110733,87.73102137854383,1.0198783110173155
7,1,1,1.1,2.4017771198288433,2014.255226819931,-1319.2018978443457,2407.8035148341187,-33.22210601708879,1.0025091399845232
7,1,2,1.2,2.4017771198288433,-2175.1819787842865,-1153.1097851501274,2461.925835080516,-152.07099525395842,1.0250434208716084
7,1,3,1.3,2.4017771198288433,108.19687675478278,2435.992097798654,2438.393746849958,87.45682563625948,1.0152456390390312
7,2,1,2.1,2.4017771198288433,-2174.8255920399733,-1152.7404771000206,2461.4379868964406,-152.07470498632145,1.0248403011982432
7,3,1,3.1,2.4017771198288433,109.18384180790794,2432.43339981796,2434.8826164441466,87.42990825831383,1.013783750516227
7,7,1,7.1,2.4017771198288433,1994.2559163357487,-1324.1844936075602,2393.850712335848,-33.58413186594342,0.9966997739184226
7,7,2,7.2,2.4017771198288433,-2179.9019974384996,-1145.414249688505,2462.508177006899,-152.28063300727956,1.0252858838052314
7,7,3,7.3,2.4017771198288433,115.30627453841348,2429.3210402999516,2432.055972586151,87.28252946944346,1.0126068536948447
7,4,1,4.1,2.4017771198288433,109.50118247280814,2431.289868335967,2433.7544931311513,87.42123770961524,1.0133140469356237
7,5,1,5.1,2.4017771198288433,109.95114878755723,2429.6652671499196,2432.1518384990677,87.40892634471219,1.0126467682698173
7,6,1,6.1,2.4017771198288433,110.34390159960267,2428.247970313786,2430.7537888386073,87.39816789557509,1.0120646785959178
7,8,1,8.1,2.4017771198288433,1981.2943348640808,-1327.4665096981414,2384.888797351916,-33.822071352870466,0.9929684056286909
7,8,2,8.2,2.4017771198288433,-2182.8846866248673,-1140.2495478602013,2462.7534562957653,-152.41927708410034,1.0253880078894528
7,8,3,8.3,2.4017771198288433,120.1769041709201,2424.890578528361,2427.866719186149,87.16275845942104,1.0108626229894158
7,12,1,12.1,2.4017771198288433,-2182.423726539083,-1139.7776593831888,2462.126405160742,-152.4240438682871,1.025126929902721
7,9,1,9.1,2.4017771198288433,1978.0954571133843,-1326.562334572616,2381.7282097164984,-33.846834611793426,0.9916524685214032
7,13,1,13.1,2.4017771198288433,1964.5088073160366,-1332.3446854505044,2373.6969509333917,-34.14541629210405,0.9883085867278756
7,13,2,13.2,2.4017771198288433,-2186.3677347058797,-1132.7442485578242,2462.3796222361307,-152.61159210616657,1.0252323589507781
7,13,3,13.3,2.4017771198288433,128.37332474639365,2418.1673104505307,2421.5723924421495,86.96118968435613,1.0082419273836354
7,9r,1,9r.1,2.4017771198288433,1978.0893141868046,-1326.5657059226767,2381.7249855997547,-33.846984277860685,0.9916511261334201
7,14,1,14.1,2.4017771198288433,1974.5283056596309,-1325.5585041058748,2378.2067567094537,-33.874615164297374,0.9901862820972042
7,34,1,34.1,2.4017771198288433,128.94946869999296,2416.020326600715,2419.459068474984,86.94486974796052,1.0073620272672932
7,18,1,18.1,2.4017771198288433,1923.5089836638344,-1345.1056659542191,2347.1676682371076,-34.96501051998485,0.9772628979013559
7,18,2,18.2,2.4017771198288433,-2196.8371887742646,-1106.001274085538,2459.5390731314774,-153.27695607190526,1.0240496725636017
7,18,3,18.3,2.4017771198288433,142.92472080552287,2400.05253952148,2404.3044042468587,86.5920230686725,1.0010522560137451
7,11,1,11.1,2.4017771198288433,1973.1445148733178,-1325.1670679044807,2376.8397157640266,-33.885373613434474,0.989617103161265
7,10,1,10.1,2.4017771198288433,1973.8173687022154,-1325.3573859788642,2377.5044070535946,-33.880140610515426,0.9898938529412844
7,15,1,15.1,2.4017771198288433,129.18166273852592,2415.154507993265,2418.606871624258,86.93828382216955,1.0070072079779884
7,16,1,16.1,2.4017771198288433,129.76205943503862,2412.989521445502,2416.4760753366904,86.92180021843645,1.0061200331148523
7,17,1,17.1,2.4017771198288433,129.45255908483497,2414.1447248314626,2417.6130206228604,86.93059472543467,1.0065934097978024
7,19,1,19.1,2.4017771198288433,1920.6205612396313,-1344.2269258172707,2344.2972013694393,-34.987866203628265,0.9760677550032202
7,20,1,20.1,2.4017771198288433,1918.7829080046072,-1343.6678083659017,2342.471136917047,-35.00243542628012,0.9753074577894127
7,21,1,21.1,2.4017771198288433,1923.5089753978482,-1345.1056513716999,2347.1676531062208,-34.9650103439022,0.9772628916014846
7,21,2,21.2,2.4017771198288433,-2196.837222816587,-1106.0012728697186,2459.5391029910325,-153.27695645381016,1.0240496849958773
7,21,3,21.3,2.4017771198288433,142.92472192287056,2400.052539638651,2404.3044044302437,86.59202304225862,1.001052256090099
7,22,1,22.1,2.4017771198288433,-2197.33079296003,-1106.3940610136617,2460.1565868734165,-153.27395474394658,1.0243067795769216
7,23,1,23.1,2.4017771198288433,1922.3619796097678,-1345.7762568904898,2346.6123059123684,-34.994477950941246,0.9770316681506208
7,23,2,23.2,2.4017771198288433,-2197.8977403928147,-1107.567929373981,2461.191011563631,-153.25548253570517,1.0247374709519348
7,23,3,23.3,2.4017771198288433,142.29741934124928,2399.4696139499956,2403.685292175438,86.60612339220374,1.0007944835225722
7,24,1,24.1,2.4017771198288433,142.2291384404915,2400.0074120912236,2404.21810697664,86.60850649521521,1.0010163254232227
7,25,1,25.1,2.4017771198288433,1921.1429615171207,-1346.5758666098152,2346.072642337135,-35.027548998988316,0.9768069747055973
7,25,2,25.2,2.4017771198288433,-2199.034522195925,-1109.342601424888,2463.005042046321,-153.23051589497948,1.0254927577217658
7,25,3,25.3,2.4017771198288433,141.68826422998336,2398.6814315646225,2402.8624959313447,86.61951049821354,1.0004519054218397
7,25r,1,25r.1,2.4017771198288433,1945.1529256148824,-1363.410320415565,2375.3963050076104,-35.02765339694485,0.9890161270155189
7,25r,2,25r.2,2.4017771198288433,139.92127190831326,2368.695465775327,2372.8245135106463,86.61940791907105,0.9879453401070536
7,26,1,26.1,2.4017771198288433,1944.1618150595207,-1363.8835921548994,2374.856546422306,-35.05072797995257,0.9887913940122572
7,26,2,26.2,2.4017771198288433,140.2373709182593,2367.588487186253,2371.738131594413,86.61020804359543,0.9874930159062507
7,28,1,28.1,2.4017771198288433,1920.7567495291441,-1346.863298245873,2345.921404272427,-35.038711672823844,0.9767440054719163
7,28,2,28.2,2.4017771198288433,-2199.7382403375036,-1110.3886360186543,2464.1045531800196,-153.21616998944359,1.0259505483821154
7,28,3,28.3,2.4017771198288433,141.13114514752695,2398.768377877433,2402.9165051735326,86.63289372648137,1.000474392621731
7,27,1,27.1,2.4017771198288433,1943.1593923201794,-1363.9643366153002,2374.082377576765,-35.06621694412515,0.9884690623357875
7,27,2,27.2,2.4017771198288433,139.88339569514002,2367.5521522325334,2371.680956185318,86.61869261892885,0.9874692104462757
7,31,1,31.1,2.4017771198288433,140.584857847155,2366.261313962118,2370.433864972747,86.59992683817688,0.986949973585255
7,33,1,33.1,2.4017771198288433,1940.333288599303,-1363.100056779006,2371.272872454268,-35.08835598167784,0.9872993013703332
7,29,1,29.1,2.4017771198288433,1920.655382787005,-1347.2629126666504,2346.0678709866265,-35.048123629196226,0.9768049881138902
7,29,2,29.2,2.4017771198288433,-2200.1365706089678,-1111.3284392801093,2464.8837354495554,-153.2008405697335,1.0262749674396137
7,29,3,29.3,2.4017771198288433,141.0529349056315,2398.38531966614,2402.529515330778,86.63421913190152,1.0003132661626772
7,250,1,250.1,2.4017771198288433,1921.7393141214184,-1347.6523216612707,2347.1788963602394,-35.04071100511643,0.9772675728243698
7,250,2,250.2,2.4017771198288433,-2200.130303878247,-1112.3654248909113,2465.345856575934,-153.17926340382292,1.026467375437243
7,250,3,250.3,2.4017771198288433,141.50427902197399,2398.037746740281,2402.209086606062,86.62298585166945,1.0001798529820491
7,32,1,32.1,2.4017771198288433,140.81649563243812,2365.3763426156966,2369.5642062725815,86.59306662848094,0.9865878839088293
7,35,1,35.1,2.4017771198288433,1907.1347715963118,-1349.7975492246567,2336.4752215516014,-35.28941004900926,0.9728110082579622
7,35,2,35.2,2.4017771198288433,-2196.484745789873,-1091.5521987865386,2452.759964033034,-153.5747305584197,1.0212271337682757
7,35,3,35.3,2.4017771198288433,152.6150157931452,2396.9167645385996,2401.77045513757,86.35681612836261,0.9999972251000235
7,42,1,42.1,2.4017771198288433,1901.368064574142,-1350.3747089780804,2332.104708547636,-35.382832636550624,0.9709913085997871
7,42,2,42.2,2.4017771198288433,-2195.6504503009587,-1087.153885352428,2450.058054484359,-153.65815761552403,1.0201021711202565
7,42,3,42.3,2.4017771198288433,156.34903748775758,2393.347188478717,2398.4486206967886,86.26237704376787,0.9986141515361375
7,44,1,44.1,2.4017771198288433,1899.0690802526053,-1350.6023707944985,2330.3626618119324,-35.42012588937032,0.9702659928653163
7,44,2,44.2,2.4017771198288433,-2195.3160388652145,-1085.4009760559265,2448.9809695712243,-153.69143820372906,1.0196537178044833
7,44,3,44.3,2.4017771198288433,157.83600517264404,2391.922713167525,2397.1246255244123,86.22469183418907,0.998062895067981
7,151,1,151.1,2.4017771198288433,1898.591542306864,-1351.896732943258,2330.724055108586,-35.45285970563308,0.9704164619882295
7,151,2,151.2,2.4017771198288433,-2198.3251554581325,-1084.9313377721974,2451.4708843468225,-153.7324478701939,1.0206904146549287
7,151,3,151.3,2.4017771198288433,157.48005610340485,2395.6600082301647,2400.830448637239,86.23904076734131,0.9996058455283845
7,52,1,52.1,2.4017771198288433,1681.310773897246,-1240.4550483660341,2089.3861886783247,-36.419552289640706,0.8699334219768151
7,52,2,52.2,2.4017771198288433,-2365.5258634226047,-1117.9009973489158,2616.37444766512,-154.70550308580133,1.089349393024266
7,52,3,52.3,2.4017771198288433,157.21897513101166,2175.106908126139,2180.7814810107175,85.86579163211061,0.9079866166624676
7,53,1,53.1,2.4017771198288433,1681.993097352951,-1240.4162365826157,2089.9122516318125,-36.40759033334166,0.8701524526891758
7,53,2,53.2,2.4017771198288433,-2365.222963650048,-1117.8531372665343,2616.0801410266754,-154.7036163062526,1.0892268559928258
7,53,3,53.3,2.4017771198288433,157.46003592825434,2175.125896650751,2180.81781201348,85.85951078073826,0.9080017433794566
7,54,1,54.1,2.4017771198288433,1682.846124467627,-1240.367639820606,2090.5700085263475,-36.39264254808824,0.8704263152758016
7,54,2,54.2,2.4017771198288433,-2364.8443105882775,-1117.7932628249348,2615.7122150073315,-154.70125794650036,1.0890736669161598
7,54,3,54.3,2.4017771198288433,157.7614091943394,2175.149680533497,2180.863314138682,85.85165886396662,0.9080206885700102
7,55,1,55.1,2.4017771198288433,1682.4901491062808,-1240.182285121374,2090.1734861414134,-36.394342110630696,0.8702612198630506
7,55,2,55.2,2.4017771198288433,-2364.8215694766363,-1117.3865415843736,2615.5178720046683,-154.70910022402347,1.0889927505808936
7,55,3,55.3,2.4017771198288433,157.6829541325207,2175.314677951906,2181.022205787223,85.85402804426923,0.908086844437359
7,57,1,57.1,2.4017771198288433,1685.6664862068717,-1240.4276391699518,2092.87654455244,-36.348153791937875,0.8713866608495229
7,57,2,57.2,2.4017771198288433,-2364.0743841417666,-1118.2836720949006,2615.225815303399,-154.68433592349777,1.088871150329622
7,57,3,57.3,2.4017771198288433,158.79680062467287,2174.996976979901,2180.7861595673107,85.82423707722309,0.9079885646186516
7,56,1,56.1,2.4017771198288433,1682.5638071440453,-1239.9721095176499,2090.1080827298656,-36.388506314449096,0.870233988605409
7,56,2,56.2,2.4017771198288433,-2364.608114076129,-1116.9495160386848,2615.138190332151,-154.71575945231672,1.088834666939667
7,56,3,56.3,2.4017771198288433,157.756281663874,2175.4917615915915,2181.2041282643168,85.85244322228621,0.9081625893828795
7,58,1,58.1,2.4017771198288433,-2362.996681675262,-1117.264462528397,2613.8158307036797,-154.69443023738322,1.0882840914439
7,60,1,60.1,2.4017771198288433,1691.317989354959,-1241.4479204013855,2098.034670872869,-36.27912072344062,0.8735342899021289
7,60,2,60.2,2.4017771198288433,-2363.5874742055516,-1121.8300859098642,2616.30435727075,-154.60957007124622,1.0893202103021093
7,60,3,60.3,2.4017771198288433,160.60794655907273,2173.5035644281647,2179.4294338380996,85.7738907919306,0.9074236805092936
7,59,1,59.1,2.4017771198288433,-2362.4746743818155,-1116.770602789754,2613.132826006144,-154.6993272022482,1.0879997167232414
7,61,1,61.1,2.4017771198288433,1691.31801339312,-1241.4479701765413,2098.034719704015,-36.279121430807685,0.8735343102333851
7,61,2,61.2,2.4017771198288433,-2363.5875393938854,-1121.8300822034087,2616.304414573073,-154.6095707567045,1.089320234160411
7,61,3,61.3,2.4017771198288433,160.6079707957735,2173.5036146450184,2179.4294857044806,85.77389025378271,0.9074237021042952
7,62,1,62.1,2.4017771198288433,1690.4620304568273,-1240.5893818765444,2096.836639044884,-36.27404873315557,0.8730354793263706
7,62,2,62.2,2.4017771198288433,-2360.829077018201,-1121.34981517352,2613.6065769132697,-154.5931530970448,1.0881969668773936
7,62,3,62.3,2.4017771198288433,160.44906226278056,2169.3888873090677,2175.314240738813,85.77007770410566,0.9057102854297453
7,63,1,63.1,2.4017771198288433,1689.898780957331,-1239.729007410393,2095.873541437038,-36.26419672914666,0.8726344855789097
7,63,2,63.2,2.4017771198288433,-2358.8807933299527,-1120.7275148342092,2611.5797440720453,-154.58714652219751,1.0873530780650258
7,63,3,63.3,2.4017771198288433,160.41279390669777,2167.330965901792,2173.259252874757,85.76702948099087,0.9048546740380427
7,64,1,64.1,2.4017771198288433,1690.1560352846914,-1239.0609593862416,2095.6859222422668,-36.24530995889961,0.8725563687573186
7,64,2,64.2,2.4017771198288433,-2354.4920470776847,-1119.8340076848854,2607.2324415977296,-154.56349348990258,1.0855430423050776
7,64,3,64.3,2.4017771198288433,160.76225895171123,2162.8612111469783,2168.827591715725,85.74910671615483,0.9030095148338664
7,65,1,65.1,2.4017771198288433,1689.1629379557087,-1238.9364875051974,2094.811459543526,-36.258623927906925,0.87219227889589
7,65,2,65.2,2.4017771198288433,-2353.0112014932074,-1120.521785832483,2606.1908577227655,-154.53585579420806,1.0851093701435914
7,65,3,65.3,2.4017771198288433,159.88006812314353,2156.745573229395,2162.663428235576,85.76040467410672,0.9004430137920927
7,66,1,66.1,2.4017771198288433,1689.0538652752584,-1239.9117364557756,2095.3004734409974,-36.281891878359666,0.8723958839237813
7,66,2,66.2,2.4017771198288433,-2353.0478747195534,-1121.5962252874676,2606.686094124358,-154.5148800895851,1.0853155659631386
7,66,3,66.3,2.4017771198288433,159.67935704364217,2153.655869950204,2159.5673416767627,85.7596551204229,0.8991539322477429
7,67,1,67.1,2.4017771198288433,1863.7826476702,-1365.9932085926355,2310.7624723622603,-36.23822701162542,0.9621052899891607
7,67,2,67.2,2.4017771198288433,-2202.6938891842415,-1048.8284026507179,2439.651898869274,-154.53821234949228,1.0157694811594882
7,67,3,67.3,2.4017771198288433,175.8343218850825,2392.880378662365,2399.3320352423357,85.79732855854917,0.9989819685738859
7,68,1,68.1,2.4017771198288433,1860.2773553319012,-1364.8375837242502,2307.252363463282,-36.266537628884684,0.9606438267792736
7,97,1,97.1,2.4017771198288433,1868.0119608124328,-1363.7583168304664,2312.8565525044082,-36.13163679604089,0.9629771777779398
7,97,2,97.2,2.4017771198288433,-2200.7174112396383,-1053.586208256065,2439.9182409172417,-154.4173846520413,1.0158803748996978
7,97,3,97.3,2.4017771198288433,173.70933656479139,2391.8199366493454,2398.1195847920217,85.8461053692138,0.9984771546840773
7,69,1,69.1,2.4017771198288433,1856.2631208556888,-1363.5134890476716,2303.2329036951205,-36.29905105059987,0.9589702910731595
7,70,1,70.1,2.4017771198288433,1853.4190173857405,-1362.5746615646008,2300.3851334820024,-36.322141667261654,0.9577845981170533
7,71,1,71.1,2.4017771198288433,1851.8151001281783,-1362.0450519388685,2298.77921701365,-36.33518545909413,0.9571159613584239
7,72,1,72.1,2.4017771198288433,1863.7825802718069,-1365.9932622542035,2310.7624497227134,-36.238229072694125,0.9621052805629958
7,72,2,72.2,2.4017771198288433,-2202.6938885212808,-1048.8283169999709,2439.6518614486768,-154.53821415895078,1.0157694655791094
7,72,3,72.3,2.4017771198288433,175.83440657366012,2392.8803385187284,2399.3320014130213,85.79732647138081,0.9989819544887678
7,73,1,73.1,2.4017771198288433,176.5858923789235,2389.979525322819,2396.4942538736764,85.77432561064374,0.9978004345567488
7,76,1,76.1,2.4017771198288433,1863.894016973604,-1367.6371273389707,2311.824435069841,-36.26945691836872,0.9625474470481206
7,76,2,76.2,2.4017771198288433,-2204.6829982299505,-1046.425485270064,2440.4166486292647,-154.60922501217408,1.0160878911208775
7,76,3,76.3,2.4017771198288433,177.20364819075652,2395.423134023589,2401.96859345569,85.76919793658134,1.0000797216466366
7,74,1,74.1,2.4017771198288433,177.0370593041614,2388.3360451734925,2394.8885537832493,85.76066392807884,0.9971318878888792
7,75,1,75.1,2.4017771198288433,176.99758845905131,2388.7087295836222,2395.2573016503516,85.76226451542641,0.9972854191487358
7,86,1,86.1,2.4017771198288433,1864.6075974263592,-1367.2580264248184,2312.17559956055,-36.251422256766496,0.9626936573220921
7,86,2,86.2,2.4017771198288433,-2205.8924774896127,-1041.5743933992924,2439.4341227486275,-154.7243390407271,1.0156788082494796
7,86,3,86.3,2.4017771198288433,177.19715425816537,2400.634545602018,2407.165356392244,85.77850327185254,1.0022434373776468
7,78,1,78.1,2.4017771198288433,1865.396466310095,-1371.985249003296,2315.60953098851,-36.33420569049118,0.9641234034045283
7,78,2,78.2,2.4017771198288433,-2210.2931487002943,-1045.2078119945186,2444.9652703966635,-154.69137654383184,1.0179817478529807
7,78,3,78.3,2.4017771198288433,180.87033000425828,2398.5206561240084,2405.3306247020164,85.68753769854158,1.001479531486846
7,79,1,79.1,2.4017771198288433,1864.6178219037392,-1372.0308476182838,2315.0093452461897,-36.34653290565797,0.9638735110488367
7,79,2,79.2,2.4017771198288433,-2210.568253340638,-1045.229990405313,2445.223453085662,-154.69366244534328,1.0180892443758125
7,79,3,79.3,2.4017771198288433,180.5247946191472,2398.465449401304,2405.2496156208163,85.69564655165883,1.0014458026780688
7,80,1,80.1,2.4017771198288433,1867.4699633828018,-1376.5630550612827,2319.993514796241,-36.3949401326255,0.9659487117445642
7,80,2,80.2,2.4017771198288433,-2215.236479311231,-1044.5292380264116,2449.145562918475,-154.755165195359,1.0197222476217975
7,80,3,80.3,2.4017771198288433,185.18283177397154,2400.374540549631,2407.5071372900807,85.58851350475385,1.0023857407142116
7,81,1,81.1,2.4017771198288433,1868.1427317976165,-1378.4562638725042,2321.658660909826,-36.4226975192758,0.9666420092615725
7,81,2,81.2,2.4017771198288433,-2217.3299041869996,-1044.8504128409331,2451.176103264675,-154.7692442735322,1.020567680084883
7,81,3,81.3,2.4017771198288433,186.6772848249448,2400.829868249454,2408.0765072871554,85.55389438443189,1.0026228026765285
7,82,1,82.1,2.4017771198288433,1868.693558760572,-1380.6874715487145,2323.427104654853,-36.45890618320652,0.9673783156117443
7,82,2,82.2,2.4017771198288433,-2220.650366060949,-1044.8829325703346,2454.1940410373854,-154.8016014380966,1.0218242237282522
7,82,3,82.3,2.4017771198288433,188.04345245121672,2402.611823966154,2409.9593184682067,85.52479626985485,1.0034067268656246
7,84,1,84.1,2.4017771198288433,188.10781750335866,2394.907134066241,2402.2832330529327,85.50892736183111,1.0002107244756022
7,83,1,83.1,2.4017771198288433,1870.2042325705822,-1382.8648327097592,2325.9361592851833,-36.47993089178131,0.9684229815008544
7,83,2,83.2,2.4017771198288433,-2223.6316685682177,-1044.8889521812798,2456.894527620176,-154.83107504479236,1.0229485939125196
7,83,3,83.3,2.4017771198288433,189.83566842461516,2404.4607626927555,2411.943021784563,85.4857790210616,1.0042326583394399
7,85,1,85.1,2.4017771198288433,188.77875835290746,2392.1273376273043,2399.5646728165425,85.48775871663835,0.9990788291744329
7,87,1,87.1,2.4017771198288433,1863.9441573249876,-1367.2084831520883,2311.611312056807,-36.26015584562817,0.9624587114984001
7,87,2,87.2,2.4017771198288433,-2206.4455372225384,-1038.5444724713227,2438.642353857981,-154.794259803962,1.0153491486469672
7,87,3,87.3,2.4017771198288433,177.66005821519107,2402.6515823964282,2409.2110166353395,85.77105549189545,1.0030951651363162
7,88,1,88.1,2.4017771198288433,1863.115755769524,-1368.111016552205,2311.4774653905133,-36.29033982126921,0.9624029833189663
7,89,1,89.1,2.4017771198288433,1863.8203092083897,-1366.3917971186997,2311.028491440754,-36.24564548644413,0.9622160492583274
7,89,2,89.2,2.4017771198288433,-2207.0718441515005,-1037.1972198727206,2438.635724776869,-154.82916631061218,1.0153463885735794
7,89,3,89.3,2.4017771198288433,177.9339577386903,2404.0406127832994,2410.616469127359,85.76699770869016,1.0036803370410763
7,90,1,90.1,2.4017771198288433,-2207.780361397784,-1035.5536154039103,2438.578564358721,-154.87119704588935,1.0153225893552105
7,91,1,91.1,2.4017771198288433,1863.9734483535046,-1365.9677336703528,2310.901310224081,-36.23492107319893,0.9621630962946144
7,91,2,91.2,2.4017771198288433,-2206.8918061083978,-1036.7995166745627,2438.3036483680603,-154.83582488727922,1.0152081257822207
7,91,3,91.3,2.4017771198288433,178.44160625218527,2404.9169929372024,2411.5279699310927,85.75650625715325,1.004059848027424
7,92,1,92.1,2.4017771198288433,180.56355331515428,2404.6491056728005,2411.4187770270833,85.70575560742934,1.0040143846482004
7,94,1,94.1,2.4017771198288433,1862.0959736465427,-1365.1672723325912,2308.913834797365,-36.24643818125104,0.9613355942710887
7,95,1,95.1,2.4017771198288433,1863.8662431050898,-1365.341227150413,2310.4445543538322,-36.223960799797524,0.9619729221662667
7,95,2,95.2,2.4017771198288433,-2206.6074088793835,-1035.5304076626858,2437.5068168346597,-154.8599826551658,1.0148763583060374
7,95,3,95.3,2.4017771198288433,178.1667014737059,2405.9596495383435,2412.5474521179244,85.76484937470052,1.004484317966127
7,96,1,96.1,2.4017771198288433,-2206.1756248931256,-1035.1245722023493,2436.943529885268,-154.86430770588214,1.0146418290715213
7,98,1,98.1,2.4017771198288433,1867.347734559627,-1363.7878136616828,2312.337510498215,-36.14193166973001,0.9627610702957309
7,98,2,98.2,2.4017771198288433,-2200.3750161743037,-1053.0348005856151,2439.3713335711013,-154.4255936668875,1.0156526654500468
7,98,3,98.3,2.4017771198288433,174.0003936252674,2391.4078615798,2397.7296964852853,85.83845531955063,0.9983148214252926
7,99,1,99.1,2.4017771198288433,1868.1014926917953,-1363.7339324147406,2312.9144872685383,-36.129841159231034,0.9630012994017374
7,99,2,99.2,2.4017771198288433,-2198.948303766269,-1051.8698826468474,2437.581566359584,-154.43581602791085,1.0149074808961842
7,99,3,99.3,2.4017771198288433,175.39009384158084,2390.669553856467,2397.0946165627333,85.80404540286331,0.9980504005856948
7,100,1,100.1,2.4017771198288433,1868.3575775461234,-1364.061371874595,2313.3143893155598,-36.132651694908766,0.9631678019650768
7,100,2,100.2,2.4017771198288433,-2198.630233026031,-1052.233186498554,2437.451451894991,-154.42488573129705,1.0148533066501566
7,100,3,100.3,2.4017771198288433,175.98737671909157,2389.8003748801834,2396.2715598491613,85.78828181448655,0.9977077140363156
7,450,1,450.1,2.4017771198288433,1868.3576347725623,-1364.061482722138,2313.31450089672,-36.13265307652036,0.9631678484228264
7,450,2,450.2,2.4017771198288433,-2198.6303744869815,-1052.233193021393,2437.451582311485,-154.4248870284784,1.014853360950155
7,450,3,450.3,2.4017771198288433,175.98744740780083,2389.8004782789376,2396.271668160218,85.78828031042802,0.9977077591325303
7,197,1,197.1,2.4017771198288433,1868.0120852215641,-1363.7583897182808,2312.8566959629848,-36.13163643713341,0.9629772375081185
7,197,2,197.2,2.4017771198288433,-2200.7175087003343,-1053.5862929528475,2439.9183653963364,-154.41738384638154,1.0158804267276105
7,197,3,197.3,2.4017771198288433,173.70929622189976,2391.8200410804902,2398.1196860265723,85.84610651128416,0.9984771968339295
7,105,1,105.1,2.4017771198288433,1862.1074916728876,-1365.236061515209,2308.9637966425225,-36.24764582973321,0.961356396303361
7,105,2,105.2,2.4017771198288433,-2198.476407745548,-1048.1742634091793,2435.5631385548486,-154.50945277094095,1.0140670915910852
7,105,3,105.3,2.4017771198288433,177.21139886844597,2388.363738914257,2394.929065598687,85.75655345344083,0.9971487553222073
7,108,1,108.1,2.4017771198288433,1858.4634680450747,-1366.1440766085234,2306.5636995562645,-36.31935765320741,0.9603570957993954
7,108,2,108.2,2.4017771198288433,-2197.0902714451618,-1044.8364639307679,2432.876671193656,-154.5663592304584,1.0129485584270321
7,108,3,108.3,2.4017771198288433,179.36999859156808,2386.229030147754,2392.961048724912,85.70122874512516,0.9963293550300123
7,300,1,300.1,2.4017771198288433,1898.5913677425528,-1351.8965935991853,2330.7238320855645,-35.452859404354385,0.9704163691307284
7,300,2,300.2,2.4017771198288433,-2198.324979992609,-1084.9312410057826,2451.4706841750835,-153.73244808333308,1.0206903313117504
7,300,3,300.3,2.4017771198288433,157.48006777048508,2395.6598288469904,2400.8302704056755,86.23904020869988,0.9996057713201818
7,135,1,135.1,2.4017771198288433,1923.5087602655342,-1345.105463976264,2347.167369412981,-34.96500960465673,0.9772627734834305
7,135,2,135.2,2.4017771198288433,-2196.836938809393,-1106.0011646224148,2459.538800642015,-153.27695573104006,1.024049559110334
7,135,3,135.3,2.4017771198288433,142.92470554446118,2400.0522877781623,2404.3041520415345,86.59202307508538,1.0010521510059482
7,152,1,152.1,2.4017771198288433,1681.3107885676725,-1240.4550745053207,2089.386216002214,-36.41955262760187,0.869933433353345
7,152,2,152.2,2.4017771198288433,-2365.5258989298586,-1117.900994666158,2616.374478621801,-154.70550347115153,1.089349405913339
7,152,3,152.3,2.4017771198288433,157.21898899727861,2175.1069336073037,2180.7815074252385,85.86579131701338,0.9079866276603744
7,160r,1,160r.1,2.4017771198288433,1860.4725178745252,-1365.5835831023105,2307.8510593634333,-36.27860410711674,0.9608930988267124
7,160r,2,160r.2,2.4017771198288433,-2201.0910399506333,-1044.7243521750875,2436.4422296000816,-154.6091454421092,1.0144331085033023
7,160r,3,160r.3,2.4017771198288433,176.65117158243643,2390.8665301799497,2397.383657564254,85.77433175959774,0.9981707452251429
7,160,1,160.1,2.4017771198288433,1691.3180184436908,-1241.447991899457,2098.034736629374,-36.27912182742764,0.8735343172804
7,160,2,160.2,2.4017771198288433,-2363.5875489697246,-1121.8300854822126,2616.3044246298514,-154.6095707817548,1.0893202383476348
7,160,3,160.3,2.4017771198288433,160.6079860468474,2173.5036199719157,2179.4294921407864,85.77388986425207,0.9074237047841051
7,61s,1,61s.1,2.4017771198288433,1691.3180133931269,-1241.447970176531,2098.034719704014,-36.27912143080735,0.8735343102333848
7,61s,2,61s.2,2.4017771198288433,-2363.587539393879,-1121.8300822034219,2616.3044145730723,-154.6095707567042,1.0893202341604107
7,61s,3,61s.3,2.4017771198288433,160.60797079576076,2173.5036146450207,2179.429485704482,85.77389025378305,0.9074237021042959
7,610,1,610.1,0.24017771198288432,214.8313679012943,-135.94497697859617,254.23129901735606,-32.32556904935706,1.0585132855103276
7,610,2,610.2,0.24017771198288432,-253.04234554434936,-122.14291508750306,280.9792169265529,-154.23351113042582,1.1698804797781412
7,610,3,610.3,0.24017771198288432,38.21097830411469,258.0878938728636,260.9012070242069,81.5783022651417,1.0862840055816643
7,x1,1,x1.1,0.24017771198288432,196.64576827913513,-131.29928230742203,236.4509668335814,-33.73081539398154,0.9844833847465059
7,x2,1,x2.1,0.24017771198288432,-214.6966000677496,-111.47345738385835,241.91106171847971,-152.56103369591415,1.0072169466570609
7,x4,1,x4.1,0.24017771198288432,12.831753724138592,238.74885854248046,239.09343646151035,86.9235511615375,0.9954855281432141
7,x5,1,x5.1,0.24017771198288432,12.86881507648723,238.60245093472972,238.94923308839668,86.91279323662866,0.9948851253334648
7,x6,1,x6.1,0.24017771198288432,12.898280556364853,238.48154591082488,238.83009312339092,86.90417256524606,0.9943890761204793
7,x7,1,x7.1,0.24017771198288432,194.6213321731685,-131.7631857957839,235.02978549093103,-34.09891754706249,0.9785661773132383
7,x9,1,x9.1,0.24017771198288432,192.98328980352036,-131.97516286813902,233.79476845614263,-34.366988599673626,0.9734240805525013
7,x10,1,x10.1,0.24017771198288432,192.6799180902147,-131.87001024388468,233.48501116126081,-34.3877130150496,0.9721343801372359
7,x11,1,x11.1,0.24017771198288432,192.73859951978315,-131.8689595666909,233.53284617382823,-34.379368943763495,0.9723335452145134
7,x12,1,x12.1,0.24017771198288432,-215.43411068586215,-110.19531530191179,241.9811223246476,-152.91009414395492,1.0075086498529546
7,x16,1,x16.1,0.24017771198288432,14.832796488678916,236.87027377558363,237.33423362463853,86.41682176767864,0.9881609399358071
7,x17,1,x17.1,0.24017771198288432,14.801650731978839,236.9882215538208,237.45000741131668,86.42610112883703,0.9886429737836705
7,x19,1,x19.1,0.24017771198288432,187.17147896507987,-133.63206885799272,229.97976512128767,-35.525140099988924,0.9575399949587188
7,x20,1,x20.1,0.24017771198288432,187.19085073283833,-133.6088157896882,229.98202159039866,-35.517621080654656,0.9575493899566658
7,x22,1,x22.1,0.24017771198288432,-216.82468411121738,-106.84166600528987,241.71902125135935,-153.76795007427557,1.0064173701037875
7,x24,1,x24.1,0.24017771198288432,16.06461386799011,235.53870534106304,236.08590286688388,86.09825767838264,0.9829634103755138
7,x28,1,x28.1,0.24017771198288432,187.38867072830627,-133.925424441745,230.32701367669216,-35.55313763328406,0.9589857933741406
7,x29,1,x29.1,0.24017771198288432,187.5628319638005,-133.9954088067621,230.509404397244,-35.54211895952525,0.959745192400162
7,x30,1,x30.1,0.24017771198288432,15.99480077352178,235.3383584879874,235.88127655158456,86.1118646370745,0.9821114315902637
7,x31,1,x31.1,0.24017771198288432,15.925812150742686,232.09825249824266,232.643999074549,86.07470638066972,0.9686327559450137
7,x32,1,x32.1,0.24017771198288432,15.949119763496762,232.0078184292581,232.55537455310287,86.06745220390512,0.9682637603345783
7,x33,1,x33.1,0.24017771198288432,189.3466657607446,-135.54523610239684,232.86191372735394,-35.59726666712467,0.9695400618353308
7,x34,1,x34.1,0.24017771198288432,14.715916662058811,237.26442056924026,237.7203471965788,86.4508744176315,0.9897685560994909
7,x52,1,x52.1,0.24017771198288432,163.76988562318155,-123.22803914561874,204.95298258064972,-36.95949527598035,0.8533388918088086
7,x53,1,x53.1,0.24017771198288432,163.83671900383715,-123.22483776075917,205.00446613453988,-36.947549592456205,0.8535532478931643
7,x55,1,x55.1,0.24017771198288432,164.25384112223466,-123.27299868910326,205.3668827469803,-36.88833744095972,0.8550621997831975
7,x56,1,x56.1,0.24017771198288432,-234.98859242461688,-109.87092406659441,259.40558691930687,-154.94115853756097,1.080056866133327
7,x58,1,x58.1,0.24017771198288432,-234.75732027943042,-109.81313373195012,259.17161064593904,-154.9310766656963,1.0790826863418879
7,x59,1,x59.1,0.24017771198288432,-233.35022088322648,-108.08010769321567,257.1646073339558,-155.14798743630118,1.070726360122383
7,x60,1,x60.1,0.24017771198288432,164.74841341503736,-123.33427004715413,205.7993729116695,-36.81933019816091,0.8568629087712156
7,x62,1,x62.1,0.24017771198288432,17.60182182989425,213.00623269389288,213.73226078010822,85.27608237377663,0.8898921511723757
7,x63,1,x63.1,0.24017771198288432,164.6113303324322,-123.16445578015899,205.58787231117466,-36.804339819617944,0.8559823083243685
7,x64,1,x64.1,0.24017771198288432,-232.74056704190835,-108.41426947856239,256.7524593330303,-155.02314509259293,1.0690103474352655
7,x65,1,x65.1,0.24017771198288432,99.76718592482143,-222.46237348120155,243.80934970227761,-65.84530701691972,1.0151206275112326
7,x65,2,x65.2,0.24017771198288432,-266.32986398799534,8.700485682939876,266.47194017941763,178.12892222712532,1.1094782191879948
7,x65,3,x65.3,0.24017771198288432,166.56267806317385,213.76188779826165,270.99311872933805,52.0743760062341,1.1283025243768237
7,x66,1,x66.1,0.24017771198288432,17.64270139582067,211.438429113239,212.17321748612923,85.23021391556146,0.8834009439695605
7,x68,1,x68.1,0.24017771198288432,181.15541109012528,-135.58363199856964,226.27462127502466,-36.81258503480437,0.9421133185378565
7,x69,1,x69.1,0.24017771198288432,180.76388821951974,-135.4502031733404,225.881253812569,-36.84499629047947,0.9404755001940642
7,x70,1,x70.1,0.24017771198288432,180.48649300476225,-135.35560017705978,225.6025546319238,-36.868014306843826,0.9393151128361187
7,x71,1,x71.1,0.24017771198288432,180.33005751923486,-135.3022335732733,225.44539040487643,-36.881017078548226,0.9386607464265554
7,x73,1,x73.1,0.24017771198288432,19.440855582031507,234.49470554032817,235.29920057706659,85.26071413412096,0.9796879095668736
7,x74,1,x74.1,0.24017771198288432,19.417063845738856,234.50370806096254,235.3062078712133,85.26666859774983,0.9797170850223681
7,x75,1,x75.1,0.24017771198288432,19.48199560335475,234.36486190460957,235.173205634179,85.24811169894696,0.9791633190799072
7,x76,1,x76.1,0.24017771198288432,109.36003567315791,-247.9258843958729,270.97391305420916,-66.19773809509188,1.1282225599414464
7,x76,2,x76.2,0.24017771198288432,-267.0562048295272,21.69097593553696,267.93565454225467,175.35648616646554,1.1155725164096344
7,x76,3,x76.3,0.24017771198288432,157.69616915636928,226.23490846033593,275.7722168251378,55.12172396898914,1.1482006991755755
7,x77,1,x77.1,0.24017771198288432,-217.93556326245923,-100.83727308734287,240.13343244583152,-155.17034690253448,0.9998156384425214
7,x79,1,x79.1,0.24017771198288432,182.03616820939826,-136.38138459944804,227.4577952096232,-36.840528235986994,0.9470395622131351
7,x80,1,x80.1,0.24017771198288432,-218.54767104410288,-100.76812231942364,240.6601317098113,-155.24648315983154,1.0020085948981035
7,x82,1,x82.1,0.24017771198288432,181.96231902239728,-137.14513830737334,227.85757504493293,-37.00536106904913,0.9487040790078417
7,x83,1,x83.1,0.24017771198288432,20.731848826575796,235.96367044457867,236.87267323489579,84.97886682904873,0.9862391946334136
7,x84,1,x84.1,0.24017771198288432,20.567916384782023,234.99046814027798,235.88887065989016,84.99784299656906,0.9821430502956087
7,x85,1,x85.1,0.24017771198288432,20.635336758827734,234.70659261887712,235.6119728322688,84.97549108669106,0.9809901630217008
7,x86,1,x86.1,0.24017771198288432,-217.60299754295517,-100.45611085930904,239.67163943332375,-155.21965916423707,0.9978929245957817
7,x87,1,x87.1,0.24017771198288432,-217.65278491635416,-100.1555465244118,239.5910438256162,-155.28990812748904,0.9975573580394923
7,x88,1,x88.1,0.24017771198288432,181.42975587667058,-135.90711798833985,226.68811401872134,-36.83649421337796,0.9438349301740193
7,x90,1,x90.1,0.24017771198288432,-217.78637105125057,-99.86667499711562,239.59185334783925,-155.36601739651297,0.9975607285530024
7,x92,1,x92.1,0.24017771198288432,19.822222057755216,235.98823803325547,236.81927492783902,85.19861709586161,0.9860168663140374
7,x94,1,x94.1,0.24017771198288432,181.3330758199852,-135.61759212007607,226.4372223791482,-36.79252768634162,0.9427903218400411
7,x95,1,x95.1,0.24017771198288432,-217.66328723761947,-99.85582485098698,239.47545253690916,-155.35610238492035,0.9970760840372016
7,x96,1,x96.1,0.24017771198288432,-217.61911257873388,-99.81459880582132,239.41811187611248,-155.36066158258583,0.9968373413981645
7,x98,1,x98.1,0.24017771198288432,181.84861855033768,-135.48707779259206,226.77228295680692,-36.688107826999044,0.9441853745903254
7,x99,1,x99.1,0.24017771198288432,-216.92491700583918,-101.46779099373784,239.48305206661092,-154.93190582801842,0.997107725314983
7,x100,1,x100.1,0.24017771198288432,19.31517313725186,234.64846745071114,235.44209307235073,85.29428648415754,0.9802828544270958
8,sourcebus,1,sourcebus.1,66.39528095680697,66339.29354283136,-85.42782751752564,66339.34854726614,-0.07378208302752698,0.9991575845642221
8,sourcebus,2,sourcebus.2,66.39528095680697,-33264.812494810634,-57429.92276399507,66368.24375402252,-120.08046943854417,0.9995927842702852
8,sourcebus,3,sourcebus.3,66.39528095680697,-33074.481041542145,57515.35060273386,66347.0937654599,119.9012633815428,0.9992742377070681
8,150,1,150.1,2.4017771198288433,1971.461022597616,-1273.3313780981819,2346.9195474219077,-32.85769347689848,0.9771595907238699
8,150,2,150.2,2.4017771198288433,-2101.8455865157466,-1122.4062812918596,2382.761156691779,-151.89734312395498,0.9920825446374394
8,150,3,150.3,2.4017771198288433,99.43403229849892,2367.7708346822537,2369.8577704898316,87.59528888789349,0.9867101118269932
8,150r,1,150r.1,2.4017771198288433,2033.0568883823405,-1313.1334519929878,2420.2561381271003,-32.858059521292944,1.0076938938861961
8,150r,2,150r.2,2.4017771198288433,-2167.532105730206,-1157.4722321027807,2457.221479122347,-151.89757551610242,1.0230847229061182
8,150r,3,150r.3,2.4017771198288433,102.55395657590842,2441.760890284511,2443.913574440058,87.59499076040923,1.017543865441693
8,40,1,40.1,2.4017771198288433,1887.756987622123,-1350.3328861150574,2320.996628097502,-35.57654826203212,0.9663663663607979
8,40,2,40.2,2.4017771198288433,-2191.9109293836555,-1080.3726922252245,2443.70183869831,-153.76173711927302,1.0174557074939803
8,40,3,40.3,2.4017771198288433,162.125844775521,2382.46714009655,2387.9770650456444,86.10704899636623,0.9942542317231408
8,401,1,401.1,2.4017771198288433,1887.756987622123,-1350.3328861150574,2320.996628097502,-35.57654826203212,0.9663663663607979
8,401,2,401.2,2.4017771198288433,-2191.9109293836555,-1080.3726922252245,2443.70183869831,-153.76173711927302,1.0174557074939803
8,401,3,401.3,2.4017771198288433,162.125844775521,2382.46714009655,2387.9770650456444,86.10704899636623,0.9942542317231408
8,101,1,101.1,2.4017771198288433,1846.145016362213,-1363.9799095604433,2295.363286088621,-36.45795191615407,0.955693709935997
8,101,2,101.2,2.4017771198288433,-2193.7562825205628,-1040.008590429699,2427.7941624581786,-154.63546312785502,1.0108324133886284
8,101,3,101.3,2.4017771198288433,183.9251203889035,2375.681290219519,2382.7903899858984,85.57299460687797,0.9920947161640469
8,1011,1,1011.1,2.4017771198288433,1846.145016362213,-1363.9799095604433,2295.363286088621,-36.45795191615407,0.955693709935997
8,1011,2,1011.2,2.4017771198288433,-2193.7562825205628,-1040.008590429699,2427.7941624581786,-154.63546312785502,1.0108324133886284
8,1011,3,1011.3,2.4017771198288433,183.9251203889035,2375.681290219519,2382.7903899858984,85.57299460687797,0.9920947161640469
8,30,1,30.1,2.4017771198288433,1905.7193148878023,-1348.4702183176355,2334.55307003847,-35.28288892207754,0.972010704392436
8,30,2,30.2,2.4017771198288433,-2196.6493200233363,-1104.1900437772588,2458.557277741523,-153.31268891689535,1.0236408938381119
8,30,3,30.3,2.4017771198288433,148.94990982458643,2385.414064130853,2390.0599015485004,86.4269786170971,0.9951214381286229
8,301,1,301.1,2.4017771198288433,1909.9049176785072,-1346.386985922946,2336.7701449725905,-35.18191318602764,0.9729338020919754
8,301,2,301.2,2.4017771198288433,-2196.7717067755484,-1108.6282779214357,2460.6630387553278,-153.22163487372507,1.0245176450555415
8,301,3,301.3,2.4017771198288433,145.0699860652495,2387.8229635970224,2392.225701378998,86.5233209980687,0.9960231870097398
8,93,1,93.1,2.4017771198288433,1843.4068110933324,-1364.846803869987,2293.677280965962,-36.51601436271269,0.954991727596029
8,93,2,93.2,2.4017771198288433,-2200.044928694433,-1023.5390010739251,2426.485065891299,-155.05047907975697,1.0102873600795301
8,93,3,93.3,2.4017771198288433,187.18543044770428,2390.666771428452,2397.9837358464365,85.52296512761696,0.998420592838907
8,931,1,931.1,2.4017771198288433,1847.7113810149783,-1362.8184124490542,2295.9336603748893,-36.411410989291234,0.9559311900425229
8,931,2,931.2,2.4017771198288433,-2200.3050493305223,-1028.0299486260433,2428.6185137607463,-154.95700483802523,1.011175638950968
8,931,3,931.3,2.4017771198288433,183.35670427515979,2393.128475420479,2400.142408456422,85.61867216418294,0.9993193742421287
8,77,1,77.1,2.4017771198288433,1845.2735583004799,-1370.439808485066,2298.5081626227693,-36.60037466780703,0.9570031055948134
8,77,2,77.2,2.4017771198288433,-2202.5261597469043,-1033.3345978959258,2432.8793384749233,-154.8659635985328,1.0129496689719055
8,77,3,77.3,2.4017771198288433,189.17146840556518,2382.9867495818808,2390.48356889177,85.46113949607883,0.9952978355719043
8,771,1,771.1,2.4017771198288433,1849.5720906509698,-1368.4220311247125,2300.7598253147767,-36.496210081993745,0.9579406041967519
8,771,2,771.2,2.4017771198288433,-2202.771210403033,-1037.8145763049904,2435.007207416756,-154.77297956256416,1.0138356250101512
8,771,3,771.3,2.4017771198288433,185.3333947775786,2385.4602638987303,2392.648979240286,85.5574474296523,0.9961994222889391
8,149,1,149.1,2.4017771198288433,2033.0566006697675,-1313.1331209452962,2420.255716830444,-32.85805663349966,1.0076937184758081
8,149,2,149.2,2.4017771198288433,-2167.5318556198363,-1157.4721251511514,2457.2212081187754,-151.89757496880983,1.0230846100715136
8,149,3,149.3,2.4017771198288433,102.5538844015499,2441.7605469551936,2443.9132283845047,87.59499211322974,1.017543721358568
8,1,1,1.1,2.4017771198288433,2004.109731731551,-1320.4802789231787,2400.025829828951,-33.380336562445,0.999270835755144
8,1,2,1.2,2.4017771198288433,-2173.012447343668,-1147.2790755694468,2457.281500673051,-152.16742025360136,1.0231097133809666
8,1,3,1.3,2.4017771198288433,114.2963065985494,2428.6999855030795,2431.387929822127,87.3056087824692,1.0123287085003931
8,2,1,2.1,2.4017771198288433,-2172.625754671985,-1146.8800220337719,2456.7532344141114,-152.1714396754435,1.0228897653039453
8,3,1,3.1,2.4017771198288433,115.3494663070576,2424.856374864098,2427.598388963129,87.27651530671436,1.0107509014558878
8,7,1,7.1,2.4017771198288433,1982.8762030252162,-1325.2887263767334,2384.9922944917375,-33.75745470580371,0.9930114975288373
8,7,2,7.2,2.4017771198288433,-2177.5493558581556,-1139.169421483665,2457.5248051732246,-152.38400546856644,1.0232110152453922
8,7,3,7.3,2.4017771198288433,121.70428571473185,2421.1041915773376,2424.161182684577,87.1222728042919,1.0093197918620063
8,4,1,4.1,2.4017771198288433,115.68961199222124,2423.6156929790955,2426.3753035294135,87.2671001906726,1.010241659601755
8,5,1,5.1,2.4017771198288433,116.16576821677151,2421.8757255209202,2424.660082480197,87.25390078682814,1.009527512966309
8,6,1,6.1,2.4017771198288433,116.58297909006913,2420.3519155511704,2423.1580604916667,87.24232089705787,1.0089021335436599
8,8,1,8.1,2.4017771198288433,1969.123463875179,-1328.4526822627947,2375.338659011594,-34.00524199489675,0.9889921256227415
8,8,2,8.2,2.4017771198288433,-2180.395929228654,-1133.7263477005683,2457.531655883064,-152.52721355695948,1.0232138675957552
8,8,3,8.3,2.4017771198288433,126.7851520958025,2416.058178750278,2419.382482762506,86.99609999559215,1.0073301401650945
8,12,1,12.1,2.4017771198288433,-2179.8955567741004,-1133.2164417966646,2456.8524869030616,-152.53238071024128,1.0229310899081856
8,9,1,9.1,2.4017771198288433,1965.6745882186738,-1327.4640863562706,2371.9269565765176,-34.032038400247785,0.9875716347674871
8,13,1,13.1,2.4017771198288433,1951.3620978975473,-1333.1617683637512,2363.288881566932,-34.340712856443936,0.98397509996071
8,13,2,13.2,2.4017771198288433,-2183.5972601431736,-1125.8287328699382,2456.743236534967,-152.7250732554707,1.0228856026033093
8,13,3,13.3,2.4017771198288433,135.36724544972125,2408.4010505401925,2412.202294871586,86.78300261501302,1.0043406088586129
8,9r,1,9r.1,2.4017771198288433,1965.667970922457,-1327.4676864945195,2371.9234875091397,-34.03219992872997,0.9875701903922579
8,14,1,14.1,2.4017771198288433,1961.8436661048745,-1326.3708360244773,2368.140655639374,-34.061991002142456,0.9859951766915548
8,34,1,34.1,2.4017771198288433,135.98148583974162,2406.0789941205485,2409.918482114973,86.76532398855076,1.0033897243082697
8,18,1,18.1,2.4017771198288433,1907.8704632154654,-1345.6696018267698,2334.69406597323,-35.19629086775655,0.972069409229615
8,18,2,18.2,2.4017771198288433,-2193.250751691774,-1097.6041675005185,2452.5667714276483,-153.41449676316364,1.0211466964105413
8,18,3,18.3,2.4017771198288433,150.249018884274,2388.010832498115,2392.732852577577,86.39980613635754,0.9962343436547056
8,11,1,11.1,2.4017771198288433,1960.360405321686,-1325.9454093788786,2366.6736461552796,-34.073570891912745,0.9853843750180844
8,10,1,10.1,2.4017771198288433,1961.077319314114,-1326.1509741352675,2367.3826599280796,-34.067970925426366,0.9856795788348527
8,15,1,15.1,2.4017771198288433,136.23005925822892,2405.1385109224334,2408.99354207679,86.75815914585654,1.0030046177842102
8,16,1,16.1,2.4017771198288433,136.8513988312155,2402.7867923521876,2406.6808419198787,86.74022448847174,1.002041705723046
8,17,1,17.1,2.4017771198288433,136.5200701723013,2404.041685449423,2407.914897777401,86.74979354808096,1.0025555152049226
8,19,1,19.1,2.4017771198288433,1904.7464875802614,-1344.70355127182,2331.584616254016,-35.22113876224682,0.97077476382162
8,20,1,20.1,2.4017771198288433,1902.7662782139319,-1344.0912225391505,2329.6138572765412,-35.23692409215486,0.9699542218316058
8,21,1,21.1,2.4017771198288433,1907.8704533789728,-1345.6695840163243,2334.6940476694485,-35.1962906497138,0.9720694016086825
8,21,2,21.2,2.4017771198288433,-2193.250784521176,-1097.6041662261096,2452.5668002155753,-153.4144971330214,1.0211467083966357
8,21,3,21.3,2.4017771198288433,150.2490177779846,2388.0108289471614,2392.7328489641627,86.39980615745681,0.9962343421502303
8,22,1,22.1,2.4017771198288433,-2193.5710056465223,-1097.8254137474107,2452.9521796975105,-153.41322307706045,1.0213071643684881
8,23,1,23.1,2.4017771198288433,1906.5971586192593,-1346.4278427402835,2334.090971012331,-35.229516402322936,0.9718183055964261
8,23,2,23.2,2.4017771198288433,-2194.3426590237696,-1099.2479128442828,2454.2790548558287,-153.39158844187,1.021859619942889
8,23,3,23.3,2.4017771198288433,149.67052969210897,2387.2204949985476,2391.9078074205595,86.41244712613259,0.9958908292002602
8,24,1,24.1,2.4017771198288433,149.67831960309712,2387.4631779345505,2392.150502236962,86.41262462947176,0.9959918772177464
8,25,1,25.1,2.4017771198288433,1905.211024336079,-1347.2923337762056,2333.4578804649263,-35.266488714754296,0.9715547130498164
8,25,2,25.2,2.4017771198288433,-2195.534159027576,-1101.080853679317,2456.1655664462237,-153.36580824576475,1.0226450848283775
8,25,3,25.3,2.4017771198288433,149.05957037088126,2386.2803801349924,2390.9313683450546,86.42564963140624,0.9954842806211087
8,25r,1,25r.1,2.4017771198288433,1929.021485983714,-1364.13589979856,2362.6236785628903,-35.26660194557417,0.9836981371240878
8,25r,2,25r.2,2.4017771198288433,147.200781623709,2356.4491982728728,2361.0423321388153,86.42553765994815,0.983039730308976
8,26,1,26.1,2.4017771198288433,1927.9520103052141,-1364.6440684562997,2362.0441121225654,-35.291644790270595,0.9834568297873079
8,26,2,26.2,2.4017771198288433,147.54275783746738,2355.2458733075487,2359.8627055662632,86.41542939111552,0.9825485829153178
8,28,1,28.1,2.4017771198288433,1904.742476718589,-1347.604585004029,2333.2556696898746,-35.279392372365436,0.9714705209016847
8,28,2,28.2,2.4017771198288433,-2196.2680568992055,-1102.1491328068032,2457.3005694669505,-153.35121395554904,1.023117652832859
8,28,3,28.3,2.4017771198288433,148.49173742500253,2386.313689951592,2390.9292802033856,86.43928036803726,0.9954834112058529
8,27,1,27.1,2.4017771198288433,1926.8699251113735,-1364.7261140293308,2361.208392881134,-35.30843962967871,0.9831088710885045
8,27,2,27.2,2.4017771198288433,147.16061204193818,2355.208458948255,2359.8015024230267,86.42463291029131,0.9825231004745321
8,31,1,31.1,2.4017771198288433,147.91461028474882,2353.8024922721847,2358.4454423544416,86.4042209823689,0.9819584935185454
8,33,1,33.1,2.4017771198288433,1923.824770174431,-1363.77918496587,2358.176289356433,-35.33242742587344,0.9818464294157663
8,29,1,29.1,2.4017771198288433,1904.598470912922,-1348.0393754867434,2333.389271696116,-35.290150095545734,0.9715261472148586
8,29,2,29.2,2.4017771198288433,-2196.677141231366,-1103.1194312788125,2458.101491491614,-153.3352766052841,1.0234511234193058
8,29,3,29.3,2.4017771198288433,148.4345780689285,2385.8505777560263,2390.463512238843,86.43995836048049,0.9952894848166401
8,250,1,250.1,2.4017771198288433,1905.7193179279616,-1348.4702253497856,2334.5530765820504,-35.282889019864136,0.9720107071169104
8,250,2,250.2,2.4017771198288433,-2196.649328426291,-1104.190043891965,2458.5572853008357,-153.31268900245735,1.0236408969854949
8,250,3,250.3,2.4017771198288433,148.94991356904518,2385.4140718196104,2390.0599094556687,86.42697853899432,0.9951214414208386
8,32,1,32.1,2.4017771198288433,148.16248873590305,2352.8400143939984,2357.5004255359036,86.3967414435231,0.9815650278589985
8,35,1,35.1,2.4017771198288433,1890.6582758310315,-1350.0704720959845,2323.2044670226173,-35.52965586672309,0.9672856185707085
8,35,2,35.2,2.4017771198288433,-2192.343267714664,-1082.5689114046486,2445.0612367451363,-153.72005426981386,1.0180217042451372
8,35,3,35.3,2.4017771198288433,160.27386769527362,2384.277957541414,2389.6587813919914,86.15429827307368,0.9949544283952062
8,42,1,42.1,2.4017771198288433,1884.8556858345946,-1350.5952778996311,2318.7903227993215,-35.623529671998426,0.9654477526892938
8,42,2,42.2,2.4017771198288433,-2191.4785658113465,-1078.176474858445,2442.3437135974004,-153.80346604807417,1.0168902407445066
8,42,3,42.3,2.4017771198288433,163.9778094619322,2380.6563007344603,2386.2969522300905,86.05973341575093,0.9935547026945382
8,44,1,44.1,2.4017771198288433,1882.495731353287,-1350.8210512784349,2317.0040334751952,-35.66205883456333,0.9647040161829465
8,44,2,44.2,2.4017771198288433,-2191.135969271752,-1076.3873788100084,2441.2469406223413,-153.83759335792524,1.0164335901394175
8,44,3,44.3,2.4017771198288433,165.49256249717533,2379.1904603749813,2384.939209913158,86.02100913136209,0.9929893953203762
8,151,1,151.1,2.4017771198288433,1881.5780856962542,-1351.94985973671,2316.917028254247,-35.697968607337074,0.9646677908312142
8,151,2,151.2,2.4017771198288433,-2193.929806415639,-1075.5282852252674,2443.3765751104697,-153.8845608765975,1.017320281277636
8,151,3,151.3,2.4017771198288433,165.35526526216262,2382.59692782943,2388.327968318455,86.02996560684392,0.9944003332368548
8,52,1,52.1,2.4017771198288433,1662.514722725592,-1239.8195008614518,2073.9111837288724,-36.71371603493868,0.8634902741835864
8,52,2,52.2,2.4017771198288433,-2358.752028253137,-1104.8438372438868,2604.6863602906365,-154.9015209296054,1.0844829600492876
8,52,3,52.3,2.4017771198288433,165.0993058769811,2161.5686855126255,2167.8646090080997,85.63226343764951,0.9026085689260739
8,53,1,53.1,2.4017771198288433,1663.2439286642866,-1239.7821053243413,2074.4734355785486,-36.70084788604241,0.863724372445675
8,53,2,53.2,2.4017771198288433,-2358.428137451034,-1104.7945102133683,2604.372129577175,-154.89948117164283,1.0843521274625054
8,53,3,53.3,2.4017771198288433,165.3569623086458,2161.587537652246,2167.903043938414,85.62551152546084,0.9026245716309031
8,54,1,54.1,2.4017771198288433,1664.155576802214,-1239.7352652418308,2075.176453144682,-36.6847680677118,0.8640170796916261
8,54,2,54.2,2.4017771198288433,-2358.0232380699113,-1104.7327951683253,2603.9792894718134,-154.8969315679064,1.0841885651976648
8,54,3,54.3,2.4017771198288433,165.67908640222205,2161.6111558836046,2167.951186930077,85.61707066798753,0.9026446163683042
8,55,1,55.1,2.4017771198288433,1663.77560636734,-1239.5340213531617,2074.7515172750086,-36.68658005932445,0.8638401540867625
8,55,2,55.2,2.4017771198288433,-2357.996925620034,-1104.2958635109599,2603.770123378972,-154.90539243599142,1.084101477144775
8,55,3,55.3,2.4017771198288433,165.59592681383097,2161.7888843706305,2168.1220425902566,85.61962078795364,0.9027157535520042
8,57,1,57.1,2.4017771198288433,1667.1692539941341,-1239.8172622914042,2077.6429349960763,-36.63693108511783,0.8650440200480111
8,57,2,57.2,2.4017771198288433,-2357.203078400693,-1105.264642325694,2603.46236431354,-154.87867493077994,1.0839733390827995
8,57,3,57.3,2.4017771198288433,166.78491435661158,2161.4404181568625,2167.8657451279255,85.5875847141905,0.9026090419590694
8,56,1,56.1,2.4017771198288433,1663.8553346577064,-1239.3087413624423,2074.6808745169146,-36.68027549926196,0.8638107413833477
8,56,2,56.2,2.4017771198288433,-2357.766443083783,-1103.8276317210602,2603.362833083948,-154.9125734131739,1.0839318984225605
8,56,3,56.3,2.4017771198288433,165.67519148039472,2161.9786553133295,2168.3173142099145,85.61791540760079,0.9027970565247263
8,58,1,58.1,2.4017771198288433,-2356.043128985639,-1104.175054254602,2601.9496105956,-154.88955482329126,1.083343491414816
8,60,1,60.1,2.4017771198288433,1673.203193325225,-1240.9482637867263,2083.161424265777,-36.56285791583073,0.8673416892297768
8,60,2,60.2,2.4017771198288433,-2356.7023581472213,-1109.0775267226531,2604.6302933771444,-154.79805784878806,1.0844596161207318
8,60,3,60.3,2.4017771198288433,168.7130657357111,2159.824848185911,2166.4042728427294,85.53345398682335,0.9020005457446912
8,59,1,59.1,2.4017771198288433,-2355.481179001,-1103.6473178911838,2601.216828124165,-154.8948277352695,1.0830383913014936
8,61,1,61.1,2.4017771198288433,1673.2032169336376,-1240.9483133400176,2083.161472747254,-36.56285862372832,0.8673417094154453
8,61,2,61.2,2.4017771198288433,-2356.702423051362,-1109.0775228375494,2604.6303504489147,-154.79805853406188,1.0844596398830408
8,61,3,61.3,2.4017771198288433,168.7130900135861,2159.824897993353,2166.404324389593,85.53345344927216,0.9020005672066592
8,62,1,62.1,2.4017771198288433,1672.2947407510712,-1240.0236190371634,2081.880946575408,-36.55731215262071,0.8668085516293735
8,62,2,62.2,2.4017771198288433,-2353.7414237987987,-1108.570311061806,2601.735348699799,-154.7803991708319,1.0832542816817263
8,62,3,62.3,2.4017771198288433,168.5237256084425,2155.4235910291527,2162.0016426584784,85.52937301434811,0.9001674738297732
8,63,1,63.1,2.4017771198288433,1671.6985595466028,-1239.0987442321832,2080.851213313427,-36.546633754153646,0.8663798135697593
8,63,2,63.2,2.4017771198288433,-2351.6487451190105,-1107.9089060517917,2599.5603406208315,-154.77393453655495,1.0823486988693116
8,63,3,63.3,2.4017771198288433,168.4754943592471,2153.223092047674,2159.804082857271,85.52609836924653,0.8992525014191093
8,64,1,64.1,2.4017771198288433,1671.978901640624,-1238.381961542231,2080.649737510995,-36.52617947032131,0.8662959274336276
8,64,2,64.2,2.4017771198288433,-2346.9394693323275,-1106.9640882204824,2594.897756236209,-154.74849074616301,1.0804073928479792
8,64,3,64.3,2.4017771198288433,168.8280090786089,2148.4414767817875,2155.064656989612,85.50683824746106,0.8972792018033661
8,65,1,65.1,2.4017771198288433,1670.9164119734721,-1238.2433753595278,2079.7135169114176,-36.540533419660484,0.8659061241534449
8,65,2,65.2,2.4017771198288433,-2345.3556773048567,-1107.7038497618241,2593.7812305287603,-154.71878661289844,1.0799425180274844
8,65,3,65.3,2.4017771198288433,167.85209451938033,2141.902101528358,2148.468975379011,85.51912214603374,0.8945330345773785
8,66,1,66.1,2.4017771198288433,1670.7949628122283,-1239.2857686910029,2080.2367711966745,-36.56559212636322,0.866123985453287
8,66,2,66.2,2.4017771198288433,-2345.4001751295423,-1108.8527186531946,2594.31230447729,-154.69626351381987,1.080163635109559
8,66,3,66.3,2.4017771198288433,167.62218789523246,2138.5988826648486,2145.157891347423,85.51835119091918,0.893154437036311
8,67,1,67.1,2.4017771198288433,1844.0823296607248,-1365.497218878126,2294.6072198375964,-36.519029880449736,0.9553789154262223
8,67,2,67.2,2.4017771198288433,-2196.41680811486,-1037.2514824046916,2429.019850211233,-154.72111197514585,1.011342738740192
8,67,3,67.3,2.4017771198288433,184.69970823460855,2377.973325439181,2385.1354508124327,85.55869292635624,0.993071101860777
8,68,1,68.1,2.4017771198288433,1840.343234348014,-1364.2418672848828,2290.8555372749834,-36.549448389654856,0.9538168710001849
8,97,1,97.1,2.4017771198288433,1848.8791744516038,-1363.3267488329227,2297.175227492276,-36.40432548235881,0.9564481269002922
8,97,2,97.2,2.4017771198288433,-2194.806352190624,-1042.4862732066401,2429.8050443277507,-154.593277523519,1.0116696608804836
8,97,3,97.3,2.4017771198288433,182.3322824527618,2377.2920274047506,2384.273986937454,85.6141451897569,0.9927124241683856
8,69,1,69.1,2.4017771198288433,1836.0614400404424,-1362.8035296211035,2286.5596585156313,-36.58438874968425,0.9520282459342344
8,70,1,70.1,2.4017771198288433,1833.027967417892,-1361.7837219882017,2283.5162436050696,-36.60920586864534,0.9507610946713485
8,71,1,71.1,2.4017771198288433,1831.3172951217864,-1361.2084369482461,2281.8000447522268,-36.62322654242026,0.9500465409191814
8,72,1,72.1,2.4017771198288433,1844.0822596353216,-1365.4972647632146,2294.6071908667795,-36.519031841758455,0.9553789033639803
8,72,2,72.2,2.4017771198288433,-2196.416797075392,-1037.2513984576808,2429.0198043814585,-154.72111365447444,1.011342719658582
8,72,3,72.3,2.4017771198288433,184.6997861741613,2377.973275761799,2385.1354073196935,85.558690967302,0.9930710837522111
8,73,1,73.1,2.4017771198288433,185.5342243055714,2374.6645078025417,2381.9014406573915,85.5325157573854,0.9917245946731027
8,76,1,76.1,2.4017771198288433,1843.9856715190488,-1367.074319493266,2295.468438420693,-36.55210168993505,0.9557374909892863
8,76,2,76.2,2.4017771198288433,-2198.1949136991675,-1034.56597926288,2429.482999335672,-154.79628765744798,1.0115355747534156
8,76,3,76.3,2.4017771198288433,186.183085473062,2380.423729552948,2387.6937143475993,85.52775765881348,0.9941362562891566
8,74,1,74.1,2.4017771198288433,186.05725189166307,2372.6836997881073,2379.967487219449,85.51624810290613,0.9909193769774323
8,75,1,75.1,2.4017771198288433,186.07173001055722,2372.8331725248327,2380.117634349904,85.51618193746675,0.9909818919915089
8,86,1,86.1,2.4017771198288433,1844.5158330859028,-1366.524856474606,2295.567215715437,-36.53320419988819,0.9557786177424428
8,86,2,86.2,2.4017771198288433,-2199.120643806103,-1029.1284732062045,2428.0109185046726,-154.92168810509685,1.0109226615822282
8,86,3,86.3,2.4017771198288433,186.28329018150453,2385.761406458069,2393.022973718729,85.53533106134054,0.9963551380193272
8,78,1,78.1,2.4017771198288433,1845.3260983185378,-1371.4332452081248,2299.1427870399016,-36.619469214691,0.9572673367809185
8,78,2,78.2,2.4017771198288433,-2203.674042593217,-1033.1918633996092,2433.8579894057684,-154.88048303096716,1.0133571384755349
8,78,3,78.3,2.4017771198288433,189.93896383253573,2383.297873591449,2390.854567774313,85.44339451485764,0.9954523040608745
8,79,1,79.1,2.4017771198288433,1844.4927604570978,-1371.477565702449,2298.500436502843,-36.6327469851714,0.9569998887601361
8,79,2,79.2,2.4017771198288433,-2203.96850498801,-1033.214014651266,2434.1340084413737,-154.8829532828313,1.0134720613105166
8,79,3,79.3,2.4017771198288433,189.56895654663415,2383.2407883433143,2390.7682958642067,85.45212518501931,0.995416384029247
8,80,1,80.1,2.4017771198288433,1847.334904851263,-1376.058439529227,2303.5153743097603,-36.68200046094222,0.959087900077054
8,80,2,80.2,2.4017771198288433,-2208.504761656361,-1032.467108616908,2437.9256782425873,-154.94409995624997,1.0150507547579268
8,80,3,80.3,2.4017771198288433,194.36565308168522,2384.896156987645,2392.8033113301035,85.34077261232875,0.9962636797458628
8,81,1,81.1,2.4017771198288433,1847.9751921643037,-1377.98645471867,2305.180899678553,-36.71092465655643,0.9597813555001415
8,81,2,81.2,2.4017771198288433,-2210.5823411329184,-1032.8191311920846,2439.956894021914,-154.957272680512,1.0158964684432465
8,81,3,81.3,2.4017771198288433,195.89316746503528,2385.2381820180935,2393.2687517319205,85.30498929257539,0.9964574697515941
8,82,1,82.1,2.4017771198288433,1848.4460904378057,-1380.2235602595752,2306.8961887242403,-36.74847555288453,0.9604955304464868
8,82,2,82.2,2.4017771198288433,-2213.906879257407,-1032.8564632963564,2442.9850887380235,-154.98948409378883,1.0171572826508217
8,82,3,82.3,2.4017771198288433,197.245056566298,2386.9618975153267,2395.0976415440377,85.27613292139502,0.9972189433275634
8,84,1,84.1,2.4017771198288433,197.41764823643342,2378.78701230027,2386.9648882469237,85.25584417688066,0.9938328034439036
8,83,1,83.1,2.4017771198288433,1849.9432168981764,-1382.408769831537,2309.4033672476353,-36.769693037611745,0.9615394152027766
8,83,2,83.2,2.4017771198288433,-2216.8687605357422,-1032.8674695239013,2445.674203781032,-155.01858709714813,1.0182769181993525
8,83,3,83.3,2.4017771198288433,199.05271334398427,2388.7546978692785,2397.0337897664585,85.23660075490359,0.9980250748401156
8,85,1,85.1,2.4017771198288433,198.13263816118894,2375.7590804102683,2384.006659062964,85.23270073189092,0.9926011199710547
8,87,1,87.1,2.4017771198288433,1843.7203842214487,-1366.3907178052816,2294.8482409296957,-36.54233566791579,0.9554792665745906
8,87,2,87.2,2.4017771198288433,-2199.5277146116455,-1025.7817332180423,2426.9631912224254,-154.9973230114423,1.0104864315617166
8,87,3,87.3,2.4017771198288433,186.7844163865867,2387.7897782948794,2395.084224726635,85.52715663368714,0.9972133571233766
8,88,1,88.1,2.4017771198288433,1842.8159172637306,-1367.2560358813028,2294.637133094124,-36.5731416027675,0.9553913700608678
8,89,1,89.1,2.4017771198288433,1843.5841517065642,-1365.5561539461337,2294.2419519317855,-36.5276164558644,0.9552268330773669
8,89,2,89.2,2.4017771198288433,-2200.076610216523,-1024.3181179251376,2426.8425366165648,-155.03411683624057,1.010436196007025
8,89,3,89.3,2.4017771198288433,187.10422457850802,2389.1563125988823,2396.4715472724088,85.52208177024553,0.9977909804733203
8,90,1,90.1,2.4017771198288433,-2200.6846382842805,-1022.5958575044222,2426.667501938743,-155.07704065321124,1.010363318854363
8,91,1,91.1,2.4017771198288433,1843.7149364391867,-1365.1394372775808,2294.099049749052,-36.51730901938849,0.955167334557894
8,91,2,91.2,2.4017771198288433,-2199.8692669597253,-1023.8857309094564,2426.4720854924153,-155.0413062069215,1.0102819555818452
8,91,3,91.3,2.4017771198288433,187.63664198881378,2389.990018894092,2397.3443223346576,85.5109516693989,0.9981543676731746
8,92,1,92.1,2.4017771198288433,189.7831518616034,2389.551435841522,2397.076074984439,85.45898189707962,0.9980426806444308
8,94,1,94.1,2.4017771198288433,1841.686771342711,-1364.2714745625774,2291.9526216839404,-36.53004158247068,0.9542736512733833
8,95,1,95.1,2.4017771198288433,1843.579671030874,-1364.4611210009564,2293.586744416154,-36.50570152362387,0.9549540319459787
8,95,2,95.2,2.4017771198288433,-2199.5291916622523,-1022.4732603356659,2425.5680227682437,-155.06816545391302,1.009905541502159
8,95,3,95.3,2.4017771198288433,187.3645306703736,2391.0917327189654,2398.421385334594,85.51949211639781,0.998602811865204
8,96,1,96.1,2.4017771198288433,-2199.0584218331633,-1022.0343872258102,2424.95612976965,-155.07287977255422,1.0096507747323609
8,98,1,98.1,2.4017771198288433,1848.1712622134876,-1363.3494811914777,2296.6189980788863,-36.41526332297911,0.9562165361299425
8,98,2,98.2,2.4017771198288433,-2194.4310803982576,-1041.8835754289705,2429.207515089339,-154.60232049253116,1.0114208745824218
8,98,3,98.3,2.4017771198288433,182.64457638033474,2376.8556995774065,2383.8628437673915,85.60585925619112,0.9925412412694112
8,99,1,99.1,2.4017771198288433,1848.982375860629,-1363.2859059670095,2297.2340515610304,-36.40197800950996,0.9564726187935111
8,99,2,99.2,2.4017771198288433,-2192.8869321044226,-1040.615927293708,2427.2689601961483,-154.61371819437824,1.0106137410323577
8,99,3,99.3,2.4017771198288433,184.13312079477777,2376.07031762069,2383.194318651274,85.56873080186372,0.9922628952436297
8,100,1,100.1,2.4017771198288433,1849.2551440650936,-1363.6379223941503,2297.662501596491,-36.40500668445648,0.9566510075507041
8,100,2,100.2,2.4017771198288433,-2192.547916439653,-1041.0066716766569,2427.1302512142142,-154.60195381576878,1.010555988387123
8,100,3,100.3,2.4017771198288433,184.76881209626663,2375.1362692569655,2382.312282523717,85.5517521513602,0.991895652121745
8,450,1,450.1,2.4017771198288433,1849.2552003268092,-1363.638032779304,2297.6626123906785,-36.405008067235066,0.9566510536807911
8,450,2,450.2,2.4017771198288433,-2192.5480573606346,-1041.0066777313336,2427.1303811120492,-154.60195511346208,1.0105560424711735
8,450,3,450.3,2.4017771198288433,184.76888276187518,2375.1363717387135,2382.3123901774957,85.55175064809859,0.9918956969442965
8,197,1,197.1,2.4017771198288433,1848.879304690831,-1363.3268385430906,2297.1753855563466,-36.4043253553751,0.9564481927115907
8,197,2,197.2,2.4017771198288433,-2194.806467264357,-1042.4863557528433,2429.8051836878385,-154.59327692949614,1.0116697189042223
8,197,3,197.3,2.4017771198288433,182.33225231997474,2377.2921456812014,2384.2741025632113,85.61414612910472,0.992712472310137
8,105,1,105.1,2.4017771198288433,1843.1372865535022,-1364.698262795131,2293.3722780132875,-36.51703864462484,0.9548647370646611
8,105,2,105.2,2.4017771198288433,-2192.601047495233,-1037.283047230645,2425.5835325853627,-154.6819484198878,1.0099119991442902
8,105,3,105.3,2.4017771198288433,185.67725933901437,2373.9093260789373,2381.1597033966877,85.52766906488432,0.9914157661583416
8,108,1,108.1,2.4017771198288433,1839.5259233835209,-1365.5806519346934,2290.996756815334,-36.58851825684839,0.9538756689374225
8,108,2,108.2,2.4017771198288433,-2191.229218961995,-1033.9992642173208,2422.94035593837,-154.73826937219204,1.0088114904313166
8,108,3,108.3,2.4017771198288433,187.79469867007194,2371.789973448685,2379.2130058068146,85.47285271459256,0.990605242328382
8,300,1,300.1,2.4017771198288433,1881.5779075857768,-1351.9497051377455,2316.9167933995614,-35.69796807266948,0.9646676930475009
8,300,2,300.2,2.4017771198288433,-2193.929615891994,-1075.5281917139635,2443.376362875663,-153.88456087893599,1.0173201929118985
8,300,3,300.3,2.4017771198288433,165.35526691385698,2382.596737321045,2388.3277783815693,86.02996525089284,0.9944002541550432
8,135,1,135.1,2.4017771198288433,1907.870236740854,-1345.6693838412502,2334.6937552598397,-35.19628969963845,0.9720692798614952
8,135,2,135.2,2.4017771198288433,-2193.2504864638636,-1097.6040619315,2452.5664869973457,-153.41449619568198,1.021146577985605
8,135,3,135.3,2.4017771198288433,150.248992811918,2388.0105696632045,2392.732588624182,86.39980636423668,0.996234233755501
8,152,1,152.1,2.4017771198288433,1662.514737146164,-1239.8195268857278,2073.9112108466284,-36.71371637312099,0.863490285474291
8,152,2,152.2,2.4017771198288433,-2358.752063604867,-1104.8438344597264,2604.686391123486,-154.90152131492167,1.0844829728868024
8,152,3,152.3,2.4017771198288433,165.09931975131423,2161.568710785134,2167.864635263847,85.63226312289034,0.902608579857874
8,160r,1,160r.1,2.4017771198288433,1840.5478629294735,-1365.0334596500484,2291.491388091701,-36.562301812663215,0.9540816128080188
8,160r,2,160r.2,2.4017771198288433,-2194.679367352752,-1032.8499892249754,2425.571401902221,-154.7976004004139,1.0099069484328644
8,160r,3,160r.3,2.4017771198288433,185.5656311751649,2375.8209219938753,2383.056788424746,85.53392865497293,0.9922056333830713
8,160,1,160.1,2.4017771198288433,1673.203224016098,-1240.9483403849335,2083.1614945466868,-36.56285910514957,0.8673417184918216
8,160,2,160.2,2.4017771198288433,-2356.7024383392327,-1109.077525977788,2604.630365618718,-154.7980586147581,1.0844596461991154
8,160,3,160.3,2.4017771198288433,168.71310829421336,2159.8249074351434,2166.4043352263493,85.533452986712,0.9020005717186333
8,61s,1,61s.1,2.4017771198288433,1673.2032169336444,-1240.9483133400074,2083.1614727472534,-36.562858623727976,0.8673417094154451
8,61s,2,61s.2,2.4017771198288433,-2356.7024230513557,-1109.0775228375626,2604.6303504489147,-154.79805853406157,1.0844596398830408
8,61s,3,61s.3,2.4017771198288433,168.71309001357344,2159.824897993354,2166.4043243895935,85.5334534492725,0.9020005672066594
8,610,1,610.1,0.24017771198288432,212.861375217611,-135.87092286209008,252.52895425857332,-32.550378331860756,1.051425430668476
8,610,2,610.2,0.24017771198288432,-252.1277329368631,-120.65506452591133,279.51035456961876,-154.4266766276347,1.163764748452335
8,610,3,610.3,0.24017771198288432,39.26636048576862,256.52598184529563,259.5138270449019,81.29730053698808,1.0805075329529141
8,x1,1,x1.1,0.24017771198288432,195.23048173481823,-131.35814740168922,235.30810416815888,-33.93409621555193,0.979724980413368
8,x2,1,x2.1,0.24017771198288432,-214.23766530762393,-110.57931705818478,241.09243579489598,-152.6993638172257,1.0038085291281185
8,x4,1,x4.1,0.24017771198288432,13.593917738945759,237.607077254642,237.9956255080892,86.72557742020284,0.9909147003825625
8,x5,1,x5.1,0.24017771198288432,13.623832174128225,237.47218101939205,237.86266113288087,86.71652749385336,0.990361092080982
8,x6,1,x6.1,0.24017771198288432,13.646160347395927,237.3633507888172,237.75529014077043,86.70965338617974,0.9899140439713802
8,x7,1,x7.1,0.24017771198288432,193.07821719776135,-131.79980988705105,233.77422407641245,-34.318380123186365,0.9733385423085045
8,x9,1,x9.1,0.24017771198288432,191.33209442751217,-131.9877478104849,232.44082242605882,-34.5993054661906,0.9677868129688202
8,x10,1,x10.1,0.24017771198288432,191.036805855643,-131.87794968073206,232.13542341383473,-34.6183835139041,0.9665152586280666
8,x11,1,x11.1,0.24017771198288432,191.1287352892498,-131.881598854396,232.21315546208822,-34.60623840279087,0.9668389025149692
8,x12,1,x12.1,0.24017771198288432,-214.93895734673055,-109.23227306001776,241.10256088054712,-153.0602601562797,1.0038506857694136
8,x16,1,x16.1,0.24017771198288432,15.682514990159028,235.46540116811218,235.98706833993376,86.18960220324401,0.9825519045528704
8,x17,1,x17.1,0.24017771198288432,15.649160935669366,235.5937750025158,236.11294555345015,86.19974826673486,0.9830760048637492
8,x19,1,x19.1,0.24017771198288432,185.1631135124258,-133.5865230135988,228.32156651634608,-35.8086854373935,0.9506359463221835
8,x20,1,x20.1,0.24017771198288432,185.22228730468296,-133.5682677670439,228.35887954854581,-35.79628434026998,0.9507913022538047
8,x22,1,x22.1,0.24017771198288432,-216.22078230738268,-105.71080941180794,240.6786279006014,-153.94589058793855,1.002085605336072
8,x24,1,x24.1,0.24017771198288432,16.949617532410457,233.89139307715178,234.50474044263098,85.85514089058019,0.9763801083230503
8,x28,1,x28.1,0.24017771198288432,185.42048273613696,-133.9158982689783,228.72302732188865,-35.83787739181794,0.9523074619771048
8,x29,1,x29.1,0.24017771198288432,185.6375718441077,-133.99845536998782,228.94736102807315,-35.82281760642386,0.953241494133263
8,x30,1,x30.1,0.24017771198288432,16.879729149723687,233.68258018811505,234.29142865146147,85.86849644026817,0.9754919668322832
8,x31,1,x31.1,0.24017771198288432,16.80085899758479,230.45311265233602,231.06472252208255,85.8303088108763,0.9620573058775279
8,x32,1,x32.1,0.24017771198288432,16.825808597261734,230.35455492153554,230.9682419902148,85.82235829953787,0.9616556011103736
8,x33,1,x33.1,0.24017771198288432,187.329167160926,-135.52895116279666,231.21486429832726,-35.88499519349457,0.9626824337255916
8,x34,1,x34.1,0.24017771198288432,15.53640038945563,235.94528684837417,236.45624991321978,86.23265647767265,0.9845053812906264
8,x52,1,x52.1,0.24017771198288432,161.59698308124803,-123.08259815883035,203.13274209365972,-37.29521780753664,0.8457601682379898
8,x53,1,x53.1,0.24017771198288432,161.668288879644,-123.07963027889328,203.18767437731327,-37.28236868290407,0.8459888833972777
8,x55,1,x55.1,0.24017771198288432,162.10852363533346,-123.13292166132423,203.5703559757198,-37.21924757020257,0.8475822102519935
8,x56,1,x56.1,0.24017771198288432,-234.19091869900993,-108.43040448206091,258.0746772103563,-155.15586156777476,1.0745155122001802
8,x58,1,x58.1,0.24017771198288432,-233.94304978273973,-108.36965362882611,257.8242276615625,-155.1449693187425,1.0734727445481522
8,x59,1,x59.1,0.24017771198288432,-232.42580815048407,-106.51746339467422,255.67112919225235,-155.37868266544396,1.0645081389170372
8,x60,1,x60.1,0.24017771198288432,162.64022189169273,-123.20328559306056,204.03649516178297,-37.144671372369196,0.8495230197559844
8,x62,1,x62.1,0.24017771198288432,18.500599779326876,211.32287247356902,212.13115900940895,84.99670550347,0.883225829982617
8,x63,1,x63.1,0.24017771198288432,162.49531474689934,-123.0207679107926,203.81078639771493,-37.128369629677785,0.8485832624312742
8,x64,1,x64.1,0.24017771198288432,-231.7751718912849,-106.87815972117707,255.2306238103494,-155.2442220480026,1.0626740579015002
8,x65,1,x65.1,0.24017771198288432,97.8917705754182,-221.15168694472274,241.8488523538761,-66.12364500063589,1.0069579327623492
8,x65,2,x65.2,0.24017771198288432,-264.3924097162916,9.556179850322998,264.56505228188985,177.93000663867255,1.1015387318734364
8,x65,3,x65.3,0.24017771198288432,166.50063914087337,211.59550709439978,269.24918097713044,51.80143915948047,1.1210414936266768
8,x66,1,x66.1,0.24017771198288432,18.53387659412695,209.65183538892126,210.46946729525797,84.94800757793752,0.876307237493613
8,x68,1,x68.1,0.24017771198288432,178.83182293148445,-135.43400714698177,224.32831115328827,-37.137597294948186,0.9340096934942677
8,x69,1,x69.1,0.24017771198288432,178.41504792759176,-135.28907052148512,223.90860173198402,-37.172418270707404,0.9322621982007236
8,x70,1,x70.1,0.24017771198288432,178.1197808741142,-135.18631087401135,223.61125863061392,-37.197150540057876,0.9310241853188652
8,x71,1,x71.1,0.24017771198288432,177.9532704409385,-135.12834379187586,223.4435851765747,-37.211123266853846,0.9303260628633928
8,x73,1,x73.1,0.24017771198288432,20.46859218918333,232.55991889971523,233.45894530912543,84.97011492122785,0.9720258527808872
8,x74,1,x74.1,0.24017771198288432,20.419057152394107,232.62307317629273,233.51751983304288,84.983580592028,0.9722697327122675
8,x75,1,x75.1,0.24017771198288432,20.522374579051,232.3724370450509,233.276911323472,84.95291888230057,0.971267939050464
8,x76,1,x76.1,0.24017771198288432,107.21259806353102,-246.6581332696388,268.95125188701974,-66.50730873641325,1.119801040931666
8,x76,2,x76.2,0.24017771198288432,-264.9840564687814,22.44992381058856,265.9333549251608,175.15736332038398,1.1072357744173693
8,x76,3,x76.3,0.24017771198288432,157.77145840525034,224.20820945905024,274.15534697713446,54.86660835520378,1.141468726276614
8,x77,1,x77.1,0.24017771198288432,-217.0050830996867,-99.33195119655691,238.6588414863717,-155.4045256604767,0.9936760556007759
8,x79,1,x79.1,0.24017771198288432,179.71899827565642,-136.24323643137643,225.52414020344105,-37.16541449604952,0.9389886278020355
8,x80,1,x80.1,0.24017771198288432,-217.60450763844992,-99.25807066853895,239.17333952055125,-155.48038473001614,0.9958182112151829
8,x82,1,x82.1,0.24017771198288432,179.60527686856298,-137.0062675393528,225.89549093352412,-37.33706624953768,0.9405347776384098
8,x83,1,x83.1,0.24017771198288432,21.783157155170926,233.99124187917175,235.00299404859493,84.68144149578727,0.9784546289013771
8,x84,1,x84.1,0.24017771198288432,21.629207867085654,232.97378761836927,233.9756576018254,84.69588337109798,0.9741772276459154
8,x85,1,x85.1,0.24017771198288432,21.701060635699523,232.66393363938195,233.67379410037626,84.6713175544134,0.9729203937000968
8,x86,1,x86.1,0.24017771198288432,-216.65384578123482,-98.9063267290886,238.16244531588163,-155.46246055004278,0.99160926861046
8,x87,1,x87.1,0.24017771198288432,-216.68779958348574,-98.57419786353273,238.05561319316078,-155.53857268922786,0.99116446412865
8,x88,1,x88.1,0.24017771198288432,179.06999407026123,-135.73145266393797,224.69777484119913,-37.161395200134585,0.9355479864726652
8,x90,1,x90.1,0.24017771198288432,-216.82441562370104,-98.29219638115028,238.06340138708862,-155.61396618456985,0.9911968909257226
8,x92,1,x92.1,0.24017771198288432,20.875114087425917,234.07832019552364,235.00729855415372,84.90384157715407,0.978472551070438
8,x94,1,x94.1,0.24017771198288432,178.96308308469273,-135.43820403609834,224.43549679073146,-37.11822086795573,0.9344559698642033
8,x95,1,x95.1,0.24017771198288432,-216.6810395100818,-98.24504662840341,237.91334992006395,-155.6100517411057,0.990572139087653
8,x96,1,x96.1,0.24017771198288432,-216.63277263661422,-98.20039940804585,237.8509546420336,-155.6150456635329,0.9903123511268334
8,x98,1,x98.1,0.24017771198288432,179.59782376579267,-135.3542215200744,224.89140398137516,-37.003571702453286,0.9363541775991333
8,x99,1,x99.1,0.24017771198288432,-216.05102109312475,-100.03635757081305,238.08678365549272,-155.15482942141793,0.9912942449566653
8,x100,1,x100.1,0.24017771198288432,20.29488071035527,232.86487913017504,233.7475863305514,85.01908464048208,0.9732276338247774
9,sourcebus,1,sourcebus.1,66.39528095680697,66331.44197962432,-93.81653097117888,66331.50832476035,-0.08103679836469231,0.999039500531851
9,sourcebus,2,sourcebus.2,66.39528095680697,-33269.19064872011,-57418.67346812597,66360.70455668896,-120.08860856399453,0.9994792340717633
9,sourcebus,3,sourcebus.3,66.39528095680697,-33062.25132442562,57512.49001031841,66338.51799540338,119.89333840303205,0.999145075364008
9,150,1,150.1,2.4017771198288433,1960.2532709312438,-1277.309493064887,2339.6821209878744,-33.08843922425689,0.9741462276710364
9,150,2,150.2,2.4017771198288433,-2100.5362500496117,-1111.3285841099935,2376.405638697318,-152.11807139350987,0.9894363715425296
9,150,3,150.3,2.4017771198288433,109.31672752929788,2360.150200664243,2362.680493975684,87.34808663315357,0.9837217926965907
9,150r,1,150r.1,2.4017771198288433,2021.4975798536525,-1317.2365313944456,2412.79185695622,-33.088836784392456,1.0045860779655365
9,150r,2,150r.2,2.4017771198288433,-2166.1818510308494,-1146.0469831798525,2450.6667458859188,-152.11833286466353,1.0203556048783409
9,150r,3,150r.3,2.4017771198288433,112.74680479438815,2433.9013196457327,2436.5113329850496,87.34775553467598,1.0144618802758358
9,40,1,40.1,2.4017771198288433,1863.57143736306,-1354.2261531219397,2303.6551339023968,-36.005276891291956,0.9591460901528452
9,40,2,40.2,2.4017771198288433,-2186.0129431409287,-1058.348145490859,2428.734935031735,-154.16626786546345,1.0112241119212646
9,40,3,40.3,2.4017771198288433,180.0296517253782,2363.618155900658,2370.464398046001,85.644363581822,0.9869626862857809
9,401,1,401.1,2.4017771198288433,1863.57143736306,-1354.2261531219397,2303.6551339023968,-36.005276891291956,0.9591460901528452
9,401,2,401.2,2.4017771198288433,-2186.0129431409287,-1058.348145490859,2428.734935031735,-154.16626786546345,1.0112241119212646
9,401,3,401.3,2.4017771198288433,180.0296517253782,2363.618155900658,2370.464398046001,85.644363581822,0.9869626862857809
9,101,1,101.1,2.4017771198288433,1818.3892447148105,-1367.8170796118122,2275.4039220701643,-36.95098178455184,0.947383461722841
9,101,2,101.2,2.4017771198288433,-2185.248189703666,-1014.2828695190776,2409.165704139714,-155.10163012680417,1.0030762988996236
9,101,3,101.3,2.4017771198288433,204.21815892344134,2353.976271493259,2362.818093545795,85.04174459115478,0.9837790834289301
9,1011,1,1011.1,2.4017771198288433,1818.3892447148105,-1367.8170796118122,2275.4039220701643,-36.95098178455184,0.947383461722841
9,1011,2,1011.2,2.4017771198288433,-2185.248189703666,-1014.2828695190776,2409.165704139714,-155.10163012680417,1.0030762988996236
9,1011,3,1011.3,2.4017771198288433,204.21815892344134,2353.976271493259,2362.818093545795,85.04174459115478,0.9837790834289301
9,30,1,30.1,2.4017771198288433,1883.728130732194,-1352.476351204929,2318.9704506699527,-35.677535272175284,0.9655227504353978
9,30,2,30.2,2.4017771198288433,-2191.9168580100527,-1084.187260085507,2445.395985798697,-153.68163190430346,1.0181610798145009
9,30,3,30.3,2.4017771198288433,165.40566187846554,2367.8801825860205,2373.6502674288517,86.00415732680237,0.98828914966015
9,301,1,301.1,2.4017771198288433,1887.9561154941673,-1350.4081130050192,2321.2023534585696,-35.57519891308174,0.9664520218362245
9,301,2,301.2,2.4017771198288433,-2192.0685544952034,-1088.648403816484,2447.5130019550193,-153.5895970717794,1.0190425172046917
9,301,3,301.3,2.4017771198288433,161.51694903065552,2370.334353874835,2375.8309438980295,86.10183425231226,0.9891970925542571
9,93,1,93.1,2.4017771198288433,1815.9280011542694,-1368.3187942788502,2273.7393931919432,-36.99836776808671,0.9466904211969409
9,93,2,93.2,2.4017771198288433,-2191.014507683584,-997.4702463598685,2407.38270020642,-155.52236293342074,1.0023339302932388
9,93,3,93.3,2.4017771198288433,207.5641297353717,2369.092642863158,2378.1679542078487,84.99291065082848,0.9901701263509926
9,931,1,931.1,2.4017771198288433,1820.2872660825235,-1366.3091329495883,2276.015460809448,-36.89192331126183,0.9476380809938112
9,931,2,931.2,2.4017771198288433,-2191.3138364508623,-1001.9943754419686,2409.5329543789885,-155.4274025060793,1.0032292066096034
9,931,3,931.3,2.4017771198288433,203.72665351830844,2371.6102967895476,2380.344502208026,85.0902168735282,0.9910763503224875
9,77,1,77.1,2.4017771198288433,1817.7613435264852,-1374.0590128679512,2278.6606752350954,-37.08589956090401,0.9487394381529783
9,77,2,77.2,2.4017771198288433,-2193.7918354107096,-1007.6872874186919,2414.1574692509043,-155.3289838361384,1.005154662070785
9,77,3,77.3,2.4017771198288433,209.40191701353345,2361.2575603688356,2370.5245050933195,84.93213224551978,0.9869877123578599
9,771,1,771.1,2.4017771198288433,1822.1142886846546,-1372.0603646993575,2280.9318546172567,-36.979913884158165,0.9496850626921626
9,771,2,771.2,2.4017771198288433,-2194.0751398320836,-1012.1997288603241,2416.301721709044,-155.23455502129897,1.0060474395231294
9,771,3,771.3,2.4017771198288433,205.55474814781252,2363.7873540047253,2372.7080329106593,85.0300662930626,0.987896842434632
9,149,1,149.1,2.4017771198288433,2021.4972741716563,-1317.2361648109627,2412.7914007160525,-33.088833453939884,1.0045858880061254
9,149,2,149.2,2.4017771198288433,-2166.181563603212,-1146.0468758949507,2450.666441652767,-152.1183319392047,1.0203554782083226
9,149,3,149.3,2.4017771198288433,112.74671146870377,2433.90094027697,2436.510949704131,87.3477573141141,1.0144617206936182
9,1,1,1.1,2.4017771198288433,1990.25864433613,-1324.432489219742,2390.65909109925,-33.64207652723665,0.9953709157116187
9,1,2,1.2,2.4017771198288433,-2171.029142969327,-1134.2518677321493,2449.4682768053967,-152.41523063272822,1.0198566122488302
9,1,3,1.3,2.4017771198288433,125.84846681644403,2418.9644761943828,2422.2359450909016,87.02182853862375,1.0085182030810238
9,2,1,2.1,2.4017771198288433,-2170.6268815830513,-1133.840499492349,2448.9212599305883,-152.41940302542085,1.019628857196002
9,3,1,3.1,2.4017771198288433,126.91422796735304,2414.9942424742067,2418.3267794994367,86.99172513798231,1.0068905892782312
9,7,1,7.1,2.4017771198288433,1967.3305788798132,-1329.1082491640652,2374.219523252125,-34.04255467061138,0.9885261640852494
9,7,2,7.2,2.4017771198288433,-2175.1003148403083,-1124.9253358778205,2448.7789591790915,-152.65275423596853,1.0195696090874569
9,7,3,7.3,2.4017771198288433,134.2455019767038,2410.0380057549005,2413.774025045434,86.81176802636611,1.0049950118674815
9,4,1,4.1,2.4017771198288433,127.25996955042659,2413.7068955725995,2417.0593864414445,86.98193921803214,1.0063628995739997
9,5,1,5.1,2.4017771198288433,127.73781836756305,2411.924814362572,2415.305003592555,86.96839364567789,1.0056324475955851
9,6,1,6.1,2.4017771198288433,128.15813621566593,2410.3579667361505,2413.7626303526,86.95646348127332,1.0049902675917783
9,8,1,8.1,2.4017771198288433,1952.463247564274,-1332.1843964132158,2363.6471816106728,-34.30609302697837,0.984124281181891
9,8,2,8.2,2.4017771198288433,-2177.6296280936863,-1118.6706242788225,2448.161506677167,-152.8099703842176,1.0193125275719295
9,8,3,8.3,2.4017771198288433,139.99108529306912,2404.104762884562,2408.1771560426714,86.66742843480623,1.0026647086280362
9,12,1,12.1,2.4017771198288433,-2177.1084745840058,-1118.1449904191759,2447.4577687275823,-152.81534098504457,1.0190195203883008
9,9,1,9.1,2.4017771198288433,1948.910900571566,-1331.1449545040389,2360.1272398470874,-34.333854085608074,0.9826587239765512
9,13,1,13.1,2.4017771198288433,1933.120643394165,-1336.7780374277356,2350.304436294545,-34.664361740196156,0.9785689175280485
9,13,2,13.2,2.4017771198288433,-2180.323654030766,-1109.572495956131,2446.4182717001586,-153.0283360077181,1.0185867171032492
9,13,3,13.3,2.4017771198288433,149.59986223338808,2395.1075717536396,2399.775072595735,86.42591415173912,0.9991664308829575
9,9r,1,9r.1,2.4017771198288433,1948.9040806418484,-1331.1486166144032,2360.123673678328,-34.33402087992178,0.9826572391723494
9,14,1,14.1,2.4017771198288433,1944.980553797684,-1330.000014052733,2356.2362767836794,-34.36476830727322,0.9810386889486193
9,34,1,34.1,2.4017771198288433,150.21874130974285,2392.7051203648925,2397.4159971229565,86.40757307423827,0.9981842100710004
9,18,1,18.1,2.4017771198288433,1885.9950637480088,-1349.5666195467988,2319.117815264423,-35.58647594843267,0.9655841069173351
9,18,2,18.2,2.4017771198288433,-2188.4519372814148,-1077.496239012482,2439.3277817621847,-153.7864195096391,1.0156345322899976
9,18,3,18.3,2.4017771198288433,166.6357214781969,2370.739010817132,2376.58808401514,85.97937737716234,0.9895123341771619
9,11,1,11.1,2.4017771198288433,1943.4617231025964,-1329.5553960454308,2354.731623841332,-34.376698471677805,0.9804122141063347
9,10,1,10.1,2.4017771198288433,1944.1914115371521,-1329.7689014468456,2355.4544308795225,-34.37096295061198,0.9807131608645594
9,15,1,15.1,2.4017771198288433,150.4703098579208,2391.72755186707,2396.456132815451,86.4001057829087,0.99778456253519
9,16,1,16.1,2.4017771198288433,151.09913173909297,2389.2830828815827,2394.056097453948,86.38141290792507,0.9967852877308426
9,17,1,17.1,2.4017771198288433,150.76382020637357,2390.587495765231,2395.336783083393,86.39138671519727,0.99731851190842
9,19,1,19.1,2.4017771198288433,1882.798332659044,-1348.5533598399174,2315.928696181989,-35.612112779562935,0.9642562905033536
9,20,1,20.1,2.4017771198288433,1880.7729284331085,-1347.9114218976026,2313.9083840136946,-35.62839347882001,0.9634151166277201
9,21,1,21.1,2.4017771198288433,1885.9950534838918,-1349.5666005689989,2319.1177958734806,-35.586475714703894,0.965584098843754
9,21,2,21.2,2.4017771198288433,-2188.4519697096002,-1077.4962375366158,2439.3278102033337,-153.78641987718964,1.0156345441317078
9,21,3,21.3,2.4017771198288433,166.63571925378864,2370.7390055132314,2376.588078568327,85.97937742169174,0.9895123319093359
9,22,1,22.1,2.4017771198288433,-2188.6978072566594,-1077.6427871380165,2439.613098046635,-153.78588237344684,1.015753326112328
9,23,1,23.1,2.4017771198288433,1884.6824742009624,-1350.3614613397062,2318.5133393689516,-35.62132602226915,0.9653324283204824
9,23,2,23.2,2.4017771198288433,-2189.560402546178,-1079.1764995647022,2441.064659858666,-153.7625295541909,1.016357696018281
9,23,3,23.3,2.4017771198288433,166.08671502426867,2369.8506722972224,2375.663487511468,85.9910834092961,0.9891273706865704
9,24,1,24.1,2.4017771198288433,166.13550768834762,2369.9301918688107,2375.7462240833306,85.99004363237943,0.9891618187505393
9,25,1,25.1,2.4017771198288433,1883.2376729350606,-1351.2487110284465,2317.856167198021,-35.65995537574045,0.9650588091884218
9,25,2,25.2,2.4017771198288433,-2190.7811927577636,-1081.034894444866,2442.9815139596435,-153.73609258899023,1.0171557942619325
9,25,3,25.3,2.4017771198288433,165.47780633471024,2368.845017513546,2374.6177842735237,86.00404306821018,0.98869198339384
9,25r,1,25r.1,2.4017771198288433,1906.7733032722517,-1368.1417729295115,2346.8268664105753,-35.66007292933327,0.9771210022093209
9,25r,2,25r.2,2.4017771198288433,163.41394407535847,2339.2316364182448,2344.932571725303,86.00392589525015,0.9763322967671576
9,26,1,26.1,2.4017771198288433,1905.6687867274127,-1368.6614570940467,2346.232662981642,-35.68610851739892,0.9768736006398631
9,26,2,26.2,2.4017771198288433,163.7637673157883,2337.9781762188964,2343.706578042844,85.99325923301308,0.9758218440393263
9,28,1,28.1,2.4017771198288433,1882.7439189571703,-1351.5692228875873,2317.6419112164763,-35.67350919544868,0.9649696019177821
9,28,2,28.2,2.4017771198288433,-2191.5315470602272,-1082.11240659823,2444.1312939926133,-153.72122464021768,1.0176345147991035
9,28,3,28.3,2.4017771198288433,164.90942449469057,2368.859657593692,2374.5928483978205,86.01774864557052,0.9886816011333475
9,27,1,27.1,2.4017771198288433,1904.5521647372213,-1368.7381020030034,2345.370533642823,-35.703541955657116,0.9765146458760336
9,27,2,27.2,2.4017771198288433,163.3693621963818,2337.9424038144853,2343.6433670800484,86.0028167035016,0.9757955256260674
9,31,1,31.1,2.4017771198288433,164.13875969926013,2336.4748687389792,2342.233196051248,85.98153904121585,0.9752083891190375
9,33,1,33.1,2.4017771198288433,1901.4184979094007,-1367.7390455347195,2342.2430277134495,-35.72843196271469,0.9752124826138587
9,29,1,29.1,2.4017771198288433,1882.5888551119558,-1352.019708471982,2317.7786972634826,-35.68479099931081,0.96502655393297
9,29,2,29.2,2.4017771198288433,-2191.948270987344,-1083.097363273288,2444.9411283329414,-153.70485190218125,1.0179716961027483
9,29,3,29.3,2.4017771198288433,164.86307197553936,2368.360488299568,2374.0916652563733,86.0180279835725,0.9884729293389043
9,250,1,250.1,2.4017771198288433,1883.7281337028267,-1352.4763582118487,2318.9704571696293,-35.677535369998544,0.9655227531415925
9,250,2,250.2,2.4017771198288433,-2191.9168663695696,-1084.1872601472573,2445.39599331908,-153.6816319898446,1.0181610829456753
9,250,3,250.3,2.4017771198288433,165.40566565174865,2367.8801901932497,2373.6502752805263,86.00415724873906,0.9882891529292605
9,32,1,32.1,2.4017771198288433,164.38872832148513,2335.472420593428,2341.2507514898275,85.97371760924439,0.974799340105576
9,35,1,35.1,2.4017771198288433,1866.9663640226015,-1353.9489698929417,2306.2396270695576,-35.95012432710484,0.9602221655079743
9,35,2,35.2,2.4017771198288433,-2186.5378304558067,-1060.9019927335346,2430.3211150381694,-154.11746923581424,1.0118845312388354
9,35,3,35.3,2.4017771198288433,177.89100853903537,2365.7585645378235,2372.4373114169102,85.6997897942734,0.9877841252755277
9,42,1,42.1,2.4017771198288433,1860.1764973921438,-1354.5033141781353,2301.0727562529737,-36.06055304431429,0.9580708956112273
9,42,2,42.2,2.4017771198288433,-2185.488030750235,-1055.7943002218467,2427.1504973803085,-154.21512994151954,1.0105644180477802
9,42,3,42.3,2.4017771198288433,182.16828243500947,2361.47772560962,2368.4936841114236,85.58884534386863,0.9861421630497539
9,44,1,44.1,2.4017771198288433,1857.3975949567491,-1354.7502307515792,2298.9723820595523,-36.106294998953246,0.9571963872415368
9,44,2,44.2,2.4017771198288433,-2185.073078250788,-1053.6995552296744,2425.8662597075686,-154.25541580679555,1.0100297149472561
9,44,3,44.3,2.4017771198288433,183.93242597268525,2359.737200441168,2366.8947573709565,85.5430263567223,0.9854764365228141
9,151,1,151.1,2.4017771198288433,1857.148617008342,-1355.6829605372266,2299.3210465585216,-36.128729054677144,0.9573415566230297
9,151,2,151.2,2.4017771198288433,-2187.7797580665538,-1053.179775055103,2428.0790572777623,-154.29420624824678,1.0109510317305352
9,151,3,151.3,2.4017771198288433,183.48734047808006,2363.446430179197,2370.5582955165873,85.56071825455659,0.9870017812833188
9,52,1,52.1,2.4017771198288433,1637.3314671665012,-1242.9965924860276,2055.698144744379,-37.204315042843625,0.8559071230101789
9,52,2,52.2,2.4017771198288433,-2349.563663951044,-1077.3386237346851,2584.7839215589374,-155.36726098272288,1.0761964131555786
9,52,3,52.3,2.4017771198288433,183.30589772647545,2142.006113144138,2149.83516598091,85.10873101554559,0.8951018594656746
9,53,1,53.1,2.4017771198288433,1638.0759611564984,-1242.9649499276538,2056.2720445669247,-37.191069435092594,0.8561460710032327
9,53,2,53.2,2.4017771198288433,-2349.2326916563406,-1077.291180530557,2584.463295772609,-155.36515880944825,1.0760629179266994
9,53,3,53.3,2.4017771198288433,183.56900673929857,2142.0230494221614,2149.8744904042815,85.10178298298047,0.8951182325183807
9,54,1,54.1,2.4017771198288433,1639.0067271130995,-1242.925296718787,2056.989631657262,-37.174518101715655,0.8564448443924924
9,54,2,54.2,2.4017771198288433,-2348.8189369042134,-1077.2318178586172,2584.062458178366,-155.3625311776133,1.0758960258404464
9,54,3,54.3,2.4017771198288433,183.89794939306177,2142.0442742288524,2149.9237494728936,85.09309692678373,0.8951387419437581
9,55,1,55.1,2.4017771198288433,1638.6202356057158,-1242.7159489083929,2056.5551794707135,-37.17637713245219,0.8562639565894727
9,55,2,55.2,2.4017771198288433,-2348.7881977720403,-1076.7848624449505,2583.848222706554,-155.3712558119159,1.0758068271092056
9,55,3,55.3,2.4017771198288433,183.81453202639838,2142.2269038101012,2150.0985767150064,85.09572796750086,0.895211532728827
9,57,1,57.1,2.4017771198288433,1642.082111192687,-1243.0364828517602,2059.5080377603545,-37.12528503905264,0.8574934038455326
9,57,2,57.2,2.4017771198288433,-2347.986730129535,-1077.7836239707815,2583.536186114678,-155.3437138043162,1.0756769080633042
9,57,3,57.3,2.4017771198288433,185.0251675567043,2141.859397803525,2149.8362711119807,85.06274382228372,0.8951023195962428
9,56,1,56.1,2.4017771198288433,1638.703643859815,-1242.486138239907,2056.4827828400976,-37.16987131135752,0.8562338136465584
9,56,2,56.2,2.4017771198288433,-2348.5485753255807,-1076.3077454174227,2583.4315887031635,-155.378660055869,1.0756333580558322
9,56,3,56.3,2.4017771198288433,183.89717509028782,2142.4203914271943,2150.298422221725,85.0939747198742,0.8952947400776975
9,58,1,58.1,2.4017771198288433,-2346.7910998116163,-1076.678685304054,2581.988663325825,-155.35492918379398,1.0750325840017263
9,60,1,60.1,2.4017771198288433,1648.2306055706692,-1244.2484291053668,2065.143646933798,-37.049136077517666,0.8598398368791879
9,60,2,60.2,2.4017771198288433,-2347.511280011488,-1081.6901599981024,2584.736507270692,-155.26061623601117,1.0761766718199426
9,60,3,60.3,2.4017771198288433,186.9786295017626,2140.188532227777,2148.3407461037564,85.00700353226728,0.8944796452457057
9,59,1,59.1,2.4017771198288433,-2346.2118291011648,-1076.1436157131266,2581.239049110786,-155.36036247194576,1.0747204758511195
9,61,1,61.1,2.4017771198288433,1648.2306285581199,-1244.2484784342855,2065.1436950011807,-37.04913678556156,0.8598398568924448
9,61,2,61.2,2.4017771198288433,-2347.5113443876467,-1081.6901556329026,2584.736563911655,-155.2606169210911,1.0761766954028815
9,61,3,61.3,2.4017771198288433,186.97865402583403,2140.1885813898025,2148.340797213656,85.00700299481132,0.89447966652574
9,62,1,62.1,2.4017771198288433,1647.31166155654,-1243.2951139189036,2063.835858442911,-37.043383957341575,0.8592953281984739
9,62,2,62.2,2.4017771198288433,-2344.4787692699742,-1081.1947216013216,2581.7751113480454,-155.24243816704265,1.0749436698489447
9,62,3,62.3,2.4017771198288433,186.7436492590321,2135.695688580134,2143.8445057322497,85.00280915944516,0.8926075979460681
9,63,1,63.1,2.4017771198288433,1646.711668215975,-1242.3444199089126,2062.784277600896,-37.032346441043565,0.8588574937161094
9,63,2,63.2,2.4017771198288433,-2342.3326198662453,-1080.5349752900252,2579.549948133295,-155.23578234734373,1.0740172045260887
9,63,3,63.3,2.4017771198288433,186.67376082043302,2133.4497336627423,2141.6010036989783,84.99943778007649,0.8916734971026763
9,64,1,64.1,2.4017771198288433,1647.0047256598054,-1241.6124204925752,2062.577506196352,-37.011210984024295,0.8587714027117288
9,64,2,64.2,2.4017771198288433,-2337.5089576167293,-1079.6058962260734,2574.780965073447,-155.209592724133,1.0720315985260667
9,64,3,64.3,2.4017771198288433,186.98886430147107,2128.5653886461982,2136.762843442223,84.97960457336117,0.8896590885979021
9,65,1,65.1,2.4017771198288433,1645.9195080041848,-1241.4603622810662,2061.619474574242,-37.02599192954074,0.8583725182298173
9,65,2,65.2,2.4017771198288433,-2335.8965020829155,-1080.3732559357018,2573.639221138874,-155.17903183656858,1.0715562238857026
9,65,3,65.3,2.4017771198288433,185.92935136426223,2121.8962858625437,2130.0266598463018,84.99229644425537,0.8868544221947176
9,66,1,66.1,2.4017771198288433,1645.7855637276086,-1242.5232388524646,2062.1527879530704,-37.051809765975335,0.8585945677174345
9,66,2,66.2,2.4017771198288433,-2335.952910293931,-1081.545572481606,2574.1827488477293,-155.15587602945922,1.0717825261950917
9,66,3,66.3,2.4017771198288433,185.6630509897116,2118.5266454159305,2126.6466363362024,84.9915191465669,0.8854471211249413
9,67,1,67.1,2.4017771198288433,1816.6823088423253,-1369.1711557969302,2274.8547789094105,-37.00408018829831,0.9471548213730683
9,67,2,67.2,2.4017771198288433,-2187.9355844185725,-1011.8354484192845,2410.5752625136793,-155.18128717352377,1.0036631803226865
9,67,3,67.3,2.4017771198288433,204.79312847264117,2356.4260529136945,2365.3084298501167,85.03299792403897,0.9848159557863865
9,68,1,68.1,2.4017771198288433,1812.877047558414,-1367.8566101485221,2271.025075927414,-37.035376643927016,0.9455602924926078
9,97,1,97.1,2.4017771198288433,1821.6462635633798,-1367.0749612040586,2277.562086772938,-36.886808202974784,0.9482820316546453
9,97,2,97.2,2.4017771198288433,-2186.563319657428,-1017.2622471052248,2411.613905718924,-155.05057883369312,1.00409562811173
9,97,3,97.3,2.4017771198288433,202.2988582753524,2355.939120519961,2364.608628855075,85.09218697638853,0.9845245877867231
9,69,1,69.1,2.4017771198288433,1808.5195715562356,-1366.350476329335,2266.6399504260376,-37.0713280819922,0.9437345087988698
9,70,1,70.1,2.4017771198288433,1805.4325732599993,-1365.2826267900625,2263.533394408617,-37.0968645839208,0.9424410682078286
9,71,1,71.1,2.4017771198288433,1803.6917341570797,-1364.6802475234147,2261.781609671266,-37.11129235936259,0.9417116979748921
9,72,1,72.1,2.4017771198288433,1816.6822382224502,-1369.1711983841658,2274.854748144959,-37.00408211542251,0.9471548085640316
9,72,2,72.2,2.4017771198288433,-2187.9355680684034,-1011.8353658582332,2410.575213018725,-155.18128879151251,1.0036631597150483
9,72,3,72.3,2.4017771198288433,204.79320241682385,2356.4259985807016,2365.3083821233954,85.03299602563371,0.9848159359149666
9,73,1,73.1,2.4017771198288433,205.64109348683624,2352.9120875288368,2361.881358360273,85.00512421670213,0.9833890658965836
9,76,1,76.1,2.4017771198288433,1816.5228261689442,-1370.702081432402,2275.6492203404127,-37.03727894955658,0.9474855937101196
9,76,2,76.2,2.4017771198288433,-2189.5687224696903,-1009.014061255617,2410.875477130477,-155.2584375933525,1.0037881771903474
9,76,3,76.3,2.4017771198288433,206.3529389153679,2358.816266543108,2367.825102220892,85.00040361742681,0.98586379338547
9,74,1,74.1,2.4017771198288433,206.1812133840135,2350.767115831773,2359.7916699633756,84.98752547125495,0.9825190066476861
9,75,1,75.1,2.4017771198288433,206.2255621088479,2350.7877163521543,2359.816066946593,84.98649651423308,0.9825291645357831
9,86,1,86.1,2.4017771198288433,1817.043765970398,-1370.0624112292082,2275.67991117272,-37.016522854655825,0.9474983720949472
9,86,2,86.2,2.4017771198288433,-2190.290183787825,-1003.302480005281,2409.1465201564747,-155.38898603474945,1.0030683114876857
9,86,3,86.3,2.4017771198288433,206.55825682886498,2364.2147649750846,2373.220969145177,85.0068239983106,0.9881104077277157
9,78,1,78.1,2.4017771198288433,1817.7958732879636,-1375.0535031147554,2279.288040895865,-37.1053187217865,0.9490006470951363
9,78,2,78.2,2.4017771198288433,-2194.920467049369,-1007.5330160822116,2415.1187621249474,-155.34348592112218,1.0055549044022265
9,78,3,78.3,2.4017771198288433,210.179663906675,2361.5306172499427,2370.865316151219,84.91399312960283,0.9871296118934519
9,79,1,79.1,2.4017771198288433,1816.9439310325731,-1375.0914208912031,2278.631533250755,-37.11900258153718,0.9487273046439614
9,79,2,79.2,2.4017771198288433,-2195.221560411246,-1007.5530468554068,2415.400762093529,-155.34603367494196,1.0056723174486968
9,79,3,79.3,2.4017771198288433,209.80106516876617,2361.4755569436234,2370.776938682369,84.92298892871459,0.987092815194824
9,80,1,80.1,2.4017771198288433,1819.7584078308196,-1379.6972188503219,2283.6560771215686,-37.16853250169281,0.9508193155259584
9,80,2,80.2,2.4017771198288433,-2199.6457447811454,-1006.7579385427609,2419.091347872723,-155.40685918832784,1.0072089237177484
9,80,3,80.3,2.4017771198288433,214.67318484313714,2362.9438078668245,2372.6752865545814,84.80893527375832,0.9878832082152836
9,81,1,81.1,2.4017771198288433,1820.3756839511,-1381.6402109754945,2285.322144316823,-37.198000239309074,0.9515129965430268
9,81,2,81.2,2.4017771198288433,-2201.70184804576,-1007.1137595442532,2421.1090748562888,-155.41945255645194,1.0080490212300894
9,81,3,81.3,2.4017771198288433,216.21901596457383,2363.2086017107054,2373.0793408700342,84.77234414302731,0.9880514396103273
9,82,1,82.1,2.4017771198288433,1820.8005970810293,-1383.8728946015372,2287.010931924784,-37.236119318549505,0.9522161373940319
9,82,2,82.2,2.4017771198288433,-2205.0057384899055,-1007.1337096712722,2424.122236177382,-155.45150688939526,1.0093035761578624
9,82,3,82.3,2.4017771198288433,217.57523473750135,2364.8813326992067,2374.8689859695955,84.74343725726553,0.9887965733218554
9,84,1,84.1,2.4017771198288433,217.74147875551046,2356.4757846867656,2366.5142035039094,84.7207848020789,0.9853179897360972
9,83,1,83.1,2.4017771198288433,1822.2735605412915,-1386.0617318109312,2289.508255900938,-37.257424610184785,0.9532559191271228
9,83,2,83.2,2.4017771198288433,-2207.939190217151,-1007.1300120753417,2426.789304599731,-155.48036042360798,1.010414032411413
9,83,3,83.3,2.4017771198288433,219.3973226274565,2366.6205327613206,2376.768379809773,84.70353875135153,0.9895874018398291
9,85,1,85.1,2.4017771198288433,218.45549561447237,2353.315590631535,2363.4333230860598,84.69649963738398,0.9840352393957704
9,87,1,87.1,2.4017771198288433,1816.2281548337985,-1369.8767533800747,2274.9169281233367,-37.02515642580632,0.9471806977183016
9,87,2,87.2,2.4017771198288433,-2190.582723842728,-999.8067159476809,2407.9589156072225,-155.4675079586685,1.0025738423966748
9,87,3,87.3,2.4017771198288433,207.10575853820234,2366.2424315406925,2375.288622471655,84.99792452967061,0.9889712924906721
9,88,1,88.1,2.4017771198288433,1815.2922506329485,-1370.7156325925425,2274.6752077256237,-37.05622163058585,0.94708005540819
9,89,1,89.1,2.4017771198288433,1816.1079876845818,-1369.0362331690696,2274.314936560347,-37.01007398693866,0.9469300534940647
9,89,2,89.2,2.4017771198288433,-2191.0757848329063,-998.2915015075754,2407.778855473107,-155.50518085897616,1.002498872853236
9,89,3,89.3,2.4017771198288433,207.4613401081445,2367.5903017982073,2376.662375014254,84.99221814709587,0.989543265856251
9,90,1,90.1,2.4017771198288433,-2191.618570854478,-996.5358861552362,2407.545582644164,-155.54855711973178,1.0024017477590643
9,91,1,91.1,2.4017771198288433,1816.2426259300216,-1368.625694086491,2274.17535972029,-36.99977278172423,0.946871939508839
9,91,2,91.2,2.4017771198288433,-2190.849684379185,-997.8470751580693,2407.3888603517894,-155.51257512140495,1.0023364951213067
9,91,3,91.3,2.4017771198288433,208.01316292616465,2368.396456109688,2377.5136696270492,84.9806663630387,0.9898977094912441
9,92,1,92.1,2.4017771198288433,210.15875579632413,2367.847802138944,2377.1558461178115,84.92799317840694,0.9897487266791907
9,94,1,94.1,2.4017771198288433,1814.1774236283406,-1367.7164058354524,2271.9788491960508,-37.01280242675217,0.9459574039734202
9,95,1,95.1,2.4017771198288433,1816.111280330107,-1367.9190404297851,2273.6452413937855,-36.98754285954908,0.9466512203079905
9,95,2,95.2,2.4017771198288433,-2190.4684370139457,-996.3659641684653,2406.4282885861517,-155.54090514887884,1.0019365530293833
9,95,3,95.3,2.4017771198288433,207.75425037668754,2369.5332074314256,2378.6234358699653,84.98927476560067,0.9903597699521228
9,96,1,96.1,2.4017771198288433,-2189.974716996176,-995.9135125488712,2405.79155072918,-155.54584515272987,1.0016714418949177
9,98,1,98.1,2.4017771198288433,1820.9263769447398,-1367.0857137783676,2276.9928017167745,-36.89789755274083,0.9480450050581873
9,98,2,98.2,2.4017771198288433,-2186.1660720846935,-1016.6318528516728,2410.9878512690275,-155.06017966782147,1.0038349651031901
9,98,3,98.3,2.4017771198288433,202.61701305177493,2355.498269922045,2364.196640210744,85.08359079648662,0.9843530528674629
9,99,1,99.1,2.4017771198288433,1821.7610353073355,-1367.0155156223714,2277.618205432235,-36.883879136154135,0.9483053971279998
9,99,2,99.2,2.4017771198288433,-2184.560844395323,-1015.3145003322784,2408.976881883716,-155.07249138240653,1.0029976811734245
9,99,3,99.3,2.4017771198288433,204.13610165243557,2354.698059263638,2363.5300925306187,85.0452386379779,0.9840755301637022
9,100,1,100.1,2.4017771198288433,1822.0365170032055,-1367.377955888229,2278.0560887612587,-36.887011874185,0.9484877135158981
9,100,2,100.2,2.4017771198288433,-2184.2180053555107,-1015.71716388124,2408.835746148366,-155.06036903968246,1.0029389181291002
9,100,3,100.3,2.4017771198288433,204.77703580804658,2353.737179807617,2362.6282708041576,85.02774092401992,0.9837000491421637
9,450,1,450.1,2.4017771198288433,1822.0365718556445,-1367.378065805444,2278.0561986099697,-36.88701325723527,0.948487759252328
9,450,2,450.2,2.4017771198288433,-2184.2181452571317,-1015.7171687673292,2408.835875064805,-155.0603703374496,1.002938971804538
9,450,3,450.3,2.4017771198288433,204.77710682424697,2353.737280786371,2362.628377558123,85.02773942054448,0.9837000935900704
9,197,1,197.1,2.4017771198288433,1821.646394444675,-1367.0750575699196,2277.56224929706,-36.88680816564093,0.9482820993229234
9,197,2,197.2,2.4017771198288433,-2186.5634427204,-1017.2623273404661,2411.6140511423937,-155.050578338629,1.0040956886600083
9,197,3,197.3,2.4017771198288433,202.29883383349625,2355.9392444841997,2364.608750273748,85.09218782343369,0.9845246383404035
9,105,1,105.1,2.4017771198288433,1814.8063676891963,-1368.633279080931,2273.0330408538007,-37.021713114578866,0.9463963254907611
9,105,2,105.2,2.4017771198288433,-2183.8013798122015,-1011.0054648399977,2406.474707202636,-155.15790673274893,1.001955879808751
9,105,3,105.3,2.4017771198288433,206.32940051668183,2351.816978414257,2360.8504657167805,84.98616904156464,0.9829598451187763
9,108,1,108.1,2.4017771198288433,1810.4798881958964,-1369.6511441002474,2270.1941947985288,-37.10797050942298,0.9452143481824444
9,108,2,108.2,2.4017771198288433,-2182.080181443235,-1007.0312788945996,2403.244872026035,-155.22664854986564,1.000611110908283
9,108,3,108.3,2.4017771198288433,208.89947474469176,2349.2235954385524,2358.4932673030567,84.91846599107676,0.9819784058360623
9,300,1,300.1,2.4017771198288433,1857.1484297815682,-1355.6827860254066,2299.3207924440976,-36.12872829309001,0.9573414508203629
9,300,2,300.2,2.4017771198288433,-2187.779543828363,-1053.1796825258025,2428.0788241074442,-154.29420602280203,1.0109509346481222
9,300,3,300.3,2.4017771198288433,183.4873295365536,2363.4462194021803,2370.5580845250165,85.56071812389533,0.9870016934352128
9,135,1,135.1,2.4017771198288433,1885.994820741041,-1349.5663704336014,2319.117472675189,-35.586474437050555,0.9655839642774411
9,135,2,135.2,2.4017771198288433,-2188.4516357712864,-1077.4961332263235,2439.327464533554,-153.78641861059515,1.0156344002092028
9,135,3,135.3,2.4017771198288433,166.63567728363347,2370.738715899456,2376.587786724567,85.97937794147991,0.9895122103977445
9,152,1,152.1,2.4017771198288433,1637.331481239516,-1242.9966184068087,2055.6981716265523,-37.204315381097814,0.8559071342027966
9,152,2,152.2,2.4017771198288433,-2349.563699010358,-1077.338620690519,2584.783952158978,-155.36726136797495,1.0761964258961616
9,152,3,152.3,2.4017771198288433,183.30591171288586,2142.0061380775996,2149.835192016124,85.10873070080714,0.8951018703056538
9,160r,1,160r.1,2.4017771198288433,1813.0786109759338,-1368.663657182398,2271.672127766311,-37.04856346464053,0.9458296979397472
9,160r,2,160r.2,2.4017771198288433,-2186.1203647162024,-1007.3459948097855,2407.0455339037976,-155.26014473765727,1.0021935482820028
9,160r,3,160r.3,2.4017771198288433,205.65747722278496,2354.221447673091,2363.187174690491,85.00749248292458,0.9839327534517014
9,160,1,160.1,2.4017771198288433,1648.2306362204936,-1244.2485075774525,2065.1437186754174,-37.049137302800744,0.8598398667494113
9,160,2,160.2,2.4017771198288433,-2347.5113620337097,-1081.690158558343,2584.7365811624472,-155.26061702589172,1.0761767025853932
9,160,3,160.3,2.4017771198288433,186.9786735476823,2140.188592347412,2148.3408098287496,85.00700250157811,0.8944796717781397
9,61s,1,61s.1,2.4017771198288433,1648.2306285581271,-1244.2484784342755,2065.1436950011807,-37.04913678556122,0.8598398568924448
9,61s,2,61s.2,2.4017771198288433,-2347.5113443876403,-1081.6901556329158,2584.7365639116547,-155.26061692109081,1.0761766954028813
9,61s,3,61s.3,2.4017771198288433,186.9786540258215,2140.1885813898043,2148.340797213657,85.00700299481164,0.8944796665257404
9,610,1,610.1,0.24017771198288432,209.88438324866436,-136.4228969655338,250.32511090208442,-33.0234929242074,1.0422495444536637
9,610,2,610.2,0.24017771198288432,-251.16276337509004,-117.66616953335797,277.3590834259163,-154.89758045797643,1.1548077510442836
9,610,3,610.3,0.24017771198288432,41.27838606277149,254.08906722129908,257.4201997461292,80.7725495950594,1.0717905405164057
9,x1,1,x1.1,0.24017771198288432,193.66109033824063,-131.70253956603491,234.20114610978996,-34.21833168347803,0.9751160679159094
9,x2,1,x2.1,0.24017771198288432,-213.91135768069313,-109.14407698296087,240.14682693148356,-152.9679434044922,0.9998714075042777
9,x4,1,x4.1,0.24017771198288432,14.79846802464704,236.43347846581773,236.89614685621797,86.41850577842926,0.9863369290198742
9,x5,1,x5.1,0.24017771198288432,14.81881069721488,236.31842279519577,236.7825882595441,86.41185378661889,0.9858641183009431
9,x6,1,x6.1,0.24017771198288432,14.832192490636109,236.22825456647226,236.69343503697203,86.40725483087,0.9854929213991322
9,x7,1,x7.1,0.24017771198288432,191.33533881779164,-132.12657694989485,232.52235208043035,-34.627010302200446,0.9681262685065486
9,x9,1,x9.1,0.24017771198288432,189.4642130065296,-132.29736573310078,231.08284443052332,-34.925480054087906,0.9621327579596182
9,x10,1,x10.1,0.24017771198288432,189.19330268937847,-132.18781852600645,230.79801807896703,-34.94168624724984,0.9609468596129115
9,x11,1,x11.1,0.24017771198288432,189.31729678504348,-132.19687756777444,230.90485768096212,-34.92590712208112,0.9613916952353055
9,x12,1,x12.1,0.24017771198288432,-214.52832058005615,-107.5938501742485,239.99757691738884,-153.36454982128842,0.9992499925825411
9,x16,1,x16.1,0.24017771198288432,17.149928347834,233.9202907744447,234.54812401367997,85.80684685602934,0.9765607394511048
9,x17,1,x17.1,0.24017771198288432,17.11617815683916,234.0538627498125,234.67887468369352,85.8174492386815,0.9771051308058816
9,x19,1,x19.1,0.24017771198288432,182.83675368216987,-133.91014108240245,226.63010475606146,-36.219149891190696,0.9435934037551815
9,x20,1,x20.1,0.24017771198288432,182.90239332820735,-133.8928040704296,226.67282251524713,-36.20581085908799,0.9437712627198331
9,x22,1,x22.1,0.24017771198288432,-215.62664918600103,-103.61149687943556,239.22833052291287,-154.33509102385014,0.9960471708547248
9,x24,1,x24.1,0.24017771198288432,18.634744010460892,231.93105951035872,232.6784692444339,85.40637828658254,0.968776275381519
9,x28,1,x28.1,0.24017771198288432,183.0913988552574,-134.25297144540272,227.03814806480224,-36.25097758781787,0.94529232621294
9,x29,1,x29.1,0.24017771198288432,183.327265731542,-134.34240885653952,227.2812556679082,-36.23399964971413,0.9463045250597809
9,x30,1,x30.1,0.24017771198288432,18.56479159314317,231.72191425977724,232.46439950046627,85.41943576390358,0.9678849780908575
9,x31,1,x31.1,0.24017771198288432,18.463197864124265,228.50993909792862,229.25462250935936,85.38063745428586,0.9545208030197933
9,x32,1,x32.1,0.24017771198288432,18.48835135567697,228.40717362959643,229.15421903449993,85.37229938230873,0.9541027647512524
9,x33,1,x33.1,0.24017771198288432,184.93633745531514,-135.86109240113365,229.4769821568507,-36.30238389602345,0.9554466160174089
9,x34,1,x34.1,0.24017771198288432,16.978762268933618,234.47656128943535,235.09048505267774,85.85836442383496,0.9788189050174267
9,x52,1,x52.1,0.24017771198288432,158.99125158373008,-123.34025536678843,201.22384718046104,-37.80314959629698,0.8378123245457545
9,x53,1,x53.1,0.24017771198288432,159.0639954396174,-123.33788633557448,201.27987691506002,-37.78992436150608,0.8380456090338796
9,x55,1,x55.1,0.24017771198288432,159.50755383412,-123.3952647610866,201.66569141924796,-37.725585782855504,0.839651980003953
9,x56,1,x56.1,0.24017771198288432,-233.2166500919801,-105.64648552785964,256.02965801741277,-155.6296075381453,1.066000903679431
9,x58,1,x58.1,0.24017771198288432,-232.96285260790583,-105.58654310262646,255.77374528980815,-155.61837927109266,1.0649353896253089
9,x59,1,x59.1,0.24017771198288432,-231.39491104944892,-103.7054015485805,253.5713216630278,-155.85927283622402,1.05576541457393
9,x60,1,x60.1,0.24017771198288432,160.05414989190794,-123.47339141465964,202.14600981730774,-37.648304498122044,0.8416518258434954
9,x62,1,x62.1,0.24017771198288432,20.31865502909564,209.24105670830323,210.22527810565208,84.45360050904185,0.875290535370881
9,x63,1,x63.1,0.24017771198288432,159.9080813204437,-123.2856086555019,201.91566500185962,-37.63143175462326,0.8406927659309563
9,x64,1,x64.1,0.24017771198288432,-230.7335285866568,-104.07955517395064,253.12154198972675,-155.72075972682163,1.053892719270158
9,x65,1,x65.1,0.24017771198288432,95.01095563200714,-219.92491452158328,239.57055269258979,-66.63491068906684,0.9974720414926019
9,x65,2,x65.2,0.24017771198288432,-262.01958404982537,11.584843986276388,262.2755631694075,177.46839283986972,1.0920062523873904
9,x65,3,x65.3,0.24017771198288432,167.00862841781824,208.34007053530695,267.0158552533118,51.28379660343242,1.1117428551086375
9,x66,1,x66.1,0.24017771198288432,20.33449577431176,207.54024419924983,208.53403722337453,84.40410250123931,0.8682489124479427
9,x68,1,x68.1,0.24017771198288432,175.98594851532178,-135.72880272198398,222.24617423744493,-37.64113232704811,0.9253405422285094
9,x69,1,x69.1,0.24017771198288432,175.56220801220934,-135.5771395736608,221.81805530005477,-37.67695593409678,0.9235580332111003
9,x70,1,x70.1,0.24017771198288432,175.26201515297953,-135.46961358293984,221.51476284842568,-37.70240157692381,0.9222952497116443
9,x71,1,x71.1,0.24017771198288432,175.0927286581619,-135.408958479489,221.34373644957898,-37.716778006927875,0.9215831669899183
9,x73,1,x73.1,0.24017771198288432,22.509304548982684,230.16422435359863,231.26227310906668,84.41442310130216,0.9628798242758971
9,x74,1,x74.1,0.24017771198288432,22.426768022183413,230.31171040669207,231.40104553432082,84.43831682085164,0.9634576148798147
9,x75,1,x75.1,0.24017771198288432,22.567777240362666,229.94650322458435,231.05129065812295,84.39473697816224,0.9620013811880607
9,x76,1,x76.1,0.24017771198288432,103.97287810078407,-245.3414702047821,266.4634991566471,-67.03333084508624,1.1094430742834123
9,x76,2,x76.2,0.24017771198288432,-262.45033248735876,24.368788954618772,263.5792383664539,174.6952365024282,1.097434213151457
9,x76,3,x76.3,0.24017771198288432,158.47745438657475,220.97268125016336,271.92651471994265,54.35262017551795,1.132188796682853
9,x77,1,x77.1,0.24017771198288432,-215.9661921067825,-96.63443833222384,236.6001073644897,-155.89379012891405,0.9851043438258352
9,x79,1,x79.1,0.24017771198288432,176.8687376907502,-136.5430135776136,223.44248684879915,-37.6682112319405,0.9303214898838
9,x80,1,x80.1,0.24017771198288432,-216.553262525237,-96.55474628695373,237.1036367094824,-155.9693099311649,0.9872008303850401
9,x82,1,x82.1,0.24017771198288432,176.74071332354592,-137.30344377075465,223.80687080030546,-37.8423367645155,0.9318386329546453
9,x83,1,x83.1,0.24017771198288432,23.845935039943637,231.55830915321076,232.78290133904412,84.12039152317205,0.9692110871454751
9,x84,1,x84.1,0.24017771198288432,23.690123850280838,230.5214633653324,231.73555411316568,84.1324518500238,0.9648503693368506
9,x85,1,x85.1,0.24017771198288432,23.761837161784918,230.1976980944344,231.42083984222242,84.10659534990752,0.9635400301369932
9,x86,1,x86.1,0.24017771198288432,-215.60426389009965,-96.19076601173438,236.0886741745905,-155.9561990618168,0.9829749489470313
9,x87,1,x87.1,0.24017771198288432,-215.6260809338485,-95.84380922391439,235.9674607767789,-156.03529318335703,0.9824702668230704
9,x88,1,x88.1,0.24017771198288432,176.21841145336606,-136.01088332106605,222.60253573785823,-37.66208329743073,0.926824283152974
9,x90,1,x90.1,0.24017771198288432,-215.7816170949813,-95.59021225147508,236.00676887413036,-156.106889162319,0.9826339293753819
9,x92,1,x92.1,0.24017771198288432,22.94174966951161,231.68938943140978,232.82245822299444,84.34503890004287,0.9693757855416075
9,x94,1,x94.1,0.24017771198288432,176.11310252988406,-135.71637830352586,222.33929077544346,-37.61858579498935,0.925728240725717
9,x95,1,x95.1,0.24017771198288432,-215.60707027849384,-95.50145424239244,235.81123068354304,-156.10942937242623,0.9818197897577922
9,x96,1,x96.1,0.24017771198288432,-215.5563896210063,-95.45538943696354,235.74623746521482,-156.11467728422465,0.9815491850551674
9,x98,1,x98.1,0.24017771198288432,176.7729148487617,-135.66138578773874,222.82880203864408,-37.50382641849747,0.9277663618284591
9,x99,1,x99.1,0.24017771198288432,-215.05399078610128,-97.37280666049644,236.07135029471695,-155.63978722811214,0.9829028195236534
9,x100,1,x100.1,0.24017771198288432,22.29187244896235,230.60426118360806,231.6792024617629,84.47853227361661,0.9646157445211776
10,sourcebus,1,sourcebus.1,66.39528095680697,66321.6014293889,-105.5415163503764,66321.68540658774,-0.0911781111337864,0.9988915545026897
10,sourcebus,2,sourcebus.2,66.39528095680697,-33275.13950375644,-57403.19118533941,66350.29214144488,-120.09975603820553,0.9993224094436568
10,sourcebus,3,sourcebus.3,66.39528095680697,-33046.46191915385,57508.732712911056,66327.39240780639,119.88313125817336,0.9989775094250336
10,150,1,150.1,2.4017771198288433,1946.2988377688887,-1282.6090808200936,2330.9151035811433,-33.384844109079346,0.9704960066183203
10,150,2,150.2,2.4017771198288433,-2098.9239138678945,-1095.6979271439197,2367.70681118968,-152.43416157813712,0.9858145419248597
10,150,3,150.3,2.4017771198288433,122.59792210726974,2350.038869493108,2353.23456940303,87.01367427331567,0.9797889029647878
10,150r,1,150r.1,2.4017771198288433,2007.1054402506786,-1322.7025794687322,2403.7500623020496,-33.38528208264069,1.0008214511067317
10,150r,2,150r.2,2.4017771198288433,-2164.519154627521,-1129.9259316759365,2441.6952680101526,-152.4344647664532,1.0166202549985794
10,150r,3,150r.3,2.4017771198288433,126.44480852610697,2423.4729627014813,2426.769352564907,87.01329838488769,1.0104057252147713
10,40,1,40.1,2.4017771198288433,1833.6350819560744,-1359.418816864392,2282.5943865314844,-36.55246679118588,0.950377271765395
10,40,2,40.2,2.4017771198288433,-2177.2200398819614,-1026.73070492289,2407.1690930416717,-154.75243114686361,1.0022449931629012
10,40,3,40.3,2.4017771198288433,205.24097606568213,2338.3942358050217,2347.3839609877514,84.98400067183866,0.9773529531978521
10,401,1,401.1,2.4017771198288433,1833.6350819560744,-1359.418816864392,2282.5943865314844,-36.55246679118588,0.950377271765395
10,401,2,401.2,2.4017771198288433,-2177.2200398819614,-1026.73070492289,2407.1690930416717,-154.75243114686361,1.0022449931629012
10,401,3,401.3,2.4017771198288433,205.24097606568213,2338.3942358050217,2347.3839609877514,84.98400067183866,0.9773529531978521
10,101,1,101.1,2.4017771198288433,1784.138848344486,-1373.097973712725,2251.343926543872,-37.58237905591134,0.937365881270577
10,101,2,101.2,2.4017771198288433,-2172.6185326099753,-977.3497809121177,2382.3274087516365,-155.77946063956657,0.9919019500533035
10,101,3,101.3,2.4017771198288433,233.09272081029522,2324.795668421425,2336.4518219740303,84.27444537881095,0.9728012656480514
10,1011,1,1011.1,2.4017771198288433,1784.138848344486,-1373.097973712725,2251.343926543872,-37.58237905591134,0.937365881270577
10,1011,2,1011.2,2.4017771198288433,-2172.6185326099753,-977.3497809121177,2382.3274087516365,-155.77946063956657,0.9919019500533035
10,1011,3,1011.3,2.4017771198288433,233.09272081029522,2324.795668421425,2336.4518219740303,84.27444537881095,0.9728012656480514
10,30,1,30.1,2.4017771198288433,1856.827816922162,-1357.6987966335578,2300.2511958645155,-36.17399584292371,0.9577288320693292
10,30,2,30.2,2.4017771198288433,-2184.8452063416394,-1055.4421588108303,2426.4184977594664,-154.2160143934369,1.0102596438808522
10,30,3,30.3,2.4017771198288433,188.38177349053686,2344.7493460041574,2352.3046546249834,85.4066106301399,0.9794017251661614
10,301,1,301.1,2.4017771198288433,1861.1080187940945,-1355.6506343689064,2302.501183514245,-36.069988058117374,0.9586656332533999
10,301,2,301.2,2.4017771198288433,-2185.039892328721,-1059.9363175832498,2428.551899465986,-154.1225397031968,1.0111479035319693
10,301,3,301.3,2.4017771198288433,184.48382301851225,2347.2663947296487,2354.5050029215586,85.5060660588995,0.9803178585902036
10,93,1,93.1,2.4017771198288433,1782.5725093962828,-1373.201089796635,2250.165768176653,-37.60878485281823,0.9368753451764938
10,93,2,93.2,2.4017771198288433,-2178.049577149656,-960.7886186490597,2380.5492497000278,-156.19660219801708,0.9911615986539466
10,93,3,93.3,2.4017771198288433,236.28218127168077,2340.3036193467633,2352.20116059704,84.23482842535296,0.9793586345616715
10,931,1,931.1,2.4017771198288433,1786.9987108536832,-1371.2172723627032,2252.4655825602613,-37.500099571232454,0.9378328921381255
10,931,2,931.2,2.4017771198288433,-2178.405891076878,-965.3594704616376,2382.723469790068,-156.0994975581888,0.992066853380578
10,931,3,931.3,2.4017771198288433,232.4363424300552,2342.8999715810187,2354.4016076524836,84.33429279867214,0.9802748091047949
10,77,1,77.1,2.4017771198288433,1784.255707189337,-1379.0582934006554,2255.0765408816724,-37.70057836336055,0.9389199864816661
10,77,2,77.2,2.4017771198288433,-2181.130011472029,-971.2915688443082,2387.621292971733,-155.99583647535368,0.9941061030433502
10,77,3,77.3,2.4017771198288433,237.93599058009963,2332.328923578617,2344.434205384046,84.17503788623327,0.9761247977710422
10,771,1,771.1,2.4017771198288433,1788.6754708706796,-1377.0859013025577,2257.3713738905976,-37.59236543907338,0.9398754594062682
10,771,2,771.2,2.4017771198288433,-2181.4693483737515,-975.8501345008732,2389.7891126414424,-155.89930540597146,0.9950086929014232
10,771,3,771.3,2.4017771198288433,234.0801327655334,2334.9378356585707,2346.641899597265,84.27516156688978,0.9770439897289439
10,149,1,149.1,2.4017771198288433,2007.1051110842593,-1322.702168825499,2403.7495614885165,-33.38527822708384,1.0008212425888268
10,149,2,149.2,2.4017771198288433,-2164.5188146012456,-1129.9258231781344,2441.6949163741906,-152.43446333105967,1.0166201085920046
10,149,3,149.3,2.4017771198288433,126.4446872486917,2423.4725349165583,2426.7689190420065,87.01330071809623,1.0104055447138842
10,1,1,1.1,2.4017771198288433,1973.1163892035727,-1329.6535704044989,2379.3206809157055,-33.97543972009841,0.9906500737609083
10,1,2,1.2,2.4017771198288433,-2168.336429849089,-1115.7595339792192,2438.565605161407,-152.7710366059695,1.0153171936849765
10,1,3,1.3,2.4017771198288433,141.5086903712308,2406.1179644100193,2410.275579286982,86.63419573194217,1.0035384047037406
10,2,1,2.1,2.4017771198288433,-2167.9212636160432,-1115.3403597724382,2438.004660244909,-152.7753317891952,1.0150836395754521
10,3,1,3.1,2.4017771198288433,142.56807329083404,2402.0591511301914,2406.2863131909626,86.60334038983488,1.0018774403856594
10,7,1,7.1,2.4017771198288433,1948.1473659927817,-1334.133973885564,2361.1843680450497,-34.404197255925986,0.9830988681469801
10,7,2,7.2,2.4017771198288433,-2171.638684957517,-1104.6433923793186,2436.442406939122,-153.0390100817276,1.0144331823398955
10,7,3,7.3,2.4017771198288433,151.36637738483054,2395.4340471293804,2400.2116686553395,86.38431327131867,0.9993482113054623
10,4,1,4.1,2.4017771198288433,142.91358280259854,2400.735874153793,2404.9858688978716,86.59325569451813,1.0013359895231482
10,5,1,5.1,2.4017771198288433,143.38374902660067,2398.932956743155,2403.214145770905,86.5795118522752,1.0005983177748667
10,6,1,6.1,2.4017771198288433,143.79928682095107,2397.3400363775395,2401.6489095845955,86.5673487597592,0.9999466185920461
10,8,1,8.1,2.4017771198288433,1931.9307761062048,-1337.0815964369012,2349.498610171237,-34.686954145777925,0.9782334050790975
10,8,2,8.2,2.4017771198288433,-2173.650230617675,-1097.19586283562,2434.870445524334,-153.2166743843897,1.0137786830519266
10,8,3,8.3,2.4017771198288433,158.08976744203989,2388.328655685343,2393.555126195684,86.21296583989214,0.9965767041557356
10,12,1,12.1,2.4017771198288433,-2173.111380133456,-1096.6602472563836,2434.148058023169,-153.22221383685422,1.013477910971453
10,9,1,9.1,2.4017771198288433,1928.312557240589,-1335.9959414855182,2345.9058962536233,-34.71544186934633,0.9767375485785286
10,13,1,13.1,2.4017771198288433,1910.6247253760462,-1341.5041738974976,2334.549269088725,-35.073788782939154,0.9720091218352063
10,13,2,13.2,2.4017771198288433,-2175.548641643458,-1086.3250932923454,2431.689556763634,-153.465490725821,1.0124542934012637
10,13,3,13.3,2.4017771198288433,169.18437155425622,2377.563076957592,2383.574948788114,85.92976574852786,0.992421373785913
10,9r,1,9r.1,2.4017771198288433,1928.3056033232644,-1335.999614739917,2345.9022721317924,-34.71561233857083,0.9767360396450805
10,14,1,14.1,2.4017771198288433,1924.327521459353,-1334.8055641459978,2341.952669018102,-34.747026213639245,0.9750915893415603
10,34,1,34.1,2.4017771198288433,169.79515766622526,2375.101929709219,2381.1634912528275,85.91090260707804,0.9914173432639392
10,18,1,18.1,2.4017771198288433,1859.1280338924857,-1354.7205250582604,2300.3531788442983,-36.080298616023576,0.9577712935362742
10,18,2,18.2,2.4017771198288433,-2181.3127845252116,-1048.6751644770782,2420.2985486348907,-154.323886358578,1.007711551855972
10,18,3,18.3,2.4017771198288433,189.5608070537811,2347.7800511439327,2355.420231746405,85.38392662127535,0.9806989217693348
10,11,1,11.1,2.4017771198288433,1922.790969353444,-1334.3444043004254,2340.427333013143,-34.75918930615525,0.9744565029330982
10,10,1,10.1,2.4017771198288433,1923.5240100629028,-1334.5642596349321,2341.154924472835,-34.753381693341865,0.974759441725247
10,15,1,15.1,2.4017771198288433,170.04479957848724,2374.0947447544663,2380.1766932172204,85.90317965150695,0.9910064816450737
10,16,1,16.1,2.4017771198288433,170.66879801745125,2371.57620386005,2377.7093029493676,85.8838457737433,0.9899791630618953
10,17,1,17.1,2.4017771198288433,170.33606851184152,2372.920166000046,2379.0259541345395,85.89416176913768,0.9905273617995307
10,19,1,19.1,2.4017771198288433,1855.9056037880964,-1353.667958329291,2297.1291978422655,-36.10641504895362,0.956428962070371
10,20,1,20.1,2.4017771198288433,1853.8634494050445,-1353.0009699448178,2295.086341232414,-36.12300495594053,0.9555784016278611
10,21,1,21.1,2.4017771198288433,1859.1280235866177,-1354.7205055677896,2300.3531590368752,-36.080298374851985,0.9577712852892879
10,21,2,21.2,2.4017771198288433,-2181.3128168062453,-1048.6751627039243,2420.298576960144,-154.32388672751975,1.0077115636494283
10,21,3,21.3,2.4017771198288433,189.56080400790657,2347.7800446613173,2355.4202250396893,85.38392668243549,0.9806989189769376
10,22,1,22.1,2.4017771198288433,-2181.508681096412,-1048.7715765143803,2420.5168756700427,-154.32383870048199,1.0078024541438444
10,23,1,23.1,2.4017771198288433,1857.8032952366086,-1355.536686224376,2299.763638179403,-36.11616892377466,0.9575258333476381
10,23,2,23.2,2.4017771198288433,-2182.4364285739184,-1050.3809732060668,2422.0505679361454,-154.2990354354226,1.0084410197515525
10,23,3,23.3,2.4017771198288433,189.0345602219398,2346.825040686858,2354.4260099975904,85.39482111942932,0.9802849692253596
10,24,1,24.1,2.4017771198288433,189.11681386905965,2346.7603618783523,2354.3681456754803,85.39269948476473,0.9802608769306864
10,25,1,25.1,2.4017771198288433,1856.3318145439184,-1356.431741739576,2299.1030589528987,-36.15580250885478,0.9572507956594818
10,25,2,25.2,2.4017771198288433,-2183.6834243874814,-1052.2543506103548,2423.986905146778,-154.27191779880138,1.009247229950928
10,25,3,25.3,2.4017771198288433,188.42463603741385,2345.7837119334463,2353.339131242688,85.40758720099072,0.9798324381616196
10,25r,1,25r.1,2.4017771198288433,1879.5310133471244,-1373.389591552977,2327.8392986457893,-36.15592312328387,0.9692153694975981
10,25r,2,25r.2,2.4017771198288433,186.07400288675174,2316.458488960902,2323.9198492265873,85.40746653761131,0.9675834739370802
10,26,1,26.1,2.4017771198288433,1878.4022605873456,-1373.9103436293474,2327.23541673621,-36.18267017556654,0.9689639382117416
10,26,2,26.2,2.4017771198288433,186.4189287164507,2315.174581141276,2322.6677244381026,85.39644928361868,0.9670621413046111
10,28,1,28.1,2.4017771198288433,1855.8313223812977,-1356.75591237355,2298.8902763925253,-36.16968530639489,0.9571622018600752
10,28,2,28.2,2.4017771198288433,-2184.4479836198448,-1053.3381185984226,2425.1462193511693,-154.25669263419826,1.0097299201201448
10,28,3,28.3,2.4017771198288433,187.859886256903,2345.789654800444,2353.2999046940963,85.42130460141794,0.979816105859897
10,27,1,27.1,2.4017771198288433,1877.265066934941,-1373.9782867673166,2326.357767851346,-36.20055560507026,0.9685985217550612
10,27,2,27.2,2.4017771198288433,186.01717884271517,2315.1417269251065,2322.602765557289,85.40626294146715,0.96703509513106
10,31,1,31.1,2.4017771198288433,186.78533231936555,2313.636198857358,2321.163764371825,85.38438634452459,0.9664359549470756
10,33,1,33.1,2.4017771198288433,1874.08461451006,-1372.9331961355886,2323.1742731431927,-36.2260834233392,0.9672730470963717
10,29,1,29.1,2.4017771198288433,1855.6745669125562,-1357.2178565854615,2299.036408698335,-36.181284556675465,0.9572230452683179
10,29,2,29.2,2.4017771198288433,-2184.8732226159896,-1054.3347412261871,2425.962230839728,-154.2398529747259,1.0100696733311407
10,29,3,29.3,2.4017771198288433,187.82175458909686,2345.26430735547,2352.7731898447964,85.42120895456185,0.9795968037252604
10,250,1,250.1,2.4017771198288433,1856.827819809871,-1357.6988036093264,2300.251202312929,-36.17399594072933,0.9577288347541801
10,250,2,250.2,2.4017771198288433,-2184.845214635668,-1055.4421587959966,2426.4185052212924,-154.2160144789428,1.010259646987646
10,250,3,250.3,2.4017771198288433,188.38177730819478,2344.7493535030408,2352.3046624055146,85.40661055207826,0.9794017284056507
10,32,1,32.1,2.4017771198288433,187.02946211100925,2312.6108306284914,2320.161389567056,85.37633956326182,0.9660186078100356
10,35,1,35.1,2.4017771198288433,1837.7431239056064,-1359.124978836755,2285.721001688602,-36.48522190992436,0.951679064147088
10,35,2,35.2,2.4017771198288433,-2177.902960477535,-1029.828226306775,2409.1092712774507,-154.6927278163232,1.003052802605235
10,35,3,35.3,2.4017771198288433,202.6606918368107,2341.034945483443,2349.790623011004,85.05230554121533,0.9783549870682655
10,42,1,42.1,2.4017771198288433,1829.527027023019,-1359.7126327920028,2279.4709005341233,-36.619895799981485,0.949076782235549
10,42,2,42.2,2.4017771198288433,-2176.5370944584265,-1023.6331857466997,2405.231511209569,-154.81223043245453,1.0014382647549627
10,42,3,42.3,2.4017771198288433,207.82124768751217,2335.753504830141,2344.9806196036425,84.91555595741167,0.9763523019033306
10,44,1,44.1,2.4017771198288433,1826.1608763753175,-1359.9788262889128,2276.9290622147273,-36.67579857144582,0.9480184665831887
10,44,2,44.2,2.4017771198288433,-2175.996305838687,-1021.0900917878062,2403.6607286742537,-154.86159994022566,1.0007842563033262
10,44,3,44.3,2.4017771198288433,209.95227623695666,2333.6044228936253,2343.0299957204493,84.85899198871296,0.975540143328295
10,151,1,151.1,2.4017771198288433,1827.0379629231809,-1360.6867677682385,2278.0553544508225,-36.676903135855994,0.9484874077796038
10,151,2,151.2,2.4017771198288433,-2178.628689521688,-1021.1476325630116,2406.0684641747066,-154.8869884947648,1.001786737124954
10,151,3,151.3,2.4017771198288433,209.02114967446485,2337.861688297189,2347.1870642577724,84.8909418450826,0.9772709735968502
10,52,1,52.1,2.4017771198288433,1606.809463995937,-1247.4088357025305,2034.1743919771611,-37.82313857232363,0.8469455284519163
10,52,2,52.2,2.4017771198288433,-2336.1389088965466,-1038.348608824263,2556.504026030006,-156.03618699879436,1.0644218420284515
10,52,3,52.3,2.4017771198288433,209.09266675555872,2115.9227277050018,2126.228758367624,84.35642982460217,0.8852731341362534
10,53,1,53.1,2.4017771198288433,1607.5601065380943,-1247.385149593139,2034.7528615432063,-37.80964994582969,0.8471863790959121
10,53,2,53.2,2.4017771198288433,-2335.804836455175,-1038.3044424243546,2556.1808130814097,-156.0340502735511,1.0642872696129146
10,53,3,53.3,2.4017771198288433,209.358012244742,2115.9368977792437,2126.2689699741,84.34935186545967,0.8852898765750684
10,54,1,54.1,2.4017771198288433,1608.4985631820227,-1247.355440475429,2035.4761660708,-37.79279504075165,0.8474875329880123
10,54,2,54.2,2.4017771198288433,-2335.387204027023,-1038.2491747003896,2555.7767393689137,-156.03137944908886,1.0641190301417498
10,54,3,54.3,2.4017771198288433,209.6897524231931,2115.954665126652,2126.3193403490786,84.34050337492417,0.8853108487021499
10,55,1,55.1,2.4017771198288433,1608.1109572317368,-1247.140071301281,2035.0378886433878,-37.79469087001877,0.8473050525139525
10,55,2,55.2,2.4017771198288433,-2335.3510279272364,-1037.7988249308278,2555.56076520763,-156.04027615224808,1.0640291074925994
10,55,3,55.3,2.4017771198288433,209.60768101310921,2116.1397488111556,2126.495430617765,84.34319569293662,0.8853841653589009
10,57,1,57.1,2.4017771198288433,1611.5972564167384,-1247.501483030028,2038.015129250045,-37.74265469698551,0.848544651551714
10,57,2,57.2,2.4017771198288433,-2334.555025375054,-1038.8148198848187,2555.246249682454,-156.01220953077123,1.0638981563220768
10,57,3,57.3,2.4017771198288433,210.8237323866299,2115.7557559166066,2126.233539579244,84.30956629345513,0.8852751248337167
10,56,1,56.1,2.4017771198288433,1608.1977861215717,-1246.909225012328,2034.965045082389,-37.788056576465685,0.8472747234878337
10,56,2,56.2,2.4017771198288433,-2335.1037214358053,-1037.3203363959099,2555.1404795360804,-156.04782909128883,1.0638541180366337
10,56,3,56.3,2.4017771198288433,209.69331275687057,2116.333962529645,2126.697140255608,84.3414156560212,0.8854681488543623
10,58,1,58.1,2.4017771198288433,-2333.3297829053463,-1037.7088413151603,2553.677253518299,-156.02370480086853,1.0632448916410198
10,60,1,60.1,2.4017771198288433,1617.7780456302476,-1248.7963092234272,2043.6971465589702,-37.66529244486167,0.8509104070008833
10,60,2,60.2,2.4017771198288433,-2334.1300304503134,-1042.7730494847526,2556.469955188543,-155.92728694659897,1.0644076563485305
10,60,3,60.3,2.4017771198288433,212.770174973085,2114.042729286358,2124.7229957353475,84.252756420889,0.8846461972652819
10,59,1,59.1,2.4017771198288433,-2332.732964293523,-1037.1704957092734,2552.9131829875187,-156.02930151472836,1.0629267644823952
10,61,1,61.1,2.4017771198288433,1617.7780678698377,-1248.7963582851658,2043.697194142752,-37.66529315268491,0.850910426812789
10,61,2,61.2,2.4017771198288433,-2334.130094050157,-1042.773044431024,2556.4700111956213,-155.92728763142887,1.0644076796675463
10,61,3,61.3,2.4017771198288433,212.7701998802244,2114.042777576544,2124.723046277001,84.25275588301643,0.8846462183087221
10,62,1,62.1,2.4017771198288433,1616.8667404387081,-1247.8213592134405,2042.3800334037178,-37.65926338176807,0.8503620159181394
10,62,2,62.2,2.4017771198288433,-2331.049099686275,-1042.3008650035856,2553.464508924182,-155.90876220285412,1.0631563136491817
10,62,3,62.3,2.4017771198288433,212.47945714428582,2109.521691606662,2120.1955775511283,84.24833853721378,0.8827611688224504
10,63,1,63.1,2.4017771198288433,1616.2762596882983,-1246.853677406029,2041.3213956878355,-37.64788713290695,0.849921243247294
10,63,2,63.2,2.4017771198288433,-2328.8646668209526,-1041.6550259078967,2551.206739832397,-155.9019779710671,1.0622162725966022
10,63,3,63.3,2.4017771198288433,212.38341195376682,2107.262433760728,2117.9380723742397,84.24479858827463,0.8818212376530464
10,64,1,64.1,2.4017771198288433,1616.5872723262842,-1246.1132789957728,2041.1155560469704,-37.626098537971814,0.8498355401905175
10,64,2,64.2,2.4017771198288433,-2323.9645452702484,-1040.7626489604174,2546.3695920161035,-155.87528935392226,1.0602022856298856
10,64,3,64.3,2.4017771198288433,212.6454880382144,2102.3434148828505,2113.0702633098354,84.22435320660117,0.8797944846191299
10,65,1,65.1,2.4017771198288433,1615.4925745318787,-1245.945352121919,2040.1460925242218,-37.64113253478789,0.849431895941122
10,65,2,65.2,2.4017771198288433,-2322.3481127187224,-1041.5535009361115,2545.2179576532303,-155.84416876263452,1.0597227930269437
10,65,3,65.3,2.4017771198288433,211.49029874350907,2095.637905537581,2106.282596801426,84.23726143579376,0.8769683828745628
10,66,1,66.1,2.4017771198288433,1615.3434572828567,-1247.0139172388792,2040.6808164860045,-37.66744646749534,0.8496545327367547
10,66,2,66.2,2.4017771198288433,-2322.4206107608193,-1042.7333251023385,2545.7671300740835,-155.82060813446614,1.0599514455594037
10,66,3,66.3,2.4017771198288433,211.17699782927988,2092.2480940165683,2102.8784585249214,84.23648080198053,0.8755510414200206
10,67,1,67.1,2.4017771198288433,1783.2055025635063,-1374.2255576145053,2251.2924615814945,-37.61960842361296,0.9373444534028733
10,67,2,67.2,2.4017771198288433,-2175.554637892227,-975.6352478519868,2384.3032775436914,-155.84598031159928,0.9927246195573729
10,67,3,67.3,2.4017771198288433,233.18387115112964,2327.686936371986,2339.3377677286853,84.27928867228954,0.974002853310299
10,68,1,68.1,2.4017771198288433,1779.3843882214417,-1372.8587206539285,2247.4318383260784,-37.651471328251205,0.9357370506078583
10,97,1,97.1,2.4017771198288433,1788.1987890526607,-1372.2180820689325,2254.0269239577287,-37.501711960209796,0.9384829696930231
10,97,2,97.2,2.4017771198288433,-2174.4216101894212,-981.1897868544183,2385.548728633765,-155.71311681522852,0.9932431735396686
10,97,3,97.3,2.4017771198288433,230.58748454939564,2327.3552294104416,2338.7502970379173,84.3417693403313,0.9737582549727106
10,69,1,69.1,2.4017771198288433,1775.0088216502052,-1371.292705286125,2243.0113687868347,-37.68807518150892,0.9338965511282235
10,70,1,70.1,2.4017771198288433,1771.909073154372,-1370.1824314349208,2239.8798313614275,-37.71407590410468,0.9325927093189426
10,71,1,71.1,2.4017771198288433,1770.16105694215,-1369.556127924168,2238.113972756792,-37.728766402273784,0.9318574793136033
10,72,1,72.1,2.4017771198288433,1783.2054321128928,-1374.2255983578696,2251.292430649331,-37.619610339406144,0.9373444405240082
10,72,2,72.2,2.4017771198288433,-2175.554617217999,-975.6351667744104,2384.3032255033095,-155.84598188605793,0.9927245978899245
10,72,3,72.3,2.4017771198288433,233.18394132217378,2327.6868785772167,2339.337717216368,84.27928682109932,0.9740028322790731
10,73,1,73.1,2.4017771198288433,234.01739328554174,2324.006793622784,2335.759344873742,84.24994595548883,0.9725129470132492
10,76,1,76.1,2.4017771198288433,1783.0396097368819,-1375.7125094113267,2252.0690838518835,-37.65214923242243,0.9376678065833068
10,76,2,76.2,2.4017771198288433,-2177.040676578208,-972.7104131974306,2384.4646475506443,-155.9247186968854,0.9927918073099835
10,76,3,76.3,2.4017771198288433,234.81757209725563,2330.0174227184702,2341.8199081776706,84.24520061609375,0.9750363132548097
10,74,1,74.1,2.4017771198288433,234.55403525705742,2321.733417949478,2333.551297803143,84.23124368195421,0.9715936081402248
10,75,1,75.1,2.4017771198288433,234.62275529788448,2321.6359089631637,2333.4611912544824,84.22932422262465,0.9715560915247501
10,86,1,86.1,2.4017771198288433,1783.6179490036022,-1374.998808783764,2252.0911864674986,-37.628785385089564,0.9376770091922553
10,86,2,86.2,2.4017771198288433,-2177.544304560604,-966.7959393409235,2382.5183287123778,-156.05952035009966,0.9919814411764244
10,86,3,86.3,2.4017771198288433,235.14946291509014,2335.4615572433595,2347.2698939983093,84.2504650921985,0.9773054604523761
10,78,1,78.1,2.4017771198288433,1784.2784619442748,-1380.05177836083,2255.7022278472655,-37.72019122584452,0.9391804964850412
10,78,2,78.2,2.4017771198288433,-2182.232219305252,-971.1233601540926,2388.5598254201004,-156.0102780276521,0.9944968688811205
10,78,3,78.3,2.4017771198288433,238.72555172127394,2332.5621077623327,2344.7464416463636,84.15642223318909,0.9762547999514027
10,79,1,79.1,2.4017771198288433,1783.4181955153165,-1380.0807158420644,2255.039521235549,-37.734145382417985,0.9389045730422516
10,79,2,79.2,2.4017771198288433,-2182.5363269739605,-971.1402787097002,2388.8445448570615,-156.01287281010022,0.9946154142010049
10,79,3,79.3,2.4017771198288433,238.34283515431002,2332.51068327044,2344.656348943301,84.16559804014884,0.9762172891006586
10,80,1,80.1,2.4017771198288433,1786.2026393887452,-1384.7096777792533,2260.0753882768695,-37.78375226102913,0.9410012984210325
10,80,2,80.2,2.4017771198288433,-2186.8256213302097,-970.288651364605,2392.4185179590136,-156.0732674045735,0.9961034678061649
10,80,3,80.3,2.4017771198288433,243.28388307395005,2333.7782287483014,2346.424486051724,84.04871710816849,0.9769534677801146
10,81,1,81.1,2.4017771198288433,1786.799512411604,-1386.6641006996058,2261.744863092076,-37.81361789657918,0.9416963982291802
10,81,2,81.2,2.4017771198288433,-2188.851211391147,-970.6393614401454,2394.412327813534,-156.08525444564972,0.9969336072217083
10,81,3,81.3,2.4017771198288433,244.8469025462549,2333.963496308685,2346.7713156138493,84.0112310670936,0.9770978731702991
10,82,1,82.1,2.4017771198288433,1787.188000322465,-1388.888934116823,2263.4163160604758,-37.85208126049949,0.9423923216579616
10,82,2,82.2,2.4017771198288433,-2192.1166099732295,-970.6308877272111,2397.394325498131,-156.1170753395362,0.9981751869086734
10,82,3,82.3,2.4017771198288433,246.21807310135955,2335.5769209783048,2348.5192980531892,83.98206857246807,0.977825660284644
10,84,1,84.1,2.4017771198288433,246.3242516663623,2326.98924105068,2339.990291630419,83.95743806018714,0.9742745370965865
10,83,1,83.1,2.4017771198288433,1788.6335192439449,-1391.0810683611257,2265.9029998911496,-37.87342010480259,0.9434276732774537
10,83,2,83.2,2.4017771198288433,-2195.0083066976654,-970.602640127275,2400.0272814061486,-156.14564143940933,0.999271440131456
10,83,3,83.3,2.4017771198288433,248.05962051612693,2337.252241277814,2350.3790363872736,83.94170572130379,0.9785999779008502
10,85,1,85.1,2.4017771198288433,247.01706969304647,2323.715660429455,2336.808058708468,83.93209615549875,0.9729495877931399
10,87,1,87.1,2.4017771198288433,1782.8229568592926,-1374.7672099100746,2251.320185346465,-37.63647008743451,0.9373559964243893
10,87,2,87.2,2.4017771198288433,-2177.7089622573476,-963.1895275425798,2381.207758735821,-156.1404387120226,0.9914357744008785
10,87,3,87.3,2.4017771198288433,235.7563046152751,2337.4818553625314,2349.3408563499065,84.24067585068245,0.9781677229556281
10,88,1,88.1,2.4017771198288433,1781.8674947977556,-1375.5799713378726,2251.060200563888,-37.667702681448134,0.9372477495848175
10,89,1,89.1,2.4017771198288433,1782.7324454920588,-1373.92502351715,2250.7343118317403,-37.62089943517266,0.9371120630844103
10,89,2,89.2,2.4017771198288433,-2178.1429230089643,-961.6389839739486,2380.9779773346254,-156.17878631154136,0.9913401029918629
10,89,3,89.3,2.4017771198288433,236.15031776116726,2338.8080845844556,2350.6999445051065,84.23436453595474,0.9787335906808136
10,90,1,90.1,2.4017771198288433,-2178.620549064594,-959.8625935651914,2380.698152923257,-156.22253892485548,0.9912235957568418
10,91,1,91.1,2.4017771198288433,1782.8811084509066,-1373.5218820040175,2250.606008881828,-37.610460051685536,0.9370586430776774
10,91,2,91.2,2.4017771198288433,-2177.8978602079333,-961.1893395230685,2380.572207665856,-156.18630427119558,0.9911711573951131
10,91,3,91.3,2.4017771198288433,236.72263034824175,2339.5867261080025,2351.53219257142,84.22239641564303,0.9790801041268127
10,92,1,92.1,2.4017771198288433,238.85539598283796,2338.929583568039,2351.0941063853397,84.16907315072021,0.9788977032776816
10,94,1,94.1,2.4017771198288433,1780.814431911827,-1372.5748166147398,2248.3909064285126,-37.62348256082037,0.9361363666370253
10,95,1,95.1,2.4017771198288433,1782.7667235024503,-1372.7906308262886,2250.069178161441,-37.597486819280434,0.9368351291154721
10,95,2,95.2,2.4017771198288433,-2177.4720058623093,-959.6552620175619,2379.5635226301533,-156.21595730045067,0.9907511829406248
10,95,3,95.3,2.4017771198288433,236.48396740329588,2340.7561283550476,2352.671655643965,84.2310460773137,0.9795545291111868
10,96,1,96.1,2.4017771198288433,-2176.9566037854765,-959.194259734137,2378.9059844121866,-156.22111131977744,0.990477411401818
10,98,1,98.1,2.4017771198288433,1787.47675880616,-1372.213198524077,2253.4511810722356,-37.51278964683219,0.9382432543252899
10,98,2,98.2,2.4017771198288433,-2174.0018580094593,-980.5355079618853,2384.8970545922216,-155.72329661471616,0.9929718435997822
10,98,3,98.3,2.4017771198288433,230.90636803369523,2326.916757835085,2338.3454297199664,84.3329346317111,0.9735896850772743
10,99,1,99.1,2.4017771198288433,1788.3265114489586,-1372.1359065194492,2254.07822790407,-37.4980783989588,0.9385043305203529
10,99,2,99.2,2.4017771198288433,-2172.3444530330844,-979.1788113649781,2382.8284804512773,-155.73664878936233,0.9921105754480182
10,99,3,99.3,2.4017771198288433,232.43493999698,2326.1122936866504,2337.6963883643166,84.29370618446963,0.973319451278188
10,100,1,100.1,2.4017771198288433,1788.599537524664,-1372.5051619517662,2254.519621830266,-37.50129977091957,0.9386881085747576
10,100,2,100.2,2.4017771198288433,-2172.0040204542306,-979.5895400358278,2382.686956319891,-155.72428055945267,0.9920516506917542
10,100,3,100.3,2.4017771198288433,233.0685902618988,2325.1345332242054,2336.786589605138,84.27586298476237,0.9729406489523321
10,450,1,450.1,2.4017771198288433,1788.599590684326,-1372.5052713129023,2254.519730580738,-37.501301153376325,0.9386881538539266
10,450,2,450.2,2.4017771198288433,-2172.0041588385766,-979.5895432663339,2382.6870837961114,-155.72428185674454,0.9920517037675451
10,450,3,450.3,2.4017771198288433,233.06866186259512,2325.1346321627993,2336.7866951917663,84.27586147989025,0.9729406929142083
10,197,1,197.1,2.4017771198288433,1788.1989187104525,-1372.2181820572348,2254.027087691205,-37.50171197013599,0.938483037864826
10,197,2,197.2,2.4017771198288433,-2174.421739279814,-981.1898642734852,2385.5488781422346,-155.71311639559644,0.9932432357887708
10,197,3,197.3,2.4017771198288433,230.58746519722996,2327.355356745738,2338.750421844786,84.34177011968636,0.9737583069370948
10,105,1,105.1,2.4017771198288433,1779.6727590104474,-1374.06571988493,2248.3975920034136,-37.67133471428778,0.9361391502320748
10,105,2,105.2,2.4017771198288433,-2170.6349740515866,-973.1256885201055,2378.787463443017,-155.85264645123428,0.9904280642046149
10,105,3,105.3,2.4017771198288433,235.848485844328,2321.9799889451765,2333.927071983378,84.20023545134475,0.9717500648643449
10,108,1,108.1,2.4017771198288433,1774.277453851166,-1375.2756072005059,2244.870481565762,-37.779932502756886,0.9346706082893058
10,108,2,108.2,2.4017771198288433,-2168.2748581784253,-968.0064209078137,2374.5425436339156,-155.9420650486301,0.9886606563239854
10,108,3,108.3,2.4017771198288433,239.19938796318365,2318.5984159127006,2330.9043226771123,84.10988909960385,0.9704915178987209
10,300,1,300.1,2.4017771198288433,1827.037763374118,-1360.6865684029249,2278.055075327905,-36.67690211212144,0.9484872915644416
10,300,2,300.2,2.4017771198288433,-2178.6284423612506,-1021.1475407055095,2406.0682013929527,-154.88698797750519,1.001786627713572
10,300,3,300.3,2.4017771198288433,209.02112172285604,2337.8614493915625,2347.186823812178,84.89094200535129,0.977270873485315
10,135,1,135.1,2.4017771198288433,1859.127767695648,-1354.7202346250865,2300.3527926645625,-36.08029667430206,0.9577711327471099
10,135,2,135.2,2.4017771198288433,-2181.3124310388907,-1048.6750576469287,2420.2981837648813,-154.32388501209766,1.0077113999392908
10,135,3,135.3,2.4017771198288433,189.56073736545844,2347.779710291723,2355.419886391389,85.38392764368248,0.9806987779778842
10,152,1,152.1,2.4017771198288433,1606.8094776522673,-1247.408861504438,2034.174418586801,-37.82313891051156,0.8469455395310626
10,152,2,152.2,2.4017771198288433,-2336.1389435255055,-1038.3486054094458,2556.504056287063,-156.0361873839485,1.0644218546262303
10,152,3,152.3,2.4017771198288433,209.0926809215538,2115.9227521777334,2126.228784114813,84.35642950957154,0.885273144856311
10,160r,1,160r.1,2.4017771198288433,1779.58110212132,-1373.6665258389892,2248.081098011789,-37.66470925098711,0.9360073753104922
10,160r,2,160r.2,2.4017771198288433,-2173.6593472636505,-971.1047130221386,2380.72243690869,-155.92680412918764,0.9912337065973658
10,160r,3,160r.3,2.4017771198288433,234.02821167395598,2325.461425380647,2337.2077453219044,84.25325479654389,0.9731160006589037
10,160,1,160.1,2.4017771198288433,1617.7780756524846,-1248.7963886660202,2043.6972188675968,-37.665293693591465,0.850910437107185
10,160,2,160.2,2.4017771198288433,-2334.1301135095223,-1042.7730470401177,2556.4700300268155,-155.92728775593267,1.0644076875080715
10,160,3,160.3,2.4017771198288433,212.7702201569107,2114.042789302567,2124.723059974593,84.25275537064407,0.8846462240118292
10,61s,1,61s.1,2.4017771198288433,1617.7780678698448,-1248.7963582851557,2043.6971941427514,-37.66529315268457,0.8509104268127887
10,61s,2,61s.2,2.4017771198288433,-2334.130094050151,-1042.7730444310369,2556.4700111956213,-155.92728763142853,1.0644076796675463
10,61s,3,61s.3,2.4017771198288433,212.770199880212,2114.0427775765456,2124.7230462770017,84.25275588301676,0.8846462183087225
10,610,1,610.1,0.24017771198288432,206.03522983061222,-137.2639376765226,247.57201885071237,-33.67218193879189,1.0307868153409463
10,610,2,610.2,0.24017771198288432,-249.95416943417942,-113.49201899308841,274.5132513971921,-155.57951379560578,1.1429588912761173
10,610,3,610.3,0.24017771198288432,43.918937197506814,250.75595841087284,254.57302237887254,80.06563052112489,1.0599360793186925
10,x1,1,x1.1,0.24017771198288432,191.81326109290012,-132.17244727532022,232.94180163689037,-34.56949719048778,0.9698726818310702
10,x2,1,x2.1,0.24017771198288432,-213.5330376084615,-107.20708965231371,238.93454798755218,-153.34045473658236,0.9948239826873664
10,x4,1,x4.1,0.24017771198288432,16.38233969182919,234.99323463345377,235.56358245126077,86.01212889775195,0.980788685621452
10,x5,1,x5.1,0.24017771198288432,16.39029785997914,234.90605979857418,235.47717255400818,86.00872208412167,0.9804289107841484
10,x6,1,x6.1,0.24017771198288432,16.39236810454804,234.8413694628814,235.4127833047232,86.00712354337249,0.9801608207571705
10,x7,1,x7.1,0.24017771198288432,189.2788943528475,-132.57213659662972,231.08844897404944,-35.00764221825129,0.9621560929455327
10,x9,1,x9.1,0.24017771198288432,187.2628542097655,-132.72187128053736,229.5266252158895,-35.32696960529399,0.955653309047453
10,x10,1,x10.1,0.24017771198288432,187.0262311947811,-132.6148814124859,229.27171200776473,-35.33934880954296,0.9545919565763172
10,x11,1,x11.1,0.24017771198288432,187.18663327796105,-132.63077219177094,229.41176388782534,-35.31941452254196,0.9551750742973761
10,x12,1,x12.1,0.24017771198288432,-214.01298123889555,-105.35772600011622,238.54099556821552,-153.78916306919072,0.9931853942601242
10,x16,1,x16.1,0.24017771198288432,19.11802296215129,231.99096621014127,232.77737691858343,85.28898705025603,0.9691880857586475
10,x17,1,x17.1,0.24017771198288432,19.084546751683565,232.12870127591665,232.9119015438261,85.2999770704542,0.9697481902917953
10,x19,1,x19.1,0.24017771198288432,180.09800714726848,-134.36334074930238,224.69712841006827,-36.725028937922936,0.9355452950025637
10,x20,1,x20.1,0.24017771198288432,180.1620789319538,-134.34597399691668,224.73810405506177,-36.71171240041747,0.9357159005290099
10,x22,1,x22.1,0.24017771198288432,-214.82928545115522,-100.70626374701426,237.2622461440866,-154.88406391686868,0.9878612140371897
10,x24,1,x24.1,0.24017771198288432,20.938294444369372,229.43857893972805,230.39200003498584,84.78569784887932,0.9592563695144376
10,x28,1,x28.1,0.24017771198288432,180.35051304967735,-134.71553341705348,225.1101563704381,-36.7584466346375,0.9372649714744556
10,x29,1,x29.1,0.24017771198288432,180.5861875012117,-134.8084255077282,225.35457107433055,-36.741509773062184,0.938282612544789
10,x30,1,x30.1,0.24017771198288432,20.86783790936922,229.23318451224813,230.1810581708193,84.7985166521215,0.958378095413044
10,x31,1,x31.1,0.24017771198288432,20.715263411532906,226.09547057174743,227.04247169036262,84.76507585076213,0.9453103279897273
10,x32,1,x32.1,0.24017771198288432,20.73796608959931,225.99516412780227,226.9446572331802,84.75705755907357,0.944903069312913
10,x33,1,x33.1,0.24017771198288432,182.11850042202508,-136.31733649223554,227.48530595250438,-36.81518455251348,0.9471541054930008
10,x34,1,x34.1,0.24017771198288432,18.919082395936393,232.63675037879509,233.40477566988653,85.35067739069133,0.9718003129554318
10,x52,1,x52.1,0.24017771198288432,155.9126818146888,-123.72176273529813,199.03728023909943,-38.43313890058245,0.8287083701308777
10,x53,1,x53.1,0.24017771198288432,155.98598440984725,-123.72019055186581,199.0937288879263,-38.41967166367859,0.8289433988034419
10,x55,1,x55.1,0.24017771198288432,156.42633723007552,-123.78170338114573,199.47708908833428,-38.35491608640549,0.8305395510743708
10,x56,1,x56.1,0.24017771198288432,-231.83459146494002,-101.74955260435488,253.18027027180062,-156.30387871565387,1.0541372393864876
10,x58,1,x58.1,0.24017771198288432,-231.57733880398246,-101.69146028320785,252.92136513562022,-156.29250850459835,1.0530592661888796
10,x59,1,x59.1,0.24017771198288432,-229.93810506683886,-99.77204074549859,250.65113659477,-156.54358030417387,1.0436069797043952
10,x60,1,x60.1,0.24017771198288432,156.9816840373842,-123.8683442897565,199.96653680128279,-38.27564335944303,0.8325774075803208
10,x62,1,x62.1,0.24017771198288432,22.848317444573006,206.56456144379888,207.82435770264502,83.68811332082706,0.8652941023830517
10,x63,1,x63.1,0.24017771198288432,156.83745255067555,-123.67685990934082,199.734704544854,-38.25815086509444,0.8316121545828016
10,x64,1,x64.1,0.24017771198288432,-229.28571824149688,-100.17066091928574,250.2121138125123,-156.40037902575887,1.0417790716165332
10,x65,1,x65.1,0.24017771198288432,91.3130742161724,-218.41356256089477,236.73310252972672,-67.31145379933297,0.9856580803242765
10,x65,2,x65.2,0.24017771198288432,-259.0505671011349,14.440259323623511,259.45272672445185,176.8094624759914,1.080253136656332
10,x65,3,x65.3,0.24017771198288432,167.73749288496248,203.97330323727124,264.08516609771294,50.567822121434816,1.0995406855925596
10,x66,1,x66.1,0.24017771198288432,22.8406000038502,204.85833807036877,206.1277072241609,83.63810440208266,0.8582299561536755
10,x68,1,x68.1,0.24017771198288432,172.60576546862941,-136.1623460347831,219.84752614188662,-38.268610762913454,0.9153535701828716
10,x69,1,x69.1,0.24017771198288432,172.18056248201043,-136.004805854217,219.4161646553525,-38.30508040971673,0.913557560540791
10,x70,1,x70.1,0.24017771198288432,171.87933996763155,-135.89311630643127,219.11058068286414,-38.3309857375741,0.9122852361025011
10,x71,1,x71.1,0.24017771198288432,171.70947409316514,-135.83011329518766,218.93826337836623,-38.34562232541048,0.9115677785870836
10,x73,1,x73.1,0.24017771198288432,25.33872718046736,227.08010267625437,228.48943985791638,83.63299045198612,0.9513349010261165
10,x74,1,x74.1,0.24017771198288432,25.215380088669143,227.343682880241,228.7377658773637,83.6710184655675,0.9523688271860302
10,x75,1,x75.1,0.24017771198288432,25.399239239039947,226.83687379781,228.25443844158994,83.61112382033208,0.9503564529661934
10,x76,1,x76.1,0.24017771198288432,99.85317399943942,-243.66968863473195,263.3354771334648,-67.71671802855359,1.096419292861907
10,x76,2,x76.2,0.24017771198288432,-259.3276663122935,27.08809015143205,260.7385724112034,174.03679037973848,1.0856068627624544
10,x76,3,x76.3,0.24017771198288432,159.47449231285407,216.58159848329996,268.9604106555906,53.634847212156984,1.1198391742309435
10,x77,1,x77.1,0.24017771198288432,-214.5389412390291,-92.90333170701982,233.79047531973612,-156.58559595900994,0.9734062057198573
10,x79,1,x79.1,0.24017771198288432,173.48194944686287,-136.98011430716267,221.04193832729396,-38.29437059880471,0.9203266052557199
10,x80,1,x80.1,0.24017771198288432,-215.1103332505988,-92.81652971739571,234.28052343283656,-156.66060594087088,0.9754465620420766
10,x82,1,x82.1,0.24017771198288432,173.34804869447868,-137.73765836522932,221.40733618857342,-38.469701368500104,0.9218479698247416
10,x83,1,x83.1,0.24017771198288432,26.702495084265724,228.42881775256564,229.98423429348387,83.3325921137798,0.9575586027311024
10,x84,1,x84.1,0.24017771198288432,26.538785630776275,227.37858382077474,228.92209924578574,83.3427697178239,0.9531363145890045
10,x85,1,x85.1,0.24017771198288432,26.6082887703566,227.04284767747927,228.59670975931772,83.31571143850432,0.9517815282360925
10,x86,1,x86.1,0.24017771198288432,-214.16763376729293,-92.4485081114251,233.26916214002557,-156.65186974452573,0.9712356746767948
10,x87,1,x87.1,0.24017771198288432,-214.17605880431472,-92.09056797182137,233.13527591148005,-156.7334550615168,0.9706782281617117
10,x88,1,x88.1,0.24017771198288432,172.84484450637893,-136.43093757589173,220.20159172964935,-38.284951676623415,0.916827751882912
10,x90,1,x90.1,0.24017771198288432,-214.3641856265854,-91.88229339567283,233.2259846565079,-156.7987160792562,0.971055901611421
10,x92,1,x92.1,0.24017771198288432,25.802502585337674,228.60577068644645,230.05731357818314,83.56033675103387,0.9578628744476407
10,x94,1,x94.1,0.24017771198288432,172.7456974511632,-136.13602751746905,219.94111479240507,-38.24065079823221,0.9157432343600586
10,x95,1,x95.1,0.24017771198288432,-214.14418708563846,-91.73890759572355,232.96729390501497,-156.80981248844552,0.9699788210223971
10,x96,1,x96.1,0.24017771198288432,-214.09122257435544,-91.69193961357338,232.9001145845175,-156.81530257205654,0.969699114300475
10,x98,1,x98.1,0.24017771198288432,173.3964450588976,-136.1073925344087,220.4349098069063,-38.130111055740535,0.9177991912197708
10,x99,1,x99.1,0.24017771198288432,-213.6720185132255,-93.66719672978529,233.30082562805578,-156.32884291051195,0.9713675082585573
10,x100,1,x100.1,0.24017771198288432,25.07304145777527,227.6784724070455,229.05489343288235,83.71563776837564,0.9536892142981418
11,sourcebus,1,sourcebus.1,66.39528095680697,66330.59849033094,-92.01069951306087,66330.6623067667,-0.07947797081281445,0.9990267583914239
11,sourcebus,2,sourcebus.2,66.39528095680697,-33268.1887118964,-57419.235481230986,66360.68853937101,-120.08761678927843,0.9994789928299505
11,sourcebus,3,sourcebus.3,66.39528095680697,-33062.40977195595,57511.24619196531,66337.51863373828,119.893992457576,0.9991300236667985
11,150,1,150.1,2.4017771198288433,1959.5908891046058,-1276.07034162522,2338.4507626711506,-33.07186191284802,0.9736335413328422
11,150,2,150.2,2.4017771198288433,-2099.583065602254,-1113.0769704289892,2376.381575307959,-152.07006303043212,0.9894263525490267
11,150,3,150.3,2.4017771198288433,108.50926255241905,2359.2576134636147,2361.751626811274,87.36665275596957,0.9833350510806674
11,150r,1,150r.1,2.4017771198288433,2020.8143990792848,-1315.95851655226,2411.5218541022173,-33.07225815014106,1.0040573016508993
11,150r,2,150r.2,2.4017771198288433,-2165.1987385372313,-1147.8502091245136,2450.641891413433,-152.0703187449023,1.020345256510759
11,150r,3,150r.3,2.4017771198288433,111.91401982320991,2432.9807160409864,2435.5533072507983,87.36632345434494,1.0140629982453835
11,40,1,40.1,2.4017771198288433,1863.6991746358065,-1351.8683080871058,2302.3732399305895,-35.95594130460854,0.9586123628718148
11,40,2,40.2,2.4017771198288433,-2185.331983359419,-1063.1091939334196,2430.201027840985,-154.0582405626208,1.0118345319294935
11,40,3,40.3,2.4017771198288433,176.6912412881992,2362.8654615896367,2369.4625939907073,85.72347398747019,0.9865455767850604
11,401,1,401.1,2.4017771198288433,1863.6991746358065,-1351.8683080871058,2302.3732399305895,-35.95594130460854,0.9586123628718148
11,401,2,401.2,2.4017771198288433,-2185.331983359419,-1063.1091939334196,2430.201027840985,-154.0582405626208,1.0118345319294935
11,401,3,401.3,2.4017771198288433,176.6912412881992,2362.8654615896367,2369.4625939907073,85.72347398747019,0.9865455767850604
11,101,1,101.1,2.4017771198288433,1817.7871437518968,-1364.8883822219814,2273.1630816802863,-36.90111239511296,0.9464504690769465
11,101,2,101.2,2.4017771198288433,-2184.1058407787077,-1018.6582743426591,2409.975726767892,-154.99584155695118,1.0034135585984902
11,101,3,101.3,2.4017771198288433,200.85821620586717,2352.7394099232947,2361.2976843302954,85.12037304422849,0.9831460483304827
11,1011,1,1011.1,2.4017771198288433,1817.7871437518968,-1364.8883822219814,2273.1630816802863,-36.90111239511296,0.9464504690769465
11,1011,2,1011.2,2.4017771198288433,-2184.1058407787077,-1018.6582743426591,2409.975726767892,-154.99584155695118,1.0034135585984902
11,1011,3,1011.3,2.4017771198288433,200.85821620586717,2352.7394099232947,2361.2976843302954,85.12037304422849,0.9831460483304827
11,30,1,30.1,2.4017771198288433,1882.7723477908048,-1350.612130817487,2317.106998288394,-35.65387385731108,0.9647468864444495
11,30,2,30.2,2.4017771198288433,-2191.1844949672864,-1088.4193440183763,2446.619332756617,-153.58519267384105,1.0186704305564245
11,30,3,30.3,2.4017771198288433,162.80946780198488,2366.2683317023857,2371.862715340742,86.06400645217389,0.9875448873914524
11,301,1,301.1,2.4017771198288433,1887.0028123259049,-1348.5404976278248,2319.340657917283,-35.55137424034473,0.9656768893204233
11,301,2,301.2,2.4017771198288433,-2191.3286222380298,-1092.8787433532113,2448.7354038999224,-153.49324493194538,1.0195514744825387
11,301,3,301.3,2.4017771198288433,158.91506220585168,2368.7204001683426,2374.0451409292036,86.16183549424912,0.9884535585460087
11,93,1,93.1,2.4017771198288433,1814.0632749084534,-1365.2170648663885,2270.383932196046,-36.96417209398864,0.9452933469354722
11,93,2,93.2,2.4017771198288433,-2189.076165456601,-1000.2269297610177,2406.763047993991,-155.44351572401425,1.0020759329098377
11,93,3,93.3,2.4017771198288433,204.71189000708253,2367.420897934949,2376.2551769305824,85.05790273432575,0.9893737255270049
11,931,1,931.1,2.4017771198288433,1818.4276797837651,-1363.2018401697217,2272.6633018654306,-36.85741485172619,0.9462423815692717
11,931,2,931.2,2.4017771198288433,-2189.369363501439,-1004.7530184963302,2408.9140370748355,-155.34849826598048,1.0029715152114118
11,931,3,931.3,2.4017771198288433,200.8682619409781,2369.9363442211848,2378.433588376111,85.15537075583983,0.9902807253595638
11,77,1,77.1,2.4017771198288433,1816.1644618779965,-1371.158065642425,2275.6378871790803,-37.05187814615132,0.947480875053572
11,77,2,77.2,2.4017771198288433,-2192.115395996673,-1011.1394704348191,2414.078072067442,-155.23792053385924,1.005121604389118
11,77,3,77.3,2.4017771198288433,206.50458867250572,2359.416823719812,2368.436592605951,84.99801508064246,0.9861183925237541
11,771,1,771.1,2.4017771198288433,1820.5218997125585,-1369.1541903776642,2277.9120229635164,-36.94561282654092,0.9484277305155802
11,771,2,771.2,2.4017771198288433,-2192.3915577100056,-1015.6528746666025,2416.2225692465995,-155.14347776016038,1.0060144837331058
11,771,3,771.3,2.4017771198288433,202.65090117296862,2361.944549204524,2370.622163328264,85.096127238408,0.9870283731811054
11,149,1,149.1,2.4017771198288433,2020.8140971712025,-1315.958147227411,2411.521399569173,-33.07225471128819,1.0040571124022633
11,149,2,149.2,2.4017771198288433,-2165.1984565736693,-1147.8501057257977,2450.6415938614373,-152.07031779303426,1.020345132622496
11,149,3,149.3,2.4017771198288433,111.91392313118745,2432.9803389943872,2435.5529261594497,87.36632531902374,1.0140628395748117
11,1,1,1.1,2.4017771198288433,1989.458688557488,-1323.075993941599,2389.241712180128,-33.6256227625992,0.9947807781391437
11,1,2,1.2,2.4017771198288433,-2170.104990505872,-1136.5307634959868,2449.705665215979,-152.35797977471498,1.0199554508998534
11,1,3,1.3,2.4017771198288433,124.73386837325013,2417.773493996108,2420.988890141692,87.04670687859425,1.007998981318557
11,2,1,2.1,2.4017771198288433,-2169.6821993724534,-1136.09780608821,2449.130268334482,-152.36236361625,1.019715879593779
11,3,1,3.1,2.4017771198288433,125.85407426900095,2413.601604311456,2416.8806243472063,87.01509042741012,1.0062884704803248
11,7,1,7.1,2.4017771198288433,1966.470706072135,-1327.6564541071189,2372.6943962449377,-34.02512887731075,0.9878911646947581
11,7,2,7.2,2.4017771198288433,-2174.2414523669677,-1127.5371723692515,2449.2174195577795,-152.58925301223738,1.019752165734811
11,7,3,7.3,2.4017771198288433,132.84758973562802,2408.7595458398528,2412.4201607044283,86.84322879071574,1.0044313191210446
11,4,1,4.1,2.4017771198288433,126.21808292484823,2412.246574558491,2415.546426986324,87.00479434051478,1.0057329662456198
11,5,1,5.1,2.4017771198288433,126.71875891120203,2410.380008089002,2413.7086458922777,86.99061050882503,1.0049677907100243
11,6,1,6.1,2.4017771198288433,127.15980452363344,2408.7364213179435,2412.090537950444,86.97809890447766,1.0042940779294023
11,8,1,8.1,2.4017771198288433,1951.5854296526272,-1330.6669362896664,2362.066930585786,-34.28768879744578,0.9834663304453966
11,8,2,8.2,2.4017771198288433,-2176.8045673005727,-1121.5024845092569,2448.723330019353,-152.74221065427668,1.0195464474213392
11,8,3,8.3,2.4017771198288433,138.41206302334538,2402.7689096089953,2406.752237388381,86.70310680913518,1.0020714318237374
11,12,1,12.1,2.4017771198288433,-2176.2569776885475,-1120.9492255011462,2447.9831696908604,-152.74785201301472,1.0192382754754987
11,9,1,9.1,2.4017771198288433,1947.8525456713116,-1329.5744183382599,2358.367586611072,-34.316848612095875,0.9819260776283585
11,13,1,13.1,2.4017771198288433,1932.366507037961,-1335.1615185470177,2348.7649090811256,-34.642391161941624,0.9779279224912029
11,13,2,13.2,2.4017771198288433,-2179.493057095179,-1112.7495796776527,2447.1210867055356,-152.9532198933248,1.0188793400113345
11,13,3,13.3,2.4017771198288433,147.79967124486686,2393.6803577021565,2398.239020128981,86.46671286455737,0.9985268825859601
11,9r,1,9r.1,2.4017771198288433,1947.8453880497955,-1329.5782613104595,2358.3638414579295,-34.31702375951943,0.9819245183025112
11,14,1,14.1,2.4017771198288433,1943.727760495075,-1328.3726118516527,2354.2836283754727,-34.34928508716872,0.9802256874456547
11,34,1,34.1,2.4017771198288433,148.45118647038703,2391.1548682599905,2395.758618635842,86.44743891038527,0.9974941466702664
11,18,1,18.1,2.4017771198288433,1885.3259387978442,-1347.5218696142492,2317.3841038102973,-35.55498990097606,0.9648622616470924
11,18,2,18.2,2.4017771198288433,-2187.662504289452,-1081.5735209199079,2440.4238389732805,-153.6923520115169,1.0160908848807717
11,18,3,18.3,2.4017771198288433,163.9568268558061,2369.5452350248133,2375.210824727233,86.04182061111335,0.9889389007488324
11,11,1,11.1,2.4017771198288433,1942.1347926592525,-1327.9062272399171,2352.7053579231183,-34.36179669151608,0.9795685613371061
11,10,1,10.1,2.4017771198288433,1942.8985784778124,-1328.1297089241975,2353.462005212359,-34.355792854267236,0.9798835977670037
11,15,1,15.1,2.4017771198288433,148.71636141800212,2390.1257867955424,2394.7479685466737,86.43958098866113,0.9970733540493256
11,16,1,16.1,2.4017771198288433,149.3791960219044,2387.55248000531,2392.2209323103198,86.41990869219967,0.9960212013680918
11,17,1,17.1,2.4017771198288433,149.0257490617458,2388.92568392423,2393.569426023875,86.43040535705995,0.9965826580088526
11,19,1,19.1,2.4017771198288433,1881.9735796513326,-1346.4599257447264,2314.0395169793765,-35.58186424897204,0.963469714935198
11,20,1,20.1,2.4017771198288433,1879.8494602551957,-1345.7871326697618,2311.9206300565875,-35.59893410649574,0.9625874986357356
11,21,1,21.1,2.4017771198288433,1885.3259273367237,-1347.5218482650505,2317.384082071795,-35.55498963631817,0.964862252596085
11,21,2,21.2,2.4017771198288433,-2187.6625357968696,-1081.5735195205066,2440.423866597187,-153.69235236880817,1.0160908963822162
11,21,3,21.3,2.4017771198288433,163.95682306322556,2369.5452271744916,2375.210816633841,86.04182068930947,0.988938897379081
11,22,1,22.1,2.4017771198288433,-2187.7850253633865,-1081.601499716921,2440.546070328148,-153.69303798111548,1.0161417769281054
11,23,1,23.1,2.4017771198288433,1883.919253758144,-1348.3799375657684,2316.7391330727132,-35.59248373486108,0.9645937226838974
11,23,2,23.2,2.4017771198288433,-2188.7895774013605,-1083.3076740392255,2442.202966743981,-153.66760018732333,1.016831639614428
11,23,3,23.3,2.4017771198288433,163.43968207945923,2368.510599119651,2374.1430007100166,86.05254764753867,0.9884943032845629
11,24,1,24.1,2.4017771198288433,163.5355801120609,2368.396120548375,2374.035397754461,86.05004850258638,0.9884495018936814
11,25,1,25.1,2.4017771198288433,1882.3527770056464,-1349.3158223493447,2316.010614298466,-35.63386602164676,0.9642903977965743
11,25,2,25.2,2.4017771198288433,-2190.0438401514843,-1085.2077871243475,2444.1701992743433,-153.64072213689377,1.0176507133386803
11,25,3,25.3,2.4017771198288433,162.83017362294964,2367.394452300106,2372.987601784594,86.06537407839936,0.9880132432745047
11,25r,1,25r.1,2.4017771198288433,1905.8771005702406,-1366.1848479026378,2344.9581150026497,-35.6339896143956,0.9763429319244066
11,25r,2,25r.2,2.4017771198288433,160.79965245661867,2337.7990574171818,2343.322632735585,86.06525065249573,0.9756619851981004
11,26,1,26.1,2.4017771198288433,1904.7174844855704,-1366.7316595851005,2344.3344737936354,-35.66136308172685,0.9760832736889002
11,26,2,26.2,2.4017771198288433,161.1698625226423,2336.479980306198,2342.0321139893063,86.05400074918114,0.9751246669200535
11,28,1,28.1,2.4017771198288433,1881.7980819552029,-1349.6547521919008,2315.757321345322,-35.64867726387881,0.964184937156179
11,28,2,28.2,2.4017771198288433,-2190.8121026665835,-1086.3013324257188,2445.3441994983586,-153.62575611720004,1.0181395181550486
11,28,3,28.3,2.4017771198288433,162.25347677171965,2367.367730824987,2372.92144068782,86.07922171703663,0.9879856965482794
11,27,1,27.1,2.4017771198288433,1903.5441897972157,-1366.8122564464736,2343.4283063245266,-35.67968817543593,0.9757059832810486
11,27,2,27.2,2.4017771198288433,160.75544003635858,2336.4423695061623,2341.9661093886166,86.06405216465832,0.9750971853522824
11,31,1,31.1,2.4017771198288433,161.56571626252224,2334.8974539181168,2340.4806346100636,86.04166708879286,0.9744786954989613
11,33,1,33.1,2.4017771198288433,1900.2514122422097,-1365.7626703145575,2340.1416840339525,-35.70583586393383,0.9743375705905288
11,29,1,29.1,2.4017771198288433,1881.6086561079176,-1350.1300601262687,2315.8804619402977,-35.660964280104665,0.9642362077732397
11,29,2,29.2,2.4017771198288433,-2191.2345333065164,-1087.3075737988386,2446.1697692505613,-153.60903595509689,1.0184832510290887
11,29,3,29.3,2.4017771198288433,162.22125111037712,2366.810874654899,2372.3636843234017,86.07907859690064,0.9877534700190925
11,250,1,250.1,2.4017771198288433,1882.7723507598937,-1350.612137819476,2317.1070047823064,-35.65387395520255,0.9647468891482442
11,250,2,250.2,2.4017771198288433,-2191.184503332635,-1088.4193440958336,2446.619340283055,-153.58519275936706,1.01867043369012
11,250,3,250.3,2.4017771198288433,162.8094715624217,2366.2683393063135,2371.8627231848586,86.06400637415778,0.987544890657416
11,32,1,32.1,2.4017771198288433,161.82959072196087,2333.842166357229,2339.4461040811007,86.03343578805269,0.9740479600570995
11,35,1,35.1,2.4017771198288433,1866.6908005094053,-1351.628993765537,2304.655176266958,-35.90745536813735,0.9595624661588887
11,35,2,35.2,2.4017771198288433,-2185.7939444094,-1065.3548638670934,2431.5995051369123,-154.01541937337777,1.0124167996529978
11,35,3,35.3,2.4017771198288433,174.8120836785645,2364.753582446726,2371.206184686322,85.7721560233657,0.9872715353601588
11,42,1,42.1,2.4017771198288433,1860.707535442084,-1352.1076002564719,2300.09293184477,-36.00452316131747,0.9576629375204809
11,42,2,42.2,2.4017771198288433,-2184.8699972103323,-1060.8635259216837,2428.803887789392,-154.1011107404065,1.011252820978857
11,42,3,42.3,2.4017771198288433,178.57038646104132,2360.9773190736555,2367.7206938532827,85.6747205483986,0.9858203220880097
11,44,1,44.1,2.4017771198288433,1858.2355077554532,-1352.3306214004149,2298.2248175190343,-36.045249469532735,0.956885132490067
11,44,2,44.2,2.4017771198288433,-2184.506810607413,-1059.0024369135072,2427.6647558876243,-154.1368792593512,1.0107785338802069
11,44,3,44.3,2.4017771198288433,180.14033838457723,2359.431676496648,2366.2984548803415,85.63399262200954,0.985228160991462
11,151,1,151.1,2.4017771198288433,1856.7483687084675,-1353.2386164312097,2297.5572370894724,-36.08537995777778,0.9566071797924373
11,151,2,151.2,2.4017771198288433,-2186.953953924069,-1057.5475329690414,2429.2332907880677,-154.19293548993866,1.0114316065102582
11,151,3,151.3,2.4017771198288433,180.39192836427506,2362.343066804579,2369.2205496953306,85.6332859088973,0.9864447996174464
11,52,1,52.1,2.4017771198288433,1635.4126271164296,-1240.3001875962996,2052.539650355938,-37.17675217890927,0.8545920574437845
11,52,2,52.2,2.4017771198288433,-2347.9692490440634,-1080.8778724761635,2584.8126759332367,-155.28121744600614,1.0762083852799118
11,52,3,52.3,2.4017771198288433,180.43453661955925,2140.470924774567,2148.062476235364,85.18154914533719,0.8943637852576597
11,53,1,53.1,2.4017771198288433,1636.1926391725065,-1240.2669354510801,2053.141111481504,-37.16285934115206,0.8548424808159619
11,53,2,53.2,2.4017771198288433,-2347.6224938427495,-1080.8281203019744,2584.4768908295446,-155.27900479586708,1.076068578342407
11,53,3,53.3,2.4017771198288433,180.7101977529426,2140.4887064673635,2148.1033676446377,85.174262335226,0.8943808107380575
11,54,1,54.1,2.4017771198288433,1637.1678167902976,-1240.225258975265,2053.8931698932574,-37.145499524738156,0.8551556066283216
11,54,2,54.2,2.4017771198288433,-2347.1890046801072,-1080.7658657903946,2584.0570969599053,-155.27623905063345,1.0758937936522819
11,54,3,54.3,2.4017771198288433,181.0548354259432,2140.510992133233,2148.154594267906,85.16515271650113,0.8944021393712789
11,55,1,55.1,2.4017771198288433,1636.7624741264601,-1240.0053683672866,2053.437291540275,-37.14743837047231,0.8549657978616302
11,55,2,55.2,2.4017771198288433,-2347.1571762867907,-1080.2961487726966,2583.83176295356,-155.28540493861254,1.0757999739533244
11,55,3,55.3,2.4017771198288433,180.96721560173557,2140.702873511771,2148.33841044287,85.16791252358422,0.8944786727737527
11,57,1,57.1,2.4017771198288433,1640.3903583294205,-1240.3419316897355,2056.5331592775133,-37.09387695320399,0.8562547882977863
11,57,2,57.2,2.4017771198288433,-2346.3165972261936,-1081.3457491063898,2583.507345360095,-155.2564654156704,1.075664899973817
11,57,3,57.3,2.4017771198288433,182.2362028503173,2140.316658748746,2148.0608542000614,85.13331703455393,0.8943631099096896
11,56,1,56.1,2.4017771198288433,1636.8496459508015,-1239.7639283861201,2053.360991539639,-37.14059957075638,0.8549340297179477
11,56,2,56.2,2.4017771198288433,-2346.90641819766,-1079.7947724535477,2583.3943729898033,-155.29318092756782,1.075617862982183
11,56,3,56.3,2.4017771198288433,181.0536478027788,2140.9061730308213,2148.5482692050855,85.16607248930576,0.8945660492253321
11,58,1,58.1,2.4017771198288433,-2345.0630826192764,-1080.1838880486828,2581.882664542251,-155.2682385122566,1.0749884505212717
11,60,1,60.1,2.4017771198288433,1646.8336873527776,-1241.6148558091181,2062.442397732805,-37.014125296608555,0.8587151491724511
11,60,2,60.2,2.4017771198288433,-2345.8159879904297,-1085.4502498414722,2584.7736640550233,-155.16919079710456,1.0761921423579974
11,60,3,60.3,2.4017771198288433,184.28464602745464,2138.5612849852005,2146.4867109765705,85.07486029394494,0.8937077022074116
11,59,1,59.1,2.4017771198288433,-2344.4557145794943,-1079.6214289605991,2581.095702893516,-155.27393820675542,1.0746607924541522
11,61,1,61.1,2.4017771198288433,1646.8337103319254,-1241.6149050675556,2062.4424457355244,-37.01412600497104,0.8587151691587849
11,61,2,61.2,2.4017771198288433,-2345.816052385295,-1085.4502455895324,2584.773720711139,-155.16919148207282,1.076192165947245
11,61,3,61.3,2.4017771198288433,184.28467045897528,2138.5613341289422,2146.486762036406,85.0748597568288,0.8937077234666013
11,62,1,62.1,2.4017771198288433,1645.8710874607566,-1240.6148972651388,2061.071798811348,-37.008038494222795,0.8581444888434215
11,62,2,62.2,2.4017771198288433,-2342.6335035143034,-1084.9242874246838,2581.6646647525035,-155.15012416212312,1.0748976844847615
11,62,3,62.3,2.4017771198288433,184.04293545970847,2133.851934777037,2141.774003400996,85.07048644632141,0.8917455269761353
11,63,1,63.1,2.4017771198288433,1645.24237652356,-1239.6177188025017,2059.9695546968674,-36.99641618506059,0.8576855602836562
11,63,2,63.2,2.4017771198288433,-2340.381533431809,-1084.2278993476132,2579.3285676222727,-155.14313888076836,1.0739250308979886
11,63,3,63.3,2.4017771198288433,183.97211843335586,2131.4983119917015,2139.4230050142796,85.06695960831844,0.8907666691265426
11,64,1,64.1,2.4017771198288433,1645.5498681390045,-1238.8483744147893,2059.752330578233,-36.97417684013114,0.8575951172043041
11,64,2,64.2,2.4017771198288433,-2335.320680706632,-1083.2440670705503,2574.3232878913313,-155.11565966380624,1.0718410408018144
11,64,3,64.3,2.4017771198288433,184.30729528664315,2126.3799709912923,2134.3525857104323,85.04618005879713,0.8886555576241527
11,65,1,65.1,2.4017771198288433,1644.4117106894812,-1238.689720889111,2058.747701611115,-36.98970067146136,0.8571768315279091
11,65,2,65.2,2.4017771198288433,-2333.628187608567,-1084.0452758353922,2573.1254687757214,-155.08361735441213,1.0713423187906332
11,65,3,65.3,2.4017771198288433,183.2016924390892,2119.3879786294165,2127.2912974182523,85.05958481519588,0.8857155311604635
11,66,1,66.1,2.4017771198288433,1644.2722839957312,-1239.8037314955739,2059.306833997034,-37.016791722934954,0.8574096309751612
11,66,2,66.2,2.4017771198288433,-2333.6862490008994,-1085.2739384936028,2573.6959863879233,-155.05935521986254,1.0715798585721108
11,66,3,66.3,2.4017771198288433,182.92558671116967,2115.856318070477,2123.748979750757,85.05880066550881,0.8842406575603071
11,67,1,67.1,2.4017771198288433,1815.319560532814,-1366.3011064409286,2272.039572788017,-36.96696465602672,0.945982686749022
11,67,2,67.2,2.4017771198288433,-2186.4415559860486,-1015.5671050466063,2410.788921203065,-155.08588596915,1.0037521389057382
11,67,3,67.3,2.4017771198288433,201.78460319744227,2354.738269050456,2363.3682196852624,85.10211783158559,0.984008133050115
11,68,1,68.1,2.4017771198288433,1811.3319490319716,-1364.9245563198183,2268.026118462663,-36.99975850081361,0.9443116514592695
11,97,1,97.1,2.4017771198288433,1820.7147100571017,-1364.2258996073056,2275.107549233152,-36.843502378336986,0.9472600644123389
11,97,2,97.2,2.4017771198288433,-2185.2917608654507,-1021.3366836348405,2412.1833888501587,-154.95009127335956,1.004332737178401
11,97,3,97.3,2.4017771198288433,199.13116498215558,2354.508787188668,2362.914482120714,85.16574818663727,0.9838192156186005
11,69,1,69.1,2.4017771198288433,1806.7658013347905,-1363.347389437819,2263.4307511297675,-37.03743477466291,0.9423983318198423
11,70,1,70.1,2.4017771198288433,1803.5311196860762,-1362.2291854440732,2260.1754032268677,-37.06419869804605,0.9410429404823099
11,71,1,71.1,2.4017771198288433,1801.7070266953338,-1361.5984039373134,2258.3397493840425,-37.079321172082146,0.9402786506455593
11,72,1,72.1,2.4017771198288433,1815.319487875208,-1366.3011436497743,2272.039537111577,-36.96696650757082,0.9459826718948376
11,72,2,72.2,2.4017771198288433,-2186.4415326551525,-1015.5670233899407,2410.7888656447117,-155.08588749565092,1.003752115773553
11,72,3,72.3,2.4017771198288433,201.78467276371825,2354.7382082752115,2363.368165071518,85.1021160254315,0.9840081103112255
11,73,1,73.1,2.4017771198288433,202.69953413978095,2350.945768623189,2359.6680080358256,85.07212087033263,0.9824675189694461
11,76,1,76.1,2.4017771198288433,1815.0071452875916,-1367.7934330821936,2272.687794886879,-37.00176067940382,0.9462525794436899
11,76,2,76.2,2.4017771198288433,-2187.949171290466,-1012.5519541392134,2410.8884329188227,-155.16596735305313,1.0037935714412287
11,76,3,76.3,2.4017771198288433,203.41211357442825,2357.0720495565747,2365.8328628095537,85.06767232547692,0.9850343078370857
11,74,1,74.1,2.4017771198288433,203.2943628378434,2348.569313498629,2357.351568661125,85.05275521904785,0.9815030500536684
11,75,1,75.1,2.4017771198288433,203.37118963325383,2348.445098234313,2357.2344431968613,85.0506344235724,0.9814542838866097
11,86,1,86.1,2.4017771198288433,1815.366786206191,-1367.0382369584752,2272.520651120057,-36.98109761069135,0.9461829877378475
11,86,2,86.2,2.4017771198288433,-2188.501486936476,-1006.4306261152319,2408.825722941754,-155.30362158398557,1.002934744883161
11,86,3,86.3,2.4017771198288433,203.666799385615,2362.5564206448817,2371.318832612421,85.07293476900182,0.9873184372667382
11,78,1,78.1,2.4017771198288433,1816.1753162204132,-1372.1616192631666,2276.2513676277567,-37.071873731816076,0.9477363027714946
11,78,2,78.2,2.4017771198288433,-2193.2391187230287,-1010.9829430607538,2415.0329900555707,-155.2524591820993,1.0055191924834692
11,78,3,78.3,2.4017771198288433,207.29026879458917,2359.6579591225377,2368.745435792389,84.97959178575758,0.9862469819685815
11,79,1,79.1,2.4017771198288433,1815.2822251650196,-1372.2016145741227,2275.562969473685,-37.08623269126494,0.9474496824400789
11,79,2,79.2,2.4017771198288433,-2193.5547523932887,-1011.0040285377131,2415.328465750915,-155.2551393062115,1.005642216261531
11,79,3,79.3,2.4017771198288433,206.89339457894275,2359.60012892123,2368.653128916407,84.98903260281676,0.9862085492284159
11,80,1,80.1,2.4017771198288433,1818.1122622321461,-1376.8440002101042,2280.6208801537914,-37.13639823814475,0.949555585872312
11,80,2,80.2,2.4017771198288433,-2197.910382904773,-1010.1949226144563,2418.946843764169,-155.3157284302491,1.0071487582230567
11,80,3,80.3,2.4017771198288433,211.86005426296273,2360.9253702970177,2370.412049982959,84.87223901463919,0.9869408907317265
11,81,1,81.1,2.4017771198288433,1818.7149146628087,-1378.8134624420275,2282.2906267669596,-37.1666799571633,0.9502507988458152
11,81,2,81.2,2.4017771198288433,-2199.9621430521784,-1010.5797778854861,2420.9718954035407,-155.32773117116778,1.0079919054171294
11,81,3,81.3,2.4017771198288433,213.42861448011243,2361.1229938959555,2370.7495788849355,84.83490896731068,0.9870814237142376
11,82,1,82.1,2.4017771198288433,1819.0942068327888,-1381.055318228214,2283.9477939171566,-37.205748074922106,0.9509407742546554
11,82,2,82.2,2.4017771198288433,-2203.2797083308274,-1010.6154150958137,2424.0018544488903,-155.35969903635709,1.0092534542179463
11,82,3,82.3,2.4017771198288433,214.77099207694155,2362.768209299421,2372.509260237714,84.8061992447255,0.9878140817690798
11,84,1,84.1,2.4017771198288433,215.03682826788094,2354.032228491591,2363.8334480856715,84.78061386075272,0.9842018347872863
11,83,1,83.1,2.4017771198288433,1820.5718130370906,-1383.2510382438238,2286.4525276567138,-37.22718202881889,0.9519836411047383
11,83,2,83.2,2.4017771198288433,-2206.209071818979,-1010.626204086965,2426.6692796843145,-155.38830371198858,1.0103640590336063
11,83,3,83.3,2.4017771198288433,216.60157362514954,2364.483166373185,2374.3834748749105,84.76595342147539,0.9885944267152129
11,85,1,85.1,2.4017771198288433,215.7910589747046,2350.7039314616804,2360.5877985202806,84.75503433801039,0.9828504814337236
11,87,1,87.1,2.4017771198288433,1814.4426181608128,-1366.7995752869642,2271.638856333218,-36.9903108754372,0.9458158451001901
11,87,2,87.2,2.4017771198288433,-2188.711696714417,-1002.714342477482,2407.466499028502,-155.38606680270962,1.0023688206339745
11,87,3,87.3,2.4017771198288433,204.22859455736022,2364.5943570700333,2373.3975209227633,85.06364813431354,0.9881839165375584
11,88,1,88.1,2.4017771198288433,1813.453761319029,-1367.6184399592162,2271.342057409807,-37.02181838315678,0.9456922703850507
11,89,1,89.1,2.4017771198288433,1814.3028202116711,-1365.9451222947039,2271.013166088809,-36.97521450060423,0.9455553337316526
11,89,2,89.2,2.4017771198288433,-2189.159881560547,-1001.1170580088211,2407.209245344165,-155.4250735048296,1.002261710910007
11,89,3,89.3,2.4017771198288433,204.60883299395792,2365.930071071217,2374.7610144471805,85.05728124067439,0.9887516184750782
11,90,1,90.1,2.4017771198288433,-2189.642728510309,-999.3062234578283,2406.8959692432945,-155.46905566121552,1.0021312757841643
11,91,1,91.1,2.4017771198288433,1814.4147425970068,-1365.5377980090896,2270.8576212402386,-36.96530563136992,0.9454905713324747
11,91,2,91.2,2.4017771198288433,-2188.9168999735207,-1000.6458563154555,2406.792331039589,-155.43286915317088,1.0020881251508895
11,91,3,91.3,2.4017771198288433,205.17392950413245,2366.7101753941843,2375.5869581353018,85.04532369563721,0.9890955070404668
11,92,1,92.1,2.4017771198288433,207.34219917642395,2366.057616287285,2375.125140103229,84.99185379974534,0.9889032252386877
11,94,1,94.1,2.4017771198288433,1812.2289442071055,-1364.5863183249458,2268.539081960377,-36.979301799879984,0.9445252281036132
11,95,1,95.1,2.4017771198288433,1814.2557149375443,-1364.7962000675109,2270.284666490583,-36.952765024463226,0.9452520168284262
11,95,2,95.2,2.4017771198288433,-2188.502705668576,-999.0642902581978,2405.7584144688744,-155.46302484530537,1.0016576453356816
11,95,3,95.3,2.4017771198288433,204.91148561924146,2367.884714213924,2376.7344691291537,85.05407223220183,0.9895732828442158
11,96,1,96.1,2.4017771198288433,-2187.983634004823,-998.587637038251,2405.0882835186303,-155.46821934578008,1.001378630707425
11,98,1,98.1,2.4017771198288433,1819.9606376078086,-1364.2360585844535,2274.5102211209924,-36.85509739750037,0.9470113618548751
11,98,2,98.2,2.4017771198288433,-2184.8745342898897,-1020.6716167932551,2411.5238501652475,-154.96020919009678,1.0040581327284435
11,98,3,98.3,2.4017771198288433,199.46584228748216,2354.048410383731,2362.4839768069596,85.15671941820295,0.9836399711290931
11,99,1,99.1,2.4017771198288433,1820.8366409696973,-1364.159328142199,2275.1652128263536,-36.840319503538396,0.9472840731318515
11,99,2,99.2,2.4017771198288433,-2183.1902546781253,-1019.2818603494163,2409.409720026651,-154.97319953332183,1.0031778969558807
11,99,3,99.3,2.4017771198288433,201.06054361840276,2353.2134416575464,2361.7872139966125,85.11646067306893,0.9833498681030484
11,100,1,100.1,2.4017771198288433,1821.1259541392699,-1364.5392291970097,2275.6245403970393,-36.843607003003775,0.9474753180091939
11,100,2,100.2,2.4017771198288433,-2182.8302403975667,-1019.7038918224831,2409.2621039214514,-154.96048339059695,1.0031164357553466
11,100,3,100.3,2.4017771198288433,201.73377555222206,2352.206166480393,2360.841029342497,85.09810008310859,0.9829559162053875
11,450,1,450.1,2.4017771198288433,1821.1260089872123,-1364.53933896926,2275.624650113537,-36.843608386773624,0.9474753636905758
11,450,2,450.2,2.4017771198288433,-2182.8303803372937,-1019.7038969548928,2409.2622328813545,-154.96048468855346,1.0031164894488813
11,450,3,450.3,2.4017771198288433,201.73384637074463,2352.20626745262,2360.8411359968554,85.09809858008094,0.9829559606118219
11,197,1,197.1,2.4017771198288433,1820.7148459123437,-1364.2260079994446,2275.1077229502143,-36.843502511322264,0.9472601367408914
11,197,2,197.2,2.4017771198288433,-2185.2918962513413,-1021.3367630016755,2412.1835451060774,-154.95009092709026,1.0043328022368603
11,197,3,197.3,2.4017771198288433,199.13114726604522,2354.5089210167243,2362.9146139796994,85.16574888816015,0.9838192705191924
11,105,1,105.1,2.4017771198288433,1814.5666590502308,-1365.616969121963,2271.0266106962667,-36.96459683667456,0.9455609315064613
11,105,2,105.2,2.4017771198288433,-2182.8011481719354,-1015.7119356833412,2407.548875672168,-155.04626383751648,1.0024031188388272
11,105,3,105.3,2.4017771198288433,202.7579760804839,2350.7929249281055,2359.52075065177,85.07038815987187,0.9824062071254619
11,108,1,108.1,2.4017771198288433,1810.6453499041093,-1366.544771126811,2268.4534808153776,-37.042877552072476,0.9444895873506503
11,108,2,108.2,2.4017771198288433,-2181.245388374535,-1012.1037578836224,2404.617529052661,-155.10857240259554,1.00118262814662
11,108,3,108.3,2.4017771198288433,205.09699681882375,2348.4407904726286,2357.3796733788568,85.00883628819291,0.981514751688054
11,300,1,300.1,2.4017771198288433,1856.748182316157,-1353.238437711131,2297.5569811939845,-36.085379093745374,0.9566070732482097
11,300,2,300.2,2.4017771198288433,-2186.9537365314286,-1057.547442598217,2429.2330557348355,-154.1929351766589,1.011431508643878
11,300,3,300.3,2.4017771198288433,180.39191413688775,2362.3428548566403,2369.2203372793742,85.63328586170145,0.9864447111762855
11,135,1,135.1,2.4017771198288433,1885.3257034140015,-1347.5216251069505,2317.3837701348425,-35.55498836685871,0.9648621227185248
11,135,2,135.2,2.4017771198288433,-2187.6622101129833,-1081.573418959346,2440.423530077481,-153.69235109644399,1.0160907562694208
11,135,3,135.3,2.4017771198288433,163.95678324115445,2369.5449490273722,2375.2105364013355,86.04182118447129,0.9889387807019325
11,152,1,152.1,2.4017771198288433,1635.4126411753023,-1240.3002134728317,2052.5396771942633,-37.1767525172993,0.8545920686181457
11,152,2,152.2,2.4017771198288433,-2347.9692841155993,-1080.8778694889897,2584.8127065420767,-155.28121783123783,1.0762083980241586
11,152,3,152.3,2.4017771198288433,180.4345505549481,2140.4709497042118,2148.062502247459,85.18154883080423,0.8943637960880132
11,160r,1,160r.1,2.4017771198288433,1811.5431950464747,-1365.7662555926165,2268.7014374823907,-37.01352449963265,0.9445928261836652
11,160r,2,160r.2,2.4017771198288433,-2184.5416165921692,-1010.8486732039879,2407.0806207398605,-155.16869595009953,1.0022081569797763
11,160r,3,160r.3,2.4017771198288433,202.69316304103555,2352.4321427980567,2361.148344516506,85.07537324237813,0.9830838694494547
11,160,1,160.1,2.4017771198288433,1646.8337195035333,-1241.6149380375132,2062.442472907242,-37.01412658293613,0.8587151804719569
11,160,2,160.2,2.4017771198288433,-2345.816074087411,-1085.4502484475677,2584.7737416071373,-155.1691916265944,1.0761921746474687
11,160,3,160.3,2.4017771198288433,184.2846921624234,2138.5613480523225,2146.4867777717072,85.0748592115497,0.8937077300181256
11,61s,1,61s.1,2.4017771198288433,1646.8337103319325,-1241.6149050675456,2062.442445735524,-37.014126004970706,0.8587151691587848
11,61s,2,61s.2,2.4017771198288433,-2345.8160523852885,-1085.4502455895454,2584.7737207111386,-155.1691914820725,1.0761921659472449
11,61s,3,61s.3,2.4017771198288433,184.28467045896272,2138.561334128944,2146.4867620364066,85.07485975682914,0.8937077234666015
11,610,1,610.1,0.24017771198288432,209.8153381638948,-136.01310842765625,250.04407969992593,-32.953384938581536,1.0410794475290226
11,610,2,610.2,0.24017771198288432,-250.87501497206213,-117.99411137074587,277.23795457224895,-154.81097856461136,1.1543034209269412
11,610,3,610.3,0.24017771198288432,41.0596795959789,254.00722261366312,257.3044236472266,80.81769785064971,1.0713084970414024
11,x1,1,x1.1,0.24017771198288432,193.2992581153208,-131.52760491236268,233.8035800451225,-34.23274657869581,0.9734607683405025
11,x2,1,x2.1,0.24017771198288432,-213.6567989783184,-109.14800598789698,239.9218934586745,-152.93947869556322,0.9989348781695945
11,x4,1,x4.1,0.24017771198288432,14.803598872845685,236.02792096779442,236.4917039051635,86.41112726202321,0.9846529969525919
11,x5,1,x5.1,0.24017771198288432,14.821104400517878,235.91661924991138,236.3817175120756,86.4052037394508,0.9841950594021845
11,x6,1,x6.1,0.24017771198288432,14.831569372067742,235.830706238799,236.29663022381249,86.40136510604427,0.983840791358074
11,x7,1,x7.1,0.24017771198288432,190.96538660382558,-131.93979860813496,232.11180352904023,-34.64096314042022,0.9664169152614007
11,x9,1,x9.1,0.24017771198288432,189.0721902875398,-132.096772877703,230.64659231133484,-34.94037782035591,0.9603163857592719
11,x10,1,x10.1,0.24017771198288432,188.79881598029377,-131.98346211479173,230.3576071836298,-34.95621705570223,0.9591131720000966
11,x11,1,x11.1,0.24017771198288432,188.93910778214394,-131.99472863440667,230.47905509347973,-34.93853048994948,0.9596188305345512
11,x12,1,x12.1,0.24017771198288432,-214.2826650133362,-107.65336939919835,239.804729870405,-153.3255251222556,0.9984470577665179
11,x16,1,x16.1,0.24017771198288432,17.087306490410544,233.48353403188347,234.1079595125183,85.81431610400716,0.9747280777210562
11,x17,1,x17.1,0.24017771198288432,17.051716260576033,233.62434074965532,234.24579743966007,85.82551194759326,0.9753019774638915
11,x19,1,x19.1,0.24017771198288432,182.4897124336145,-133.65583470398107,226.19986139368262,-36.219122832326406,0.9418020495165772
11,x20,1,x20.1,0.24017771198288432,182.55797473018262,-133.63765383821337,226.24419696639325,-36.205193678596224,0.9419866443832057
11,x22,1,x22.1,0.24017771198288432,-215.37857683972848,-103.79469322137795,239.08423139644066,-154.26977177954888,0.9954472020845898
11,x24,1,x24.1,0.24017771198288432,18.485062621900997,231.51193080172095,232.24872796998574,85.43490506126457,0.9669870116280247
11,x28,1,x28.1,0.24017771198288432,182.7441609322383,-134.01804591892457,226.61920701201558,-36.254991962058305,0.94354803008601
11,x29,1,x29.1,0.24017771198288432,182.98814670155997,-134.11205770969886,226.87156246740406,-36.237698078538074,0.9445987331396158
11,x30,1,x30.1,0.24017771198288432,18.415699000233847,231.29458908949397,232.02656078937403,85.44770746887487,0.9660619999823665
11,x31,1,x31.1,0.24017771198288432,18.317782018478635,228.08208290374253,228.81647160942364,85.40830315623782,0.952696525086931
11,x32,1,x32.1,0.24017771198288432,18.34434619589423,227.9737464404632,228.71061213563183,85.39949706625065,0.9522557703103206
11,x33,1,x33.1,0.24017771198288432,184.55536576687248,-135.61742790961037,229.0256967813054,-36.3096846437468,0.9535676515963578
11,x34,1,x34.1,0.24017771198288432,16.89990351799205,234.08744961679815,234.69669960826985,85.87070511195186,0.977179346370803
11,x52,1,x52.1,0.24017771198288432,158.57299011789317,-123.02548553809144,200.70043170559597,-37.80533842665289,0.835633040420913
11,x53,1,x53.1,0.24017771198288432,158.64911568518357,-123.02303402958191,200.7590815119815,-37.79146807165974,0.8358772337971481
11,x55,1,x55.1,0.24017771198288432,159.11198438170464,-123.08297682027069,201.16173283411314,-37.7241721689057,0.8375537062675009
11,x56,1,x56.1,0.24017771198288432,-232.9740666780303,-105.89316913289977,255.91068561806523,-155.5568877987292,1.065505552140084
11,x58,1,x58.1,0.24017771198288432,-232.70797848444423,-105.83013143519005,255.64236732182357,-155.5450726762254,1.0643883864629424
11,x59,1,x59.1,0.24017771198288432,-231.0640605795385,-103.85443204155128,253.33050180777252,-155.7979111170758,1.0547627409566858
11,x60,1,x60.1,0.24017771198288432,159.68537738842429,-123.16567808150614,201.6660705447515,-37.64308004240371,0.8396535585247092
11,x62,1,x62.1,0.24017771198288432,20.132696566522515,208.8473560371833,209.81549893838078,84.49375264788802,0.8735843855208879
11,x63,1,x63.1,0.24017771198288432,159.53265335651366,-122.96885063681064,201.42493816284963,-37.62527924073965,0.8386495836766222
11,x64,1,x64.1,0.24017771198288432,-230.37063963270802,-104.24623947842358,252.85946699733404,-155.65252043513357,1.0528015481109816
11,x65,1,x65.1,0.24017771198288432,94.97992052135496,-219.37446905928786,239.0530129015055,-66.58941730934286,0.9953172212688121
11,x65,2,x65.2,0.24017771198288432,-261.6113808891656,11.202882229482512,261.851139353992,177.54794326730973,1.090239128319501
11,x65,3,x65.3,0.24017771198288432,166.63146036781066,208.17158682980528,266.64855737008673,51.324387621476994,1.1102135796392665
11,x66,1,x66.1,0.24017771198288432,20.149469307997094,207.06774190014963,208.04579026988483,84.44212702407512,0.8662160554044694
11,x68,1,x68.1,0.24017771198288432,175.57673487921775,-135.38634088558553,221.71299269378665,-37.635636574903955,0.9231205962591004
11,x69,1,x69.1,0.24017771198288432,175.1333247347483,-135.22747268697793,221.26488831704447,-37.67317183668992,0.9212548761927267
11,x70,1,x70.1,0.24017771198288432,174.81921159147655,-135.11483961464413,220.94745218163627,-37.69983552046878,0.9199332042824254
11,x71,1,x71.1,0.24017771198288432,174.642077876512,-135.0513039997918,220.76845353688978,-37.71490134310346,0.9191879284478416
11,x73,1,x73.1,0.24017771198288432,22.32260039599247,229.69724400399437,230.77938034293638,84.44927172406874,0.9608692598394905
11,x74,1,x74.1,0.24017771198288432,22.230263776225165,229.86175511105614,230.93421377157543,84.47602142061446,0.9615139217748581
11,x75,1,x75.1,0.24017771198288432,22.389854177207518,229.4405876448644,230.5304509796858,84.42646479493395,0.959832821607169
11,x76,1,x76.1,0.24017771198288432,103.90466754247,-244.8800686195054,266.0120823274855,-67.00808023062014,1.1075635625442304
11,x76,2,x76.2,0.24017771198288432,-262.02500388009753,23.961261771374453,263.11830936679695,174.7750353692683,1.0955150966945153
11,x76,3,x76.3,0.24017771198288432,158.12033633762755,220.91880684813088,271.6747319548254,54.40720137913001,1.1311404780731096
11,x77,1,x77.1,0.24017771198288432,-215.62645916668444,-96.76005117730718,236.34144240187106,-155.83235521566806,0.9840273706109472
11,x79,1,x79.1,0.24017771198288432,176.46914790920377,-136.20875030708018,222.92192315700345,-37.66296648969834,0.9281540793963823
11,x80,1,x80.1,0.24017771198288432,-216.20763683442698,-96.6794110896232,236.83887086828426,-155.90771556747083,0.9860984556517135
11,x82,1,x82.1,0.24017771198288432,176.3137718692532,-136.97065187374704,223.2655495715411,-37.84211048028213,0.9295847967252331
11,x83,1,x83.1,0.24017771198288432,23.671447829583617,231.07500142966543,232.28429505256824,84.15099244172863,0.9671350981523273
11,x84,1,x84.1,0.24017771198288432,23.52529591063387,230.00542970244655,231.20540054308844,84.16001134814977,0.9626430305888031
11,x85,1,x85.1,0.24017771198288432,23.601074941721862,229.66395601473687,230.87343595733088,84.13268020108133,0.9612608682598471
11,x86,1,x86.1,0.24017771198288432,-215.25184664773812,-96.28357942371665,235.80476066420823,-155.9007152437441,0.981792851290932
11,x87,1,x87.1,0.24017771198288432,-215.26445347078283,-95.91461335316664,235.66586087671308,-155.98385221779978,0.9812145304036672
11,x88,1,x88.1,0.24017771198288432,175.78033912698368,-135.65178743970787,222.03633724952562,-37.65779798117213,0.9244668683718184
11,x90,1,x90.1,0.24017771198288432,-215.41685742480092,-95.65698299185328,235.70040487424012,-156.05613547000962,0.9813583572277379
11,x92,1,x92.1,0.24017771198288432,22.766041520021332,231.2421807936927,232.36014896000174,84.37728839666686,0.967450922242778
11,x94,1,x94.1,0.24017771198288432,175.66464655320416,-135.35422362327716,221.76301292443307,-37.61519573154424,0.9233288596746915
11,x95,1,x95.1,0.24017771198288432,-215.23500440507044,-95.55129171496367,235.4913086923778,-156.06168092635292,0.9804877677790499
11,x96,1,x96.1,0.24017771198288432,-215.18164192337133,-95.50271200496165,235.42282604102058,-156.06721744853994,0.9802026345300409
11,x98,1,x98.1,0.24017771198288432,176.41921394405222,-135.3280492702551,222.34527197116168,-37.491173437636604,0.9257531439345487
11,x99,1,x99.1,0.24017771198288432,-214.74684562495815,-97.54912295024715,235.8644506792663,-155.5699949360512,0.9820413756630116
11,x100,1,x100.1,0.24017771198288432,22.080977263828142,230.2195544594622,231.27605326198164,84.52136628467518,0.9629371990955721
12,sourcebus,1,sourcebus.1,66.39528095680697,66331.20393205619,-90.09344802657888,66331.26511612306,-0.07782115887290558,0.9990358374908369
12,sourcebus,2,sourcebus.2,66.39528095680697,-33267.17377538843,-57420.98001859484,66361.68922878441,-120.08610347863257,0.9994940645247904
12,sourcebus,3,sourcebus.3,66.39528095680697,-33064.030150189166,57511.07347784267,66338.17650754683,119.89528010677525,0.9991399321090714
12,150,1,150.1,2.4017771198288433,1960.6863580520185,-1275.0166291259336,2338.7942190793415,-33.035585660884685,0.9737765422821623
12,150,2,150.2,2.4017771198288433,-2099.32568766135,-1115.3453130545333,2377.2175984178466,-152.01885386504418,0.9897744377660044
12,150,3,150.3,2.4017771198288433,106.86555491838556,2359.8553851469983,2362.2738379864645,87.40714410430085,0.9835524780729055
12,150r,1,150r.1,2.4017771198288433,2021.944219994799,-1314.8717318656318,2411.8760540354683,-33.035977360540876,1.0042047757567716
12,150r,2,150r.2,2.4017771198288433,-2164.9332539216657,-1150.189712371358,2451.5041032763456,-152.01910308420545,1.0207042456341853
12,150r,3,150r.3,2.4017771198288433,110.2187361887822,2433.597216695098,2436.0918666817925,87.40681991536535,1.0142872319707146
12,40,1,40.1,2.4017771198288433,1866.7232219785153,-1350.3411128531102,2303.92636786318,-35.88104093581206,0.9592590206818873
12,40,2,40.2,2.4017771198288433,-2185.85983696078,-1068.2041555956782,2432.908412758294,-153.95578068803297,1.0129617742930574
12,40,3,40.3,2.4017771198288433,172.8219304132594,2364.990795570623,2371.296877821403,85.8205342305094,0.9873092962057977
12,401,1,401.1,2.4017771198288433,1866.7232219785153,-1350.3411128531102,2303.92636786318,-35.88104093581206,0.9592590206818873
12,401,2,401.2,2.4017771198288433,-2185.85983696078,-1068.2041555956782,2432.908412758294,-153.95578068803297,1.0129617742930574
12,401,3,401.3,2.4017771198288433,172.8219304132594,2364.990795570623,2371.296877821403,85.8205342305094,0.9873092962057977
12,101,1,101.1,2.4017771198288433,1821.099810815105,-1363.070500707195,2274.723216316432,-36.81439618418888,0.9471000441866707
12,101,2,101.2,2.4017771198288433,-2184.84999108939,-1024.2403426517571,2413.0142484201574,-154.88318909493393,1.0046786725123416
12,101,3,101.3,2.4017771198288433,196.52749275362402,2355.146069426015,2363.3315602642033,85.22994819597601,0.9839928695934201
12,1011,1,1011.1,2.4017771198288433,1821.099810815105,-1363.070500707195,2274.723216316432,-36.81439618418888,0.9471000441866707
12,1011,2,1011.2,2.4017771198288433,-2184.84999108939,-1024.2403426517571,2413.0142484201574,-154.88318909493393,1.0046786725123416
12,1011,3,1011.3,2.4017771198288433,196.52749275362402,2355.146069426015,2363.3315602642033,85.22994819597601,0.9839928695934201
12,30,1,30.1,2.4017771198288433,1885.0410266013537,-1349.2947684108149,2318.1837813320753,-35.5947336005921,0.9651952140743496
12,30,2,30.2,2.4017771198288433,-2191.5325279748977,-1093.0263451088233,2448.983750920777,-153.49228378103572,1.0196548758426418
12,30,3,30.3,2.4017771198288433,159.4602260392707,2367.830741120492,2373.1940464874997,86.14726541158797,0.9880991982539243
12,301,1,301.1,2.4017771198288433,1889.267412190882,-1347.219730893555,2320.4164191100126,-35.49232866121884,0.9661247914941297
12,301,2,301.2,2.4017771198288433,-2191.669304204606,-1097.481604703538,2451.097756446151,-153.40051477178415,1.0205350597314469
12,301,3,301.3,2.4017771198288433,155.5645171445614,2370.2757414561684,2375.375214472444,86.24498310703785,0.9890073457947335
12,93,1,93.1,2.4017771198288433,1816.704884255068,-1363.37046370908,2271.386285463248,-36.88688519846807,0.9457106851051661
12,93,2,93.2,2.4017771198288433,-2189.499177212628,-1005.0514667500684,2409.1565116926795,-155.34333500977064,1.0030724715473858
12,93,3,93.3,2.4017771198288433,200.63217370432017,2369.5855027336506,2378.064070602558,85.1603247270277,0.9901268735427143
12,931,1,931.1,2.4017771198288433,1821.0646790442852,-1361.3502397842399,2273.6646719829364,-36.78022138861021,0.9466593103963633
12,931,2,931.2,2.4017771198288433,-2189.784185876084,-1009.5734544119896,2411.30531881932,-155.2485085362244,1.0039671453740702
12,931,3,931.3,2.4017771198288433,196.78705626670464,2372.0921306785854,2380.2407907481515,85.25764281554777,0.9910331691883939
12,77,1,77.1,2.4017771198288433,1818.939886229634,-1369.3872703866955,2276.788045913409,-36.97422963230186,0.9479597532662226
12,77,2,77.2,2.4017771198288433,-2192.6219021936786,-1016.2407831334591,2416.6787406031303,-155.13312612016833,1.0062044144942761
12,77,3,77.3,2.4017771198288433,202.42376164594626,2361.521472065485,2370.1812256250005,85.10072364387193,0.9868447850789359
12,771,1,771.1,2.4017771198288433,1823.2924422783087,-1367.3785017037428,2279.061056003277,-36.86807086689883,0.9489061400358784
12,771,2,771.2,2.4017771198288433,-2192.889530399637,-1020.7497250160962,2418.8208891227923,-155.0388886238837,1.0070963159542312
12,771,3,771.3,2.4017771198288433,198.56846682844142,2364.04039125781,2372.3651505442785,85.19868960241872,0.9877540804924227
12,149,1,149.1,2.4017771198288433,2021.9439220217876,-1314.8713657225483,2411.8756046276367,-33.03597392775921,1.0042045886420605
12,149,2,149.2,2.4017771198288433,-2164.932979408908,-1150.1896107754064,2451.503813186513,-152.01910217094945,1.020704124852856
12,149,3,149.3,2.4017771198288433,110.21864076005443,2433.5968453701,2436.0914914194614,87.4068217623733,1.014287075727103
12,1,1,1.1,2.4017771198288433,1990.8130910420753,-1321.9792700905364,2389.76274010907,-33.585745915202104,0.9949977124769056
12,1,2,1.2,2.4017771198288433,-2169.9607856062394,-1139.304669151023,2450.866161221002,-152.29896948146722,1.0204386331216517
12,1,3,1.3,2.4017771198288433,122.72828696802618,2418.509035539581,2421.620983434175,87.09499273960999,1.0082621586497358
12,2,1,2.1,2.4017771198288433,-2169.5302628147642,-1138.8629943863846,2450.2796740886174,-152.30343384199787,1.0201944442968258
12,3,1,3.1,2.4017771198288433,123.87308976538081,2414.2573581849124,2417.4331705174427,87.0627875289383,1.0065185277015691
12,7,1,7.1,2.4017771198288433,1968.0035868554733,-1326.5374104902942,2373.3393392657326,-33.98203190174675,0.9881596921178359
12,7,2,7.2,2.4017771198288433,-2174.1970909263105,-1130.6275278068226,2450.6022926674573,-152.52463408092757,1.0203287692415413
12,7,3,7.3,2.4017771198288433,130.57875755724956,2409.629435072114,2413.164898280089,86.89815331191419,1.0047413968420422
12,4,1,4.1,2.4017771198288433,124.2451604390516,2412.876153937806,2416.072886759467,87.05229728777522,1.0059521621771643
12,5,1,5.1,2.4017771198288433,124.75664963740425,2410.974571472622,2414.20020004894,87.03785348779273,1.0051724533960846
12,6,1,6.1,2.4017771198288433,125.20729413833179,2409.299878312098,2412.5510917160145,87.02511012787457,1.004485833343245
12,8,1,8.1,2.4017771198288433,1953.2458443231085,-1329.5318987305316,2362.8001181029904,-34.24226580835165,0.9837715992029141
12,8,2,8.2,2.4017771198288433,-2176.8230021153117,-1124.802926354381,2450.253049314233,-152.67380184574935,1.020183358849236
12,8,3,8.3,2.4017771198288433,135.97074568681413,2403.728824494181,2407.57145384863,86.76242330012096,1.0024125194515132
12,12,1,12.1,2.4017771198288433,-2176.2655728149966,-1124.2385176428609,2449.4987421861647,-152.67954508045014,1.019869296765023
12,9,1,9.1,2.4017771198288433,1949.4400946670248,-1328.420696681099,2359.0290863120094,-34.271966889778824,0.9822014985637467
12,13,1,13.1,2.4017771198288433,1934.278446361009,-1334.0000227298829,2349.6785245433225,-34.5925875300919,0.9783083139332955
12,13,2,13.2,2.4017771198288433,-2179.5828253735685,-1116.3701447740955,2448.849442657993,-152.87872879594707,1.019598955473647
12,13,3,13.3,2.4017771198288433,145.11993745870055,2394.774028245787,2399.1670309940014,86.53219701882938,0.9989132676744676
12,9r,1,9r.1,2.4017771198288433,1949.4328019985633,-1328.424618186538,2359.025268137673,-34.27214534006246,0.9821999088349143
12,14,1,14.1,2.4017771198288433,1945.2352524728763,-1327.1984900348918,2354.8664546878476,-34.30500418805838,0.9804683520574388
12,34,1,34.1,2.4017771198288433,145.7866325615012,2392.2003408621426,2396.638523652362,86.51256599616637,0.9978605024862393
12,18,1,18.1,2.4017771198288433,1887.7174893746264,-1346.1325620082648,2318.5232787681425,-35.492692183097695,0.9653365666725006
12,18,2,18.2,2.4017771198288433,-2187.9917229011608,-1086.1209170385757,2442.737486082511,-153.60015981057114,1.0170541912134574
12,18,3,18.3,2.4017771198288433,160.57701230314203,2371.2722491423187,2376.7029802717616,86.12597823092165,0.9895601721949668
12,11,1,11.1,2.4017771198288433,1943.6114544955612,-1326.7242166507701,2353.257876454247,-34.317747547976545,0.9797986070505768
12,10,1,10.1,2.4017771198288433,1944.3898876056826,-1326.9514295820147,2354.0289147529584,-34.311633331963016,0.9801196352976801
12,15,1,15.1,2.4017771198288433,146.05798710044084,2391.151583426675,2395.6082381140136,86.50456222802072,0.9974315344817385
12,16,1,16.1,2.4017771198288433,146.73626979859523,2388.529065203333,2393.032099282313,86.4845242172809,0.9963589375240808
12,17,1,17.1,2.4017771198288433,146.3745851444422,2389.9285452126487,2394.40680971268,86.49521611848998,0.9969313097142467
12,19,1,19.1,2.4017771198288433,1884.2992067849445,-1345.0532414547429,2315.113760280104,-35.52006115183801,0.9639169851218689
12,20,1,20.1,2.4017771198288433,1882.1333161091627,-1344.3694491777935,2312.9537469414895,-35.53744616351613,0.9630176454950643
12,21,1,21.1,2.4017771198288433,1887.717477390909,-1346.1325396721406,2318.5232560427908,-35.49269190562671,0.9653365572106102
12,21,2,21.2,2.4017771198288433,-2187.991754017241,-1086.1209156992138,2442.7375133580645,-153.60016016322336,1.0170542025698621
12,21,3,21.3,2.4017771198288433,160.57700791597316,2371.272240304581,2376.702971157808,86.12597832204806,0.9895601684002959
12,22,1,22.1,2.4017771198288433,-2188.0651013116903,-1086.101498510358,2442.7945784786293,-153.60133302723398,1.0170779621102848
12,23,1,23.1,2.4017771198288433,1886.2705778461043,-1347.0159860718313,2317.8586582406065,-35.531238188760064,0.9650598463548453
12,23,2,23.2,2.4017771198288433,-2189.1256274222974,-1087.8758496984897,2444.533672706162,-153.57513365354754,1.0178020485432744
12,23,3,23.3,2.4017771198288433,160.07121727168865,2370.1808968936184,2375.5799878341872,86.13637106153206,0.9890926048972758
12,24,1,24.1,2.4017771198288433,160.18462394770472,2369.9956585080363,2375.4028153338977,86.13334079386904,0.9890188376443418
12,25,1,25.1,2.4017771198288433,1884.6531841142364,-1347.9721554184162,2317.098736820531,-35.5737216242079,0.9647434467131794
12,25,2,25.2,2.4017771198288433,-2190.3921808625214,-1089.792427906127,2446.5210896097346,-153.54813858909748,1.0186295262001996
12,25,3,25.3,2.4017771198288433,159.46109720387943,2369.020720741328,2374.381396663819,86.14917387505692,0.9885935614346362
12,25r,1,25r.1,2.4017771198288433,1908.2061667850105,-1364.824439574231,2346.059787348877,-35.57384753644697,0.9768016224236756
12,25r,2,25r.2,2.4017771198288433,157.47278653592988,2339.404947145794,2344.698954072698,86.1490481668546,0.9762350281027689
12,26,1,26.1,2.4017771198288433,1907.0247663266612,-1365.3826595680407,2345.423899092092,-35.601728541324036,0.9765368650273565
12,26,2,26.2,2.4017771198288433,157.85174688162357,2338.0612929126487,2343.3838318572452,86.13759709491458,0.9756874659644691
12,28,1,28.1,2.4017771198288433,1884.0723638722193,-1348.3188623193853,2316.8280960816437,-35.58905172825123,0.9646307631770373
12,28,2,28.2,2.4017771198288433,-2191.1669382090745,-1090.8923635824476,2447.7047820403154,-153.53316522129893,1.019122366447868
12,28,3,28.3,2.4017771198288433,158.8804410610337,2368.97669727709,2374.298546264479,86.16308309273344,0.9885590659776446
12,27,1,27.1,2.4017771198288433,1905.8288645867112,-1365.4658791163406,2344.500101966906,-35.62039593408615,0.9761522343646862
12,27,2,27.2,2.4017771198288433,157.429347474738,2338.0225786820647,2343.3167899098607,86.14783784313074,0.9756595524887219
12,31,1,31.1,2.4017771198288433,158.25729971378348,2336.4489575858884,2341.802533160489,86.12503990383229,0.9750290790210258
12,33,1,33.1,2.4017771198288433,1902.4714845955643,-1364.3989947302412,2341.14979583113,-35.64702578649384,0.9747573063723608
12,29,1,29.1,2.4017771198288433,1883.867991118729,-1348.8039625102456,2316.944267185781,-35.60174829395609,0.9646791319882722
12,29,2,29.2,2.4017771198288433,-2191.5910604288965,-1091.9067646559822,2448.5366566284747,-153.51633917431369,1.0194687243931126
12,29,3,29.3,2.4017771198288433,158.85364242605132,2368.3971261880783,2373.7184810014796,86.16279236857075,0.9883175509518705
12,250,1,250.1,2.4017771198288433,1885.0410295780916,-1349.2947754137876,2318.1837878286906,-35.59473369851345,0.9651952167792698
12,250,2,250.2,2.4017771198288433,-2191.532536348992,-1093.0263452004917,2448.9837584554516,-153.49228386655838,1.0196548789797666
12,250,3,250.3,2.4017771198288433,159.4602297899232,2367.8307487335614,2373.194054335379,86.14726533359104,0.9880992015214546
12,32,1,32.1,2.4017771198288433,158.5276398294624,2335.3737871581125,2340.7481150980607,86.11665924777195,0.9745900632382026
12,35,1,35.1,2.4017771198288433,1869.4922255469987,-1350.1178605954383,2306.039769578893,-35.836223489810486,0.9601389531694877
12,35,2,35.2,2.4017771198288433,-2186.2841899692503,-1070.2821112501351,2434.2026121445906,-153.91622229720818,1.0135006250363723
12,35,3,35.3,2.4017771198288433,171.08181405163407,2366.7361131809776,2372.911464116223,85.86551029650428,0.987981542719219
12,42,1,42.1,2.4017771198288433,1863.9542050535158,-1350.564342960187,2301.814354593386,-35.92594040084198,0.9583796662853624
12,42,2,42.2,2.4017771198288433,-2185.4354588197093,-1066.1262018182802,2431.615352573261,-153.9953808695814,1.0124233978657204
12,42,3,42.3,2.4017771198288433,174.56203436760578,2363.245456264587,2369.68373214608,85.77549716383517,0.9866376495063578
12,44,1,44.1,2.4017771198288433,1861.6603555455345,-1350.7746191557374,2300.080727097476,-35.963708647378446,0.9576578559718254
12,44,2,44.2,2.4017771198288433,-2185.102494564696,-1064.3993894912373,2430.559394892907,-154.0285246635217,1.0119837410500918
12,44,3,44.3,2.4017771198288433,176.02073025597525,2361.8141891040223,2368.3643219177525,85.73775340736665,0.9860883020180191
12,151,1,151.1,2.4017771198288433,1859.6104262362533,-1351.6879692633495,2298.958743348357,-36.0121361237968,0.9571907086500128
12,151,2,151.2,2.4017771198288433,-2187.4606080948306,-1062.548340827354,2431.870245009295,-154.09206203997448,1.0125295244642003
12,151,3,151.3,2.4017771198288433,176.56537724616553,2364.383203185767,2370.966736154067,85.72924211413887,0.9871718389602395
12,52,1,52.1,2.4017771198288433,1637.7362561688049,-1238.6769124445257,2053.4119260861708,-37.1014846153612,0.8549552367425759
12,52,2,52.2,2.4017771198288433,-2348.584999401763,-1086.2685727130406,2587.630366083805,-155.17849380528105,1.0773815541502894
12,52,3,52.3,2.4017771198288433,176.635645301773,2142.4245911577777,2149.693764234512,85.28681710549345,0.8950429856654245
12,53,1,53.1,2.4017771198288433,1638.5313026870374,-1238.6420899864854,2054.0250867434333,-37.08733189007243,0.8552105313126674
12,53,2,53.2,2.4017771198288433,-2348.2316031733103,-1086.2174462934604,2587.2881561152367,-155.17623611514358,1.0772390721665352
12,53,3,53.3,2.4017771198288433,176.9166127627683,2142.443045125863,2149.7352603238455,85.27939436137295,0.8950602629094248
12,54,1,54.1,2.4017771198288433,1639.5252792504402,-1238.598445633271,2054.7917779732306,-37.06964744492527,0.8555297496212556
12,54,2,54.2,2.4017771198288433,-2347.7898103641755,-1086.1534715213832,2586.860328148353,-155.17341406227877,1.0770609424127993
12,54,3,54.3,2.4017771198288433,177.2678853546394,2142.4661729673676,2149.787246563609,85.27011478668805,0.8950819078153298
12,55,1,55.1,2.4017771198288433,1639.1117249282263,-1238.3745507928588,2054.326842264541,-37.071617560980364,0.8553361697487307
12,55,2,55.2,2.4017771198288433,-2347.758080846128,-1085.67407243532,2586.63027851616,-155.1827566242235,1.0769651593235636
12,55,3,55.3,2.4017771198288433,177.17826486661596,2142.6618740296717,2149.974893797946,85.27292504347415,0.8951600363114287
12,57,1,57.1,2.4017771198288433,1642.8103471825523,-1238.7137740699825,2057.4833294296113,-37.01706661260183,0.85665039959088
12,57,2,57.2,2.4017771198288433,-2346.8996413193513,-1086.7442556791907,2586.3006406210047,-155.15325556519528,1.0768279118277682
12,57,3,57.3,2.4017771198288433,178.47245230846033,2142.2691812063795,2149.6905965695732,85.23768581214543,0.8950416667816228
12,56,1,56.1,2.4017771198288433,1639.2001954421291,-1238.1280872607565,2054.2488751856467,-37.064645276941995,0.8553037075030666
12,56,2,56.2,2.4017771198288433,-2347.5032218723845,-1085.1621331315373,2586.18410633965,-155.19068112488517,1.07677939180466
12,56,3,56.3,2.4017771198288433,177.26605283296473,2142.8694276796678,2150.1889771764636,85.27104950502024,0.8952491717173539
12,58,1,58.1,2.4017771198288433,-2345.6230646470085,-1085.5568039402542,2584.6433285823023,-155.1652511493391,1.0761378760933864
12,60,1,60.1,2.4017771198288433,1649.3802356442886,-1240.0051901143358,2063.5086705038334,-36.93587043166082,0.8591591007623905
12,60,2,60.2,2.4017771198288433,-2346.383278437851,-1090.9320417124316,2587.5948695589136,-155.06430661533625,1.077366774875144
12,60,3,60.3,2.4017771198288433,180.56333451551097,2140.4803610716413,2148.082701830808,85.17814700414314,0.8943722063535546
12,59,1,59.1,2.4017771198288433,-2345.00450354375,-1084.9820280412946,2583.8405761217296,-155.1710570303212,1.0758036433896334
12,61,1,61.1,2.4017771198288433,1649.3802586977677,-1240.0052393697608,2063.508718529285,-36.93587114016994,0.8591591207581892
12,61,2,61.2,2.4017771198288433,-2346.3833429166034,-1090.9320375777322,2587.5949262838644,-155.06430730028217,1.0773667984930522
12,61,3,61.3,2.4017771198288433,180.56335886992943,2140.4804102946646,2148.0827529268063,85.17814646719886,0.8943722276278009
12,62,1,62.1,2.4017771198288433,1648.3980957151127,-1238.9866425269527,2062.111583381806,-36.92964810265808,0.8585774118494215
12,62,2,62.2,2.4017771198288433,-2343.1379286938945,-1090.3893627666005,2584.423400938489,-155.0448826533586,1.0760463073787052
12,62,3,62.3,2.4017771198288433,180.32513003353262,2135.6787968081335,2143.278114398,85.17370273332422,0.8923717761749415
12,63,1,63.1,2.4017771198288433,1647.756082769828,-1237.9705422550994,2060.987911608497,-36.917791314360116,0.8581095617046133
12,63,2,63.2,2.4017771198288433,-2340.8420426105567,-1089.6747832582926,2582.0403950601103,-155.0377643351055,1.075054122942146
12,63,3,63.3,2.4017771198288433,180.2570888751302,2133.279309908977,2140.881414785849,85.17011435228653,0.8913738902377476
12,64,1,64.1,2.4017771198288433,1648.0688638089036,-1237.185177610171,2060.766397133523,-36.89511019706342,0.8580173322995008
12,64,2,64.2,2.4017771198288433,-2335.6820496478463,-1088.6617984584984,2576.93522395695,-155.00976570547195,1.0729285422373367
12,64,3,64.3,2.4017771198288433,180.60759152817448,2128.061864169771,2135.712152854717,85.14895942053096,0.8892216247804513
12,65,1,65.1,2.4017771198288433,1646.908284765502,-1237.0252922698305,2059.74233149307,-36.910934986785946,0.8575909540015323
12,65,2,65.2,2.4017771198288433,-2333.9546620169845,-1089.4754451348854,2575.713708839294,-154.97712768981813,1.0724199541974344
12,65,3,65.3,2.4017771198288433,179.49175543189457,2120.931306440685,2128.512836914125,85.16265648350058,0.8862241293504404
12,66,1,66.1,2.4017771198288433,1646.768032221221,-1238.1612530330153,2060.312655996181,-36.93853601863992,0.8578284133804239
12,66,2,66.2,2.4017771198288433,-2334.01176459492,-1090.728165335782,2576.29556687975,-154.95241981985274,1.0726622156611032
12,66,3,66.3,2.4017771198288433,179.2162561983322,2117.330321143133,2124.9014460246926,85.16187066018298,0.8847204965363807
12,67,1,67.1,2.4017771198288433,1818.1949671520024,-1364.5376473459387,2273.278673986377,-36.88787158586373,0.9464985969007718
12,67,2,67.2,2.4017771198288433,-2186.999932527709,-1020.7717206567543,2413.4919951325205,-154.97941168804522,1.0048775863534383
12,67,3,67.3,2.4017771198288433,197.66876079503072,2356.8911217287996,2365.165681020736,85.20591225362466,0.9847565211168652
12,68,1,68.1,2.4017771198288433,1814.1284585018398,-1363.1393401965015,2269.1872828697096,-36.92126510311078,0.944795111975843
12,97,1,97.1,2.4017771198288433,1823.7769567434902,-1362.4624762799751,2276.503105031818,-36.76176958148559,0.9478411157460137
12,97,2,97.2,2.4017771198288433,-2185.924348140367,-1026.6812616101045,2415.0237408220655,-154.84157380643344,1.005515341487709
12,97,3,97.3,2.4017771198288433,194.95487436015864,2356.7583217489932,2364.8080662434145,85.2711667509535,0.9846076252120916
12,69,1,69.1,2.4017771198288433,1809.4720233616388,-1361.5372456825671,2264.5027433653804,-36.959632266072795,0.9428446647567176
12,70,1,70.1,2.4017771198288433,1806.1734406256771,-1360.401368180193,2261.184287086777,-36.98688790085451,0.9414629977189203
12,71,1,71.1,2.4017771198288433,1804.313324120182,-1359.7606174701723,2259.31306118043,-37.00228870746284,0.9406838971558836
12,72,1,72.1,2.4017771198288433,1818.1948935688622,-1364.537682375956,2273.2786361605195,-36.88787340523587,0.9464985811516595
12,72,2,72.2,2.4017771198288433,-2186.999906560212,-1020.7716392404037,2413.4919371673727,-154.97941317874012,1.004877562219164
12,72,3,72.3,2.4017771198288433,197.66882882646917,2356.8910584600803,2365.165623659093,85.20591048324572,0.9847564972338652
12,73,1,73.1,2.4017771198288433,198.6147932231971,2352.9931089076244,2361.360710830487,85.17513353602577,0.983172289941193
12,76,1,76.1,2.4017771198288433,1817.8158515265934,-1366.0178134634332,2273.864361997165,-36.923435862983574,0.9467424530046344
12,76,2,76.2,2.4017771198288433,-2188.4672888973396,-1017.6816954427632,2413.517165427445,-155.06061645444274,1.0048880662163349
12,76,3,76.3,2.4017771198288433,199.3188617526215,2359.2061035881056,2367.610915640011,85.17080184678707,0.9857746150103774
12,74,1,74.1,2.4017771198288433,199.2342470884608,2350.527936078173,2358.9565200522075,85.15510501839637,0.9821712849943015
12,75,1,75.1,2.4017771198288433,199.3229964548766,2350.352143352449,2358.7888533476666,85.15259632493932,0.9821014755589644
12,86,1,86.1,2.4017771198288433,1818.0984281643666,-1365.219769683252,2273.6109856410644,-36.90308042395332,0.9466369576387204
12,86,2,86.2,2.4017771198288433,-2188.9677012035077,-1011.400732227688,2411.329724044987,-155.20095648269438,1.00397730669398
12,86,3,86.3,2.4017771198288433,199.58256623955123,2364.7234713591606,2373.1309059433875,85.17567195669172,0.9880729091600734
12,78,1,78.1,2.4017771198288433,1818.9415675729845,-1370.3949886989387,2277.3956290675605,-36.99445857535033,0.9482127255962258
12,78,2,78.2,2.4017771198288433,-2193.7460812899026,-1016.0846646936469,2417.6331224982014,-155.14768625155202,1.0066017793817972
12,78,3,78.3,2.4017771198288433,203.21180365594083,2361.7525846212566,2370.478919566737,85.08222290543274,0.9869687324424439
12,79,1,79.1,2.4017771198288433,1818.031175608281,-1370.43687456694,2276.693783242804,-37.00908697561486,0.9479205062146011
12,79,2,79.2,2.4017771198288433,-2194.0678205093905,-1016.1065534166898,2417.9342689351943,-155.15041982035663,1.0067271642205928
12,79,3,79.3,2.4017771198288433,202.8072910899869,2361.6931358349693,2370.385045761399,85.09184140432295,0.98692964729813
12,80,1,80.1,2.4017771198288433,1820.8714658927142,-1375.093160753633,2281.7655655333433,-37.05952203860677,0.9500321852079046
12,80,2,80.2,2.4017771198288433,-2198.4066236431245,-1015.296890792563,2421.5324609286176,-155.21094520143637,1.0082253015638611
12,80,3,80.3,2.4017771198288433,207.80893359845305,2362.9758041666714,2372.095951676587,84.9741250311784,0.9876419972914176
12,81,1,81.1,2.4017771198288433,1821.4698846678832,-1377.0731769923595,2283.4366808702757,-37.09012008478875,0.9507279680609995
12,81,2,81.2,2.4017771198288433,-2200.459407585422,-1015.6949637330636,2423.563051332458,-155.22274910082552,1.0090707548688644
12,81,3,81.3,2.4017771198288433,209.38589849066673,2363.1519403356256,2372.410071551454,84.93655903485553,0.9877727837296235
12,82,1,82.1,2.4017771198288433,1821.833000588801,-1379.3199951780489,2285.0818653020656,-37.12956814204515,0.951412954364769
12,82,2,82.2,2.4017771198288433,-2203.786654135456,-1015.7403090109567,2426.6033858657706,-155.25470138773795,1.0103366235909086
12,82,3,82.3,2.4017771198288433,210.72090293936532,2364.7909856265314,2374.160842200057,84.90795810130658,0.9885017317382245
12,84,1,84.1,2.4017771198288433,211.03644813233365,2355.9285377693145,2365.361633559691,84.88129129909943,0.9848381075960341
12,83,1,83.1,2.4017771198288433,1823.3156832898146,-1381.5184616719098,2287.5911655868326,-37.15105290903962,0.9524577225341593
12,83,2,83.2,2.4017771198288433,-2206.718197881534,-1015.7598569875004,2429.274231520351,-155.28322452834126,1.0114486525267037
12,83,3,83.3,2.4017771198288433,212.5534992157775,2366.501713339648,2376.0280615490133,84.86760251191315,0.9892791641375679
12,85,1,85.1,2.4017771198288433,211.81053651570895,2352.537950527638,2362.0538757724917,84.85525147217837,0.9834608949646492
12,87,1,87.1,2.4017771198288433,1817.124262761266,-1364.9627569219792,2272.6776969248685,-36.912646107826404,0.946248375072715
12,87,2,87.2,2.4017771198288433,-2189.1548773226223,-1007.5987557665096,2409.907535472605,-155.28487983388658,1.003385166582127
12,87,3,87.3,2.4017771198288433,200.14466543411382,2366.766549350321,2375.214050612146,85.1663056522971,0.9889402438730075
12,88,1,88.1,2.4017771198288433,1816.1140377195613,-1365.7755643001792,2272.358486252009,-36.944330813111044,0.946115469038169
12,89,1,89.1,2.4017771198288433,1816.9727640157257,-1364.102402198812,2272.0399179722867,-36.897593399197454,0.9459828304693809
12,89,2,89.2,2.4017771198288433,-2189.58938784971,-1005.9689169699149,2409.6213705256046,-155.32440382307897,1.0032660194120429
12,89,3,89.3,2.4017771198288433,200.53189598338255,2368.099106174737,2376.5745134483536,85.15971034708254,0.9895066839581328
12,90,1,90.1,2.4017771198288433,-2190.052455444436,-1004.1358372446417,2409.277596549887,-155.36861365342483,1.003122886240826
12,91,1,91.1,2.4017771198288433,1817.0732251815887,-1363.6958022577044,2271.8761732909443,-36.88787181491658,0.9459146540012189
12,91,2,91.2,2.4017771198288433,-2189.34096136553,-1005.4864731990125,2409.1942414216273,-155.3323631521956,1.0030881806357255
12,91,3,91.3,2.4017771198288433,201.10079026570577,2368.870523960225,2377.3912356053393,85.14761744742114,0.9898467330618747
12,92,1,92.1,2.4017771198288433,203.28039703423894,2368.1832852986067,2376.8918765030307,85.09386428207016,0.989638820721389
12,94,1,94.1,2.4017771198288433,1814.8343431979974,-1362.7297636109988,2269.5056954945485,-36.902293349055775,0.944927685736418
12,95,1,95.1,2.4017771198288433,1816.9002258115106,-1362.9414190551663,2271.2850420698032,-36.87527080989796,0.9456685315711812
12,95,2,95.2,2.4017771198288433,-2188.916919558635,-1003.8661621926129,2408.1330013779116,-155.36318583179647,1.0026463244639126
12,95,3,95.3,2.4017771198288433,200.83473369584925,2370.058312504529,2378.552289719631,85.15642364465626,0.9903301476571368
12,96,1,96.1,2.4017771198288433,-2188.3889343228834,-1003.3797481813091,2407.4503207599596,-155.36847015789152,1.0023620846765
12,98,1,98.1,2.4017771198288433,1823.0080005079449,-1362.4740716107658,2275.8940585465734,-36.77358930865921,0.9475875341458658
12,98,2,98.2,2.4017771198288433,-2185.5006715055424,-1026.0034501927967,2414.3521418713344,-154.8518588881159,1.0052357156451666
12,98,3,98.3,2.4017771198288433,195.29675969600092,2356.2890466516083,2364.3686040290127,85.26197253605478,0.9844246514420554
12,99,1,99.1,2.4017771198288433,1823.900666983253,-1362.3952256497466,2276.5619679453443,-36.7585502378369,0.9478656238125783
12,99,2,99.2,2.4017771198288433,-2183.7869761866036,-1024.5859372657426,2412.1985615212006,-154.86503910047003,1.0043390544469422
12,99,3,99.3,2.4017771198288433,196.9238362269306,2355.43915889972,2363.6566223867103,85.22096477690741,0.984128211927987
12,100,1,100.1,2.4017771198288433,1824.1963407867315,-1362.7821162976013,2277.0303876409444,-36.76189732343759,0.9480606542722047
12,100,2,100.2,2.4017771198288433,-2183.4191310013252,-1025.0156687201438,2412.0481385628245,-154.85208644980654,1.0042764245896028
12,100,3,100.3,2.4017771198288433,197.6120834047064,2354.413182610879,2362.6916789880643,85.2022598149008,0.9837264496700825
12,450,1,450.1,2.4017771198288433,1824.1963958098197,-1362.7822260647297,2277.0304974162023,-36.761898707547935,0.9480606999780518
12,450,2,450.2,2.4017771198288433,-2183.419271105558,-1025.015674124263,2412.048267683618,-154.8520877478751,1.0042764783501255
12,450,3,450.3,2.4017771198288433,197.61215408207997,2354.413283784237,2362.6917857182802,85.2022583121699,0.983726494108101
12,197,1,197.1,2.4017771198288433,1823.7770949364258,-1362.4625895974598,2276.5032835617358,-36.761769784723874,0.9478411900784387
12,197,2,197.2,2.4017771198288433,-2185.924488377431,-1026.6813408913824,2415.0239014599133,-154.8415735183591,1.005515408370621
12,197,3,197.3,2.4017771198288433,194.95485907587138,2356.758459589427,2364.808202354606,85.27116739533086,0.984607681883125
12,105,1,105.1,2.4017771198288433,1818.154785914196,-1363.7391781836654,2272.767337774757,-36.872380070033074,0.9462856977906093
12,105,2,105.2,2.4017771198288433,-2183.668012445194,-1021.5552433900748,2410.805073802961,-154.9290460451996,1.003758864175857
12,105,3,105.3,2.4017771198288433,198.2573738729536,2353.3724174051954,2361.7086444560796,85.18454790813415,0.9833171550174401
12,108,1,108.1,2.4017771198288433,1814.5591789164177,-1364.5963451962994,2270.4070558190488,-36.94413082113275,0.9453029746493895
12,108,2,108.2,2.4017771198288433,-2182.257579297519,-1018.2559939924279,2408.1306882523995,-154.98592827961167,1.002645361374751
12,108,3,108.3,2.4017771198288433,200.39559224814076,2351.2247326257884,2359.749168175231,85.128436698751,0.9825013106725708
12,300,1,300.1,2.4017771198288433,1859.610241828777,-1351.687791743293,2298.9584898084486,-36.01213524724664,0.9571906030865505
12,300,2,300.2,2.4017771198288433,-2187.460393146477,-1062.5482514277558,2431.8700126027957,-154.09206172186413,1.0125294276998096
12,300,3,300.3,2.4017771198288433,176.5653634943032,2364.3829940964274,2370.9665266212137,85.72924206925951,0.9871717517194829
12,135,1,135.1,2.4017771198288433,1887.7172595922013,-1346.1323236356056,2318.522953282733,-35.49269068383231,0.9653364311539269
12,135,2,135.2,2.4017771198288433,-2187.991436936387,-1086.1208168408082,2442.737185388944,-153.60015893331328,1.0170540660171747
12,135,3,135.3,2.4017771198288433,160.57697142733537,2371.2719715049443,2376.7027005070954,86.12597876186979,0.9895600557126072
12,152,1,152.1,2.4017771198288433,1637.73627026487,-1238.676938314151,2053.411952934044,-37.10148495381123,0.8549552479209126
12,152,2,152.2,2.4017771198288433,-2348.585034520613,-1086.2685697872257,2587.6303967301387,-155.17849419051444,1.0773815669101467
12,152,3,152.3,2.4017771198288433,176.63565919778696,2142.4246161318483,2149.693790265938,85.28681679106913,0.8950429965038265
12,160r,1,160r.1,2.4017771198288433,1814.344892790003,-1363.9953934457412,2269.8746272282024,-36.93525831527923,0.945081293550652
12,160r,2,160r.2,2.4017771198288433,-2185.0698742982095,-1015.9540549599927,2409.708073056827,-155.06380245013057,1.0033021187363749
12,160r,3,160r.3,2.4017771198288433,198.59930549197605,2354.5433826727103,2362.9041929434516,85.1786695506889,0.9838149316335556
12,160,1,160.1,2.4017771198288433,1649.3802685264234,-1240.005273898175,2063.5087471342554,-36.93587174249124,0.859159132668108
12,160,2,160.2,2.4017771198288433,-2346.383366258007,-1090.9320404435634,2587.594948657655,-155.06430746063958,1.077366807808567
12,160,3,160.3,2.4017771198288433,180.56338145192578,2140.480425449777,2148.0827699264787,85.17814590098024,0.8943722347057568
12,61s,1,61s.1,2.4017771198288433,1649.3802586977745,-1240.0052393697508,2063.5087185292846,-36.935871140169596,0.859159120758189
12,61s,2,61s.2,2.4017771198288433,-2346.3833429165975,-1090.932037577745,2587.5949262838644,-155.06430730028185,1.0773667984930522
12,61s,3,61s.3,2.4017771198288433,180.5633588699169,2140.4804102946664,2148.082752926807,85.1781464671992,0.8943722276278013
12,610,1,610.1,0.24017771198288432,210.17617133171234,-135.7522611564797,250.20531450141976,-32.85831576709523,1.041750762115887
12,610,2,610.2,0.24017771198288432,-250.8734709010406,-118.55150921128629,277.47424878393485,-154.706690247075,1.1552872516485142
12,610,3,610.3,0.24017771198288432,40.69729816002312,254.30377108929218,257.53966309631016,80.90781301311875,1.0722879361706263
12,x1,1,x1.1,0.24017771198288432,193.3239504838545,-131.40589892484192,233.75555630386543,-34.20467846928008,0.9732608174755344
12,x2,1,x2.1,0.24017771198288432,-213.5820393453993,-109.33565460947138,239.94076956578536,-152.8914537929312,0.9990134704209529
12,x4,1,x4.1,0.24017771198288432,14.652554337328594,235.9910541621148,236.4455011057613,86.44709757825137,0.9844606277313984
12,x5,1,x5.1,0.24017771198288432,14.670045714696636,235.87866929952872,236.33441745075498,86.44117676259013,0.9839981216391835
12,x6,1,x6.1,0.24017771198288432,14.680344512369034,235.79215235423615,236.24870714322472,86.43738143893881,0.9836412596022249
12,x7,1,x7.1,0.24017771198288432,191.00744522402286,-131.81533192276518,232.07568993954723,-34.60977922598674,0.9662665533098489
12,x9,1,x9.1,0.24017771198288432,189.1190697627253,-131.96834310655203,230.61150476549778,-34.907550143703396,0.9601702958263327
12,x10,1,x10.1,0.24017771198288432,188.8412856128655,-131.85316130604872,230.3177963126574,-34.923596994084114,0.9589474161077463
12,x11,1,x11.1,0.24017771198288432,188.9851869282709,-131.86474765848308,230.44242784988384,-34.90547623691229,0.9594663299411635
12,x12,1,x12.1,0.24017771198288432,-214.2246172312327,-107.89393823115726,239.8609775159289,-153.2679514467039,0.998681249545012
12,x16,1,x16.1,0.24017771198288432,16.870004748686362,233.4811784482629,234.0898497368271,85.86731889300752,0.9746526761546839
12,x17,1,x17.1,0.24017771198288432,16.833578136088146,233.6247499135855,234.2304274108066,85.8787370728555,0.9752379830627185
12,x19,1,x19.1,0.24017771198288432,182.6108130343576,-133.50139756512053,226.20639290017752,-36.169440150605396,0.9418292439903732
12,x20,1,x20.1,0.24017771198288432,182.6803808876755,-133.4828468606588,226.2516120766707,-36.15525046267457,0.9420175178152833
12,x22,1,x22.1,0.24017771198288432,-215.34564007911314,-104.15287348155431,239.21029609017168,-154.18906171616973,0.9959720829850292
12,x24,1,x24.1,0.24017771198288432,18.19790850533886,231.572790610778,232.28672201663164,85.50670453695365,0.9671452030202744
12,x28,1,x28.1,0.24017771198288432,182.86537648738724,-133.8711073004888,226.63013764222282,-36.206912696181014,0.943593540679466
12,x29,1,x29.1,0.24017771198288432,183.11294637294571,-133.9667788630486,226.8864230585917,-36.18947698289184,0.9446606064544416
12,x30,1,x30.1,0.24017771198288432,18.128813332282196,231.351561318277,232.0607653121079,85.51943251500455,0.9662044133747312
12,x31,1,x31.1,0.24017771198288432,18.035584018691935,228.13648232101406,228.84828349083517,85.47981945928821,0.952828976516953
12,x32,1,x32.1,0.24017771198288432,18.062805136709713,228.0260484632887,228.74034123256186,85.4708421735031,0.952379549892883
12,x33,1,x33.1,0.24017771198288432,184.67077245292066,-135.46749574736793,229.02999061786986,-36.262363630018335,0.953585529344168
12,x34,1,x34.1,0.24017771198288432,16.67829107163775,234.0970993341789,234.6904712802518,85.92483730723062,0.9771534142059629
12,x52,1,x52.1,0.24017771198288432,158.70814577508986,-122.84965838230977,200.69956178332174,-37.742027874398275,0.8356294184267361
12,x53,1,x53.1,0.24017771198288432,158.7857034014609,-122.847085530229,200.75932363894862,-37.72789848295395,0.835878241913035
12,x55,1,x55.1,0.24017771198288432,159.25741003161062,-122.90771225800574,201.16965074899665,-37.659346249916126,0.8375866731686266
12,x56,1,x56.1,0.24017771198288432,-233.00313741159036,-106.3846809882144,256.1409033961749,-155.45948711754446,1.066464083122035
12,x58,1,x58.1,0.24017771198288432,-232.73192537324923,-106.32001851625357,255.86733950474442,-155.44743467940145,1.065325076970415
12,x59,1,x59.1,0.24017771198288432,-231.0583136351352,-104.30236333654805,253.50922527099834,-155.7050395918398,1.0555068710499835
12,x60,1,x60.1,0.24017771198288432,159.84168462702857,-122.99157655585348,201.68364348181743,-37.576796156300844,0.8397267249185466
12,x62,1,x62.1,0.24017771198288432,19.802620631522707,208.94389373495625,209.8801908542126,84.58597404438848,0.8738537357253583
12,x63,1,x63.1,0.24017771198288432,159.68592660367094,-122.79110475267487,201.43795710256634,-37.558621901449,0.838703789121454
12,x64,1,x64.1,0.24017771198288432,-230.35084113202478,-104.70082835309476,253.02919489271497,-155.55689028859177,1.0535082244048792
12,x65,1,x65.1,0.24017771198288432,95.34038062118371,-219.28520772957881,239.1145970157337,-66.50165715514193,0.9955736318812697
12,x65,2,x65.2,0.24017771198288432,-261.7344343533095,10.75426518048902,261.9552792860246,177.6471280722515,1.0906727236401195
12,x65,3,x65.3,0.24017771198288432,166.3940537321258,208.53094254908984,266.78106214238926,51.412422310178876,1.1107652743456926
12,x66,1,x66.1,0.24017771198288432,19.822406717778815,207.1302128367723,208.0765553297431,84.53342937960258,0.8663441483053647
12,x68,1,x68.1,0.24017771198288432,175.7471108304502,-135.19325438725195,221.73015806846564,-37.56924111977455,0.9231920657328383
12,x69,1,x69.1,0.24017771198288432,175.29517998867547,-135.03183456463694,221.27357834398939,-37.60746195704854,0.9212910578470241
12,x70,1,x70.1,0.24017771198288432,174.9750365119772,-134.91739263482918,220.95014423563615,-37.634613570095524,0.9199444128745036
12,x71,1,x71.1,0.24017771198288432,174.794503301501,-134.85283674070845,220.76776476975667,-37.64995558573407,0.9191850607082523
12,x73,1,x73.1,0.24017771198288432,21.962238475181724,229.80295709250638,230.85003575330256,84.54083020018176,0.9611634395524324
12,x74,1,x74.1,0.24017771198288432,21.870006494483142,229.96286313467482,231.0004666773769,84.5673763294606,0.9617897712916783
12,x75,1,x75.1,0.24017771198288432,22.033176010231596,229.53177768306213,230.5868552442756,84.5168732325879,0.9600676654822484
12,x76,1,x76.1,0.24017771198288432,104.29164016497108,-244.8463426525546,266.13244394216946,-66.92855084888184,1.1080646981978692
12,x76,2,x76.2,0.24017771198288432,-262.15706730845113,23.514468003973537,263.20953277812276,174.87450787147785,1.0958949130004192
12,x76,3,x76.3,0.24017771198288432,157.86542714348005,221.33187464858108,271.8626341052566,54.50155530253704,1.1319228243985862
12,x77,1,x77.1,0.24017771198288432,-215.6180628293156,-97.18303535254496,236.5072755299521,-155.7380325646915,0.9847178307153089
12,x79,1,x79.1,0.24017771198288432,176.6444954416137,-136.0189356099662,222.94490039983066,-37.596815664550604,0.9282497470694462
12,x80,1,x80.1,0.24017771198288432,-216.1982023670988,-97.10269156586207,237.00336583285045,-155.81336996502566,0.9867833442003141
12,x82,1,x82.1,0.24017771198288432,176.47772638542972,-136.78183351021696,223.27932705153717,-37.77803621814991,0.9296421604159866
12,x83,1,x83.1,0.24017771198288432,23.31384904454232,231.17807959323443,232.35068332520038,84.24130464026537,0.9674115112802735
12,x84,1,x84.1,0.24017771198288432,23.172698768588038,230.09551691573708,231.2594233170618,84.24918688344314,0.9628679589284368
12,x85,1,x85.1,0.24017771198288432,23.250489726245725,229.74748396472864,230.92096409948036,84.221329840206,0.9614587556564632
12,x86,1,x86.1,0.24017771198288432,-215.23886536775242,-96.693278708934,235.96050371255154,-155.8086162225329,0.982441300504048
12,x87,1,x87.1,0.24017771198288432,-215.2487948441341,-96.31576008174964,235.81511682243206,-155.8932750744879,0.9818359700222178
12,x88,1,x88.1,0.24017771198288432,175.93734598936848,-135.45284975332862,222.03924027090477,-37.592405578268426,0.9244789553442322
12,x90,1,x90.1,0.24017771198288432,-215.396421270996,-96.05151989873916,235.8421352752944,-155.96651968717558,0.9819484636113992
12,x92,1,x92.1,0.24017771198288432,22.407377698399216,231.3564827746051,232.4390515751492,84.46803353981001,0.9677794398828872
12,x94,1,x94.1,0.24017771198288432,175.81644741328188,-135.15399833299614,221.76119238140572,-37.55027933031011,0.9233212796914686
12,x95,1,x95.1,0.24017771198288432,-215.21607774797698,-95.9441680853851,235.6337062281623,-155.97250051383114,0.9810806518339811
12,x96,1,x96.1,0.24017771198288432,-215.16177137564978,-95.89457642396476,235.56391414866368,-155.97813911448182,0.9807900666713428
12,x98,1,x98.1,0.24017771198288432,176.61362751617764,-135.13769600000325,222.38383552905196,-37.421773765125124,0.9259137065345164
12,x99,1,x99.1,0.24017771198288432,-214.74830531798574,-97.99207819931858,236.0493211741313,-155.4722501381302,0.9828110994368736
12,x100,1,x100.1,0.24017771198288432,21.715067350921608,230.34493473210088,231.36623156111366,84.61453112596504,0.9633126639894105
13,sourcebus,1,sourcebus.1,66.39528095680697,66331.80891474814,-89.8339985016574,66331.86974637416,-0.07759634341753538,0.9990449440153125
13,sourcebus,2,sourcebus.2,66.39528095680697,-33267.03109407023,-57421.5965845763,66362.1512018384,-120.08573002917123,0.9995010224448011
13,sourcebus,3,sourcebus.3,66.39528095680697,-33064.77781419931,57511.430594299214,66338.85875492028,119.89568619827034,0.9991502076491944
13,150,1,150.1,2.4017771198288433,1961.48282255468,-1274.9400216240733,2339.420210632512,-33.023378562355006,0.9740371791031238
13,150,2,150.2,2.4017771198288433,-2099.5324112029325,-1115.7705943125545,2377.5997065999545,-152.01214069618757,0.9899335317048021
13,150,3,150.3,2.4017771198288433,106.354420362548,2360.4646802042985,2362.8594476232893,87.42019403238912,0.9837963015451128
13,150r,1,150r.1,2.4017771198288433,2022.765670491247,-1314.7927091717295,2412.5216736454495,-33.023768458419795,1.0044735848834183
13,150r,2,150r.2,2.4017771198288433,-2165.1464566772875,-1150.6283382655763,2451.898193580234,-152.01238895394587,1.0208683284296431
13,150r,3,150r.3,2.4017771198288433,109.69155748873133,2434.2256198797736,2436.695837863924,87.4198716838738,1.0145387004259452
13,40,1,40.1,2.4017771198288433,1868.2340603085931,-1350.4104947522737,2305.1913171002125,-35.86042876491813,0.9597856928808142
13,40,2,40.2,2.4017771198288433,-2186.2935726481824,-1068.87701453704,2433.593568780204,-153.94603134446558,1.0132470447356197
13,40,3,40.3,2.4017771198288433,172.16052427008665,2366.297481128273,2372.552004764271,85.83876414035409,0.9878318788103639
13,401,1,401.1,2.4017771198288433,1868.2340603085931,-1350.4104947522737,2305.1913171002125,-35.86042876491813,0.9597856928808142
13,401,2,401.2,2.4017771198288433,-2186.2935726481824,-1068.87701453704,2433.593568780204,-153.94603134446558,1.0132470447356197
13,401,3,401.3,2.4017771198288433,172.16052427008665,2366.297481128273,2372.552004764271,85.83876414035409,0.9878318788103639
13,101,1,101.1,2.4017771198288433,1822.7089785193814,-1363.2721919929388,2276.1324851239215,-36.794188187745206,0.9476868050463085
13,101,2,101.2,2.4017771198288433,-2185.442432180859,-1025.0107010690522,2413.87770230446,-154.8726017494288,1.0050381787617657
13,101,3,101.3,2.4017771198288433,195.85498855293338,2356.5645166446952,2364.6893025617373,85.2490443413813,0.9845581769595053
13,1011,1,1011.1,2.4017771198288433,1822.7089785193814,-1363.2721919929388,2276.1324851239215,-36.794188187745206,0.9476868050463085
13,1011,2,1011.2,2.4017771198288433,-2185.442432180859,-1025.0107010690522,2413.87770230446,-154.8726017494288,1.0050381787617657
13,1011,3,1011.3,2.4017771198288433,195.85498855293338,2356.5645166446952,2364.6893025617373,85.2490443413813,0.9845581769595053
13,30,1,30.1,2.4017771198288433,1886.5535644962727,-1349.287811072664,2319.4098276981695,-35.57284629508679,0.9657056887374531
13,30,2,30.2,2.4017771198288433,-2191.900319895291,-1093.626551980798,2449.5807901668577,-153.48356029438028,1.0199034581282966
13,30,3,30.3,2.4017771198288433,158.7973013804419,2369.174295179525,2374.490139770033,86.16540379126278,0.9886388375367839
13,301,1,301.1,2.4017771198288433,1890.776950637028,-1347.2122547782164,2321.6413022869974,-35.47054905340727,0.9666347818537148
13,301,2,301.2,2.4017771198288433,-2192.0363877097666,-1098.0807139138565,2451.694267096378,-153.39183668734694,1.0207834219317953
13,301,3,301.3,2.4017771198288433,154.9029029882615,2371.616765109596,2376.6701474758956,86.26301601814279,0.9895465019856893
13,93,1,93.1,2.4017771198288433,1818.5349869715008,-1363.616294262264,2272.9977775653424,-36.86415150690793,0.9463816433255564
13,93,2,93.2,2.4017771198288433,-2190.2660901393983,-1006.1350514671748,2410.305641906308,-155.3275308160694,1.003550921526837
13,93,3,93.3,2.4017771198288433,199.85485824051838,2371.086613263778,2379.494419401111,85.1820244458276,0.9907224112330122
13,931,1,931.1,2.4017771198288433,1822.8909362407483,-1361.5957700465726,2275.2745782514667,-36.757637947527456,0.9473296083416801
13,931,2,931.2,2.4017771198288433,-2190.549720217108,-1010.6549081742902,2412.4534026919637,-155.232795852094,1.0044451597006974
13,931,3,931.3,2.4017771198288433,196.0110449992876,2373.5903282229965,2381.6698713288256,85.27922718204111,0.9916281788455664
13,77,1,77.1,2.4017771198288433,1820.7280085303757,-1369.5910912218287,2278.3393597533245,-36.951278451605695,0.9486056557636309
13,77,2,77.2,2.4017771198288433,-2193.3274848104397,-1017.1848458995025,2417.7159606439473,-155.11985908005073,1.006636269736902
13,77,3,77.3,2.4017771198288433,201.66300163968148,2363.0594622347567,2371.648791091873,85.1222086729467,0.987455818240488
13,771,1,771.1,2.4017771198288433,1825.076838876281,-1367.581945176962,2280.610849000031,-36.84526336112001,0.9495514093175111
13,771,2,771.2,2.4017771198288433,-2193.593958261969,-1021.6918635167127,2419.8571688634156,-155.02570349895836,1.0075277796950037
13,771,3,771.3,2.4017771198288433,197.8090900297167,2365.575427803684,2373.8314052870237,85.2200550519775,0.9883645679230173
13,149,1,149.1,2.4017771198288433,2022.7653731205519,-1314.792345643726,2412.5212261986126,-33.023765068559534,1.004473398585184
13,149,2,149.2,2.4017771198288433,-2165.1461836528515,-1150.6282361655105,2451.8979045726724,-152.0123880667658,1.0208682080989266
13,149,3,149.3,2.4017771198288433,109.69146387857248,2434.225250507023,2436.6954646516256,87.41987349178241,1.014538545035882
13,1,1,1.1,2.4017771198288433,1991.7964598283402,-1321.9165966461246,2390.547348594707,-33.571456530949405,0.9953243907848799
13,1,2,1.2,2.4017771198288433,-2170.201001585045,-1139.7699466964968,2451.295151276824,-152.2919507504572,1.0206172467208405
13,1,3,1.3,2.4017771198288433,122.15643073450578,2419.297859895104,2422.3798893779694,87.10944687325102,1.0085781354893557
13,2,1,2.1,2.4017771198288433,-2169.774809367951,-1139.3325480653502,2450.714462855437,-152.2963712063391,1.0203754722378573
13,3,1,3.1,2.4017771198288433,123.29176169349738,2415.0868865553502,2418.231901227238,87.07755010103227,1.0068510859157351
13,7,1,7.1,2.4017771198288433,1969.102305647831,-1326.4941143168717,2374.226300381854,-33.96634555627693,0.9885289857999177
13,7,2,7.2,2.4017771198288433,-2174.4536188032735,-1131.1176269840073,2451.056022697275,-152.51723636229485,1.0205176835359075
13,7,3,7.3,2.4017771198288433,129.9868725682531,2410.5150313411687,2414.0172541557754,86.91331826986604,1.0050962823427199
13,4,1,4.1,2.4017771198288433,123.66055805351562,2413.719649065145,2416.885284390071,87.06716609775951,1.006290410728163
13,5,1,5.1,2.4017771198288433,124.168328928817,2411.8343190438923,2415.0284794235636,87.05284661122887,1.0055173144440916
13,6,1,6.1,2.4017771198288433,124.61548642325799,2410.1747388328727,2413.394143351767,87.04021907060188,1.0048368449457756
13,8,1,8.1,2.4017771198288433,1954.4169273461212,-1329.5018099027639,2363.7513804187993,-34.22569012093348,0.9841676652275071
13,8,2,8.2,2.4017771198288433,-2177.09241636749,-1125.30990546146,2450.725152426219,-152.66616323915233,1.0203799229300945
13,8,3,8.3,2.4017771198288433,135.3639059084898,2404.6787978236853,2408.48572919284,86.77811275977372,1.0027931856410035
13,12,1,12.1,2.4017771198288433,-2176.5406109502082,-1124.7509653949292,2449.978319347404,-152.67184977749454,1.020068972728825
13,9,1,9.1,2.4017771198288433,1950.6469414840412,-1328.4025672782532,2360.0162861879785,-34.25510399824081,0.9826125274922093
13,13,1,13.1,2.4017771198288433,1935.5279313182223,-1333.988683071356,2350.7007847608866,-34.575069654628834,0.9787339405283382
13,13,2,13.2,2.4017771198288433,-2179.8826616676115,-1116.8988526975656,2449.3573577157354,-152.87091849869483,1.019810430157767
13,13,3,13.3,2.4017771198288433,144.48061136625424,2395.8220493127255,2400.1745642835635,86.54894402021475,0.9993327625898135
13,9r,1,9r.1,2.4017771198288433,1950.6397163282136,-1328.4064559006288,2360.012503143889,-34.255280764148736,0.9826109523901491
13,14,1,14.1,2.4017771198288433,1946.4797585492652,-1327.1929655235429,2355.8914699487286,-34.28783497193018,0.9808951257378185
13,34,1,34.1,2.4017771198288433,145.1418243843338,2393.273413820548,2397.6704908068314,86.52950591055473,0.9982901706456824
13,18,1,18.1,2.4017771198288433,1889.1768689108735,-1346.1616223770327,2319.728509026144,-35.4723484711997,0.9658383743748269
13,18,2,18.2,2.4017771198288433,-2188.372783544725,-1086.7527608730027,2443.359777647242,-153.59086160998217,1.0173132875132735
13,18,3,18.3,2.4017771198288433,159.93213634985486,2372.5311549659687,2377.915551385621,86.14353039220431,0.9900650363240521
13,11,1,11.1,2.4017771198288433,1944.8701539239726,-1326.7234729698987,2354.297154004474,-34.30046251255719,0.9802313189544613
13,10,1,10.1,2.4017771198288433,1945.642313090679,-1326.9485581943582,2355.0618859348333,-34.294399891402314,0.9805497214923343
13,15,1,15.1,2.4017771198288433,145.4108209678303,2392.235388313654,2396.6506754124007,86.52158470474126,0.9978655619732076
13,16,1,16.1,2.4017771198288433,146.08320979799433,2389.6397116159333,2394.1007195848642,86.50175372380104,0.996803866528412
13,17,1,17.1,2.4017771198288433,145.72466709793298,2391.024859704744,2395.461449977205,86.51233510231782,0.997370418012772
13,19,1,19.1,2.4017771198288433,1885.7877922059165,-1345.0931329656246,2316.348664079772,-35.49947186002641,0.9644311476515526
13,20,1,20.1,2.4017771198288433,1883.6404504178963,-1344.4162122792825,2314.2074881673657,-35.51670006138875,0.9635396511447665
13,21,1,21.1,2.4017771198288433,1889.1768571445166,-1346.1616004963091,2319.728486746071,-35.4723481997185,0.9658383650983322
13,21,2,21.2,2.4017771198288433,-2188.372814835209,-1086.7527595343756,2443.3598050768856,-153.59086196445196,1.0173132989338352
13,21,3,21.3,2.4017771198288433,159.9321322903932,2372.531146652833,2377.9155428182808,86.14353047632346,0.9900650327569683
13,22,1,22.1,2.4017771198288433,-2188.470791765848,-1086.7571687978814,2443.4495186816985,-153.59179121097972,1.017350651943851
13,23,1,23.1,2.4017771198288433,1887.7474776091042,-1347.0325450386604,2319.0703345549628,-35.510365768635566,0.9655643379266705
13,23,2,23.2,2.4017771198288433,-2189.5026883110672,-1088.4966801112218,2445.147652951564,-153.56603801977448,1.0180576843557454
13,23,3,23.3,2.4017771198288433,159.41923531884044,2371.469798694336,2376.822142843044,86.15414562653932,0.9896097865285777
13,24,1,24.1,2.4017771198288433,159.52252272408896,2371.3264020687893,2376.685999539015,86.15142937610449,0.9895531021248065
13,25,1,25.1,2.4017771198288433,1886.1532701955434,-1347.9794761771002,2318.323279196418,-35.552301215220496,0.9652532951773758
13,25,2,25.2,2.4017771198288433,-2190.7620414166436,-1090.4049333921344,2447.1250971043396,-153.53915649319293,1.0188810097744323
13,25,3,25.3,2.4017771198288433,158.80897556339784,2370.331735592738,2375.6457706227116,86.16698972639675,0.9891199941116959
13,25r,1,25r.1,2.4017771198288433,1909.7250542507006,-1364.8318292648064,2347.299662379552,-35.55242587407515,0.9773178547669846
13,25r,2,25r.2,2.4017771198288433,156.82876683275987,2340.699607200658,2345.9475512584677,86.16686536739608,0.9767548919883314
13,26,1,26.1,2.4017771198288433,1908.5548129138888,-1365.3849664019026,2346.6694655134315,-35.580026883200205,0.9770554670287895
13,26,2,26.2,2.4017771198288433,157.20396271499143,2339.3698125260125,2344.645859325303,86.15554488097793,0.9762129216604363
13,28,1,28.1,2.4017771198288433,1885.5837366126432,-1348.3227173514085,2318.059571690077,-35.567388770194576,0.9651434983506163
13,28,2,28.2,2.4017771198288433,-2191.53291916582,-1091.50172062893,2448.3040133781133,-153.52421663903425,1.019371861429251
13,28,3,28.3,2.4017771198288433,158.22960208149843,2370.295613360297,2375.571068541191,86.18087398677277,0.9890888912750073
13,27,1,27.1,2.4017771198288433,1907.370281468648,-1365.4679425134505,2345.754482605054,-35.59850931858466,0.9766745062390378
13,27,2,27.2,2.4017771198288433,156.7855836733628,2339.3312727768575,2344.5793914985243,86.16568288642776,0.9761852472246071
13,31,1,31.1,2.4017771198288433,157.60600005519703,2337.7741704500995,2343.0808187676857,86.14311979496514,0.9755613039292587
13,33,1,33.1,2.4017771198288433,1904.044229364136,-1364.4126970364941,2342.43600450669,-35.62487867263057,0.9752928301164007
13,29,1,29.1,2.4017771198288433,1885.3856211550221,-1348.8028100421877,2318.1777241695277,-35.579889033924665,0.9651926921240415
13,29,2,29.2,2.4017771198288433,-2191.9556282157528,-1092.5117526030904,2449.1327864455598,-153.50747448040448,1.0197169280303957
13,29,3,29.3,2.4017771198288433,158.19982556279882,2369.7277280951703,2375.0024610747664,86.18067822295832,0.9888521467987067
13,250,1,250.1,2.4017771198288433,1886.55356747764,-1349.2878180778143,2319.409834198303,-35.57284639299491,0.9657056914438381
13,250,2,250.2,2.4017771198288433,-2191.900328271075,-1093.6265520734023,2449.580797702906,-153.483560379907,1.0199034612659934
13,250,3,250.3,2.4017771198288433,158.7973051311644,2369.174302798258,2374.490147622544,86.16540371325593,0.9886388408062428
13,32,1,32.1,2.4017771198288433,157.87399705629812,2336.7101346211834,2342.0372439796683,86.1348274072929,0.9751268028344644
13,35,1,35.1,2.4017771198288433,1871.001080511418,-1350.1867019525776,2307.303441986873,-35.81567271494502,0.9606650937499552
13,35,2,35.2,2.4017771198288433,-2186.717904811976,-1070.954683540555,2434.8879090058185,-153.9064951119202,1.0137859541185632
13,35,3,35.3,2.4017771198288433,170.42041100437586,2368.041087484755,2374.1654762258845,85.88370098499757,0.9885036611536517
13,42,1,42.1,2.4017771198288433,1865.467026733466,-1350.634265394841,2303.0805775500908,-35.90526662650398,0.9589068688081324
13,42,2,42.2,2.4017771198288433,-2185.869215345244,-1066.7993474080774,2432.300366777165,-153.98560933688762,1.0127086092611695
13,42,3,42.3,2.4017771198288433,173.90062512801885,2364.5538530599897,2370.9399721293576,85.79376642312968,0.9871606955346117
13,44,1,44.1,2.4017771198288433,1863.1748319030041,-1350.844978760747,2301.3479986477296,-35.9429831514544,0.9581854950852932
13,44,2,44.2,2.4017771198288433,-2185.536257930702,-1065.0727800965437,2431.244282591183,-154.01873442954079,1.012268899773864
13,44,3,44.3,2.4017771198288433,175.35931249727022,2363.1240004802703,2369.62147401761,85.75605558320326,0.986611727813643
13,151,1,151.1,2.4017771198288433,1861.1492549728455,-1351.7868276949278,2300.2617626729993,-35.99159172982012,0.9577332316484561
13,151,2,151.2,2.4017771198288433,-2187.922700477739,-1063.25161781108,2432.593214255865,-154.08191771097873,1.0128305387592407
13,151,3,151.3,2.4017771198288433,175.89527553893632,2365.7208835033407,2372.250924038337,85.74778779592,0.9877065213309175
13,52,1,52.1,2.4017771198288433,1639.4491524933471,-1238.879338464613,2054.9003720097166,-37.077176097088284,0.8555749636569749
13,52,2,52.2,2.4017771198288433,-2349.297987837366,-1087.3076895540094,2588.7137824448596,-155.16424428556644,1.0778326436173802
13,52,3,52.3,2.4017771198288433,175.9940825987143,2143.7883196466155,2151.0002967370838,85.3068332773651,0.8955869714048943
13,53,1,53.1,2.4017771198288433,1640.2374717975908,-1238.8444185724748,2055.508320906808,-37.06315172088872,0.8558280882671114
13,53,2,53.2,2.4017771198288433,-2348.9475989140287,-1087.25682085793,2588.3744352288127,-155.16200844202413,1.0776913535645918
13,53,3,53.3,2.4017771198288433,176.27266954882631,2143.8067557770255,2151.0414826648707,85.29947781172241,0.8956041195105395
13,54,1,54.1,2.4017771198288433,1641.2230364463405,-1238.800654618923,2056.268493472197,-37.04562759795273,0.8561445924752301
13,54,2,54.2,2.4017771198288433,-2348.5095664443543,-1087.193169349693,2587.950187148369,-155.15921370101395,1.0775147143265287
13,54,3,54.3,2.4017771198288433,176.62096549062122,2143.8298605363234,2151.0930794314854,85.2902823537114,0.8956256022560402
13,55,1,55.1,2.4017771198288433,1640.8129525344402,-1238.5789844192964,2055.807638338257,-37.047582079437866,0.8559527115841453
13,55,2,55.2,2.4017771198288433,-2348.478293925999,-1086.7181065242721,2587.722268731571,-155.16846818061154,1.077419818586655
13,55,3,55.3,2.4017771198288433,176.53204307720137,2144.023747496699,2151.2790130670637,85.2930666512481,0.8957030172809579
13,57,1,57.1,2.4017771198288433,1644.4803349027168,-1238.9132646001042,2058.937019212545,-36.993520457659336,0.8572556554953233
13,57,2,57.2,2.4017771198288433,-2347.6266789811175,-1087.7781298634297,2587.39488359877,-155.1392454242548,1.077283509047315
13,57,3,57.3,2.4017771198288433,177.81539720450138,2143.6352948823305,2150.9975808792187,85.25814836036345,0.8955858406347481
13,56,1,56.1,2.4017771198288433,1640.9005804495994,-1238.3346990973814,2055.7304156694368,-37.04067651221448,0.8559205592798441
13,56,2,56.2,2.4017771198288433,-2348.2258192994714,-1086.2106758735592,2587.2800642385755,-155.17631842037838,1.0772357030459812
13,56,3,56.3,2.4017771198288433,176.61900303027787,2144.2294699318245,2151.4911786841058,85.29120821840503,0.8957913542108463
13,58,1,58.1,2.4017771198288433,-2346.3617566111006,-1086.6009082675246,2585.752313493104,-155.1511297747541,1.0765996112401017
13,60,1,60.1,2.4017771198288433,1650.9951592822001,-1240.1896899790866,2064.91052665816,-36.913035233830335,0.8597427753018609
13,60,2,60.2,2.4017771198288433,-2347.1127996715686,-1091.927815824625,2588.6762735718125,-155.05112886662033,1.0778170264842426
13,60,3,60.3,2.4017771198288433,179.88927036885013,2141.8636978064023,2149.4046267687136,85.19915129619213,0.8949226008622672
13,59,1,59.1,2.4017771198288433,-2345.7488511206743,-1086.0310482787645,2584.9566940974923,-155.15688256781857,1.076268348447629
13,61,1,61.1,2.4017771198288433,1650.9951823721706,-1240.189739256926,2064.910574716077,-36.91303594227863,0.8597427953111768
13,61,2,61.2,2.4017771198288433,-2347.112864176493,-1091.927811700636,2588.6763303178946,-155.05112955159825,1.0778170501109487
13,61,3,61.3,2.4017771198288433,179.88929472250186,2141.8637470699414,2149.404677897638,85.19915075918955,0.8949226221502227
13,62,1,62.1,2.4017771198288433,1650.0207847487359,-1239.1805346343567,2063.5253784529823,-36.906880719843066,0.8591660572568175
13,62,2,62.2,2.4017771198288433,-2343.896318278389,-1091.3894041715025,2585.5329783966813,-155.03188117924358,1.0765082892374847
13,62,3,62.3,2.4017771198288433,179.6550342449219,2137.102922242003,2144.6409563339157,85.19474245947147,0.8929392068181365
13,63,1,63.1,2.4017771198288433,1649.3836856338844,-1238.173610847712,2062.411315192699,-36.895141580168094,0.8587022076968039
13,63,2,63.2,2.4017771198288433,-2341.620989467635,-1090.6806996693524,2583.1711609853915,-155.02482832214218,1.075524926796486
13,63,3,63.3,2.4017771198288433,179.58850609516287,2134.7237070324695,2142.2645347594075,85.19118502787613,0.8919497638115857
13,64,1,64.1,2.4017771198288433,1649.6933356121358,-1237.3952844594787,2062.191841600982,-36.872682322885375,0.8586108280305123
13,64,2,64.2,2.4017771198288433,-2336.5067311582743,-1089.6756776190743,2578.111088984048,-154.9970855816683,1.0734181234800715
13,64,3,64.3,2.4017771198288433,179.9380993512375,2129.550575570744,2137.1390627452915,85.17021907887748,0.8898157306526383
13,65,1,65.1,2.4017771198288433,1648.5428054331085,-1237.2373243185493,2061.1767459468842,-36.8883601544855,0.8581881844614162
13,65,2,65.2,2.4017771198288433,-2334.7941490313647,-1090.4821283192987,2576.900267867362,-154.96474072404584,1.072913987976952
13,65,3,65.3,2.4017771198288433,178.83500964880608,2122.480447992114,2130.001223658074,85.1837736373325,0.8868438316249192
13,66,1,66.1,2.4017771198288433,1648.4042308574105,-1238.3637233245533,2061.7422776755734,-36.91570777167073,0.8584236483285753
13,66,2,66.2,2.4017771198288433,-2334.8502294869572,-1091.724256614853,2577.476953653815,-154.9402506901335,1.0731540959293895
13,66,3,66.3,2.4017771198288433,178.56340178874032,2118.9098556972385,2126.4204346810766,85.18298851533018,0.8853529401731542
13,67,1,67.1,2.4017771198288433,1819.9387313563914,-1364.733474318688,2274.79107652045,-36.86545311613131,0.9471282983504138
13,67,2,67.2,2.4017771198288433,-2187.6606574920606,-1021.6560318892048,2414.4647853787787,-154.96702749817152,1.0052826157120023
13,67,3,67.3,2.4017771198288433,196.93447137065965,2358.3929739875234,2366.6010660370616,85.22666611517448,0.9853541556785717
13,68,1,68.1,2.4017771198288433,1815.905999087402,-1363.3489361142274,2270.734444871397,-36.898550134530446,0.9454392858206657
13,97,1,97.1,2.4017771198288433,1825.4406837563067,-1362.6504751586767,2277.948640194256,-36.74051304899737,0.9484429764059823
13,97,2,97.2,2.4017771198288433,-2186.5345171574186,-1027.4977829533132,2415.9231959428676,-154.8301980980236,1.0058898371531795
13,97,3,97.3,2.4017771198288433,194.25395330860982,2358.2062615484506,2366.1934346925955,85.29097172984122,0.9851844349575686
13,69,1,69.1,2.4017771198288433,1811.2882113524333,-1361.762614150348,2266.089672074317,-36.93657569137986,0.9435053958028397
13,70,1,70.1,2.4017771198288433,1808.0169759149012,-1360.6379162386193,2262.7993557323275,-36.96358820039647,0.9421354450631041
13,71,1,71.1,2.4017771198288433,1806.172275052243,-1360.0034710610403,2260.9439905635595,-36.978851384203864,0.9413629482508685
13,72,1,72.1,2.4017771198288433,1819.938658139859,-1364.73351041187,2274.7910395974873,-36.865454949805006,0.9471282829772292
13,72,2,72.2,2.4017771198288433,-2187.660632988449,-1021.6559502497408,2414.4647286320255,-154.96702900746482,1.0052825920850168
13,72,3,72.3,2.4017771198288433,196.93454036521507,2358.3929120483454,2366.601010054025,85.22666432581464,0.985354132369566
13,73,1,73.1,2.4017771198288433,197.86894196824267,2354.5529263777953,2362.8524290166474,85.19633660331692,0.9837933792895114
13,76,1,76.1,2.4017771198288433,1819.587918369429,-1366.2225920327833,2275.404219838042,-36.90075186355395,0.9473835857009885
13,76,2,76.2,2.4017771198288433,-2189.157112654801,-1018.605981103049,2414.532461704752,-155.04763094083444,1.005310793316583
13,76,3,76.3,2.4017771198288433,198.56901233824252,2360.7208788143257,2369.0573484681345,85.1919567520828,0.9863768494209653
13,74,1,74.1,2.4017771198288433,198.47859303359945,2352.1354830776568,2360.494669056797,85.1766768574287,0.982811706202369
13,75,1,75.1,2.4017771198288433,198.56033876917573,2351.9911518856757,2360.3577243038053,85.1744049842542,0.9827546881086161
13,86,1,86.1,2.4017771198288433,1819.8974249060689,-1365.448902958874,2275.187320589523,-36.88049126504276,0.9472932778840273
13,86,2,86.2,2.4017771198288433,-2189.697820885007,-1012.4087442536511,2412.4153896519983,-155.18649681209297,1.004429332653445
13,86,3,86.3,2.4017771198288433,198.8180828223382,2366.220633409369,2374.5586360478414,85.19709099607965,0.988667356535172
13,78,1,78.1,2.4017771198288433,1820.7345874299908,-1370.5972061316563,2278.949569279619,-36.97139348373497,0.9488597216056512
13,78,2,78.2,2.4017771198288433,-2194.453595971912,-1017.029780261947,2418.6723959258557,-155.13441482005248,1.0070344895692138
13,78,3,78.3,2.4017771198288433,202.4491013842767,2363.298106876776,2371.953536774836,85.1037789592755,0.9875827016554588
13,79,1,79.1,2.4017771198288433,1819.8320486187035,-1370.6391529911632,2278.253799051388,-36.98588720632608,0.9485700318494757
13,79,2,79.2,2.4017771198288433,-2194.772556658825,-1017.0516295381807,2418.9709780419,-155.13712204366098,1.0071588067315262
13,79,3,79.3,2.4017771198288433,202.04809712979645,2363.2389825092796,2371.860434765348,85.11330855756515,0.9875439378548052
13,80,1,80.1,2.4017771198288433,1822.6711702148834,-1375.2876332337496,2283.319134255696,-37.03620065274844,0.9506790265444827
13,80,2,80.2,2.4017771198288433,-2199.129181393892,-1016.2470904294304,2422.5869035525748,-155.19770809463938,1.0086643275730824
13,80,3,80.3,2.4017771198288433,207.0295991285133,2364.556418888072,2373.602391518027,84.99620736784509,0.9882692161240907
13,81,1,81.1,2.4017771198288433,1823.273269401948,-1377.2623021530978,2284.989466900826,-37.06663233765831,0.9513744835172966
13,81,2,81.2,2.4017771198288433,-2201.1838924629424,-1016.640153647274,2424.6170275831732,-155.20964451597575,1.0095095866996842
13,81,3,81.3,2.4017771198288433,208.60170350899688,2364.748233968832,2373.931102784065,84.95881239599841,0.9884060778100997
13,82,1,82.1,2.4017771198288433,1823.6464665803228,-1379.5077573416374,2286.6412240744394,-37.10589087718878,0.9520622064371199
13,82,2,82.2,2.4017771198288433,-2204.510047555816,-1016.6839648753951,2427.65541916667,-155.24162143330295,1.0107746464583154
13,82,3,82.3,2.4017771198288433,209.93862105783037,2366.3948330310973,2375.68910642953,84.93018351403389,0.9891380373374644
13,84,1,84.1,2.4017771198288433,210.23860688263917,2357.600605451719,2366.9560381744027,84.90413839885207,0.9855019512980779
13,83,1,83.1,2.4017771198288433,1825.1296947418766,-1381.7047312486295,2289.149703925766,-37.12734893685756,0.9531066330121826
13,83,2,83.2,2.4017771198288433,-2207.4438741382332,-1016.7020070559628,2430.3274323889023,-155.2702013606712,1.0118871615206717
13,83,3,83.3,2.4017771198288433,211.76886793708385,2368.1127453611725,2377.56262339594,84.88990822110462,0.989918091802528
13,85,1,85.1,2.4017771198288433,211.00629788630928,2354.2456043806424,2363.682724794777,84.87837957218876,0.9841390798839899
13,87,1,87.1,2.4017771198288433,1818.9421593562515,-1365.2036570106807,2274.27606156309,-36.8899923186166,0.9469138675636817
13,87,2,87.2,2.4017771198288433,-2189.905518007651,-1008.6518893466317,2411.0298238891382,-155.2696039288766,1.0038524407547667
13,87,3,87.3,2.4017771198288433,199.3749478644985,2368.2621242743835,2376.639614899278,85.18783407446413,0.9895337894919423
13,88,1,88.1,2.4017771198288433,1817.9424485685004,-1366.0212780224374,2273.96765111496,-36.92158939268927,0.9467854582930696
13,89,1,89.1,2.4017771198288433,1818.7929315528484,-1364.3459638535026,2273.641932440099,-36.87496315230709,0.9466498425974366
13,89,2,89.2,2.4017771198288433,-2190.350763566339,-1007.0386259343979,2410.75989297555,-155.30885635759878,1.0037400527603273
13,89,3,89.3,2.4017771198288433,199.75597074625117,2369.5978184270493,2378.002579675432,85.18138579616729,0.9901012712806985
13,90,1,90.1,2.4017771198288433,-2190.827539293616,-1005.2166022474767,2410.4326840551435,-155.35294011740348,1.0036038165884922
13,91,1,91.1,2.4017771198288433,1818.8968930044207,-1363.9384847535007,2273.4806129749186,-36.86517614101015,0.9465826758883158
13,91,2,91.2,2.4017771198288433,-2190.106270186343,-1006.5613198829169,2410.338392299715,-155.31673724547164,1.0035645574271612
13,91,3,91.3,2.4017771198288433,200.32150243553096,2370.375177613277,2378.82474911104,85.1693854685857,0.9904435884044732
13,92,1,92.1,2.4017771198288433,202.4974700918089,2369.71159611724,2378.3478034480363,85.1158051422839,0.9902450080869799
13,94,1,94.1,2.4017771198288433,1816.6799667176206,-1362.9818896492077,2271.1331385422695,-36.87942195427529,0.9456052852664848
13,95,1,95.1,2.4017771198288433,1818.7281847830857,-1363.191556455356,2272.8975845197147,-36.85266362686127,0.9463399271126736
13,95,2,95.2,2.4017771198288433,-2189.690189739391,-1004.9616297623777,2409.2926356786934,-155.34717168601622,1.0031291479079398
13,95,3,95.3,2.4017771198288433,200.05518543955833,2371.5546727308224,2379.9776559818065,85.17816520616353,0.9909236108267239
13,96,1,96.1,2.4017771198288433,-2189.1677622472303,-1004.4799905078193,2408.616935627817,-155.35240083093524,1.002847814538037
13,98,1,98.1,2.4017771198288433,1824.6780476774832,-1362.6629079870024,2277.3449845115047,-36.75224132673314,0.9481916393115586
13,98,2,98.2,2.4017771198288433,-2186.115446996956,-1026.8273245663713,2415.2588064376937,-154.84036476124516,1.0056132130236177
13,98,3,98.3,2.4017771198288433,194.59280773776777,2357.740443029607,2365.7570368743945,85.2818666203618,0.985002737074531
13,99,1,99.1,2.4017771198288433,1825.5625388019987,-1362.5855333792474,2278.0074448630776,-36.73737074579685,0.9484674602218769
13,99,2,99.2,2.4017771198288433,-2184.418394319778,-1025.4246634438878,2413.1264910571117,-154.85337846606197,1.0047254056733945
13,99,3,99.3,2.4017771198288433,196.20572188750927,2356.8971272829294,2365.049841736094,85.24124404663428,0.9847082904614536
13,100,1,100.1,2.4017771198288433,1825.855802557801,-1362.968937816279,2278.471798637417,-36.740686063808425,0.948660797801166
13,100,2,100.2,2.4017771198288433,-2184.05357057666,-1025.8505052878288,2412.9772602218927,-154.84054416719408,1.0046632721665063
13,100,3,100.3,2.4017771198288433,196.88841073418925,2355.8803593674374,2364.093338668057,85.22271121523274,0.9843100424058201
13,450,1,450.1,2.4017771198288433,1825.855857661062,-1362.9690476295273,2278.4719084841386,-36.74068744778837,0.9486608435367676
13,450,2,450.2,2.4017771198288433,-2184.053710730741,-1025.850510721941,2412.9773893895454,-154.84054546523902,1.0046633259465392
13,450,3,450.3,2.4017771198288433,196.88848141965988,2355.880460629878,2364.093445465595,85.22270971245386,0.9843100868718685
13,197,1,197.1,2.4017771198288433,1825.4408211018153,-1362.6505861228056,2277.9488166343194,-36.74051321908891,0.9484430498682791
13,197,2,197.2,2.4017771198288433,-2186.5346548941698,-1027.4978625097951,2415.923354437256,-154.83019777968664,1.0058899031436441
13,197,3,197.3,2.4017771198288433,194.25393657401352,2358.2063974404928,2366.1935687520936,85.29097240382855,0.9851844907743623
13,105,1,105.1,2.4017771198288433,1819.7039392937183,-1363.9559336955303,2274.1368067344415,-36.85332931219491,0.9468558876506002
13,105,2,105.2,2.4017771198288433,-2184.240955558504,-1022.2748222799108,2411.628985604243,-154.91932888304623,1.004101906748159
13,105,3,105.3,2.4017771198288433,197.6161298014142,2354.758424908961,2363.0360501772757,85.20286218349747,0.9838698314961347
13,108,1,108.1,2.4017771198288433,1816.0375197138392,-1364.8309031802712,2271.7296642171723,-36.92644893083322,0.9458536537224825
13,108,2,108.2,2.4017771198288433,-2182.8074792824746,-1018.9156000893191,2408.907945878565,-154.9772415961011,1.0029689790908782
13,108,3,108.3,2.4017771198288433,199.79129070142955,2352.572468588873,2361.040825526422,85.14582586245945,0.9830391030182999
13,300,1,300.1,2.4017771198288433,1861.149070460288,-1351.786651276617,2300.2615097081557,-35.99159087524424,0.9577331263244269
13,300,2,300.2,2.4017771198288433,-2187.922486626632,-1063.2515279190586,2432.5929826234137,-154.0819174137214,1.0128304423171315
13,300,3,300.3,2.4017771198288433,175.8952627328336,2365.7206750206674,2372.2507151800155,85.74778773100988,0.9877064343710078
13,135,1,135.1,2.4017771198288433,1889.1766390263067,-1346.1613851557584,2319.7281841472727,-35.47234699448308,0.9658382391087906
13,135,2,135.2,2.4017771198288433,-2188.372498699628,-1086.7526601736897,2443.3594777395006,-153.5908607540152,1.017313162644176
13,135,3,135.3,2.4017771198288433,159.9320964556945,2372.530877962278,2377.9152723259863,86.14353090237445,0.9900649201352383
13,152,1,152.1,2.4017771198288433,1639.4491666113574,-1238.879364346333,2054.900398877242,-37.07717643551087,0.855574974843494
13,152,2,152.2,2.4017771198288433,-2349.2980229704535,-1087.3076866347358,2588.713813102534,-155.16424467080824,1.0778326563819596
13,152,3,152.3,2.4017771198288433,175.9940964956948,2143.7883446410915,2151.0003227848033,85.30683296290836,0.8955869822500803
13,160r,1,160r.1,2.4017771198288433,1816.1210776166522,-1364.198418991716,2271.4165392862155,-36.91242871366264,0.9457232815374985
13,160r,2,160r.2,2.4017771198288433,-2185.7492303274453,-1016.8811607506931,2410.715037694563,-155.05062936273248,1.003721376888775
13,160r,3,160r.3,2.4017771198288433,197.85800309332393,2356.0649152097944,2364.358194959176,85.19966906347327,0.9844203175387342
13,160,1,160.1,2.4017771198288433,1650.995191922548,-1240.189773035501,2064.9106026395475,-36.91303653250942,0.8597428069373474
13,160,2,160.2,2.4017771198288433,-2347.112886714145,-1091.927814591814,2588.6763519719616,-155.05112970399009,1.0778170591268008
13,160,3,160.3,2.4017771198288433,179.88931687316554,2141.8637616526757,2149.404694283058,85.19915020333364,0.8949226289724292
13,61s,1,61s.1,2.4017771198288433,1650.9951823721774,-1240.189739256916,2064.9105747160766,-36.9130359422783,0.8597427953111766
13,61s,2,61s.2,2.4017771198288433,-2347.1128641764867,-1091.927811700649,2588.676330317894,-155.0511295515979,1.0778170501109485
13,61s,3,61s.3,2.4017771198288433,179.8892947224893,2141.8637470699427,2149.404677897638,85.19915075918989,0.8949226221502227
13,610,1,610.1,0.24017771198288432,210.3543795836449,-135.78136005904173,250.37081049815552,-32.84178277697035,1.0424398185456842
13,610,2,610.2,0.24017771198288432,-250.9657755232928,-118.67421667980692,277.61014064434596,-154.6919320780598,1.1558530487796852
13,610,3,610.3,0.24017771198288432,40.611392434142495,254.45557641425353,257.67600890216755,80.93200870349007,1.0728556233416455
13,x1,1,x1.1,0.24017771198288432,193.4797533649358,-131.40942931181462,233.88641062321938,-34.18393786247188,0.9738056403830124
13,x2,1,x2.1,0.24017771198288432,-213.64060728521434,-109.42686859539378,240.03447388195877,-152.8784434186109,0.9994036161817723
13,x4,1,x4.1,0.24017771198288432,14.573506499503168,236.12922610588268,236.5785250462394,86.46827870432487,0.9850144840379635
13,x5,1,x5.1,0.24017771198288432,14.59212634579523,236.01480031576094,236.4654649613346,86.46206774806862,0.9845437489144943
13,x6,1,x6.1,0.24017771198288432,14.603520405296956,235.9262541628123,236.37779128235343,86.45798674461643,0.9841787122162207
13,x7,1,x7.1,0.24017771198288432,191.17539554156727,-131.82147459624935,232.21742618762337,-34.58748996057391,0.966856684038075
13,x9,1,x9.1,0.24017771198288432,189.29841065922858,-131.97754560193954,230.76386376818616,-34.88394252561982,0.9608046552822145
13,x10,1,x10.1,0.24017771198288432,189.0192602341196,-131.86291734025627,230.46932487629908,-34.9002558814892,0.9595783179611725
13,x11,1,x11.1,0.24017771198288432,189.15832191259085,-131.87375539580833,230.58958803679934,-34.88269483854263,0.9600790436925793
13,x12,1,x12.1,0.24017771198288432,-214.2866587225794,-107.98928855343286,239.95928518972505,-153.2542812543528,0.9990905617704658
13,x16,1,x16.1,0.24017771198288432,16.784443628626104,233.64752436295944,234.24961726513504,85.89112428161054,0.9753178816268692
13,x17,1,x17.1,0.24017771198288432,16.74833480833515,233.789586907476,234.38873195019502,85.90241655869487,0.975897097258126
13,x19,1,x19.1,0.24017771198288432,182.8096370074314,-133.51658110930194,226.3758839052995,-36.14284345157428,0.9425349339718567
13,x20,1,x20.1,0.24017771198288432,182.87881676578743,-133.49818091339026,226.42090435478508,-36.12875836472641,0.9427223803802428
13,x22,1,x22.1,0.24017771198288432,-215.418428121108,-104.25785247489814,239.3215388903527,-154.17402353696517,0.9964352516914949
13,x24,1,x24.1,0.24017771198288432,18.11152255063179,231.7622686737114,232.46887195899504,85.5315889304919,0.9679035995461618
13,x28,1,x28.1,0.24017771198288432,183.06435686355377,-133.88231103128876,226.797336758934,-36.17950282469359,0.9442896881917843
13,x29,1,x29.1,0.24017771198288432,183.31048678666127,-133.9769815390579,227.05190188210224,-36.16212135991011,0.9453495913820785
13,x30,1,x30.1,0.24017771198288432,18.04230467550049,231.54240957557298,232.24429420346578,85.54438757566986,0.9669685512701366
13,x31,1,x31.1,0.24017771198288432,17.94999098959254,228.32634539407454,229.030832373156,85.50490861979068,0.9535890340627332
13,x32,1,x32.1,0.24017771198288432,17.97697529897223,228.21708705637545,228.92402771530362,85.49603251388628,0.9531443439332011
13,x33,1,x33.1,0.24017771198288432,184.8804442016619,-135.4806190307909,229.20684278871371,-36.23400759280841,0.9543218681550584
13,x34,1,x34.1,0.24017771198288432,16.59702940538923,234.2505246246184,234.8377518032233,85.94727358456929,0.9777666289866166
13,x52,1,x52.1,0.24017771198288432,158.92168567313212,-122.88098421658292,200.88762644629435,-37.71181307121086,0.8364124413867766
13,x53,1,x53.1,0.24017771198288432,158.99860535559446,-122.87838681938713,200.9468946074037,-37.69781158326412,0.8366592093346433
13,x55,1,x55.1,0.24017771198288432,159.4669695836296,-122.93834424337835,201.35429191723142,-37.629814405423325,0.8383554421218753
13,x56,1,x56.1,0.24017771198288432,-233.0914407714404,-106.50815776483437,256.27252570528265,-155.44257438976206,1.0670121036191123
13,x58,1,x58.1,0.24017771198288432,-232.82259678832443,-106.44394691086882,256.00131915523906,-155.4306385213732,1.0658829124556002
13,x59,1,x59.1,0.24017771198288432,-231.1645126804426,-104.44346761796245,253.6640886110032,-155.6858598204314,1.0561516575238252
13,x60,1,x60.1,0.24017771198288432,160.0459776926542,-123.02097025726519,201.86350363212387,-37.54804735453684,0.8404755877036133
13,x62,1,x62.1,0.24017771198288432,19.722260225246227,209.12707372489461,210.0549940209226,84.61251013348603,0.8745815433360931
13,x63,1,x63.1,0.24017771198288432,159.89137135744627,-122.82229763526465,201.6198587217299,-37.53006037946928,0.8394611517329212
13,x64,1,x64.1,0.24017771198288432,-230.4629065407201,-104.83822403711304,253.1880812962028,-155.53907847929736,1.0541697612401506
13,x65,1,x65.1,0.24017771198288432,95.51196217377692,-219.4415309179174,239.32638887068907,-66.47890823684598,0.9964554449904331
13,x65,2,x65.2,0.24017771198288432,-261.9295786865909,10.694008483183914,262.1477942084835,177.66203784651154,1.0914742756278935
13,x65,3,x65.3,0.24017771198288432,166.41761651281396,208.74752243473347,266.9650748851721,51.437460856555745,1.1115314267969907
13,x66,1,x66.1,0.24017771198288432,19.74300365066563,207.32798605000804,208.26588773177073,84.56035779996208,0.8671324496030351
13,x68,1,x68.1,0.24017771198288432,175.97248202895804,-135.2263750269786,221.9290132775997,-37.54054242653065,0.9240200160346891
13,x69,1,x69.1,0.24017771198288432,175.52417353444233,-135.06654599052374,221.47620039353953,-37.57842444212516,0.9221346917041265
13,x70,1,x70.1,0.24017771198288432,175.20659314476185,-134.9532315111363,221.1554317141961,-37.60533491119346,0.9207991444683102
13,x71,1,x71.1,0.24017771198288432,175.0275047214022,-134.88931149924167,220.97455456622131,-37.62054042509302,0.9200460473283572
13,x73,1,x73.1,0.24017771198288432,21.86842823068333,230.0166547418405,231.0538673381331,84.56902881665101,0.962012109410879
13,x74,1,x74.1,0.24017771198288432,21.77983942080885,230.16842885626136,231.19659826077907,84.59444453144327,0.9626063815499031
13,x75,1,x75.1,0.24017771198288432,21.93767793271372,229.75367807236282,230.7986444952795,84.54573584845029,0.960949467749642
13,x76,1,x76.1,0.24017771198288432,104.48899316322942,-244.9923985865366,266.3441853268996,-66.90180465880286,1.108946301170027
13,x76,2,x76.2,0.24017771198288432,-262.3630428555142,23.464022305138634,263.41018696918394,174.8894392871929,1.096730353514048
13,x76,3,x76.3,0.24017771198288432,157.87404969228484,221.52837628139795,272.0276402575934,54.52411003296565,1.1326098413202421
13,x77,1,x77.1,0.24017771198288432,-215.7269256824656,-97.32137626881322,236.66338276815017,-155.71832834443464,0.9853677962633578
13,x79,1,x79.1,0.24017771198288432,176.86849737474353,-136.05036867816284,223.1415877443371,-37.56811953231153,0.9290686712855302
13,x80,1,x80.1,0.24017771198288432,-216.30875623640878,-97.24153164980856,237.16111296361981,-155.7937149022535,0.9874401375782967
13,x82,1,x82.1,0.24017771198288432,176.7069953529398,-136.81313518395558,223.47974441887837,-37.74837031499026,0.9304766148942417
13,x83,1,x83.1,0.24017771198288432,23.21666180212277,231.39671518381022,232.55849411081834,84.27053278791276,0.9682767488741464
13,x84,1,x84.1,0.24017771198288432,23.074091130788236,230.32071393378192,231.4736376965613,84.27905749651603,0.9637598584212372
13,x85,1,x85.1,0.24017771198288432,23.151239564137047,229.97643344299473,231.13878911276717,84.25152165495417,0.9623656883251461
13,x86,1,x86.1,0.24017771198288432,-215.35050205321758,-96.83809020547994,236.12169415201464,-155.7876637462717,0.9831124303858856
13,x87,1,x87.1,0.24017771198288432,-215.36269560444745,-96.46507207190903,235.98008557472068,-155.87147933377594,0.9825228312256435
13,x88,1,x88.1,0.24017771198288432,176.16770969030588,-135.4895903981313,222.24421487134663,-37.56368117217501,0.9253323842438149
13,x90,1,x90.1,0.24017771198288432,-215.50963075893497,-96.19973691308374,236.00591164629546,-155.94484959230414,0.9826303602355653
13,x92,1,x92.1,0.24017771198288432,22.31017219973586,231.56655448864166,232.63880360189896,84.49685001654419,0.9686111241599196
13,x94,1,x94.1,0.24017771198288432,176.0484165632793,-135.1913298831873,221.96788202355467,-37.52142643095158,0.9241818493106998
13,x95,1,x95.1,0.24017771198288432,-215.3324511938565,-96.09771843302303,235.80253608726767,-155.9499369911905,0.981783589078705
13,x96,1,x96.1,0.24017771198288432,-215.27873313467876,-96.04862391683307,235.7334747047807,-155.9555127860121,0.9814960462342137
13,x98,1,x98.1,0.24017771198288432,176.82874046331239,-135.1685775700364,222.57346610984078,-37.39443694432764,0.9267032493244083
13,x99,1,x99.1,0.24017771198288432,-214.84933637372268,-98.12005227888712,236.19437334416028,-155.4541818103838,0.9834150362836003
13,x100,1,x100.1,0.24017771198288432,21.62782563431636,230.53678124530506,231.54906682734446,84.6404788892473,0.9640739139185622
14,sourcebus,1,sourcebus.1,66.39528095680697,66327.14060799962,-97.26661827800865,66327.21192714483,-0.08402235749678585,0.9989747911495936
14,sourcebus,2,sourcebus.2,66.39528095680697,-33270.9949443668,-57413.111498352504,66356.79676197712,-120.09236422600904,0.9994203775588377
14,sourcebus,3,sourcebus.3,66.39528095680697,-33056.14565715423,57510.37812785178,66333.64423967288,119.88967540402221,0.9990716702114089
14,150,1,150.1,2.4017771198288433,1954.3754719865346,-1278.711683063745,2335.5271468998826,-33.195980884183065,0.972416269443985
14,150,2,150.2,2.4017771198288433,-2099.4421108396527,-1106.4313701473588,2373.1513971116588,-152.21022741076737,0.9880814408294369
14,150,3,150.3,2.4017771198288433,114.03671534846794,2355.766371303829,2358.5248713154324,87.22861901433551,0.9819915644310522
14,150r,1,150r.1,2.4017771198288433,2015.4354004110353,-1318.682797092538,2408.506627057063,-33.196393617993984,1.0028018866416293
14,150r,2,150r.2,2.4017771198288433,-2165.0534562862126,-1140.9961176443603,2447.3104848090647,-152.21050131346752,1.0189581974964714
14,150r,3,150r.3,2.4017771198288433,117.6149327110296,2429.380025362753,2432.2254377479385,87.22827158372105,1.0126774119329045
14,40,1,40.1,2.4017771198288433,1851.8850384334323,-1355.0514008528314,2294.698780782963,-36.193480705195554,0.9554170375919347
14,40,2,40.2,2.4017771198288433,-2182.577469713651,-1049.2738247432726,2421.6977455068622,-154.32408556773046,1.008294119180983
14,40,3,40.3,2.4017771198288433,187.76037697816116,2353.5730136901384,2361.0505902952314,85.43878960472324,0.9830431686614975
14,401,1,401.1,2.4017771198288433,1851.8850384334323,-1355.0514008528314,2294.698780782963,-36.193480705195554,0.9554170375919347
14,401,2,401.2,2.4017771198288433,-2182.577469713651,-1049.2738247432726,2421.6977455068622,-154.32408556773046,1.008294119180983
14,401,3,401.3,2.4017771198288433,187.76037697816116,2353.5730136901384,2361.0505902952314,85.43878960472324,0.9830431686614975
14,101,1,101.1,2.4017771198288433,1804.0814449725017,-1368.4329366172658,2264.3583113352497,-37.18106628693415,0.9427845292724804
14,101,2,101.2,2.4017771198288433,-2179.9520220529207,-1002.5244371116098,2399.426195043008,-155.30306899903954,0.9990211727947501
14,101,3,101.3,2.4017771198288433,213.62878616547135,2341.8278105549007,2351.5515628127087,84.78772782764428,0.9790881690888479
14,1011,1,1011.1,2.4017771198288433,1804.0814449725017,-1368.4329366172658,2264.3583113352497,-37.18106628693415,0.9427845292724804
14,1011,2,1011.2,2.4017771198288433,-2179.9520220529207,-1002.5244371116098,2399.426195043008,-155.30306899903954,0.9990211727947501
14,1011,3,1011.3,2.4017771198288433,213.62878616547135,2341.8278105549007,2351.5515628127087,84.78772782764428,0.9790881690888479
14,30,1,30.1,2.4017771198288433,1872.4916116991983,-1353.5997200249974,2310.5101250450325,-35.862674667175405,0.9620002230721914
14,30,2,30.2,2.4017771198288433,-2189.0549553649007,-1075.8377090523022,2439.1368091655977,-153.82762883045714,1.015555019251502
14,30,3,30.3,2.4017771198288433,172.78759461491967,2358.024541835557,2364.346694702703,85.80906072664955,0.9844155293107266
14,301,1,301.1,2.4017771198288433,1876.741700666042,-1351.5375934427798,2312.750154579601,-35.75958836564064,0.962932878111693
14,301,2,301.2,2.4017771198288433,-2189.218399838243,-1080.3098837039129,2441.2592338829318,-153.73512137931309,1.0164387085413247
14,301,3,301.3,2.4017771198288433,168.89194249178988,2360.501607414541,2366.5359339856395,85.90750828240407,0.985327037403989
14,93,1,93.1,2.4017771198288433,1801.225115445111,-1368.6411204592234,2262.209193050486,-37.228986883010464,0.9418897258925079
14,93,2,93.2,2.4017771198288433,-2185.085385004453,-984.8304583270744,2396.766399006957,-155.73863847890252,0.997913744460084
14,93,3,93.3,2.4017771198288433,217.20321688421075,2356.843731068337,2366.8311325696577,84.73457921042097,0.9854499458044317
14,931,1,931.1,2.4017771198288433,1805.6146036218752,-1366.638809833301,2264.496794732808,-37.12145589067907,0.9428421879937727
14,931,2,931.2,2.4017771198288433,-2185.4031212042996,-989.3734347169918,2398.9261338134593,-155.64283556383498,0.9988129681177131
14,931,3,931.3,2.4017771198288433,213.35874102788614,2359.390755270279,2369.0180852893172,84.83282039773545,0.9863605018679417
14,77,1,77.1,2.4017771198288433,1803.169042261523,-1374.5576772447785,2267.3392783266686,-37.31831211533808,0.9440256798217167
14,77,2,77.2,2.4017771198288433,-2188.1527940438928,-995.606552906958,2404.0060437264647,-155.5345292838531,1.0009280311146358
14,77,3,77.3,2.4017771198288433,218.93817056574844,2348.8451955981595,2359.0268492357677,84.67479079236381,0.9822005671383355
14,771,1,771.1,2.4017771198288433,1807.5517454661822,-1372.5667547905855,2269.6217325568155,-37.211266664416726,0.9449759987381987
14,771,2,771.2,2.4017771198288433,-2188.45348411185,-1000.1369751487596,2406.1593091857,-155.4393018862271,1.0018245612053998
14,771,3,771.3,2.4017771198288433,215.08364256360417,2351.4046077085923,2361.2209982235095,84.77368238448364,0.983114119428274
14,149,1,149.1,2.4017771198288433,2015.4350875505256,-1318.6824115828756,2408.506154185167,-33.196390018739095,1.002801689757459
14,149,2,149.2,2.4017771198288433,-2165.0531521717526,-1140.996011922758,2447.3101664792066,-152.2105001836813,1.0189580649571714
14,149,3,149.3,2.4017771198288433,117.61482678478632,2429.3796284675645,2432.2250361948045,87.22827362398041,1.0126772447428973
14,1,1,1.1,2.4017771198288433,1983.023115212006,-1325.7643552674529,2385.3787542364953,-33.76499206361514,0.9931724032771548
14,1,2,1.2,2.4017771198288433,-2169.579298573939,-1128.594492814526,2445.5673906093575,-152.51697836589307,1.0182324456415985
14,1,3,1.3,2.4017771198288433,131.30479278446884,2413.341224742312,2416.9105932261737,86.88572834670849,1.0063009482738385
14,2,1,2.1,2.4017771198288433,-2169.158790578011,-1128.166221035973,2444.996703684577,-152.52133430025947,1.017994835365412
14,3,1,3.1,2.4017771198288433,132.40284006458583,2409.206517235724,2412.8420078298236,86.85435835699282,1.004606958701384
14,7,1,7.1,2.4017771198288433,1959.241370601554,-1330.326378160742,2368.205020834753,-34.17653440573159,0.9860219756792077
14,7,2,7.2,2.4017771198288433,-2173.4242781553976,-1118.7933583837607,2444.4777911936376,-152.7623712677992,1.0177787818079629
14,7,3,7.3,2.4017771198288433,140.09252982445534,2403.6845403991697,2407.7635445920732,86.66443721647673,1.0024924980398084
14,4,1,4.1,2.4017771198288433,132.76015559570052,2407.8616038074892,2411.518766670533,86.84412815835498,1.0040560161728844
14,5,1,5.1,2.4017771198288433,133.24959477326595,2406.016819115676,2409.7037968129516,86.8300935569668,1.0033003382864574
14,6,1,6.1,2.4017771198288433,133.68129000463014,2404.3902942268905,2408.1036884382233,86.81769800599366,1.0026341197762059
14,8,1,8.1,2.4017771198288433,1943.82353730278,-1333.326045587095,2357.1610653523894,-34.44737842699698,0.9814237324070963
14,8,2,8.2,2.4017771198288433,-2175.7945152739344,-1112.2211190345697,2443.587033506817,-152.92482210327958,1.0174079073919038
14,8,3,8.3,2.4017771198288433,146.1051618771611,2397.264864755557,2401.7130449157808,86.5123306226214,0.9999733218738185
14,12,1,12.1,2.4017771198288433,-2175.249451440218,-1111.6738704245759,2442.852629647504,-152.93043205401037,1.0171021322001716
14,9,1,9.1,2.4017771198288433,1940.1293579700514,-1332.2339080719537,2353.497208724488,-34.47632414806071,0.9798982550438335
14,13,1,13.1,2.4017771198288433,1923.775786451404,-1337.8134668093528,2343.2153440333173,-34.8151485541556,0.9756173146492048
14,13,2,13.2,2.4017771198288433,-2178.206277784373,-1102.6630744713539,2441.402966407199,-153.15031430217107,1.0164985527804427
14,13,3,13.3,2.4017771198288433,156.15450553822168,2387.5305417425643,2392.6316718946587,86.25794557870147,0.9961922162307731
14,9r,1,9r.1,2.4017771198288433,1940.1222678305996,-1332.2376900196057,2353.493504737356,-34.47649775636698,0.9798967128577992
14,14,1,14.1,2.4017771198288433,1936.0526471699343,-1331.0340759952983,2349.4577170220296,-34.50848040609129,0.9782163788742637
14,34,1,34.1,2.4017771198288433,156.79103978812068,2385.0259451423485,2390.174091810049,86.2388010962851,0.9951689821994719
14,18,1,18.1,2.4017771198288433,1874.9556896914437,-1350.5451990540605,2310.720920620725,-35.76550000183375,0.9620879895739005
14,18,2,18.2,2.4017771198288433,-2185.528367418765,-1069.016046218641,2432.9672319752003,-153.93517502671577,1.0129862641661687
14,18,3,18.3,2.4017771198288433,173.94099614702898,2361.2264614069218,2367.6245209468657,85.78688607661799,0.9857802796937247
14,11,1,11.1,2.4017771198288433,1934.4792417424794,-1330.5687759556401,2347.8976136707174,-34.52087595706444,0.9775668167902418
14,10,1,10.1,2.4017771198288433,1935.2321423539015,-1330.7912859341718,2348.644053814455,-34.51493953472042,0.977877603389704
14,15,1,15.1,2.4017771198288433,157.0505367748199,2384.0036785981024,2389.1710718721138,86.23098321951282,0.9947513664558401
14,16,1,16.1,2.4017771198288433,157.69917486629322,2381.4474171312113,2386.6631162177932,86.21141133659766,0.993707158134587
14,17,1,17.1,2.4017771198288433,157.35330156124058,2382.8115194313755,2388.001423501896,86.22185439183744,0.9942643735702134
14,19,1,19.1,2.4017771198288433,1871.6490202712246,-1349.4846284865246,2307.4182147161027,-35.79212101489379,0.9607128803360968
14,20,1,20.1,2.4017771198288433,1869.5537041999448,-1348.8126519190046,2305.325708628721,-35.80903063909398,0.9598416479181899
14,21,1,21.1,2.4017771198288433,1874.9556786393537,-1350.5451783300548,2310.7208995403403,-35.76549974504571,0.9620879807969059
14,21,2,21.2,2.4017771198288433,-2185.528399192852,-1069.016044678487,2432.967259841058,-153.93517538807876,1.0129862757683517
14,21,3,21.3,2.4017771198288433,173.940992550862,2361.2264539460484,2367.6245132419563,85.78688615014451,0.9857802764857212
14,22,1,22.1,2.4017771198288433,-2185.6752934449237,-1069.0670393747544,2433.121621097691,-153.93561656775935,1.013050545369123
14,23,1,23.1,2.4017771198288433,1873.5779137204645,-1351.3900083161254,2310.0972172957972,-35.80247429897371,0.9618283054759138
14,23,2,23.2,2.4017771198288433,-2186.6542197998133,-1070.7417931841485,2434.7370832678293,-153.91033519036188,1.0137231565605616
14,23,3,23.3,2.4017771198288433,173.42301027118813,2360.214750205815,2366.5775304393937,85.79759334890956,0.9853443564355555
14,24,1,24.1,2.4017771198288433,173.51490900886262,2360.1135480373246,2366.483336784285,85.7951947836653,0.9853051381191134
14,25,1,25.1,2.4017771198288433,1872.0445757928376,-1352.3126898092098,2309.3939691560654,-35.84329453236806,0.9615355022287159
14,25,2,25.2,2.4017771198288433,-2187.9061714840022,-1072.6338287035762,2436.693814515291,-153.88332565432424,1.014537857987812
14,25,3,25.3,2.4017771198288433,172.8152390009265,2359.12045743508,2365.4417007230695,85.81033285688002,0.984871444229445
14,25r,1,25r.1,2.4017771198288433,1895.4400868776959,-1369.2191331353781,2338.2587875354866,-35.84341728416371,0.9735536108788133
14,25r,2,25r.2,2.4017771198288433,170.65985903512697,2329.628485985806,2335.871073112214,85.81020986190967,0.9725594660001899
14,26,1,26.1,2.4017771198288433,1894.2903749998181,-1369.758125418555,2337.6426901832338,-35.87062731544803,0.9732970935911905
14,26,2,26.2,2.4017771198288433,171.02341966095415,2328.31630974722,2334.5890105771164,85.79895834615401,0.9720256685364231
14,28,1,28.1,2.4017771198288433,1871.5090029241815,-1352.64629766632,2309.155246971642,-35.857786123148564,0.961436108249794
14,28,2,28.2,2.4017771198288433,-2188.6734743144575,-1073.7238973488686,2437.8627083791575,-153.8682604572434,1.0150245367284063
14,28,3,28.3,2.4017771198288433,172.24294464948863,2359.105088660177,2365.3846307363774,85.82413107485817,0.9848476826629694
14,27,1,27.1,2.4017771198288433,1893.1281474819118,-1369.8337608612774,2336.7453252726636,-35.88882827140394,0.9729234682022394
14,27,2,27.2,2.4017771198288433,170.612873706417,2328.280539971733,2334.5232972676513,85.80894291699103,0.9719983082501907
14,31,1,31.1,2.4017771198288433,171.4096780617596,2326.742625709046,2333.0479043570153,85.78666682666842,0.9713840160669339
14,33,1,33.1,2.4017771198288433,1889.870975728742,-1368.782596056261,2333.4905399783443,-35.914800996607866,0.9715683111114968
14,29,1,29.1,2.4017771198288433,1871.3311657215784,-1353.1171058101127,2309.286953550125,-35.86983808308391,0.9614909453857611
14,29,2,29.2,2.4017771198288433,-2189.0971214381934,-1074.7269603336201,2438.6849420039744,-153.8514866729608,1.0153668805778953
14,29,3,29.3,2.4017771198288433,172.2088604115976,2358.5585642355413,2364.8370752618625,85.82399047494381,0.9846197033596468
14,250,1,250.1,2.4017771198288433,1872.491614635389,-1353.5997270172961,2310.5101315209904,-35.862674765042065,0.9620002257685106
14,250,2,250.2,2.4017771198288433,-2189.05496370416,-1075.8377090942345,2439.136816668338,-153.82762891597528,1.0155550223753305
14,250,3,250.3,2.4017771198288433,172.7875983976242,2358.024549398866,2364.3467025222303,85.80906064862192,0.9844155325664521
14,32,1,32.1,2.4017771198288433,171.66715464036682,2325.693236123207,2332.0202916208846,85.7784636836587,0.9709561609060003
14,35,1,35.1,2.4017771198288433,1855.240384520212,-1354.7865852956027,2297.2513088583983,-36.138732880218114,0.9564798040136656
14,35,2,35.2,2.4017771198288433,-2183.1004453231476,-1051.789768719646,2423.260050418331,-154.27582980020316,1.0089445979029972
14,35,3,35.3,2.4017771198288433,185.6575486958817,2355.6969670633493,2363.0016771088476,85.49371093578993,0.9838555199814881
14,42,1,42.1,2.4017771198288433,1848.529679160354,-1355.3161942759434,2292.148328796221,-36.2483501627131,0.9543551355671026
14,42,2,42.2,2.4017771198288433,-2182.054469104433,-1046.757882798654,2420.137138953028,-154.3724033040549,1.0076443475843808
14,42,3,42.3,2.4017771198288433,189.86319275765194,2351.4490387969045,2359.1016540248993,85.38377773983426,0.9822317127381973
14,44,1,44.1,2.4017771198288433,1845.7821005451667,-1355.553164346424,2290.073349057303,-36.29377784069509,0.9534912003910252
14,44,2,44.2,2.4017771198288433,-2181.64094019278,-1044.693350004799,2418.8719245692787,-154.41225839560795,1.0071175649893997
14,44,3,44.3,2.4017771198288433,191.59878674849895,2349.7213253437153,2357.519968496242,85.33835435872516,0.9815731647340553
14,151,1,151.1,2.4017771198288433,1844.9225966359572,-1356.3877067407766,2289.8748871009234,-36.323338008920835,0.9534085690949149
14,151,2,151.2,2.4017771198288433,-2184.0921136201787,-1043.5942230951428,2420.6088620955293,-154.46078126150374,1.007840753461765
14,151,3,151.3,2.4017771198288433,191.5836287493086,2352.9491224733474,2360.7358725094277,85.34508779630403,0.9829121332780703
14,52,1,52.1,2.4017771198288433,1623.7425941895315,-1243.3594378256792,2045.1119049615693,-37.44260932377762,0.8514994534993776
14,52,2,52.2,2.4017771198288433,-2343.7110731514435,-1064.3071020399523,2574.049572534564,-155.5766355830291,1.071727077122792
14,52,3,52.3,2.4017771198288433,191.76140218461703,2130.89231812661,2139.5033318082983,84.85773971750629,0.8908001138593429
14,53,1,53.1,2.4017771198288433,1624.5122580947798,-1243.330146352016,2045.7052401379642,-37.42885226117689,0.8517464935646262
14,53,2,53.2,2.4017771198288433,-2343.368760238497,-1064.259581433135,2573.7182447062737,-155.57444791222906,1.0715891260091959
14,53,3,53.3,2.4017771198288433,192.0334332337535,2130.908618549225,2139.543965448457,84.85052332385432,0.890817032015413
14,54,1,54.1,2.4017771198288433,1625.4744974539024,-1243.2934242757722,2046.447136067871,-37.411662043805755,0.8520553881426375
14,54,2,54.2,2.4017771198288433,-2342.9408250195006,-1064.200118021423,2573.304024156467,-155.57171339577596,1.071416661817416
14,54,3,54.3,2.4017771198288433,192.37353232179692,2130.9290512450234,2139.594867580772,84.84150174747124,0.8908382255441109
14,55,1,55.1,2.4017771198288433,1625.0755382216257,-1243.0747664321466,2045.9974046578461,-37.41358604051983,0.8518681387070791
14,55,2,55.2,2.4017771198288433,-2342.9071371957084,-1063.7371251731222,2573.0819118314457,-155.58078988534544,1.071324183492434
14,55,3,55.3,2.4017771198288433,192.2879956893606,2131.1186517190217,2139.7760118738906,84.84423931031577,0.8909136464862221
14,57,1,57.1,2.4017771198288433,1628.6532587056008,-1243.4229371856954,2049.051497110767,-37.36053765187603,0.8531397356540674
14,57,2,57.2,2.4017771198288433,-2342.0830247963772,-1064.7758067329737,2572.761243031153,-155.55214017090267,1.071190670354331
14,57,3,57.3,2.4017771198288433,193.53805066179197,2130.7321405932134,2139.503781723908,84.80996820064563,0.8908003011854716
14,56,1,56.1,2.4017771198288433,1625.1627557184308,-1242.8370689927324,2045.9222767829597,-37.40681484724186,0.8518368585877599
14,56,2,56.2,2.4017771198288433,-2342.6572366502664,-1063.243877303094,2572.6504758813194,-155.58849152696027,1.0711445515246865
14,56,3,56.3,2.4017771198288433,192.37428845145598,2131.318733425351,2139.983039724158,84.84241965785955,0.8909998442639252
14,58,1,58.1,2.4017771198288433,-2340.840690828895,-1063.6361463244245,2571.1586865862964,-155.56380180437202,1.0705234325695983
14,60,1,60.1,2.4017771198288433,1635.0038739148067,-1244.7070875980085,2054.8803862106283,-37.281544321068665,0.8555666424022993
14,60,2,60.2,2.4017771198288433,-2341.6095977327313,-1068.8253652189908,2574.0091626739704,-155.46572035869394,1.0717102521392163
14,60,3,60.3,2.4017771198288433,195.55016966722349,2128.9919433625328,2137.953826386214,84.75204710600808,0.8901549643118302
14,59,1,59.1,2.4017771198288433,-2340.238752159821,-1063.0844032790112,2570.382435670935,-155.5694482651431,1.0702002340059378
14,61,1,61.1,2.4017771198288433,1635.0038965884382,-1244.7071367815315,2054.8804340433667,-37.281545029281226,0.8555666623178602
14,61,2,61.2,2.4017771198288433,-2341.6096618277606,-1068.8253606521505,2574.009219085728,-155.46572104359598,1.0717102756267236
14,61,3,61.3,2.4017771198288433,195.55019428527697,2128.99199217121,2137.9538772420105,84.75204656866704,0.8901549854860665
14,62,1,62.1,2.4017771198288433,1634.058609218602,-1243.7158848303923,2053.5278767381947,-37.27551511377009,0.8550035137667288
14,62,2,62.2,2.4017771198288433,-2338.4667437902613,-1068.3221441957626,2570.9412509024896,-155.44683874134967,1.0704329014033165
14,62,3,62.3,2.4017771198288433,195.28630255556823,2124.3480641986466,2133.305284723769,84.74769625250153,0.8882195050953745
14,63,1,63.1,2.4017771198288433,1633.4430631243433,-1242.7290635909649,2052.4404415141294,-37.26400143778652,0.8545507510123967
14,63,2,63.2,2.4017771198288433,-2336.2410331210594,-1067.646207524064,2568.6359394198066,-155.43992278982148,1.0694730656784899
14,63,3,63.3,2.4017771198288433,195.20384073442173,2122.027095488608,2130.9865164813427,84.74419154242165,0.8872540665360332
14,64,1,64.1,2.4017771198288433,1633.7502102359545,-1241.9709899308373,2052.2260326961573,-37.24196537126318,0.8544614801070318
14,64,2,64.2,2.4017771198288433,-2331.242065578808,-1066.7002879674603,2563.696369048802,-155.41271371980457,1.0674164342241288
14,64,3,64.3,2.4017771198288433,195.50742413723532,2116.977447670333,2125.9860457767763,84.72357819230068,0.8851720787182282
14,65,1,65.1,2.4017771198288433,1632.6274404471308,-1241.8082179523244,2051.2337773824993,-37.25732536596078,0.8540483463047875
14,65,2,65.2,2.4017771198288433,-2329.5766890939867,-1067.4988878470326,2562.5146684311394,-155.380983378114,1.0669244232844348
14,65,3,65.3,2.4017771198288433,194.37926146661,2110.0866835258867,2119.0207901956933,84.73681914389685,0.8822720362773295
14,66,1,66.1,2.4017771198288433,1632.4838184412197,-1242.9061617680081,2051.784380590053,-37.28415636693042,0.8542775945572619
14,66,2,66.2,2.4017771198288433,-2329.640694731145,-1068.7103495320744,2563.0777549158315,-155.3569598129476,1.0671588690537959
14,66,3,66.3,2.4017771198288433,194.08758079081488,2106.6050589200704,2115.5270887617735,84.73603586449552,0.8808174044528042
14,67,1,67.1,2.4017771198288433,1802.2535722618113,-1369.7119654004423,2263.675950062553,-37.234818877563306,0.9425004224471372
14,67,2,67.2,2.4017771198288433,-2182.5227742989136,-1000.0113941017913,2400.714153885638,-155.38319443395886,0.9995574252354935
14,67,3,67.3,2.4017771198288433,214.2023282535886,2344.1867902481636,2353.9529190285953,84.77904160228817,0.9800879938419698
14,68,1,68.1,2.4017771198288433,1798.3257621938892,-1368.3358699139737,2259.716486611421,-37.267300430453616,0.9408518667096195
14,97,1,97.1,2.4017771198288433,1807.506833585728,-1367.6645769801537,2266.624659837929,-37.1132640512121,0.9437281424345713
14,97,2,97.2,2.4017771198288433,-2181.3852548347477,-1005.7033115896029,2402.057613995291,-155.24846342568054,1.0001167860931524
14,97,3,97.3,2.4017771198288433,211.5671774316021,2343.929060740203,2353.457905370059,84.84235818650704,0.979881890763358
14,69,1,69.1,2.4017771198288433,1793.828068270659,-1366.7592342065905,2255.1829067294366,-37.30461693058441,0.9389642727923674
14,70,1,70.1,2.4017771198288433,1790.6418546045795,-1365.6414175179516,2251.97129926253,-37.33112480572346,0.9376270931513458
14,71,1,71.1,2.4017771198288433,1788.8450888124942,-1365.0108566271088,2250.1603032847356,-37.34610234978629,0.9368730698230183
14,72,1,72.1,2.4017771198288433,1802.2535004060533,-1369.7120037955697,2263.675916085946,-37.234820751774514,0.9425004083006925
14,72,2,72.2,2.4017771198288433,-2182.522751761518,-1000.0113127039036,2400.714099490494,-155.3831959759994,0.9995574025876202
14,72,3,72.3,2.4017771198288433,214.2023978850274,2344.186730414245,2353.952865779161,84.77903978194853,0.9800879716711223
14,73,1,73.1,2.4017771198288433,215.08702400545616,2340.4284519637654,2350.290996165588,84.74922656272969,0.9785633216179008
14,76,1,76.1,2.4017771198288433,1801.9928972037942,-1371.2003822625009,2264.369424340859,-37.26879478249793,0.9427891562653506
14,76,2,76.2,2.4017771198288433,-2184.017632890937,-997.0248570746503,2400.831436482632,-155.46285054196764,0.9996062568260794
14,76,3,76.3,2.4017771198288433,215.83445127494943,2346.5169910318527,2356.422394130207,84.74467732957193,0.981116180463128
14,74,1,74.1,2.4017771198288433,215.66040180967042,2338.084269774397,2348.0092549807346,84.73005891295327,0.9776132995837931
14,75,1,75.1,2.4017771198288433,215.73504324138452,2337.96550295243,2347.8978474111627,84.72797893584355,0.9775669141100319
14,86,1,86.1,2.4017771198288433,1802.4331788242691,-1370.4568824202188,2264.269734528001,-37.24707623399841,0.9427476495776422
14,86,2,86.2,2.4017771198288433,-2184.5440357494667,-990.9703036837326,2398.8027819959684,-155.59962630254049,0.9987616095563909
14,86,3,86.3,2.4017771198288433,216.12176208971897,2351.9884360791657,2361.897165309888,84.74989407178762,0.9833956472523157
14,78,1,78.1,2.4017771198288433,1803.1833415007934,-1375.5574654243871,2267.956900770103,-37.33818014582642,0.9442828320938136
14,78,2,78.2,2.4017771198288433,-2189.268241793031,-995.4452531920865,2404.954612175915,-155.54903274286093,1.00132297552543
14,78,3,78.3,2.4017771198288433,219.72549026561884,2349.082104277327,2359.3359285418555,84.65628743874692,0.9823292548935547
14,79,1,79.1,2.4017771198288433,1802.3017543676694,-1375.5928963252538,2267.2775370953773,-37.352404256592294,0.9439999733434671
14,79,2,79.2,2.4017771198288433,-2189.579841337441,-995.4646345582361,2405.24629097468,-155.55168480992953,1.001444418433832
14,79,3,79.3,2.4017771198288433,219.33354698282648,2349.0268266235958,2359.2444207901367,84.66563964394498,0.9822911548754626
14,80,1,80.1,2.4017771198288433,1805.1123650924208,-1380.2315966189099,2272.3269815136064,-37.40238332121113,0.9461023517767286
14,80,2,80.2,2.4017771198288433,-2193.9087166645827,-994.6381621172205,2408.8463069687027,-155.6121945479582,1.0029433152150118
14,80,3,80.3,2.4017771198288433,224.2926537505485,2350.324050301461,2361.001977117327,84.54874196282728,0.9830229281581206
14,81,1,81.1,2.4017771198288433,1805.711477326009,-1382.1960553361025,2273.99645442414,-37.43253392558907,0.9467974507918498
14,81,2,81.2,2.4017771198288433,-2195.9507120546646,-995.0104405527366,2410.85986871538,-155.62417486074793,1.0037816784961229
14,81,3,81.3,2.4017771198288433,225.85952182512557,2350.514419376768,2361.3408392896563,84.51133409346589,0.9831640162588989
14,82,1,82.1,2.4017771198288433,1806.091747289676,-1384.4314358825418,2275.6576632454344,-37.47140598657942,0.9474891089842689
14,82,2,82.2,2.4017771198288433,-2199.24917463812,-995.0289771764144,2413.8723242059,-155.656086970228,1.0050359395454307
14,82,3,82.3,2.4017771198288433,227.21239896472142,2352.146269592275,2363.094908758461,84.48246696111356,0.9838943377588929
14,84,1,84.1,2.4017771198288433,227.41859218067583,2343.4564233001697,2354.4653796512416,84.45713989111037,0.9803013611100712
14,83,1,83.1,2.4017771198288433,1807.5557968257692,-1386.6262420248959,2278.1550196838066,-37.492814897887826,0.9485289042332761
14,83,2,83.2,2.4017771198288433,-2202.164533962524,-995.0247459911748,2416.5270285633433,-155.68467178754887,1.0061412479171052
14,83,3,83.3,2.4017771198288433,229.04724087579572,2353.8447283058144,2364.962503619431,84.44217676594027,0.9846719265058052
14,85,1,85.1,2.4017771198288433,228.14975934532512,2340.143516781853,2351.238820669961,84.43160813279339,0.9789579562809376
14,87,1,87.1,2.4017771198288433,1801.556026576835,-1370.2184783069763,2263.4272233030156,-37.25571129918565,0.9423968629796561
14,87,2,87.2,2.4017771198288433,-2184.7331723973975,-987.2893517207477,2397.456839777261,-155.68160575213022,0.9982012152518589
14,87,3,87.3,2.4017771198288433,216.7019005521836,2354.0198946324326,2363.97321855139,84.74039752424886,0.9842600293901761
14,88,1,88.1,2.4017771198288433,1800.5783550294102,-1371.0338961961597,2263.143026218016,-37.2871265774382,0.9422785351453816
14,89,1,89.1,2.4017771198288433,1801.4351164409916,-1369.368195391878,2262.816327786588,-37.240428319049435,0.942142511519904
14,89,2,89.2,2.4017771198288433,-2185.1740169398195,-985.707464855002,2397.207686158999,-155.72039884702198,0.9980974780581764
14,89,3,89.3,2.4017771198288433,217.08857359790932,2355.3514405167402,2365.3346184273923,84.73402722782649,0.9848268596196603
14,90,1,90.1,2.4017771198288433,-2185.6527380405964,-983.9081302142844,2396.904900075538,-155.7643113011667,0.9979714105388545
14,91,1,91.1,2.4017771198288433,1801.5608630536021,-1368.9625110992604,2262.670965934206,-37.230323158717745,0.9420819888963925
14,91,2,91.2,2.4017771198288433,-2184.929446670384,-985.243765679742,2396.794101448464,-155.72809918271378,0.9979252786033975
14,91,3,91.3,2.4017771198288433,217.65711382645048,2356.13002753346,2366.1621512153565,84.7220486653807,0.9851714098200649
14,92,1,92.1,2.4017771198288433,219.81222657649553,2355.47184661719,2365.706033123877,84.6686082597892,0.9849815012362444
14,94,1,94.1,2.4017771198288433,1799.418163726938,-1368.0105924428417,2260.38906141979,-37.243971660771216,0.9411318988586547
14,95,1,95.1,2.4017771198288433,1801.4186020185748,-1368.2236521547322,2262.1107271780907,-37.2176028036412,0.9418487288026519
14,95,2,95.2,2.4017771198288433,-2184.5092741785857,-983.6774153313601,2395.767523447389,-155.75811718413124,0.9974978542630623
14,95,3,95.3,2.4017771198288433,217.40403743313587,2357.3038680526934,2367.3077623808063,84.73076128228996,0.9856483946143623
14,96,1,96.1,2.4017771198288433,-2183.990744311433,-983.2061473113198,2395.101229457489,-155.76330369704502,0.9972204371853496
14,98,1,98.1,2.4017771198288433,1806.7642090434113,-1367.6685067688472,2266.034874287594,-37.12467316836299,0.9434825802858332
14,98,2,98.2,2.4017771198288433,-2180.966293498423,-1005.0413118792886,2401.4000108187497,-155.2586220250934,0.9998429875082995
14,98,3,98.3,2.4017771198288433,211.89614429331027,2343.476582595249,2353.036860981714,84.83338991739555,0.9797065854093062
14,99,1,99.1,2.4017771198288433,1807.631293341499,-1367.5915181376831,2266.679830313402,-37.10989309587338,0.943751113123657
14,99,2,99.2,2.4017771198288433,-2179.2897693784503,-1003.6623773966265,2399.3003285789437,-155.27177268051523,0.9989687672392865
14,99,3,99.3,2.4017771198288433,213.46729592276864,2342.652024027382,2352.357709216047,84.7934686853893,0.9794238148890694
14,100,1,100.1,2.4017771198288433,1807.9146317478946,-1367.967907777219,2267.1328837094015,-37.11315858982557,0.9439397456958717
14,100,2,100.2,2.4017771198288433,-2178.9369129555425,-1004.0807194639052,2399.1548849208093,-155.25917305531797,0.9989082105552655
14,100,3,100.3,2.4017771198288433,214.12594617301372,2341.654578415105,2351.424267425364,84.77528044766784,0.9790351685892206
14,450,1,450.1,2.4017771198288433,1807.9146858977645,-1367.9680173936706,2267.132993032562,-37.11315997322342,0.9439397912134843
14,450,2,450.2,2.4017771198288433,-2178.937052312379,-1004.080723848015,2399.1550133209216,-155.2591743530741,0.9989082640157266
14,450,3,450.3,2.4017771198288433,214.12601729889278,2341.6546785881087,2351.424373659052,84.77527894405571,0.9790352128205053
14,197,1,197.1,2.4017771198288433,1807.5069671226747,-1367.6646825156768,2266.6248300055563,-37.113264141795625,0.9437282132852868
14,197,2,197.2,2.4017771198288433,-2181.385388073324,-1005.7033901492083,2402.057767885156,-155.24846305458803,1.0001168501664854
14,197,3,197.3,2.4017771198288433,211.56715934349558,2343.929192358947,2353.4580348298423,84.84235891314074,0.9798819446650219
14,105,1,105.1,2.4017771198288433,1800.3133584454056,-1369.2779914207015,2261.868786288472,-37.25580516258436,0.9417479946888905
14,105,2,105.2,2.4017771198288433,-2178.3752879809317,-999.0275878094313,2396.533958968731,-155.36327369493074,0.9978169661052955
14,105,3,105.3,2.4017771198288433,215.896559639182,2339.5162679641985,2349.4568930995874,84.72753163003978,0.978216035827261
14,108,1,108.1,2.4017771198288433,1795.7672911399227,-1370.3299097820661,2258.890042824427,-37.34684723486374,0.9405077699238809
14,108,2,108.2,2.4017771198288433,-2176.5001558730737,-994.7937590943927,2393.0665581317767,-155.43669898570542,0.9963732847543791
14,108,3,108.3,2.4017771198288433,218.6517726714519,2336.742330195139,2346.949789709651,84.65433062979619,0.9771721823534154
14,300,1,300.1,2.4017771198288433,1844.9224038664058,-1356.3875183885466,2289.8746202201633,-36.3233370689291,0.9534084579768773
14,300,2,300.2,2.4017771198288433,-2184.091883011434,-1043.5941317291386,2420.608614628959,-154.4607808595067,1.007840650426988
14,300,3,300.3,2.4017771198288433,191.5836086510556,2352.948898280896,2360.7356474254043,85.34508784090804,0.9829120395624538
14,135,1,135.1,2.4017771198288433,1874.955442085132,-1350.5449368413645,2310.720566453784,-35.76549831460775,0.9620878421135313
14,135,2,135.2,2.4017771198288433,-2185.528050670979,-1069.0159420193625,2432.96690165757,-153.93517395347908,1.0129861266356595
14,135,3,135.3,2.4017771198288433,173.9409428990568,2361.226154232874,2367.6242106909576,85.78688681560618,0.9857801505160814
14,152,1,152.1,2.4017771198288433,1623.7426080820417,-1243.3594636741739,2045.111931706722,-37.44260966211409,0.8514994646349457
14,152,2,152.2,2.4017771198288433,-2343.7111080559985,-1064.3070988845814,2574.0496030110203,-155.5766359682256,1.0717270898119196
14,152,3,152.3,2.4017771198288433,191.7614162102584,2130.89234287698,2139.5033577161566,84.85773940281939,0.8908001246462965
14,160r,1,160r.1,2.4017771198288433,1798.5300951559348,-1369.1679668178992,2260.383026069227,-37.28094942171217,0.9411293859899489
14,160r,2,160r.2,2.4017771198288433,-2180.6245272661877,-995.3664390861292,2397.056043769917,-155.46523004903048,0.9980343404806592
14,160r,3,160r.3,2.4017771198288433,215.0855885224115,2341.90577466676,2351.7619921683295,84.75255518841995,0.979175783111766
14,160,1,160.1,2.4017771198288433,1635.003905253737,-1244.7071688685367,2054.8804603742037,-37.28154559479345,0.8555666732809245
14,160,2,160.2,2.4017771198288433,-2341.609682676495,-1068.825363404515,2574.009239194978,-155.4657211805648,1.071710283999378
14,160,3,160.3,2.4017771198288433,195.5502155161048,2128.992005327064,2137.9538922846177,84.75204603432768,0.8901549917491819
14,61s,1,61s.1,2.4017771198288433,1635.003896588445,-1244.7071367815215,2054.8804340433658,-37.28154502928089,0.8555666623178597
14,61s,2,61s.2,2.4017771198288433,-2341.6096618277543,-1068.8253606521637,2574.0092190857276,-155.46572104359564,1.0717102756267234
14,61s,3,61s.3,2.4017771198288433,195.55019428526447,2128.9919921712117,2137.953877242011,84.75204656866738,0.8901549854860666
14,610,1,610.1,0.24017771198288432,208.31027923200617,-136.52234084544648,249.06128158273947,-33.24002237539212,1.0369874853353929
14,610,2,610.2,0.24017771198288432,-250.52974266485575,-116.22829188001963,276.1777829461774,-155.11199481254638,1.149889307655069
14,610,3,610.3,0.24017771198288432,42.21946728576075,252.7506313396505,256.2525415688308,80.51686634515593,1.0669288979948814
14,x1,1,x1.1,0.24017771198288432,192.7039612053084,-131.78949425492263,233.459391458526,-34.368073490168584,0.9720277103612467
14,x2,1,x2.1,0.24017771198288432,-213.61943758255953,-108.40030070912002,239.54934628780913,-153.09467289275267,0.9973837468519146
14,x4,1,x4.1,0.24017771198288432,15.425692849466888,235.62607100325823,236.13046676851886,86.25437175538751,0.9831489559087236
14,x5,1,x5.1,0.24017771198288432,15.439429664575371,235.52406382421734,236.02957574982287,86.24942665826198,0.9827288877106255
14,x6,1,x6.1,0.24017771198288432,15.446560249613462,235.44637843639717,235.9525234922485,86.24646490089168,0.9824080741890949
14,x7,1,x7.1,0.24017771198288432,190.28968585268584,-132.19870194755353,231.703822451275,-34.788613744884046,0.9647182519075159
14,x9,1,x9.1,0.24017771198288432,188.3465562147164,-132.35386610370426,230.19985037036972,-35.09627132292756,0.9584563383082538
14,x10,1,x10.1,0.24017771198288432,188.0875326983589,-132.24282932424575,229.92408717713292,-35.110743838714896,0.9573081751795433
14,x11,1,x11.1,0.24017771198288432,188.2363154369696,-132.2559723388931,230.05336917461645,-35.09210906216642,0.9578464515933546
14,x12,1,x12.1,0.24017771198288432,-214.1940064000212,-106.77079434737041,239.33047215776932,-153.50479867304898,0.9964724460978487
14,x16,1,x16.1,0.24017771198288432,17.88424949262596,232.90511817699203,233.59075421119115,85.60900534334888,0.9725746501733576
14,x17,1,x17.1,0.24017771198288432,17.84943309705603,233.0449674411148,233.727531779028,85.62013990556521,0.9731441350215045
14,x19,1,x19.1,0.24017771198288432,181.53251758423474,-133.9504951291177,225.60316949415022,-36.423135948811826,0.9393176728664452
14,x20,1,x20.1,0.24017771198288432,181.5992246483477,-133.9326186034582,225.64623798960278,-36.4094265453399,0.9394969921508908
14,x22,1,x22.1,0.24017771198288432,-215.19207368938504,-102.60977688279827,238.40384831347703,-154.5068496728613,0.9926143701896298
14,x24,1,x24.1,0.24017771198288432,19.445368392167477,230.70988839455526,231.52791398648944,85.18221573930876,0.963985842295761
14,x28,1,x28.1,0.24017771198288432,181.78618200847134,-134.3097524022054,226.02063082727378,-36.458236843782444,0.9410558080567467
14,x29,1,x29.1,0.24017771198288432,182.0271767798244,-134.40352206117555,226.27019209096534,-36.441071188185894,0.9420948772594266
14,x30,1,x30.1,0.24017771198288432,19.375809863008218,230.49650453194306,231.30944773028943,85.19494545145626,0.9630762397585548
14,x31,1,x31.1,0.24017771198288432,19.263984238688924,227.29325825558666,228.1081461438615,85.15553817968622,0.9497473527440259
14,x32,1,x32.1,0.24017771198288432,19.28989386980291,227.18554211512617,228.00300557591785,85.14676454763058,0.9493095911920667
14,x33,1,x33.1,0.24017771198288432,183.57367152617465,-135.90920368502728,228.40885386494566,-36.51448466760986,0.9509993745015884
14,x34,1,x34.1,0.24017771198288432,17.691887319955335,233.52652632380313,234.19573303927618,85.66756799118313,0.9750935301439027
14,x52,1,x52.1,0.24017771198288432,157.47737690168842,-123.32255106571529,200.01893869629544,-38.064950721364625,0.8327955872547795
14,x53,1,x53.1,0.24017771198288432,157.55250663311716,-123.32046699805356,200.07681006802474,-38.05121578738839,0.8330365395531902
14,x55,1,x55.1,0.24017771198288432,158.0070785351341,-123.3812537495624,200.47236877939548,-37.98481914562181,0.8346834813451869
14,x56,1,x56.1,0.24017771198288432,-232.56190622045202,-104.27534861110705,254.86935585287264,-155.84964562297262,1.0611698885325183
14,x58,1,x58.1,0.24017771198288432,-232.29908453969833,-104.21441735379649,254.60461398484748,-155.83795923821663,1.0600676136135032
14,x59,1,x59.1,0.24017771198288432,-230.66766907423366,-102.27367570554222,252.32415322054007,-156.08840863537782,1.0505727244105036
14,x60,1,x60.1,0.24017771198288432,158.5744270226323,-123.46570829302966,200.9717145019558,-37.904248410801,0.8367625490423423
14,x62,1,x62.1,0.24017771198288432,21.208923819326753,207.94826618285686,209.0270314051039,84.17646314739955,0.8703015349734021
14,x63,1,x63.1,0.24017771198288432,158.42459516344553,-123.27075530775129,200.7337327577134,-37.8866152486077,0.8357716921377709
14,x64,1,x64.1,0.24017771198288432,-229.9833723356273,-102.66115463834804,251.85643573779606,-155.94472657875966,1.048625343536223
14,x65,1,x65.1,0.24017771198288432,93.50405560422418,-219.0089740346708,238.13428800186873,-66.8803449035746,0.9914920332775873
14,x65,2,x65.2,0.24017771198288432,-260.5968633262992,12.483822450731926,260.895709045755,177.2573578497733,1.0862611142883527
14,x65,3,x65.3,0.24017771198288432,167.09280772207492,206.5251515839389,265.65512347631324,51.02480039838507,1.1060773344998993
14,x66,1,x66.1,0.24017771198288432,21.21537713407574,206.19450081800235,207.28305380451687,84.12550199903218,0.8630403383111934
14,x68,1,x68.1,0.24017771198288432,174.35593416168751,-135.7171807275013,220.95054858953387,-37.89688755829581,0.9199460964357898
14,x69,1,x69.1,0.24017771198288432,173.91907394281688,-135.55845137142748,220.50836269707932,-37.93406524851134,0.9181050184739594
14,x70,1,x70.1,0.24017771198288432,173.60959834200312,-135.44591765870356,220.19511631023963,-37.96047445191063,0.916800790932388
14,x71,1,x71.1,0.24017771198288432,173.43507935284208,-135.3824382705353,220.01847954706426,-37.975396231689984,0.916065348989349
14,x73,1,x73.1,0.24017771198288432,23.519149981675156,228.66573574386,229.87207120296574,84.12755873367655,0.9570916023188155
14,x74,1,x74.1,0.24017771198288432,23.41392471387621,228.86977517277188,230.06430809263355,84.15882580785129,0.9578919966938003
14,x75,1,x75.1,0.24017771198288432,23.58399357598232,228.41298948350865,229.6273035111143,84.10501173046428,0.9560724915535798
14,x76,1,x76.1,0.24017771198288432,102.27215106845007,-244.42297714679268,264.95694865670043,-67.29445306469987,1.1031704252207297
14,x76,2,x76.2,0.24017771198288432,-260.951095198662,25.200948574376255,262.1651424091874,174.48385488424606,1.0915465063130836
14,x76,3,x76.3,0.24017771198288432,158.67894413021193,219.22202857241643,270.62391823651564,54.10194469480163,1.1267653272331988
14,x77,1,x77.1,0.24017771198288432,-215.2283009829773,-95.2500237209689,235.36309940783877,-156.12804974683888,0.9799539576953392
14,x79,1,x79.1,0.24017771198288432,175.2418684537827,-136.53821928576502,222.15399565369182,-37.923637361694276,0.9249567489822831
14,x80,1,x80.1,0.24017771198288432,-215.8056374420455,-95.16689679799275,235.8576083104537,-156.2032740576291,0.9820128868879454
14,x82,1,x82.1,0.24017771198288432,175.0937396738924,-137.2983164924007,222.50538282171115,-38.101476730894234,0.926419778857613
14,x83,1,x83.1,0.24017771198288432,24.874093118198523,230.0314767078301,231.37242874819333,83.82839070046941,0.963338466496348
14,x84,1,x84.1,0.24017771198288432,24.721367558091934,228.96831422098046,230.29901200643462,83.83773104614632,0.9588692060770665
14,x85,1,x85.1,0.24017771198288432,24.79478601961653,228.62845684861406,229.96902551156137,83.81045554942655,0.9574952796950184
14,x86,1,x86.1,0.24017771198288432,-214.85434602836864,-94.78092978853952,234.83146011311607,-156.19578700718495,0.9777404330084165
14,x87,1,x87.1,0.24017771198288432,-214.86496339718386,-94.41551927127006,234.69393425254248,-156.27845190638936,0.977167832580849
14,x88,1,x88.1,0.24017771198288432,174.57237311511608,-135.98320071557856,221.28475847174073,-37.91681819187269,0.921337607244381
14,x90,1,x90.1,0.24017771198288432,-215.03076991808175,-94.17677809652827,234.74986164895972,-156.34807894639857,0.9774006909753916
14,x92,1,x92.1,0.24017771198288432,23.97111165288112,230.20375221503625,231.44844291495394,84.05521649537066,0.9636549578399163
14,x94,1,x94.1,0.24017771198288432,174.46291285449868,-135.68651361212545,221.01614859075323,-37.8735792641676,0.9202192275297527
14,x95,1,x95.1,0.24017771198288432,-214.83414121064496,-94.05604500317214,234.52131636879852,-156.35582553543838,0.9764491235785905
14,x96,1,x96.1,0.24017771198288432,-214.78084110813356,-94.00802027922293,234.45323112283205,-156.3613526716845,0.9761656449601777
14,x98,1,x98.1,0.24017771198288432,175.18002942351197,-135.66064882273255,221.56681689239318,-37.75445284398163,0.9225119810791711
14,x99,1,x99.1,0.24017771198288432,-214.35444852707528,-96.03052024289705,234.88229056586627,-155.8676811119075,0.9779520698515297
14,x100,1,x100.1,0.24017771198288432,23.267069762647374,229.22108525063288,230.3989202640017,84.20404734256586,0.9592851824669748
15,sourcebus,1,sourcebus.1,66.39528095680697,66329.75414352301,-95.12681087453858,66329.82235654152,-0.08217068064381608,0.9990141076395471
15,sourcebus,2,sourcebus.2,66.39528095680697,-33269.94447489588,-57416.53796499113,66359.23475483968,-120.09009611232926,0.9994570969284589
15,sourcebus,3,sourcebus.3,66.39528095680697,-33059.80966214854,57511.66478708693,66336.58569356539,119.89186531430228,0.9991159723643649
15,150,1,150.1,2.4017771198288433,1957.9122825270451,-1277.871638869227,2338.028321363235,-33.131300378721086,0.9734576543596389
15,150,2,150.2,2.4017771198288433,-2100.137131556346,-1109.4929031864765,2375.19482854836,-152.15270980846182,0.9889322406059153
15,150,3,150.3,2.4017771198288433,111.21187115320124,2358.4285610778834,2361.049207024981,87.30021322744462,0.9830425927253548
15,150r,1,150r.1,2.4017771198288433,2019.0831570823732,-1317.8163473168318,2411.0862117454863,-33.131703982604556,1.0038759183105659
15,150r,2,150r.2,2.4017771198288433,-2165.7702375864233,-1144.1537075505546,2449.417977503397,-152.1529759395797,1.0198356697135782
15,150r,3,150r.3,2.4017771198288433,114.70142824028602,2432.125694579121,2434.828908131398,87.29987560738016,1.0137613886108257
15,40,1,40.1,2.4017771198288433,1859.1514289066156,-1354.581967824581,2300.2904910382567,-36.07716621134036,0.9577451929437071
15,40,2,40.2,2.4017771198288433,-2184.8186697767505,-1055.1215580050382,2426.255164233974,-154.22255900520594,1.0101916386008687
15,40,3,40.3,2.4017771198288433,182.97553139205505,2359.832693490188,2366.915796211044,85.566299431314,0.9854851962199208
15,401,1,401.1,2.4017771198288433,1859.1514289066156,-1354.581967824581,2300.2904910382567,-36.07716621134036,0.9577451929437071
15,401,2,401.2,2.4017771198288433,-2184.8186697767505,-1055.1215580050382,2426.255164233974,-154.22255900520594,1.0101916386008687
15,401,3,401.3,2.4017771198288433,182.97553139205505,2359.832693490188,2366.915796211044,85.566299431314,0.9854851962199208
15,101,1,101.1,2.4017771198288433,1811.9757531391713,-1368.2397708476158,2270.5365446284723,-37.056793645299294,0.9453568883986523
15,101,2,101.2,2.4017771198288433,-2182.9983898952023,-1009.1434201333171,2404.9641187933375,-155.19012618677445,1.0013269336851378
15,101,3,101.3,2.4017771198288433,208.41226794993298,2348.7788048436823,2358.0071135420585,84.92930053078507,0.981775991649923
15,1011,1,1011.1,2.4017771198288433,1811.9757531391713,-1368.2397708476158,2270.5365446284723,-37.056793645299294,0.9453568883986523
15,1011,2,1011.2,2.4017771198288433,-2182.9983898952023,-1009.1434201333171,2404.9641187933375,-155.19012618677445,1.0013269336851378
15,1011,3,1011.3,2.4017771198288433,208.41226794993298,2348.7788048436823,2358.0071135420585,84.92930053078507,0.981775991649923
15,30,1,30.1,2.4017771198288433,1879.254129073666,-1352.9744773058765,2315.6286442090695,-35.7521102748729,0.9641313613538325
15,30,2,30.2,2.4017771198288433,-2190.9085426976426,-1081.1197152432235,2443.133250797651,-153.7356303267751,1.0172189711640498
15,30,3,30.3,2.4017771198288433,168.33340542663484,2363.9943961205186,2369.980092800727,85.92700307686428,0.9867610417446303
15,301,1,301.1,2.4017771198288433,1883.4908722622238,-1350.9087603213245,2317.8637459108786,-35.649478989252344,0.9650619646489327
15,301,2,301.2,2.4017771198288433,-2191.0645812544044,-1085.5851529137237,2445.252363960467,-153.6434185641426,1.0181012816604407
15,301,3,301.3,2.4017771198288433,164.44159393272318,2366.4578334244165,2372.1643524829637,86.02499225457295,0.9876704765394759
15,93,1,93.1,2.4017771198288433,1809.3806862757426,-1368.5707692848803,2268.6657793532936,-37.102959115387286,0.9445779796232568
15,93,2,93.2,2.4017771198288433,-2188.4845489802033,-991.9658957433909,2402.802730030718,-155.61682360475137,1.0004270213890405
15,93,3,93.3,2.4017771198288433,211.8145677541916,2363.8904554182595,2373.361223313982,84.87973037915616,0.9881688037244329
15,931,1,931.1,2.4017771198288433,1813.7533511754632,-1366.5645617868483,2270.946921535575,-36.996038167525164,0.9455277522576317
15,931,2,931.2,2.4017771198288433,-2188.791924253324,-996.4986432661963,2404.9573039261923,-155.52149043786358,1.0013240962581804
15,931,3,931.3,2.4017771198288433,207.9738755498074,2366.4210531976946,2375.5424083624553,84.97744176891766,0.9890769583697852
15,77,1,77.1,2.4017771198288433,1811.2772495279917,-1374.3984884479892,2273.696655164405,-37.19125312628577,0.9466726268615776
15,77,2,77.2,2.4017771198288433,-2191.4017011849646,-1002.4629211808892,2409.80773596129,-155.41813996969148,1.003343614220548
15,77,3,77.3,2.4017771198288433,213.60541058814752,2355.974907573109,2365.63839936425,84.81941933320945,0.9849533413545181
15,771,1,771.1,2.4017771198288433,1815.6433379463251,-1372.4034802701715,2275.972768573155,-37.084804740191274,0.947620305724016
15,771,2,771.2,2.4017771198288433,-2191.6925524650696,-1006.9835362887983,2411.9560706794696,-155.32336000607802,1.0042380913560172
15,771,3,771.3,2.4017771198288433,209.7548394408594,2358.517771261309,2367.8266765167323,84.91776940860028,0.9858644488567155
15,149,1,149.1,2.4017771198288433,2019.0828485250427,-1317.8159731964117,2411.0857488732345,-33.13170054526968,1.003875725589831
15,149,2,149.2,2.4017771198288433,-2165.7699439134685,-1144.1536008144287,2449.4176679806105,-152.15297493836238,1.0198355408411761
15,149,3,149.3,2.4017771198288433,114.70132997931073,2432.125308190174,2434.8285175424926,87.29987748873506,1.0137612259858668
15,1,1,1.1,2.4017771198288433,1987.3710006225904,-1324.9804970339633,2388.5595683666766,-33.691394723917064,0.9944967618547766
15,1,2,1.2,2.4017771198288433,-2170.507414740756,-1132.1446750696507,2448.0306376214257,-152.45328853953436,1.0192580391455635
15,1,3,1.3,2.4017771198288433,128.03614987179293,2416.742830552714,2420.1320552197017,86.96737316401352,1.0076422309294737
15,2,1,2.1,2.4017771198288433,-2170.0962124810003,-1131.72483160606,2447.471892769792,-152.45755102355557,1.0190254010514534
15,3,1,3.1,2.4017771198288433,129.1191681354441,2412.6905256681607,2416.1430694867586,86.9366428353868,1.0059813833429052
15,7,1,7.1,2.4017771198288433,1964.1006557174928,-1329.6182795672753,2371.8297061866238,-34.09644268773733,0.987531143753941
15,7,2,7.2,2.4017771198288433,-2174.5037049978414,-1122.647868686283,2447.203424342814,-152.69369993617028,1.018913621975551
15,7,3,7.3,2.4017771198288433,136.58197786271222,2407.529676717474,2411.4007922683104,86.75302373228992,1.0040068965434032
15,4,1,4.1,2.4017771198288433,129.47098342444784,2411.374749309514,2414.8480111916806,86.92663910014767,1.0054421749857325
15,5,1,5.1,2.4017771198288433,129.9553230119397,2409.5606030337303,2413.062511762058,86.91284602445316,1.004698767358571
15,6,1,6.1,2.4017771198288433,130.38186180121508,2407.9636093521995,2411.4908612414897,86.90068293193715,1.0040443975140119
15,8,1,8.1,2.4017771198288433,1949.014308673654,-1332.6686809405562,2361.0723387000417,-34.3629722789101,0.9830522237918137
15,8,2,8.2,2.4017771198288433,-2176.979022680432,-1116.2790392430043,2446.4906618754817,-152.8528285771777,1.0186168573584482
15,8,3,8.3,2.4017771198288433,142.4299971622125,2401.405534139357,2405.6256657025338,86.60570088488751,1.0016023742760796
15,12,1,12.1,2.4017771198288433,-2176.446183220539,-1115.7425649388308,2445.771751343844,-152.858316277174,1.0183175329433298
15,9,1,9.1,2.4017771198288433,1945.3907973031248,-1331.6038889093816,2357.480492218393,-34.3913170682225,0.9815567284554668
15,13,1,13.1,2.4017771198288433,1929.403465460462,-1337.2270775997567,2347.503778398839,-34.724977943526675,0.9774028401794952
15,13,2,13.2,2.4017771198288433,-2179.5701055245963,-1107.0175000498982,2444.588634170016,-153.07369564698567,1.0178249322086237
15,13,3,13.3,2.4017771198288433,152.21246102569458,2392.1185740450132,2396.9563837464057,86.35913121640078,0.9979928461959946
15,9r,1,9r.1,2.4017771198288433,1945.383841790111,-1331.607613596389,2357.476856405153,-34.39148725291521,0.9815552146542026
15,14,1,14.1,2.4017771198288433,1941.386103171416,-1330.4323283764588,2353.514432073086,-34.42284960456205,0.9799054261291337
15,34,1,34.1,2.4017771198288433,152.84097865011296,2389.6653213979325,2394.548122933972,86.34039503553876,0.9969901466563282
15,18,1,18.1,2.4017771198288433,1881.6244771478084,-1349.9923344031615,2315.813026984057,-35.65796756307441,0.9642081306649669
15,18,2,18.2,2.4017771198288433,-2187.41345581543,-1074.364152388362,2437.0137378807626,-153.84169885660867,1.0146710607578902
15,18,3,18.3,2.4017771198288433,169.52689562624744,2367.023768106514,2373.0867845744356,85.90345526048321,0.9880545388589378
15,11,1,11.1,2.4017771198288433,1939.8393680372917,-1329.9776358989964,2351.981565782097,-34.435012697078044,0.9792672044230752
15,10,1,10.1,2.4017771198288433,1940.5812114664566,-1330.1955946380342,2352.7166761620606,-34.429174652000754,0.9795732737805918
15,15,1,15.1,2.4017771198288433,153.09678443011438,2388.665755369935,2393.566944181813,86.33275696425028,0.996581624673144
15,16,1,16.1,2.4017771198288433,153.73619736293236,2386.166268701489,2391.11360672562,86.31363590956066,0.9955601570956828
15,17,1,17.1,2.4017771198288433,153.39524012083,2387.500057928178,2392.4227524203957,86.32383830061967,0.9961052308595919
15,19,1,19.1,2.4017771198288433,1878.3709018174454,-1348.9560573918477,2312.565607624709,-35.68409789984786,0.9628560404428819
15,20,1,20.1,2.4017771198288433,1876.3093770075589,-1348.299512707714,2310.5082675061676,-35.70069376740918,0.9619994496703426
15,21,1,21.1,2.4017771198288433,1881.624466468995,-1349.9923145307228,2315.8130067228544,-35.657967317607515,0.9642081222290456
15,21,2,21.2,2.4017771198288433,-2187.4134879078597,-1074.3641508906335,2437.01376602599,-153.84169922084425,1.0146710724763912
15,21,3,21.3,2.4017771198288433,169.5268927299898,2367.023761736891,2373.0867780141857,85.90345531924555,0.9880545361275229
15,22,1,22.1,2.4017771198288433,-2187.609869991039,-1074.4628373442395,2437.2335407416426,-153.8416521248545,1.014762577518153
15,23,1,23.1,2.4017771198288433,1880.2778454362965,-1350.8121948303642,2315.1972619500457,-35.69388038512348,0.9639517517408245
15,23,2,23.2,2.4017771198288433,-2188.5306099153936,-1076.0668691342928,2438.7673397405347,-153.81736349069297,1.015401187564951
15,23,3,23.3,2.4017771198288433,168.99264311580723,2366.074479408487,2372.101801258835,85.91468863850213,0.9876444328139312
15,24,1,24.1,2.4017771198288433,169.0625409747704,2366.066513410302,2372.098836187571,85.91299090472373,0.987643198281701
15,25,1,25.1,2.4017771198288433,1878.7874204718075,-1351.7175247960722,2314.515594711759,-35.73360853842924,0.963667933882515
15,25,2,25.2,2.4017771198288433,-2189.766808193219,-1077.9420395656487,2440.704348119138,-153.79066500991962,1.0162076772107267
15,25,3,25.3,2.4017771198288433,168.38392752028713,2365.0245393738746,2371.0112228515,85.92755340981277,0.9871903613689451
15,25r,1,25r.1,2.4017771198288433,1902.267320767817,-1368.616489467652,2343.4444851337803,-35.733728640499166,0.9757127194636528
15,25r,2,25r.2,2.4017771198288433,166.28383835393387,2335.4588434830184,2341.371035205816,85.92743342302258,0.9748494212371662
15,26,1,26.1,2.4017771198288433,1901.1403008164398,-1369.1460605348836,2342.8391704226337,-35.760338285636905,0.9754606916188753
15,26,2,26.2,2.4017771198288433,166.64073776419087,2334.176626554281,2340.1174456498798,85.91648751404472,0.9743274787365126
15,28,1,28.1,2.4017771198288433,1878.271729838381,-1352.0447619268548,2314.288169041165,-35.747641141211794,0.9635732433016462
15,28,2,28.2,2.4017771198288433,-2190.5255578060537,-1079.0258417761481,2441.8638345784657,-153.7757121520296,1.0166904390997276
15,28,3,28.3,2.4017771198288433,167.81318846071056,2365.0238849481966,2370.9701057999046,85.94130968133291,0.9871732419404786
15,27,1,27.1,2.4017771198288433,1900.000902896998,-1369.2226047277825,2341.959430115505,-35.77814806271752,0.9750944043810355
15,27,2,27.2,2.4017771198288433,166.23827485594308,2334.1407127606512,2340.052997475459,85.9262541113347,0.9743006451998415
15,31,1,31.1,2.4017771198288433,167.02184675841195,2332.638823494997,2338.6107367774384,85.90449115004633,0.973700147890531
15,33,1,33.1,2.4017771198288433,1896.80511967148,-1368.1986268933565,2338.768296485311,-35.80356917165319,0.9737657491932381
15,29,1,29.1,2.4017771198288433,1878.1045573072981,-1352.505378625821,2314.421639933013,-35.75931359941987,0.9636288150242452
15,29,2,29.2,2.4017771198288433,-2190.945648480542,-1080.019735699813,2442.6799757841623,-153.7591530433854,1.0170302463195393
15,29,3,29.3,2.4017771198288433,167.77276154317292,2364.5011615628287,2370.445832021434,85.94139012366821,0.9869549561661066
15,250,1,250.1,2.4017771198288433,1879.2541320303883,-1352.9744843072478,2315.628650699363,-35.75211037271761,0.9641313640561204
15,250,2,250.2,2.4017771198288433,-2190.9085510499717,-1081.1197152977961,2443.1332583118497,-153.7356304123056,1.0172189742926494
15,250,3,250.3,2.4017771198288433,168.33340920356204,2363.994403710287,2369.9801006395915,85.92700299881791,0.986761045008407
15,32,1,32.1,2.4017771198288433,167.27589199895013,2331.613366341548,2337.6060647907743,85.89648520580816,0.9732818443025879
15,35,1,35.1,2.4017771198288433,1862.3604538196466,-1354.3150300742861,2302.727873769811,-36.02477883433184,0.9587600176380685
15,35,2,35.2,2.4017771198288433,-2185.3103376219497,-1057.5346231158528,2427.7480822371476,-154.1763228726593,1.0108132275030395
15,35,3,35.3,2.4017771198288433,180.95197272001766,2361.8546294098255,2368.7762466927707,85.61887938420087,0.9862598103447565
15,42,1,42.1,2.4017771198288433,1855.9423907297837,-1354.8488834159423,2297.8550116578745,-36.12966442994786,0.956731160725532
15,42,2,42.2,2.4017771198288433,-2184.3269768823507,-1052.7084948881168,2424.76380646561,-154.2688517430126,1.0095706993155154
15,42,3,42.3,2.4017771198288433,184.99907757742625,2357.8107359675632,2365.0573196750224,85.51363706035892,0.9847114039638959
15,44,1,44.1,2.4017771198288433,1853.335751263478,-1355.0781172438355,2295.8854742221915,-36.17263994371423,0.9559111273346638
15,44,2,44.2,2.4017771198288433,-2183.936702682653,-1050.7456748606899,2423.560602618145,-154.3066480925575,1.0090697353261713
15,44,3,44.3,2.4017771198288433,186.6512740479728,2356.1755040962335,2363.5570025296347,85.47060759612063,0.9840867343669539
15,151,1,151.1,2.4017771198288433,1852.198922515795,-1356.0008364487362,2295.5128222291296,-36.20797910849695,0.9557559705592972
15,151,2,151.2,2.4017771198288433,-2186.426452174117,-1049.5094502484478,2425.2692050425035,-154.3584669810923,1.0097811262417782
15,151,3,151.3,2.4017771198288433,186.7717854655795,2359.2789257733157,2366.6602522212797,85.4736324268922,0.9853787983415938
15,52,1,52.1,2.4017771198288433,1631.27149253197,-1243.2615620320173,2051.035346836756,-37.31257077930282,0.8539657280867585
15,52,2,52.2,2.4017771198288433,-2347.095831770316,-1071.6952366694527,2580.1917610545124,-155.45833311089083,1.0742844287060171
15,52,3,52.3,2.4017771198288433,187.02088660407867,2137.284251979549,2145.4511846662826,84.99912888075167,0.8932765521636633
15,53,1,53.1,2.4017771198288433,1632.028877012673,-1243.230910544092,2051.61920256551,-37.2990686743823,0.8542088213046652
15,53,2,53.2,2.4017771198288433,-2346.7590610194175,-1071.6476587300945,2579.8656544359883,-155.45618774632163,1.0741486514867942
15,53,3,53.3,2.4017771198288433,187.28856329070666,2137.300937942622,2145.4911571176212,84.99204657482127,0.8932931950282358
15,54,1,54.1,2.4017771198288433,1632.9757615748465,-1243.1924922559274,2052.349241891461,-37.28219693546458,0.854512779286413
15,54,2,54.2,2.4017771198288433,-2346.338055866147,-1071.5881256243138,2579.4579630970456,-155.45350611892408,1.0739789057865887
15,54,3,54.3,2.4017771198288433,187.62321747381787,2137.3218512372937,2145.5412295063547,84.98319264251558,0.8933140430862508
15,55,1,55.1,2.4017771198288433,1632.582830649842,-1242.9785003091101,2051.9069791692154,-37.28408871023785,0.8543286395015036
15,55,2,55.2,2.4017771198288433,-2346.3059609639517,-1071.1329732233728,2579.239715261324,-155.46240701015913,1.0738880364740617
15,55,3,55.3,2.4017771198288433,187.5386563825221,2137.5080161626624,2145.719288909293,84.98587668118005,0.8933881796085236
15,57,1,57.1,2.4017771198288433,1636.1041420542647,-1243.3121725700646,2054.9116579814363,-37.23201527033511,0.8555796626657325
15,57,2,57.2,2.4017771198288433,-2345.492536217234,-1072.1518900985495,2578.923208025521,-155.43430914004918,1.0737562560381546
15,57,3,57.3,2.4017771198288433,188.76961224383612,2137.1311514626836,2145.4518230570698,84.95224930529004,0.8932768179630091
15,56,1,56.1,2.4017771198288433,1632.6681092539584,-1242.7446405678324,2051.8331795336007,-37.27745036026114,0.8542979124057188
15,56,2,56.2,2.4017771198288433,-2346.061246788741,-1070.6475527954854,2578.8155335329634,-155.4699600676557,1.0737114248622437
15,56,3,56.3,2.4017771198288433,187.62309989465803,2137.7048932749353,2145.9227941251015,84.98409011402967,0.893472910707895
15,58,1,58.1,2.4017771198288433,-2344.273432590594,-1071.0288603071424,2577.3476184560172,-155.44574793038956,1.0731002461376122
15,60,1,60.1,2.4017771198288433,1642.356612120129,-1244.5592597897032,2060.646256033044,-37.15443719859221,0.8579673105470715
15,60,2,60.2,2.4017771198288433,-2345.01670201392,-1076.1313171319478,2580.1476594250153,-155.34954615155178,1.0742660666235688
15,60,3,60.3,2.4017771198288433,190.75372036055035,2135.4254485448464,2143.928363571029,84.89541952239156,0.8926425128588995
15,59,1,59.1,2.4017771198288433,-2343.6827677991464,-1070.4850976875214,2576.5844174895046,-155.45128798656341,1.0727824810293465
15,61,1,61.1,2.4017771198288433,1642.356634966638,-1244.5593090565624,2060.646303997434,-37.1544379067155,0.8579673305174467
15,61,2,61.2,2.4017771198288433,-2345.016766270076,-1076.1313126792065,2580.1477159683004,-155.34954683655243,1.0742660901658387
15,61,3,61.3,2.4017771198288433,190.75374492724202,2135.4254975551808,2143.928414572781,84.8954189849954,0.8926425340939058
15,62,1,62.1,2.4017771198288433,1641.4236925007208,-1243.5869903904452,2059.315503018191,-37.14855387065327,0.8574132403946554
15,62,2,62.2,2.4017771198288433,-2341.928738263706,-1075.6313439568526,2577.132709661623,-155.33101498474926,1.0730107670628803
15,62,3,62.3,2.4017771198288433,190.50535862135993,2130.8548301472497,2139.3537806602526,84.89115347018272,0.8907378469875291
15,63,1,63.1,2.4017771198288433,1640.8152790812767,-1242.6180894344423,2058.2454897937396,-37.137283332419024,0.856967731435636
15,63,2,63.2,2.4017771198288433,-2339.7427024489975,-1074.9629096612575,2574.86721420945,-155.32422885516144,1.0720675090755056
15,63,3,63.3,2.4017771198288433,190.4296767515122,2128.570206351816,2137.0714974366906,84.88772012367308,0.8897875992710697
15,64,1,64.1,2.4017771198288433,1641.1149870970678,-1241.8729137486216,2058.034677739202,-37.11570759407698,0.8568799580728218
15,64,2,64.2,2.4017771198288433,-2334.8308640980476,-1074.0242663903314,2570.0123129549643,-155.29752786891257,1.070046130316251
15,64,3,64.3,2.4017771198288433,190.74028713578295,2123.6008258890597,2132.149695695248,84.867507172568,0.8877383659343004
15,65,1,65.1,2.4017771198288433,1640.010603080796,-1241.7157937262368,2057.0592822295166,-37.130779662811356,0.856473843991031
15,65,2,65.2,2.4017771198288433,-2333.191129200353,-1074.8072021237488,2568.8502033237164,-155.26637925135563,1.0695622762476724
15,65,3,65.3,2.4017771198288433,189.6480761077926,2116.8175327726353,2125.295946409585,84.88047454825156,0.884884750072496
15,66,1,66.1,2.4017771198288433,1639.872094276668,-1242.796747737734,2057.6015750807624,-37.15710546410998,0.8566996321571222
15,66,2,66.2,2.4017771198288433,-2333.250990365176,-1075.9996621296707,2569.4037162235213,-155.24278617060142,1.0697927359748616
15,66,3,66.3,2.4017771198288433,189.3700300568276,2113.3902262432402,2121.857501498199,84.87969432050448,0.88345312476347
15,67,1,67.1,2.4017771198288433,1810.2829472224505,-1369.530312416846,2269.964234439165,-37.10853729097834,0.9451186022626981
15,67,2,67.2,2.4017771198288433,-2185.653139435067,-1006.7383474094894,2406.366918420205,-155.26862928189206,1.001911001047295
15,67,3,67.3,2.4017771198288433,208.9349426336028,2351.2261458667913,2360.491092815415,84.9219137988791,0.9828102172043464
15,68,1,68.1,2.4017771198288433,1806.4145304939361,-1368.185320594648,2266.0680765304264,-37.140428202544626,0.9434964043174465
15,97,1,97.1,2.4017771198288433,1815.3969445809375,-1367.4565375312425,2272.7963939672945,-36.98906404861338,0.9462977955794915
15,97,2,97.2,2.4017771198288433,-2184.3943571019636,-1012.2985683184581,2407.556250383052,-155.13590922565382,1.0024061893614093
15,97,3,97.3,2.4017771198288433,206.3709081907804,2350.852511582051,2359.893320249694,84.98311864138299,0.9825613295949235
15,69,1,69.1,2.4017771198288433,1801.9847904979024,-1366.6443117197525,2261.606919856261,-37.177064334224674,0.9416389644087494
15,70,1,70.1,2.4017771198288433,1798.8466567621924,-1365.5517443123206,2258.446559239102,-37.203088045491825,0.9403231218224132
15,71,1,71.1,2.4017771198288433,1797.076992567278,-1364.9354239507284,2256.66444753539,-37.217791558299496,0.9395811247032804
15,72,1,72.1,2.4017771198288433,1810.2828759412444,-1369.530352881997,2269.9642020065403,-37.10853919102168,0.9451185887591034
15,72,2,72.2,2.4017771198288433,-2185.6531200217455,-1006.7382653965981,2406.3668664762117,-155.26863086213743,1.0019109794199785
15,72,3,72.3,2.4017771198288433,208.9350144839377,2351.226088792219,2360.491042324575,84.92191193909105,0.9828101961820628
15,73,1,73.1,2.4017771198288433,209.8023866805864,2347.5913067380984,2356.947599105496,84.89308851648009,0.9813348539490867
15,76,1,76.1,2.4017771198288433,1810.0707218029604,-1371.0408137344664,2270.706702957024,-37.14216366414784,0.9454277352424942
15,76,2,76.2,2.4017771198288433,-2187.219650417644,-1003.8346027177142,2406.577176985295,-155.34702388329765,1.0019985439601464
15,76,3,76.3,2.4017771198288433,210.52998219910904,2353.5875337354273,2362.9847973187575,84.88845835778784,0.9838484919396475
15,74,1,74.1,2.4017771198288433,210.35991100271136,2345.34752947217,2354.762477652105,84.87471698601264,0.9804250603486103
15,75,1,75.1,2.4017771198288433,210.419242527023,2345.3002464637593,2354.72068485598,84.87317630654582,0.9804076595682547
15,86,1,86.1,2.4017771198288433,1810.5472430979355,-1370.350036459774,2270.6696241229897,-37.12100915585733,0.9454122971596979
15,86,2,86.2,2.4017771198288433,-2187.847558178209,-997.9519259946852,2404.7006018261095,-155.48065271310284,1.0012172161909323
15,86,3,86.3,2.4017771198288433,210.7736467125708,2359.0226446409947,2368.420015131925,84.89430171761757,0.9861114903537364
15,78,1,78.1,2.4017771198288433,1811.3016028578163,-1375.3957738412462,2274.3190258219392,-37.21089669178237,0.9469317560923443
15,78,2,78.2,2.4017771198288433,-2192.5243756055916,-1002.3053175453489,2410.7631752630477,-155.43264581236855,1.0037414193681906
15,78,3,78.3,2.4017771198288433,214.38781905902633,2356.2306521241603,2365.9638676383734,84.80110862219007,0.9850888527937088
15,79,1,79.1,2.4017771198288433,1810.4345300661155,-1375.4326588009728,2273.6508497462905,-37.224850848455304,0.9466535553924823
15,79,2,79.2,2.4017771198288433,-2192.8308294162543,-1002.3251005184867,2411.0501142796206,-155.43524604967328,1.003860888828618
15,79,3,79.3,2.4017771198288433,214.00241994561506,2356.17537533475,2365.873926285259,84.81028236458953,0.9850514049587821
15,80,1,80.1,2.4017771198288433,1813.2477417736904,-1380.0549470019716,2278.688006242189,-37.27460471600671,0.948750817646466
15,80,2,80.2,2.4017771198288433,-2197.2100401907683,-1001.5149348456267,2414.6975225551455,-155.49592718225662,1.005379517782742
15,80,3,80.3,2.4017771198288433,218.9178387915279,2357.562066417915,2367.7043559435083,84.6948575954866,0.9858135196625726
15,81,1,81.1,2.4017771198288433,1813.8561591632267,-1382.0087456621718,2280.3557483912687,-37.30440996314809,0.9494451960445741
15,81,2,81.2,2.4017771198288433,-2199.259861425599,-1001.8791980090052,2416.713856765197,-155.5082251842189,1.0062190354021767
15,81,3,81.3,2.4017771198288433,220.47416799363873,2357.7910874772274,2368.0767873824393,84.65787573983184,0.9859685846083813
15,82,1,82.1,2.4017771198288433,1814.259011146874,-1384.243197683967,2282.030891522279,-37.34290444571477,0.9501426559034347
15,82,2,82.2,2.4017771198288433,-2202.5622059252214,-1001.8990144202999,2419.727651217497,-155.5402148699588,1.007473853939425
15,82,3,82.3,2.4017771198288433,221.82847946992345,2359.4447657313203,2369.849673890912,84.62899714200111,0.9867067407402872
15,84,1,84.1,2.4017771198288433,222.01684782457522,2350.89814437811,2361.358415395342,84.60503548742516,0.9831713342175641
15,83,1,83.1,2.4017771198288433,1815.7281989380647,-1386.4351809959767,2284.52870490222,-37.364259584501774,0.9511826414038873
15,83,2,83.2,2.4017771198288433,-2205.487632555005,-1001.8955284170239,2422.3893880247883,-155.56893997189258,1.0085820903304359
15,83,3,83.3,2.4017771198288433,223.6568841957447,2361.1651169044576,2371.7341990903174,84.58891109623781,0.9874913785752665
15,85,1,85.1,2.4017771198288433,222.7403389843642,2347.66274818847,2358.2055970255665,84.58014434514844,0.9818586319090333
15,87,1,87.1,2.4017771198288433,1809.6987016396733,-1370.1385661205845,2269.865432374195,-37.12967916630053,0.9450774651962507
15,87,2,87.2,2.4017771198288433,-2188.0908192740308,-994.363743534101,2403.435184864874,-155.56088467765017,1.0006903492511199
15,87,3,87.3,2.4017771198288433,211.33610993102596,2361.0527152210993,2370.4921167162115,84.88512738453726,0.9869742271860508
15,88,1,88.1,2.4017771198288433,1808.741644359465,-1370.9661521979776,2269.602283774122,-37.16091994300394,0.9449679010747923
15,89,1,89.1,2.4017771198288433,1809.577074292899,-1369.2929860859995,2269.2581319785463,-37.114511274307354,0.9448246105951161
15,89,2,89.2,2.4017771198288433,-2188.5588192785985,-992.8150558135619,2403.2210552698266,-155.59911533830805,1.000601194602556
15,89,3,89.3,2.4017771198288433,211.70658146629643,2362.3929925191924,2371.8600986862466,84.8791001804135,0.9875437979254592
15,90,1,90.1,2.4017771198288433,-2189.070490324682,-991.0373662538758,2402.953323084276,-155.64275641047072,1.000489722066932
15,91,1,91.1,2.4017771198288433,1809.7065589588651,-1368.8846970792317,2269.1150573376476,-37.104317366943455,0.9447650402712432
15,91,2,91.2,2.4017771198288433,-2188.3238257536796,-992.3608083467606,2402.8194148341354,-155.60666456328204,1.0004339682465484
15,91,3,91.3,2.4017771198288433,212.2664252943946,2363.185867522062,2372.699829258489,84.86734402539864,0.9878934267754094
15,92,1,92.1,2.4017771198288433,214.41755802772707,2362.5841814097257,2372.2940170725124,84.81429800480505,0.9877244634762646
15,94,1,94.1,2.4017771198288433,1807.6010652084096,-1367.9544588218407,2266.874723568361,-37.117669674073646,0.9438322585610709
15,95,1,95.1,2.4017771198288433,1809.5689114293841,-1368.1621890788426,2268.5694657287304,-37.09186119961617,0.9445378786397942
15,95,2,95.2,2.4017771198288433,-2187.9239024191193,-990.8373065969662,2401.8262990735275,-155.63582344132803,1.000020476190017
15,95,3,95.3,2.4017771198288433,212.00986706244404,2364.340768668439,2373.8271744420445,84.8760053749364,0.9883628063753098
15,96,1,96.1,2.4017771198288433,-2187.41801694275,-990.3753966115273,2401.1749222118724,-155.64088394508516,0.9997492699834638
15,98,1,98.1,2.4017771198288433,1814.6653014236567,-1367.464251905871,2272.2166790232604,-37.000319481836094,0.9460564264119496
15,98,2,98.2,2.4017771198288433,-2183.98656559157,-1011.6526129393158,2406.914690626032,-155.14577904896893,1.0021390705885127
15,98,3,98.3,2.4017771198288433,206.69465427814,2350.4054866763495,2359.476346968845,84.97433786760537,0.9823877192805415
15,99,1,99.1,2.4017771198288433,1815.5163180123639,-1367.3908432959724,2272.8522211747163,-36.98593070546085,0.9463210397044192
15,99,2,99.2,2.4017771198288433,-2182.3459929998226,-1010.304742572196,2404.8596021444273,-155.1584892136787,1.0012834173038518
15,99,3,99.3,2.4017771198288433,208.2404916068201,2349.592617973285,2358.8025718103677,84.93520384750987,0.9821071873556951
15,100,1,100.1,2.4017771198288433,1815.7959630880723,-1367.7603248861071,2273.297887629223,-36.989128967498964,0.9465065966617353
15,100,2,100.2,2.4017771198288433,-2181.997868345382,-1010.7153075453722,2404.7162265785805,-155.14612741627855,1.001223721687359
15,100,3,100.3,2.4017771198288433,208.89086859269733,2348.6132499224977,2357.8845588138806,84.91736064901627,0.9817249649634057
15,450,1,450.1,2.4017771198288433,1815.7960176258775,-1367.7604346766298,2273.2979972482267,-36.9891303507281,0.9465066423025246
15,450,2,450.2,2.4017771198288433,-2181.998008017023,-1010.7153122143262,2404.7163552765965,-155.14612871406123,1.0012237752718547
15,450,3,450.3,2.4017771198288433,208.8909396611527,2348.6133505555417,2357.8846653473634,84.91735914550733,0.9817250093195126
15,197,1,197.1,2.4017771198288433,1815.3970768904774,-1367.4566385516475,2272.796560429785,-36.98906407595008,0.9462978648875423
15,197,2,197.2,2.4017771198288433,-2184.394485240317,-1012.2986477797704,2407.5564000548484,-155.13590879209903,1.0024062516785142
15,197,3,197.3,2.4017771198288433,206.37088686292944,2350.852639411065,2359.8934457238875,84.98311942862115,0.9825613818371537
15,105,1,105.1,2.4017771198288433,1808.212284763169,-1369.10119162534,2268.054174767077,-37.13145164386408,0.9443233329363651
15,105,2,105.2,2.4017771198288433,-2181.4626534953345,-1005.6726686972114,2402.1150732551255,-155.24990012550887,1.0001407097367578
15,105,3,105.3,2.4017771198288433,210.6577711279035,2346.4975641097444,2355.934531117013,84.87000059944774,0.9809130546155352
15,108,1,108.1,2.4017771198288433,1803.706773649966,-1370.1524517545386,2265.099526811072,-37.22144769534835,0.9430931405377401
15,108,2,108.2,2.4017771198288433,-2179.6404852242413,-1001.5076122358936,2398.7184374567614,-155.32202613581325,0.9987264920017641
15,108,3,108.3,2.4017771198288433,213.35853912992332,2343.7755083664338,2353.4666982640715,84.79858751906758,0.9798855517583519
15,300,1,300.1,2.4017771198288433,1852.1987307884601,-1356.000653171336,2295.5125592632844,-36.207978244242284,0.9557558610712673
15,300,2,300.2,2.4017771198288433,-2186.426227591508,-1049.5093576692043,2425.2689625143144,-154.35846665687475,1.0097810252631374
15,300,3,300.3,2.4017771198288433,186.77176941575865,2359.2787060498736,2366.6600319165104,85.4736323944431,0.9853787066158598
15,135,1,135.1,2.4017771198288433,1881.6242326090862,-1349.992080680967,2315.812680387397,-35.65796598955273,0.9642079863565474
15,135,2,135.2,2.4017771198288433,-2187.413148789444,-1074.3640471574863,2437.0134159092286,-153.84169789501885,1.014670926702348
15,135,3,135.3,2.4017771198288433,169.52684823170623,2367.02346880566,2373.0864826525294,85.9034558856245,0.9880544131512259
15,152,1,152.1,2.4017771198288433,1631.2715065237428,-1243.2615879217847,2051.0353736583966,-37.31257111759313,0.853965739254173
15,152,2,152.2,2.4017771198288433,-2347.095866763671,-1071.6952335767637,2580.191791601985,-155.45833349611976,1.074284441424713
15,152,3,152.3,2.4017771198288433,187.02090060828803,2137.2842768346372,2145.4512106475163,84.99912856604473,0.8932765629811673
15,160r,1,160r.1,2.4017771198288433,1806.617670784062,-1369.0054538261995,2266.725246031179,-37.15385341236767,0.9437700223377561
15,160r,2,160r.2,2.4017771198288433,-2183.7973348478577,-1002.1697200900112,2402.7723461772025,-155.34906529488865,1.0004143708174014
15,160r,3,160r.3,2.4017771198288433,209.80977283630068,2348.982343200551,2358.3337739695735,84.89591804893698,0.9819119994521532
15,160,1,160.1,2.4017771198288433,1642.3566431453633,-1244.5593396864076,2060.6463290153342,-37.15443844814757,0.8579673409338586
15,160,2,160.2,2.4017771198288433,-2345.0167855172535,-1076.131315527978,2580.1477346496363,-155.3495469573214,1.074266097943969
15,160,3,160.3,2.4017771198288433,190.75376530841845,2135.425509627552,2143.928428410666,84.89541847118109,0.892642539855425
15,61s,1,61s.1,2.4017771198288433,1642.356634966645,-1244.5593090565524,2060.6463039974337,-37.15443790671516,0.8579673305174464
15,61s,2,61s.2,2.4017771198288433,-2345.0167662700696,-1076.1313126792197,2580.1477159683,-155.3495468365521,1.0742660901658385
15,61s,3,61s.3,2.4017771198288433,190.75374492722952,2135.425497555182,2143.928414572781,84.89541898499573,0.8926425340939058
15,610,1,610.1,0.24017771198288432,209.19139508294722,-136.47741418535838,249.77414669951648,-33.12061145234953,1.039955558895973
15,610,2,610.2,0.24017771198288432,-250.89014712446144,-117.0434167272386,276.84838327741767,-154.99035535020712,1.152681408244686
15,610,3,610.3,0.24017771198288432,41.698753792160474,253.520828486344,256.9272203255651,80.65969896437745,1.069737979450293
15,x1,1,x1.1,0.24017771198288432,193.25676192143362,-131.73575316701275,233.8856230956443,-34.28076015810263,0.9738023614460595
15,x2,1,x2.1,0.24017771198288432,-213.78742402114432,-108.84434811396294,239.9003017629409,-153.01825513846612,0.9988449793377864
15,x4,1,x4.1,0.24017771198288432,15.059122466116479,236.09038806407776,236.57017670386165,86.35030947341885,0.9849797250159509
15,x5,1,x5.1,0.24017771198288432,15.076677769449734,235.9806117562008,236.46174180487336,86.34437116185241,0.9845282472410438
15,x6,1,x6.1,0.24017771198288432,15.08741912682617,235.8955157355066,236.37750434427798,86.34045771555044,0.9841775175255348
15,x7,1,x7.1,0.24017771198288432,190.89541057922435,-132.15442712917653,232.17633468993233,-34.69435532168766,0.9666855961492289
15,x9,1,x9.1,0.24017771198288432,188.9940252866194,-132.31887269388227,230.7098300138491,-34.9967107985548,0.9605796812249177
15,x10,1,x10.1,0.24017771198288432,188.72711528194827,-132.20831877562375,230.42778390663472,-35.012255534472835,0.9594053586581572
15,x11,1,x11.1,0.24017771198288432,188.86184502284553,-132.2190957153793,230.54432497293433,-34.995237913464756,0.9598905871389245
15,x12,1,x12.1,0.24017771198288432,-214.3898222930172,-107.26566054553948,239.72675661073464,-153.41982457191338,0.9981224095756986
15,x16,1,x16.1,0.24017771198288432,17.45198970628323,233.49486839097673,234.14616270532338,85.72551821134097,0.9748871399108392
15,x17,1,x17.1,0.24017771198288432,17.41766714817892,233.6315326757982,234.27989284043844,85.73637998398634,0.975443936517864
15,x19,1,x19.1,0.24017771198288432,182.29637885752572,-133.92546950609383,226.20345074068658,-36.30315726270278,0.9418169940631561
15,x20,1,x20.1,0.24017771198288432,182.36269952450954,-133.90785714198083,226.24647706035933,-36.28961894366386,0.9419961377452135
15,x22,1,x22.1,0.24017771198288432,-215.45192631025935,-103.21858705633576,238.9008356299906,-154.4018773412412,0.994683618465877
15,x24,1,x24.1,0.24017771198288432,18.96515177816422,231.42757481404976,232.20335778425212,85.31516293557355,0.9667981090635068
15,x28,1,x28.1,0.24017771198288432,182.5506054741999,-134.27646409760303,226.61617852561156,-36.33661910512038,0.9435354207294673
15,x29,1,x29.1,0.24017771198288432,182.7892160573387,-134.3680215443063,226.8626516652479,-36.319538815806595,0.9445616322692537
15,x30,1,x30.1,0.24017771198288432,18.895342108650514,231.21605708493905,231.9868509362303,85.32808010721266,0.9658966646861982
15,x31,1,x31.1,0.24017771198288432,18.78973051881001,228.0072898180657,228.78019622150188,85.28898798023803,0.952545489474083
15,x32,1,x32.1,0.24017771198288432,18.81529700538447,227.90209467020264,228.67745878522186,85.28043916931044,0.9521177335618802
15,x33,1,x33.1,0.24017771198288432,184.3707083608802,-135.88081096269283,229.03308252165627,-36.39013390250443,0.9535984027442886
15,x34,1,x34.1,0.24017771198288432,17.27124869552504,234.08045407877393,234.7167548625953,85.78016981915205,0.977262848100251
15,x52,1,x52.1,0.24017771198288432,158.3055474892422,-123.34044509813522,200.68261450079532,-37.923190764014365,0.8355588569979236
15,x53,1,x53.1,0.24017771198288432,158.3795148600228,-123.33820073256906,200.73958873935078,-37.909709897176775,0.8357960740073
15,x55,1,x55.1,0.24017771198288432,158.82897627937908,-123.39725443296415,201.13061951763896,-37.844313926624565,0.8374241633710461
15,x56,1,x56.1,0.24017771198288432,-232.93507899243554,-105.0469223037036,255.52613743156007,-155.7260148799351,1.0639044535896383
15,x58,1,x58.1,0.24017771198288432,-232.67668859910884,-104.98640730268598,255.26571868500506,-155.7145542865282,1.0628201783485887
15,x59,1,x59.1,0.24017771198288432,-231.07696330899964,-103.0743262427975,253.02347658372616,-155.96023312592845,1.0534844157469418
15,x60,1,x60.1,0.24017771198288432,159.3860119586586,-123.47839671126337,201.62047332170857,-37.765405243925244,0.8394637106713573
15,x62,1,x62.1,0.24017771198288432,20.71493638364021,208.67662407557214,209.70226995661233,84.330928253796,0.8731129471811949
15,x63,1,x63.1,0.24017771198288432,159.2379178291837,-123.28701108395741,201.38620006492422,-37.74816473378379,0.8384882943646141
15,x64,1,x64.1,0.24017771198288432,-230.40482576440544,-103.45630870706562,252.5660142355216,-155.81897976727606,1.051579732983384
15,x65,1,x65.1,0.24017771198288432,94.33821820517412,-219.52624348107855,238.93821584468407,-66.7450866982454,0.9948392541174321
15,x65,2,x65.2,0.24017771198288432,-261.3866927087165,11.982840957124004,261.66121531974267,177.37520741203795,1.0894483637115726
15,x65,3,x65.3,0.24017771198288432,167.04847450354237,207.54340252395448,266.4197004074226,51.1699496555047,1.1092607145262854
15,x66,1,x66.1,0.24017771198288432,20.7266114023917,206.94833732841252,207.98366941474077,84.2806961284243,0.8659574100262984
15,x68,1,x68.1,0.24017771198288432,175.2498159756464,-135.73267993651208,221.66609664593628,-37.758128916676924,0.9229253406399873
15,x69,1,x69.1,0.24017771198288432,174.8193011366194,-135.57751758572587,221.23076486918322,-37.79463180686553,0.9211128003623779
15,x70,1,x70.1,0.24017771198288432,174.51431486390229,-135.46751169050668,220.92236830170634,-37.820560809018026,0.9198287654495179
15,x71,1,x71.1,0.24017771198288432,174.34232636174983,-135.4054579417867,220.74846500406713,-37.8352107988614,0.9191047045189532
15,x73,1,x73.1,0.24017771198288432,22.959250712708076,229.50926321950493,230.65478338167839,84.28734930520089,0.9603504899660108
15,x74,1,x74.1,0.24017771198288432,22.866585708139834,229.68144650055828,230.81691361019563,84.31449176962593,0.9610255327382095
15,x75,1,x75.1,0.24017771198288432,23.020983086813366,229.2742781817226,230.42712578607856,84.26625976160015,0.9594026185181553
15,x76,1,x76.1,0.24017771198288432,103.2121148900644,-244.94974968128392,265.80654718987546,-67.15137099697532,1.106707799801247
15,x76,2,x76.2,0.24017771198288432,-261.7821695765963,24.73725425245597,262.948352450021,174.60183229831637,1.0948074668508765
15,x76,3,x76.3,0.24017771198288432,158.57005468653188,220.21249542882796,271.36323514116884,54.24318989863835,1.1298435350258764
15,x77,1,x77.1,0.24017771198288432,-215.6421350514488,-96.02372526704038,236.0552609532508,-155.9969708484828,0.982835830204231
15,x79,1,x79.1,0.24017771198288432,176.13445425448998,-136.55042028625869,222.86624521421118,-37.78507606484202,0.9279222596228796
15,x80,1,x80.1,0.24017771198288432,-216.22466840934604,-95.94239350916493,236.55453937939788,-156.07236207222914,0.9849146177071392
15,x82,1,x82.1,0.24017771198288432,175.9960666410267,-137.31076183898136,223.22379082417305,-37.96107763836071,0.9294109306865266
15,x83,1,x83.1,0.24017771198288432,24.3046952179772,230.890293103456,232.16598730011808,83.99088265596899,0.96664251392595
15,x84,1,x84.1,0.24017771198288432,24.15066202608836,229.840238477748,231.10558128224946,84.00160770220783,0.9622274247442187
15,x85,1,x85.1,0.24017771198288432,24.223326837498327,229.508535857892,230.78331307681145,83.97506054106829,0.9608856341060392
15,x86,1,x86.1,0.24017771198288432,-215.27431026949603,-95.5672870832048,235.5337237476853,-156.06200421287357,0.9806643664107768
15,x87,1,x87.1,0.24017771198288432,-215.29076932921717,-95.21110773914057,235.40448253013457,-156.14286443189124,0.980126259787628
15,x88,1,x88.1,0.24017771198288432,175.47359820036286,-136.00694768152178,222.01097604178625,-37.77872556997574,0.9243612748613715
15,x90,1,x90.1,0.24017771198288432,-215.45060226502213,-94.96376790155082,235.45080002076946,-156.21364182540154,0.9803191065353654
15,x92,1,x92.1,0.24017771198288432,23.40083239646729,231.04118588249023,232.22322995521992,84.2165627999139,0.9668808485100764
15,x94,1,x94.1,0.24017771198288432,175.3659136750876,-135.7113065738482,221.74481371856092,-37.73539407035026,0.9232530857582781
15,x95,1,x95.1,0.24017771198288432,-215.2660718075938,-94.86017358846924,235.2401628223944,-156.21860280557928,0.9794421009354866
15,x96,1,x96.1,0.24017771198288432,-215.21410457042634,-94.81312119669087,235.1736353359126,-156.22398743615628,0.979165108179029
15,x98,1,x98.1,0.24017771198288432,176.0560297460233,-135.67052275097635,222.2660935758215,-37.618203132666615,0.9254234780605318
15,x99,1,x99.1,0.24017771198288432,-214.74823709889503,-96.78319963715448,235.54997998108286,-155.73975989131566,0.9807320505987198
15,x100,1,x100.1,0.24017771198288432,22.72572503891137,230.00294936261054,231.12294410993425,84.35713543262953,0.9622997163300676
16,sourcebus,1,sourcebus.1,66.39528095680697,66320.22331282742,-104.8978230496574,66320.30627052757,-0.09062390367021199,0.9988707829050656
16,sourcebus,2,sourcebus.2,66.39528095680697,-33275.0626822035,-57402.73291664316,66349.85714230318,-120.0998971083554,0.999315857786138
16,sourcebus,3,sourcebus.3,66.39528095680697,-33045.16062414533,57507.630750914075,66325.78861392484,119.88263087429496,0.9989533541860102
16,150,1,150.1,2.4017771198288433,1944.514473338848,-1282.222148389155,2329.212350740902,-33.40104924669746,0.9697870512260053
16,150,2,150.2,2.4017771198288433,-2098.2995290822328,-1096.2681015175222,2367.4172982707446,-152.41493583044155,0.9856940007986472
16,150,3,150.3,2.4017771198288433,123.13747807642959,2348.6814382917146,2351.907170167024,86.99882496482746,0.9792362291862564
16,150r,1,150r.1,2.4017771198288433,2005.2650896679297,-1322.3035360884965,2401.9939053613502,-33.401490148744195,1.000090260470348
16,150r,2,150r.2,2.4017771198288433,-2163.8751740651346,-1130.5139872952352,2441.396658555424,-152.41523681029466,1.0164959264535771
16,150r,3,150r.3,2.4017771198288433,127.00131027478437,2422.0729509135185,2425.4003200210955,86.99844664494086,1.0098357170601806
16,40,1,40.1,2.4017771198288433,1831.3976922626005,-1358.402900537274,2280.192085639466,-36.565442668552684,0.9493770536884614
16,40,2,40.2,2.4017771198288433,-2176.990420415088,-1029.1228371864916,2407.982787438032,-154.69861937421226,1.0025837816331729
16,40,3,40.3,2.4017771198288433,204.3467083913908,2336.533621727689,2345.452396168873,85.00178854853586,0.976548730023715
16,401,1,401.1,2.4017771198288433,1831.3976922626005,-1358.402900537274,2280.192085639466,-36.565442668552684,0.9493770536884614
16,401,2,401.2,2.4017771198288433,-2176.990420415088,-1029.1228371864916,2407.982787438032,-154.69861937421226,1.0025837816331729
16,401,3,401.3,2.4017771198288433,204.3467083913908,2336.533621727689,2345.452396168873,85.00178854853586,0.976548730023715
16,101,1,101.1,2.4017771198288433,1779.9848710840045,-1371.695374173683,2247.1969964418827,-37.61863486781633,0.9356392722244035
16,101,2,101.2,2.4017771198288433,-2171.4739534190358,-978.1525159250148,2381.613208476081,-155.75055221167935,0.9916045867927166
16,101,3,101.3,2.4017771198288433,232.947617338188,2321.767698832507,2333.4244876930416,84.27057311927678,0.971540809689838
16,1011,1,1011.1,2.4017771198288433,1779.9848710840045,-1371.695374173683,2247.1969964418827,-37.61863486781633,0.9356392722244035
16,1011,2,1011.2,2.4017771198288433,-2171.4739534190358,-978.1525159250148,2381.613208476081,-155.75055221167935,0.9916045867927166
16,1011,3,1011.3,2.4017771198288433,232.947617338188,2321.767698832507,2333.4244876930416,84.27057311927678,0.971540809689838
16,30,1,30.1,2.4017771198288433,1853.5093136370192,-1357.1039111644404,2297.221757131208,-36.21087168258047,0.9564674999047846
16,30,2,30.2,2.4017771198288433,-2184.5646884271673,-1057.470648467605,2427.049041592152,-154.170014537782,1.01052217608148
16,30,3,30.3,2.4017771198288433,188.10733644703842,2341.9009052842016,2349.443385186407,85.40771880507607,0.9782104116945848
16,301,1,301.1,2.4017771198288433,1857.7964608284008,-1355.0557917567821,2299.47469841269,-36.10658963365845,0.9574055308581491
16,301,2,301.2,2.4017771198288433,-2184.7557214826866,-1061.9638118682826,2429.181899378708,-154.07658804942434,1.0114102092669688
16,301,3,301.3,2.4017771198288433,184.2044914360791,2344.420985539628,2351.6464555931498,85.50741887399384,0.9791276784919718
16,93,1,93.1,2.4017771198288433,1777.1456239330655,-1371.4745299514398,2244.813790711819,-37.658404648705044,0.9346470045779227
16,93,2,93.2,2.4017771198288433,-2175.9007471572527,-959.8177204609951,2378.191354367943,-156.1971091602444,0.9901798692034417
16,93,3,93.3,2.4017771198288433,236.65136823125775,2336.840278112765,2348.7925313862593,84.21738161239414,0.9779394232690668
16,931,1,931.1,2.4017771198288433,1781.5840583153415,-1369.4897998539798,2247.1190597624004,-37.549201137033904,0.9356068226357889
16,931,2,931.2,2.4017771198288433,-2176.257439328772,-964.3931106103684,2380.3677266394293,-156.09981168570977,0.991086020008826
16,931,3,931.3,2.4017771198288433,232.80060014758055,2339.4416388526843,2350.99623585977,84.31713817367799,0.9788569540654579
16,77,1,77.1,2.4017771198288433,1779.114641850163,-1377.5806108360503,2250.106052655532,-37.750863192215355,0.9368504821196233
16,77,2,77.2,2.4017771198288433,-2179.3366604382304,-971.1536533003808,2385.9270101679003,-155.98134273093154,0.9934006742215645
16,77,3,77.3,2.4017771198288433,238.22317139152247,2328.6601302585436,2340.813593954797,84.15893106052542,0.9746173259080798
16,771,1,771.1,2.4017771198288433,1783.545860093889,-1375.607728131491,2252.4059262826345,-37.64217235381904,0.9378080537477793
16,771,2,771.2,2.4017771198288433,-2179.6750738431565,-975.7155557409145,2388.096370176039,-155.88467423352077,0.9943039054124309
16,771,3,771.3,2.4017771198288433,234.36194121498713,2331.2742317304646,2343.024767905906,84.25936806610368,0.9755379666839677
16,149,1,149.1,2.4017771198288433,2005.2647609650344,-1322.303119334264,2401.9934015249255,-33.401486165969004,1.0000900506938368
16,149,2,149.2,2.4017771198288433,-2163.874835735567,-1130.5138810897672,2441.3963095053364,-152.4152353427127,1.0164957811236526
16,149,3,149.3,2.4017771198288433,127.00118465053954,2422.072520785218,2425.399883904817,86.99844907645823,1.0098355354795192
16,1,1,1.1,2.4017771198288433,1970.8778994322008,-1329.250397688711,2377.2392210768103,-33.99753168609222,0.9897834405409851
16,1,2,1.2,2.4017771198288433,-2167.7740102529056,-1116.6410613269256,2438.469072875292,-152.74657251892822,1.0152770016599473
16,1,3,1.3,2.4017771198288433,141.9827520790493,2404.2879698598213,2408.4766438353936,86.62038171209534,1.0027894028764117
16,2,1,2.1,2.4017771198288433,-2167.333502702106,-1116.1962731667936,2437.8737933220455,-152.75112473204007,1.0150291520371275
16,3,1,3.1,2.4017771198288433,143.10246284346502,2399.985797559959,2404.2483530952823,86.5877002290476,1.001028918647795
16,7,1,7.1,2.4017771198288433,1945.6450869305427,-1333.6845886608135,2358.8661230193466,-34.42953322052657,0.9821336474332995
16,7,2,7.2,2.4017771198288433,-2171.161900974359,-1105.716073036653,2436.5040600036336,-153.01144365101678,1.0144588521091686
16,7,3,7.3,2.4017771198288433,151.69535376126078,2393.4217044321545,2398.2241212196313,86.37343746887854,0.9985206793003902
16,4,1,4.1,2.4017771198288433,143.46840999854368,2398.5801608444335,2402.8670318317695,86.57699482051363,1.0004537939819345
16,5,1,5.1,2.4017771198288433,143.96335364866272,2396.6770710944966,2400.996965908925,86.56249334387111,0.9996751763877351
16,6,1,6.1,2.4017771198288433,144.4016190690783,2394.9923681635455,2399.341632855021,86.54963428154423,0.9989859646202326
16,8,1,8.1,2.4017771198288433,1929.2793889922114,-1336.5993702944932,2347.044276843067,-34.7141090064955,0.9772115228620062
16,8,2,8.2,2.4017771198288433,-2173.2186864216283,-1098.3938738561756,2435.025371764517,-153.1869339178768,1.0138431878883263
16,8,3,8.3,2.4017771198288433,158.33146784597483,2386.1956744817553,2391.442796854171,86.20381238374353,0.995697218160106
16,12,1,12.1,2.4017771198288433,-2172.6470509842306,-1097.8255328973378,2434.2588417897955,-153.19280365585576,1.0135240367196383
16,9,1,9.1,2.4017771198288433,1925.4457631462346,-1335.4451010747493,2343.2360113318364,-34.74429120931281,0.9756259196518706
16,13,1,13.1,2.4017771198288433,1907.9305205302708,-1340.9762056134887,2332.041177850953,-35.1012096236924,0.9709648570626487
16,13,2,13.2,2.4017771198288433,-2175.1179648841885,-1087.731134955982,2431.9328081002905,-153.43132113913956,1.0125555731306142
16,13,3,13.3,2.4017771198288433,169.35561528687245,2375.2413337433727,2381.2712398952353,85.92169069661237,0.9914622053127605
16,9r,1,9r.1,2.4017771198288433,1925.438402315752,-1335.4489804894324,2343.2321738578316,-34.74447173002037,0.9756243218874598
16,14,1,14.1,2.4017771198288433,1921.2307950426252,-1334.181757639051,2339.052955842801,-34.777704723468105,0.9738842694985319
16,34,1,34.1,2.4017771198288433,170.00174708801833,2372.631098773921,2378.713712257556,85.90169533521265,0.9903973572814571
16,18,1,18.1,2.4017771198288433,1856.1459216314286,-1353.9171349053677,2297.470193621529,-36.10790387512584,0.9565709385162484
16,18,2,18.2,2.4017771198288433,-2180.9574587742795,-1050.5234227052172,2420.779812092675,-154.28081679556118,1.0079119299234502
16,18,3,18.3,2.4017771198288433,189.19368293140553,2345.4272820532924,2353.0455552455937,85.38822642069918,0.9797102053388191
16,11,1,11.1,2.4017771198288433,1919.6069536280193,-1333.692781775884,2337.440329201612,-34.790563785794994,0.9732128389032966
16,10,1,10.1,2.4017771198288433,1920.379558070946,-1333.925226734684,2338.2074667522425,-34.784439280359166,0.9735322430412982
16,15,1,15.1,2.4017771198288433,170.2662687509889,2371.5609523986045,2377.665231527803,85.89349432093329,0.9899608135567722
16,16,1,16.1,2.4017771198288433,170.92746101296876,2368.8849385085928,2375.043588825519,85.87296167564992,0.9888692706818568
16,17,1,17.1,2.4017771198288433,170.5749026488475,2370.312983554896,2376.442601331363,85.88391764309971,0.9894517612444882
16,19,1,19.1,2.4017771198288433,1852.7418043756825,-1352.8016797120165,2294.0628976366174,-36.135499181054655,0.9551522823233899
16,20,1,20.1,2.4017771198288433,1850.5843506524682,-1352.0948159621985,2291.90375675587,-36.153032702889504,0.9542533059517182
16,21,1,21.1,2.4017771198288433,1856.1459099867334,-1353.9171126379156,2297.470171091296,-36.10790359761475,0.9565709291355975
16,21,2,21.2,2.4017771198288433,-2180.957489967297,-1050.5234209956454,2420.779839453569,-154.2808171524025,1.0079119413153872
16,21,3,21.3,2.4017771198288433,189.19367799659634,2345.427272599273,2353.045545425405,85.38822652196181,0.9797102012501014
16,22,1,22.1,2.4017771198288433,-2181.005293113954,-1050.4800654684875,2420.804092969475,-154.28223262324542,1.0079220394696689
16,23,1,23.1,2.4017771198288433,1854.710965424147,-1354.8052584776126,2296.8347902413793,-36.146897584988025,0.9563063830023735
16,23,2,23.2,2.4017771198288433,-2182.1049800764126,-1052.291533504216,2422.58118864135,-154.25492001755964,1.008661948121976
16,23,3,23.3,2.4017771198288433,188.70282302182707,2344.3001244290253,2351.882613740395,85.39793802831653,0.9792260049125607
16,24,1,24.1,2.4017771198288433,188.83989702223693,2343.9970614664344,2351.5915314677095,85.39401657497307,0.9791048103727834
16,25,1,25.1,2.4017771198288433,1853.096295111521,-1355.7535786432525,2296.090948756175,-36.18977292059969,0.9559966783761351
16,25,2,25.2,2.4017771198288433,-2183.3939110981673,-1054.2117308766697,2424.576528909437,-154.22727807417584,1.0094927247380134
16,25,3,25.3,2.4017771198288433,188.08890156103723,2343.1317570001775,2350.6688123921617,85.41056872482852,0.9787206285651003
16,25r,1,25r.1,2.4017771198288433,1876.2547663459093,-1372.7030849814987,2324.7893899778246,-36.18990051381466,0.9679455145044829
16,25r,2,25r.2,2.4017771198288433,185.74272920637088,2313.8395152001635,2321.282762516182,85.4104410971164,0.9664855008201605
16,26,1,26.1,2.4017771198288433,1875.0616906766593,-1373.2519022367314,2324.1508408104696,-36.21818658185288,0.9676796492157834
16,26,2,26.2,2.4017771198288433,186.10665604897707,2312.482908142406,2319.959673760837,85.39880116060377,0.9659346217463189
16,28,1,28.1,2.4017771198288433,1852.5241483331918,-1356.0987548553624,2295.83308475984,-36.20515632392836,0.9558893145436604
16,28,2,28.2,2.4017771198288433,-2184.180752300784,-1055.3140125480295,2425.7644617318974,-154.21191317202155,1.0099873305083211
16,28,3,28.3,2.4017771198288433,187.5147340898563,2343.088443536072,2350.5797645970415,85.42443480231599,0.9786835527705209
16,27,1,27.1,2.4017771198288433,1873.8598988438898,-1373.3224138854573,2323.223057085869,-36.23710198596768,0.9672933586990903
16,27,2,27.2,2.4017771198288433,185.68207442190004,2312.448643325443,2319.891497630719,85.40918563135041,0.9659062360441008
16,31,1,31.1,2.4017771198288433,186.49317886256782,2310.8570206955897,2318.3700903566632,85.38605610888693,0.9652727853956224
16,33,1,33.1,2.4017771198288433,1870.500179868551,-1372.2144376120839,2319.8584839768414,-36.26408093847799,0.9658924905330768
16,29,1,29.1,2.4017771198288433,1852.3269632269732,-1356.5903099720738,2295.964382957146,-36.21796103894466,0.9559439816467076
16,29,2,29.2,2.4017771198288433,-2184.6136819066246,-1056.3361089165805,2426.599042729277,-154.1946304183886,1.0103348152896894
16,29,3,29.3,2.4017771198288433,187.49327869766344,2342.4928612692534,2349.9843690233797,85.42379784307589,0.9784356548416305
16,250,1,250.1,2.4017771198288433,1853.509316514048,-1357.1039181349993,2297.2217635704524,-36.21087178046407,0.9564675025858179
16,250,2,250.2,2.4017771198288433,-2184.5646967254,-1057.4706484612266,2427.0490490585366,-154.17001462327067,1.0105221791901715
16,250,3,250.3,2.4017771198288433,188.10734025748297,2341.9009127723452,2349.443392955593,85.40771872707008,0.9782104149293505
16,32,1,32.1,2.4017771198288433,186.75070631733038,2309.7733427832086,2317.310665694598,85.37755399194319,0.9648316850731492
16,35,1,35.1,2.4017771198288433,1835.0033736540167,-1358.1143678934802,2282.91743556361,-36.50571552268077,0.9505117759329378
16,35,2,35.2,2.4017771198288433,-2177.5648483577347,-1031.8493391899053,2409.6683853986815,-154.64584635367396,1.0032855944478314
16,35,3,35.3,2.4017771198288433,202.0566763951009,2338.8359962355976,2347.5478094733653,85.0623638540548,0.9774211728857911
16,42,1,42.1,2.4017771198288433,1827.7919979094788,-1358.6914110978448,2277.4691958867365,-36.6253124438449,0.9482433557569383
16,42,2,42.2,2.4017771198288433,-2176.415967628912,-1026.3963373619897,2406.299213626643,-154.751465985021,1.0018828115899954
16,42,3,42.3,2.4017771198288433,206.63672780293172,2334.231225940113,2343.3595868818306,84.94110523958749,0.9756773713660926
16,44,1,44.1,2.4017771198288433,1824.9154155706415,-1358.919084668345,2275.297200952706,-36.67312816571116,0.94733902749263
16,44,2,44.2,2.4017771198288433,-2175.9558139282817,-1024.2216456018325,2404.95606685187,-154.79365023156825,1.0013235811919357
16,44,3,44.3,2.4017771198288433,208.46204835740275,2332.3929416490555,2341.6902570279653,84.89265161063047,0.9749823319138122
16,151,1,151.1,2.4017771198288433,1823.9667727212907,-1359.5541978181582,2274.9159115880075,-36.70022748433688,0.9471802744753117
16,151,2,151.2,2.4017771198288433,-2178.163918171151,-1022.8962218863032,2406.3903954204884,-154.8445938553891,1.0019207758927997
16,151,3,151.3,2.4017771198288433,208.54427527613717,2335.4419696829727,2344.734507040644,84.89728295951465,0.9762498308784521
16,52,1,52.1,2.4017771198288433,1601.5975433314347,-1245.9659575971307,2029.173688548179,-37.881201590119346,0.8448634437373536
16,52,2,52.2,2.4017771198288433,-2334.4556801692966,-1038.0105165867403,2554.8285960548046,-156.0277835759283,1.0637242627396117
16,52,3,52.3,2.4017771198288433,209.06612188550255,2112.774926655919,2123.093623471694,84.34878881100833,0.8839677944900196
16,53,1,53.1,2.4017771198288433,1602.3897147679509,-1245.9421070839715,2029.784356082922,-37.866939947406244,0.8451177002750236
16,53,2,53.2,2.4017771198288433,-2334.1030769883196,-1037.96441724958,2554.4876796497965,-156.02551511663918,1.0635823193418696
16,53,3,53.3,2.4017771198288433,209.3461570114375,2112.789477661033,2123.1356975875656,84.34130706973905,0.8839853124002054
16,54,1,54.1,2.4017771198288433,1603.380099817099,-1245.9121793572995,2030.5479317564375,-37.84911944902427,0.8454356213956853
16,54,2,54.2,2.4017771198288433,-2333.662273981715,-1037.906726746124,2554.061468021152,-156.02267960358066,1.0634048625640837
16,54,3,54.3,2.4017771198288433,209.69626524788967,2112.8077259132065,2123.1884066981547,84.33195374144022,0.884007258279427
16,55,1,55.1,2.4017771198288433,1602.9709232928392,-1245.6835672958593,2030.0845624636515,-37.85111047862562,0.8452426937135284
16,55,2,55.2,2.4017771198288433,-2333.623741748713,-1037.4297901531388,2553.8324803225546,-156.03210511902637,1.0633095216197859
16,55,3,55.3,2.4017771198288433,209.6097131669939,2113.0038389205033,2123.3750151932027,84.33480043054783,0.8840849542877316
16,57,1,57.1,2.4017771198288433,1606.6503673575405,-1246.0717517485316,2033.229011556685,-37.7961252215313,0.8465519114036602
16,57,2,57.2,2.4017771198288433,-2332.7845253443497,-1038.5071831586727,2553.5036344517357,-156.00236558093223,1.06317260388995
16,57,3,57.3,2.4017771198288433,210.89301709771075,2112.595124378093,2123.095387448869,84.29924835346107,0.883968528936676
16,56,1,56.1,2.4017771198288433,1603.0627121389075,-1245.4392912569172,2030.0071643362942,-37.84407681114547,0.8452104683555973
16,56,2,56.2,2.4017771198288433,-2333.362244523367,-1036.923443413052,2553.3878654968785,-156.04010375617858,1.0631244025169326
16,56,3,56.3,2.4017771198288433,209.70024800649105,2113.209354274524,2123.588465076822,84.33291704359925,0.8841738259327553
16,58,1,58.1,2.4017771198288433,-2331.486112385029,-1037.3349749251206,2551.8407752928388,-156.01455341500358,1.0624802585656614
16,60,1,60.1,2.4017771198288433,1613.1714377715068,-1247.4543251493026,2039.231321104963,-37.71453343097703,0.8490510232066345
16,60,2,60.2,2.4017771198288433,-2332.3428840680594,-1042.7043185131643,2554.8102913345474,-155.9123459692974,1.0637166414161734
16,60,3,60.3,2.4017771198288433,212.94516890949902,2110.7757834421145,2121.4900548735945,84.23921854091232,0.8833001352868152
16,59,1,59.1,2.4017771198288433,-2330.8523915793667,-1036.7635377920517,2551.029498972198,-156.02049365425157,1.062142476881448
16,61,1,61.1,2.4017771198288433,1613.1714599114182,-1247.4543741308412,2039.231368582512,-37.714534139131786,0.8490510429743093
16,61,2,61.2,2.4017771198288433,-2332.342947639728,-1042.7043134900794,2554.810347320441,-155.91234665401439,1.0637166647263687
16,61,3,61.3,2.4017771198288433,212.94519377593844,2110.7758316483723,2121.4901053323697,84.23921800340874,0.8833001562957484
16,62,1,62.1,2.4017771198288433,1612.213354305385,-1246.4217733000987,2037.8417840345662,-37.70804616470958,0.8484724778208346
16,62,2,62.2,2.4017771198288433,-2329.0789678261776,-1042.2010614181424,2551.6253429513035,-155.89275027384824,1.0623905615076967
16,62,3,62.3,2.4017771198288433,212.63753083366328,2106.0025929558838,2116.710098491511,84.23453501940246,0.8813099604522642
16,63,1,63.1,2.4017771198288433,1611.5929975614004,-1245.3976375095108,2036.724641502432,-37.69592722762768,0.848007346180221
16,63,2,63.2,2.4017771198288433,-2326.764679129851,-1041.515597322213,2549.2329457136093,-155.88556744135028,1.061394466900107
16,63,3,63.3,2.4017771198288433,212.53632590163045,2103.6181133874097,2114.3275188105013,84.23077251730477,0.8803179534665455
16,64,1,64.1,2.4017771198288433,1611.9254856880218,-1244.6127028864676,2036.5079306491598,-37.67273329805147,0.8479171168031971
16,64,2,64.2,2.4017771198288433,-2321.5759118698834,-1040.5668247090412,2544.1096735910455,-155.8573272818187,1.059261349684414
16,64,3,64.3,2.4017771198288433,212.81278739697157,2098.4258197503673,2109.1894659974646,84.20912212707412,0.8781786821867013
16,65,1,65.1,2.4017771198288433,1610.7690098023572,-1244.4343792640466,2035.4836592893491,-37.68865506640213,0.8474906528522526
16,65,2,65.2,2.4017771198288433,-2319.867578129082,-1041.4010074393611,2542.892376478055,-155.82443224014466,1.0587545178460473
16,65,3,65.3,2.4017771198288433,211.58721181517376,2091.3447969570175,2102.0209818084377,84.22288335881493,0.87519402381443
16,66,1,66.1,2.4017771198288433,1610.610844438614,-1245.5624554212363,2036.0484087020732,-37.716497300683976,0.8477257909956137
16,66,2,66.2,2.4017771198288433,-2319.944914275528,-1042.6466349610153,2543.4732966297124,-155.79954694067374,1.0589963888118672
16,66,3,66.3,2.4017771198288433,211.25409009198358,2087.766030759786,2098.4268607161566,84.22209686169299,0.8736975814249142
16,67,1,67.1,2.4017771198288433,1778.3384589309787,-1372.7923740926444,2246.563281298777,-37.666426306190374,0.9353754196221474
16,67,2,67.2,2.4017771198288433,-2174.0051034977664,-975.8455236357756,2382.975592832271,-155.82612202811603,0.9921718269187642
16,67,3,67.3,2.4017771198288433,233.32708898249246,2324.21181602137,2335.894281894281,84.26729666761517,0.9725691291707961
16,68,1,68.1,2.4017771198288433,1774.3074343639905,-1371.344371219344,2242.4879611971846,-37.7000757456807,0.9336786259988146
16,97,1,97.1,2.4017771198288433,1783.8322873563804,-1370.8305504777588,2249.7186551963005,-37.54137792092344,0.9366891859460386
16,97,2,97.2,2.4017771198288433,-2173.1618721755763,-981.8171408090592,2384.658763987865,-155.68692832050914,0.9928726293128322
16,97,3,97.3,2.4017771198288433,230.54129478366343,2324.187022453848,2335.59298764648,84.33523406732597,0.9724436827897338
16,69,1,69.1,2.4017771198288433,1769.6916718799093,-1369.6853786205465,2237.821853930294,-37.73873775179381,0.931735853195973
16,70,1,70.1,2.4017771198288433,1766.421943969278,-1368.5092021087967,2234.516484699242,-37.766203207893305,0.9303596350599257
16,71,1,71.1,2.4017771198288433,1764.578107719538,-1367.845727947989,2232.6526451081972,-37.781722783208664,0.929583609851068
16,72,1,72.1,2.4017771198288433,1778.3383861732448,-1372.7924083925216,2246.563244664481,-37.66642813253247,0.9353754043691517
16,72,2,72.2,2.4017771198288433,-2174.0050742300596,-975.8454438316684,2382.975533450789,-155.82612349047187,0.9921718021947873
16,72,3,72.3,2.4017771198288433,233.32715368132693,2324.211750554159,2335.8942232171084,84.2672949281919,0.9725691047400644
16,73,1,73.1,2.4017771198288433,234.22804580847858,2320.203608079887,2331.9964752096403,84.2354345250472,0.970946244743902
16,76,1,76.1,2.4017771198288433,1777.9957704901647,-1374.2280129648384,2247.169684625129,-37.700740748406126,0.9356279007209745
16,76,2,76.2,2.4017771198288433,-2175.3269230841447,-972.6845494223733,2382.88951799695,-155.90847679277942,0.9921359889408725
16,76,3,76.3,2.4017771198288433,235.04751804085646,2326.4710725593222,2338.3145612155117,84.23088142670031,0.9735768327171616
16,74,1,74.1,2.4017771198288433,234.8204119145132,2317.6601937073838,2329.525573877104,84.21465544422577,0.9699174642995648
16,75,1,75.1,2.4017771198288433,234.92371647011927,2317.396044047304,2329.273186538287,84.2114723188857,0.9698123807192721
16,86,1,86.1,2.4017771198288433,1778.3970211670912,-1373.371162967736,2246.9633544335643,-37.67719649396873,0.9355419934193097
16,86,2,86.2,2.4017771198288433,-2175.6013778628785,-966.2741472794241,2380.5308406024556,-156.05202267390035,0.9911539338721397
16,86,3,86.3,2.4017771198288433,235.45559209442163,2332.0181294214954,2343.874546941253,84.23458686565692,0.975891779295609
16,78,1,78.1,2.4017771198288433,1779.1084145754103,-1378.5840598872662,2250.715610864306,-37.771157777710314,0.9371042767801443
16,78,2,78.2,2.4017771198288433,-2180.430981584362,-970.980565306226,2386.85620087498,-155.99583021498646,0.9937875505471854
16,78,3,78.3,2.4017771198288433,239.02273966830865,2328.853084188128,2341.0870461841228,84.13994461229628,0.9747311800317902
16,79,1,79.1,2.4017771198288433,1778.1998564063347,-1378.6134668053644,2250.015515542196,-37.78592077012705,0.9368127862349434
16,79,2,79.2,2.4017771198288433,-2180.75216887115,-970.9980251895661,2387.156716044898,-155.99858345077433,0.9939126725526526
16,79,3,79.3,2.4017771198288433,238.6184870852066,2328.7992877942725,2340.992290719887,84.14965255864136,0.9746917278014173
16,80,1,80.1,2.4017771198288433,1780.996876746995,-1383.2882978140378,2255.0912154171965,-37.83624691531592,0.9389260963473164
16,80,2,80.2,2.4017771198288433,-2184.950864914642,-970.121536998576,2390.6371700113173,-156.05870549964237,0.9953617886832398
16,80,3,80.3,2.4017771198288433,243.67406990101628,2329.883118941274,2342.590958803872,84.0293476107242,0.9753573466345666
16,81,1,81.1,2.4017771198288433,1781.5736119439537,-1385.2745269388752,2256.7653953747053,-37.86709096978636,0.9396231551808305
16,81,2,81.2,2.4017771198288433,-2186.9701256002118,-970.5039687321525,2392.6379340787576,-156.06995778621257,0.9961948235435197
16,81,3,81.3,2.4017771198288433,245.26410009300284,2329.9835858701717,2342.8568008350094,83.99092910500823,0.9754680321885851
16,82,1,82.1,2.4017771198288433,1781.905019252353,-1387.5090691871367,2258.3991929491303,-37.906683564993884,0.94030340047126
16,82,2,82.2,2.4017771198288433,-2190.2491008762554,-970.5087616632537,2395.6373641171963,-156.10166274350962,0.9974436613368669
16,82,3,82.3,2.4017771198288433,246.62158844500257,2331.5605933958077,2344.567552569844,83.96197195132217,0.9761803179875923
16,84,1,84.1,2.4017771198288433,246.82650227925868,2322.5741507742646,2335.652801268247,83.93378472164699,0.9724685866916292
16,83,1,83.1,2.4017771198288433,1783.3522749125361,-1389.710649978344,2260.893855778937,-37.92817147106566,0.941342074213803
16,83,2,83.2,2.4017771198288433,-2193.1335696378987,-970.4932308576616,2398.2685348837012,-156.12991899150322,0.998539171301044
16,83,3,83.3,2.4017771198288433,248.47569748932335,2333.2022473163747,2346.3957251761663,83.92116499455594,0.9769414929489278
16,85,1,85.1,2.4017771198288433,247.55882074425736,2319.0980432364795,2332.2738055107416,83.90687053541782,0.9710617135352448
16,87,1,87.1,2.4017771198288433,1777.4808008123734,-1373.071638635067,2246.0551467140303,-37.685434572118204,0.9351638535361224
16,87,2,87.2,2.4017771198288433,-2175.6518751864105,-962.4008452964578,2379.0074545972907,-156.13777014998576,0.9905196593624078
16,87,3,87.3,2.4017771198288433,236.08747707378973,2334.049325510884,2345.9589831770036,84.22421572434203,0.9767596517632671
16,88,1,88.1,2.4017771198288433,1776.462388426648,-1373.8579649817582,2245.7302432479123,-37.71719504555423,0.9350285772594705
16,89,1,89.1,2.4017771198288433,1777.3713997729678,-1372.2125917845322,2245.4434951213852,-37.66979420588556,0.9349091872777109
16,89,2,89.2,2.4017771198288433,-2176.025792182266,-960.7514652320837,2378.6827502187116,-156.17774660873175,0.9903844659775186
16,89,3,89.3,2.4017771198288433,236.5148630708646,2335.3589003368343,2347.304938399759,84.21705343304868,0.9773200514821433
16,90,1,90.1,2.4017771198288433,-2176.426558204145,-958.9094753528582,2378.3061083842495,-156.2222409434519,0.9902276479983012
16,91,1,91.1,2.4017771198288433,1777.4956759909196,-1371.81344980016,2245.2979800505395,-37.659794023099195,0.93484860086041
16,91,2,91.2,2.4017771198288433,-2175.7580767796812,-960.2700443719904,2378.2434204240326,-156.18575165201813,0.990201547341542
16,91,3,91.3,2.4017771198288433,237.10517452391005,2336.104287032595,2348.106067382409,84.20455527193049,0.9776536082372793
16,92,1,92.1,2.4017771198288433,239.26195574400128,2335.315083905476,2347.53973865894,84.15023932366255,0.9774178125346751
16,94,1,94.1,2.4017771198288433,1775.2911053907783,-1370.811140850174,2242.940412217535,-37.67393186614391,0.9338670077668875
16,95,1,95.1,2.4017771198288433,1777.3521331085033,-1371.038626448766,2244.711010415342,-37.64637589096539,0.9346042111415008
16,95,2,95.2,2.4017771198288433,-2175.2866538766957,-958.6141303302011,2377.143890765302,-156.2176777299114,0.9897437489681403
16,95,3,95.3,2.4017771198288433,236.86594188321376,2337.3208425669627,2349.292275457049,84.21335597534528,0.9781474958944008
16,96,1,96.1,2.4017771198288433,-2174.7389362981444,-958.1247002463657,2376.445324907218,-156.2231505606436,0.9894528952280841
16,98,1,98.1,2.4017771198288433,1783.0708740259004,-1370.8223666425952,2249.109980122603,-37.553031809968964,0.936435758986196
16,98,2,98.2,2.4017771198288433,-2172.715628678796,-981.1203865570469,2383.965271563943,-155.6977731056863,0.9925838879395398
16,98,3,98.3,2.4017771198288433,230.87908635321966,2323.7260780308225,2335.1676681206013,84.32587011209024,0.9722665974463989
16,99,1,99.1,2.4017771198288433,1783.9702540577177,-1370.7374682500827,2249.7713382091533,-37.53735728426306,0.9367111209592495
16,99,2,99.2,2.4017771198288433,-2170.9594372857837,-979.6770330252344,2381.7707629781107,-155.71203092514398,0.9916701859279273
16,99,3,99.3,2.4017771198288433,232.49539422720076,2322.8796519393554,2334.485807566789,84.28434115334532,0.9719826990995527
16,100,1,100.1,2.4017771198288433,1784.258618449993,-1371.1279128738745,2250.237892084956,-37.54076694603147,0.9369053745691913
16,100,2,100.2,2.4017771198288433,-2170.5998402450173,-980.111358336512,2381.621704052081,-155.6989486308548,0.9916081239968684
16,100,3,100.3,2.4017771198288433,233.16457523165244,2321.845815474433,2333.523882453122,84.26546417016182,0.9715821935298538
16,450,1,450.1,2.4017771198288433,1784.2586714010179,-1371.1280220770968,2250.238000611219,-37.5407683292598,0.936905419755009
16,450,2,450.2,2.4017771198288433,-2170.5999785909976,-980.1113616257873,2381.6218314936555,-155.6989499284143,0.9916081770582342
16,450,3,450.3,2.4017771198288433,233.16464672827865,2321.845914245924,2333.5239878742227,84.26546266578868,0.9715822374228111
16,197,1,197.1,2.4017771198288433,1783.8324224295668,-1370.830664814879,2249.7188319671727,-37.54137813370153,0.9366892595460704
16,197,2,197.2,2.4017771198288433,-2173.1620163002003,-981.8172167318633,2384.658926589095,-155.68692808384867,0.9928726970132148
16,197,3,197.3,2.4017771198288433,230.54128382802068,2324.1871613507897,2335.5931247837057,84.33523467110582,0.9724437398879651
16,105,1,105.1,2.4017771198288433,1775.752552717836,-1372.6465298545866,2244.4276830421045,-37.70381731106295,0.9344862454189955
16,105,2,105.2,2.4017771198288433,-2169.6170530318864,-974.1213443278399,2378.266290868591,-155.82072658169704,0.9902110696424955
16,105,3,105.3,2.4017771198288433,235.59456808398156,2319.106267776422,2331.042402392235,84.19930689107699,0.9705490085434535
16,108,1,108.1,2.4017771198288433,1770.762458110124,-1373.7639656000745,2241.1664633028604,-37.804440216337944,0.9331284092932701
16,108,2,108.2,2.4017771198288433,-2167.4240607363763,-969.3699570250155,2374.32204484599,-155.90364957447105,0.9885688498086743
16,108,3,108.3,2.4017771198288433,238.71334547931107,2315.9663082687157,2328.236242812518,84.11513987544825,0.9693806405227284
16,300,1,300.1,2.4017771198288433,1823.9665705591615,-1359.5539895688983,2274.915625044159,-36.70022632198593,0.9471801551703828
16,300,2,300.2,2.4017771198288433,-2178.163661883457,-1022.8961313147889,2406.390124939909,-154.8445932134774,1.0019206632759474
16,300,3,300.3,2.4017771198288433,208.5442420080591,2335.4417242310537,2344.7342596025746,84.8972832357718,0.9762497278555415
16,135,1,135.1,2.4017771198288433,1856.1456602680084,-1353.916847168735,2297.4698128983305,-36.107901918903934,0.9565707799989592
16,135,2,135.2,2.4017771198288433,-2180.9571092213346,-1050.5233180985151,2420.779451774117,-154.28081543584568,1.0079117799018038
16,135,3,135.3,2.4017771198288433,189.19361375795782,2345.4269466303676,2353.0452153468377,85.38822744290222,0.9797100638191281
16,152,1,152.1,2.4017771198288433,1601.5975569228356,-1245.9659833513456,2029.1737150894403,-37.88120192844197,0.8448634547880297
16,152,2,152.2,2.4017771198288433,-2334.4557147841906,-1038.0105131834405,2554.8286263011682,-156.02778396107036,1.0637242753329383
16,152,3,152.3,2.4017771198288433,209.0661360253391,2112.7749510903755,2123.0936491797775,84.34878849620596,0.8839678051937953
16,160r,1,160r.1,2.4017771198288433,1774.5152511139322,-1372.1898510890765,2243.169490668907,-37.71391655069299,0.9339623864968625
16,160r,2,160r.2,2.4017771198288433,-2171.9951127541854,-971.0420221996181,2379.1774584308732,-155.91183443948213,0.9905904418809767
16,160r,3,160r.3,2.4017771198288433,234.2196470248769,2321.868613517759,2333.652223766716,84.23974563431885,0.9716356295096266
16,160,1,160.1,2.4017771198288433,1613.171469364957,-1247.4544090522943,2039.231397423329,-37.71453475282851,0.8490510549824248
16,160,2,160.2,2.4017771198288433,-2332.342972022432,-1042.7043159208067,2554.8103705720137,-155.91234682742467,1.0637166744073554
16,160,3,160.3,2.4017771198288433,212.9452166894504,2110.7758468039406,2121.490122711348,84.23921742878608,0.8833001635316313
16,61s,1,61s.1,2.4017771198288433,1613.1714599114252,-1247.4543741308314,2039.2313685825115,-37.714534139131445,0.8490510429743091
16,61s,2,61s.2,2.4017771198288433,-2332.3429476397223,-1042.7043134900923,2554.810347320441,-155.91234665401407,1.0637166647263687
16,61s,3,61s.3,2.4017771198288433,212.94519377592604,2110.775831648374,2121.4901053323706,84.23921800340908,0.8833001562957488
16,610,1,610.1,0.24017771198288432,205.60540843993283,-137.0377012596479,247.0888818750858,-33.6837833180149,1.0287752341178684
16,610,2,610.2,0.24017771198288432,-249.64624994221253,-113.4126964040716,274.20009083851846,-155.56800510055896,1.1416550210872967
16,610,3,610.3,0.24017771198288432,44.04083909493793,250.45039521000146,254.29313000754098,80.0266985579822,1.0587707240114876
16,x1,1,x1.1,0.24017771198288432,191.2488788551227,-132.0780708363549,232.42364436346529,-34.62928196624556,0.9677152906678884
16,x2,1,x2.1,0.24017771198288432,-213.27537085994766,-107.02831288939039,238.62406327819804,-153.35105764091495,0.9935312536210812
16,x4,1,x4.1,0.24017771198288432,16.563720246376285,234.4608918675183,235.04524382278476,85.95899708118542,0.9786305393713414
16,x5,1,x5.1,0.24017771198288432,16.567103898135073,234.3812153281671,234.9660039884073,85.95680487790533,0.9783006176907522
16,x6,1,x6.1,0.24017771198288432,16.56468903989065,234.3241710117872,234.90893138267342,85.95641139308306,0.9780629911213977
16,x7,1,x7.1,0.24017771198288432,188.6851078605121,-132.46955715701105,230.54338746038175,-35.07142031598254,0.9598866837269683
16,x9,1,x9.1,0.24017771198288432,186.62960173123182,-132.6062247884943,228.94326610541503,-35.39499606987666,0.9532244445801454
16,x10,1,x10.1,0.24017771198288432,186.3946606607131,-132.49530927616075,228.68750841051175,-35.406436881977136,0.9521595760176473
16,x11,1,x11.1,0.24017771198288432,186.5782372831359,-132.5148056468824,228.84844841797198,-35.38378667425616,0.9528296632048868
16,x12,1,x12.1,0.24017771198288432,-213.76602043163052,-105.21115469387968,238.25469263625376,-153.7945555090763,0.991993348047351
16,x16,1,x16.1,0.24017771198288432,19.268274567784307,231.3982716623302,232.19910967342895,85.24002584994794,0.9667804216986464
16,x17,1,x17.1,0.24017771198288432,19.232791069482822,231.5448626168091,232.34225542625555,85.25174567092465,0.9673764210178373
16,x19,1,x19.1,0.24017771198288432,179.47155938763058,-134.2143696123119,224.10608568144258,-36.790273748172794,0.9330844391481794
16,x20,1,x20.1,0.24017771198288432,179.53847224855534,-134.19606249130845,224.14871448553177,-36.776282855301545,0.9332619277408437
16,x22,1,x22.1,0.24017771198288432,-214.5859766180522,-100.6315350676856,237.01022596335812,-154.87545551170658,0.986811906927684
16,x24,1,x24.1,0.24017771198288432,21.034709093335533,228.83412712528155,229.79886145024906,84.74806172557389,0.9567867873877702
16,x28,1,x28.1,0.24017771198288432,179.72339460957275,-134.58958917676907,224.532527899099,-36.82846554488887,0.9348599670026824
16,x29,1,x29.1,0.24017771198288432,179.96829349086997,-134.68828179150216,224.7877218932631,-36.81118392740582,0.9359224885499869
16,x30,1,x30.1,0.24017771198288432,20.964745152975,228.61970628585829,229.57894206908722,84.76055094115098,0.9558711346431995
16,x31,1,x31.1,0.24017771198288432,20.7994045984974,225.51748714027036,226.4746172040346,84.73053635715424,0.9429460183223569
16,x32,1,x32.1,0.24017771198288432,20.823247117738706,225.41161533888712,226.37138500749785,84.72206618821467,0.9425162024344276
16,x33,1,x33.1,0.24017771198288432,181.46102929102855,-136.18412175411265,226.8793074947526,-36.88774703012631,0.9446309802090237
16,x34,1,x34.1,0.24017771198288432,19.04828318951372,232.10904534929412,232.88934287645836,85.30847244675148,0.96965426539268
16,x52,1,x52.1,0.24017771198288432,155.1294751227286,-123.51388227211186,198.29481376420912,-38.526756908913825,0.8256170488389869
16,x53,1,x53.1,0.24017771198288432,155.20672335318827,-123.51238241805598,198.35431829082324,-38.512519284533056,0.82586480091441
16,x55,1,x55.1,0.24017771198288432,155.6686770081098,-123.57771117349017,198.7566041678459,-38.44433336708678,0.827539751823474
16,x56,1,x56.1,0.24017771198288432,-231.56385804716209,-101.59421621472492,252.86993716527576,-156.31145471973534,1.0528451415312672
16,x58,1,x58.1,0.24017771198288432,-231.29182079490104,-101.5328570453097,252.59617460762132,-156.29940887278977,1.0517053082162011
16,x59,1,x59.1,0.24017771198288432,-229.54366836041734,-99.48866005556359,250.17651601221237,-156.56715963941747,1.0416308571964437
16,x60,1,x60.1,0.24017771198288432,156.2557286458918,-123.67138731266441,199.27484732022157,-38.3604825092886,0.8296975005508521
16,x62,1,x62.1,0.24017771198288432,22.95206824618284,205.96280787339882,207.23772741436832,83.64131213094132,0.8628516180932585
16,x63,1,x63.1,0.24017771198288432,156.10451709494018,-123.46884759495735,199.0305920803917,-38.34177850793271,0.8286805234224861
16,x64,1,x64.1,0.24017771198288432,-228.86129036861442,-99.91804375624278,249.72205688977834,-156.4145062028441,1.0397386786146676
16,x65,1,x65.1,0.24017771198288432,90.87032431409501,-217.7885787319978,235.98576411947482,-67.3521017898478,0.9825464743218628
16,x65,2,x65.2,0.24017771198288432,-258.3850350535537,14.397550015875275,258.7858492771307,176.81070273821922,1.0774765366054133
16,x65,3,x65.3,0.24017771198288432,167.51471073945865,203.39102871612252,263.49400159458486,50.524818157747056,1.0970793227198457
16,x66,1,x66.1,0.24017771198288432,22.941459252260398,204.16528882132897,205.45017817495267,83.58873342419473,0.8554090072670589
16,x68,1,x68.1,0.24017771198288432,171.80301787012905,-135.94117602193887,219.0805337941088,-38.35322486648413,0.9121601333670838
16,x69,1,x69.1,0.24017771198288432,171.35524064406042,-135.7742546150408,218.62586011827096,-38.39173624483765,0.9102670614742587
16,x70,1,x70.1,0.24017771198288432,171.03804369339142,-135.65591619003723,218.3037791423247,-38.419094618845996,0.9089260503817339
16,x71,1,x71.1,0.24017771198288432,170.85917290228025,-135.58916319712677,218.12216334281203,-38.434553672653074,0.9081698778042984
16,x73,1,x73.1,0.24017771198288432,25.47386161673209,226.37362310960648,227.80240311603075,83.57950643493696,0.9484743660655096
16,x74,1,x74.1,0.24017771198288432,25.33832979741235,226.66167105051127,228.07354971660482,83.62143255576461,0.949603307624389
16,x75,1,x75.1,0.24017771198288432,25.538428642268585,226.09930044176514,227.5370409356943,83.55562540660453,0.9473695084242837
16,x76,1,x76.1,0.24017771198288432,99.31803037233229,-243.14657967726592,262.64868239873687,-67.7814689517576,1.0935597655183504
16,x76,2,x76.2,0.24017771198288432,-258.6213667268367,27.008126569645878,260.02778741599707,174.03814627792866,1.082647449962082
16,x76,3,x76.3,0.24017771198288432,159.30333635450447,216.13845310762008,268.5021115101914,53.60818840208601,1.1179310073922495
16,x77,1,x77.1,0.24017771198288432,-214.13766401198515,-92.62878711316516,233.31316154594862,-156.6083062463412,0.9714188698848756
16,x79,1,x79.1,0.24017771198288432,172.68890105407309,-136.76921599992593,220.2890714322838,-38.37914365858821,0.9171919809444358
16,x80,1,x80.1,0.24017771198288432,-214.70093876241853,-92.53975208610568,233.79499314917265,-156.68313690983572,0.9734250160807323
16,x82,1,x82.1,0.24017771198288432,172.52284076527107,-137.52776700530129,220.6309526861168,-38.56034138168819,0.9186154321506715
16,x83,1,x83.1,0.24017771198288432,26.85896109603065,227.68814642669204,229.2668659322163,83.27226314316977,0.9545717795352903
16,x84,1,x84.1,0.24017771198288432,26.704467607422554,226.59871474432933,228.16683833102877,83.27874214352853,0.9499917225761919
16,x85,1,x85.1,0.24017771198288432,26.774789399499127,226.25065422123728,227.8294271663022,83.25093408627632,0.9485868829599722
16,x86,1,x86.1,0.24017771198288432,-213.74951619523526,-92.13512745042428,232.76111656374883,-156.68190386701718,0.9691203844107565
16,x87,1,x87.1,0.24017771198288432,-213.7452756033174,-91.75057301996092,232.60526755047766,-156.76847768228356,0.9684714940037972
16,x88,1,x88.1,0.24017771198288432,172.00984241417612,-136.1889283911469,219.39646784686084,-38.37044815100895,0.9134755512305638
16,x90,1,x90.1,0.24017771198288432,-213.9342323274742,-91.54345037559168,232.69735509501203,-156.83369328066834,0.9688549082006187
16,x92,1,x92.1,0.24017771198288432,25.959107698373888,227.91036912907492,229.38398293919076,83.50198511738215,0.9550594059932475
16,x94,1,x94.1,0.24017771198288432,171.8995822982589,-135.89015257105632,219.12462198507234,-38.327095177589,0.9123436982391094
16,x95,1,x95.1,0.24017771198288432,-213.69933717552195,-91.37364221433346,232.41460625522322,-156.84939881398154,0.9676776597479856
16,x96,1,x96.1,0.24017771198288432,-213.64295027735128,-91.32371650626894,232.3431328869613,-156.85525234268533,0.9673800743989046
16,x98,1,x98.1,0.24017771198288432,172.65786625073343,-135.8995441746769,219.72579476506874,-38.20639372826751,0.9148467314099776
16,x99,1,x99.1,0.24017771198288432,-213.31410462537121,-93.45526612358813,232.88794300769308,-156.3412429823303,0.9696484369219458
16,x100,1,x100.1,0.24017771198288432,25.180465660888707,227.07312327335643,228.46500643209262,83.67224128170065,0.9512331704133047
17,sourcebus,1,sourcebus.1,66.39528095680697,66317.26372066884,-104.01952280806832,66317.34529863106,-0.08986912942322638,0.998826186785374
17,sourcebus,2,sourcebus.2,66.39528095680697,-33274.466924441025,-57401.169599500245,66348.20585740289,-120.10012905821286,0.9992909872700938
17,sourcebus,3,sourcebus.3,66.39528095680697,-33042.79678974922,57505.189133529566,66322.49389891539,119.88191117682223,0.9989037314573768
17,150,1,150.1,2.4017771198288433,1941.0850858523652,-1281.219124594509,2325.797445123974,-33.42692825645885,0.9683652266991851
17,150,2,150.2,2.4017771198288433,-2096.606412718159,-1096.463038364499,2366.0071099534794,-152.39176573308754,0.9851068570934205
17,150,3,150.3,2.4017771198288433,123.97356272327295,2345.7675001547213,2349.0412105870837,86.97473868634425,0.9780429629350796
17,150r,1,150r.1,2.4017771198288433,2001.728098510666,-1321.2690975787389,2398.471890305088,-33.42737420269224,0.9986238400322546
17,150r,2,150r.2,2.4017771198288433,-2162.128939032637,-1130.7150188805285,2439.942213029725,-152.39206453558813,1.0158903558893098
17,150r,3,150r.3,2.4017771198288433,127.86366543669128,2419.067604195579,2422.444465949105,86.97435605672977,1.0086050224850733
17,40,1,40.1,2.4017771198288433,1826.3713943295252,-1355.5521753336054,2274.4568956295575,-36.58319557269375,0.9469891593403309
17,40,2,40.2,2.4017771198288433,-2174.7649278370654,-1031.196911769588,2406.8588579709635,-154.6313400396133,1.0021158241954118
17,40,3,40.3,2.4017771198288433,203.02011131438783,2331.799252240383,2340.620626745589,85.02404162446702,0.9745369823959301
17,401,1,401.1,2.4017771198288433,1826.3713943295252,-1355.5521753336054,2274.4568956295575,-36.58319557269375,0.9469891593403309
17,401,2,401.2,2.4017771198288433,-2174.7649278370654,-1031.196911769588,2406.8588579709635,-154.6313400396133,1.0021158241954118
17,401,3,401.3,2.4017771198288433,203.02011131438783,2331.799252240383,2340.620626745589,85.02404162446702,0.9745369823959301
17,101,1,101.1,2.4017771198288433,1774.0333076554584,-1367.6556765540088,2240.017014730328,-37.629711344770264,0.9326498267624255
17,101,2,101.2,2.4017771198288433,-2168.311291670062,-979.5318473367805,2379.2974798311575,-155.68898765940784,0.9906404137952285
17,101,3,101.3,2.4017771198288433,231.37873589127307,2316.517133950369,2328.0437606085234,84.29609180483003,0.9693004989465573
17,1011,1,1011.1,2.4017771198288433,1774.0333076554584,-1367.6556765540088,2240.017014730328,-37.629711344770264,0.9326498267624255
17,1011,2,1011.2,2.4017771198288433,-2168.311291670062,-979.5318473367805,2379.2974798311575,-155.68898765940784,0.9906404137952285
17,1011,3,1011.3,2.4017771198288433,231.37873589127307,2316.517133950369,2328.0437606085234,84.29609180483003,0.9693004989465573
17,30,1,30.1,2.4017771198288433,1847.3343257682404,-1355.0462284775233,2291.024747241452,-36.26058144610193,0.9538873229855385
17,30,2,30.2,2.4017771198288433,-2182.5247666286114,-1059.3399833916849,2426.028762681838,-154.10928621327443,1.0100973744202888
17,30,3,30.3,2.4017771198288433,187.53373124422046,2336.054320377216,2343.569646523746,85.41025306946834,0.975764831455616
17,301,1,301.1,2.4017771198288433,1851.634515238339,-1352.9963952992575,2293.283589902196,-36.15574190391057,0.9548278110275367
17,301,2,301.2,2.4017771198288433,-2182.711107281399,-1063.8351350651412,2428.1624682975103,-154.01578326038572,1.0109857606065242
17,301,3,301.3,2.4017771198288433,183.62106650231777,2338.5804462041865,2345.778165008793,85.51045107079516,0.9766843666059901
17,93,1,93.1,2.4017771198288433,1769.0833400709153,-1367.0263453985297,2235.7139560172104,-37.69439054498699,0.9308582122626486
17,93,2,93.2,2.4017771198288433,-2171.151348641482,-958.2521415450524,2373.2141381433335,-156.18541427100405,0.9881075635829417
17,93,3,93.3,2.4017771198288433,236.02808956973942,2330.847465646346,2342.7674163638044,84.21778035765531,0.9754308162161008
17,931,1,931.1,2.4017771198288433,1773.5405391806855,-1365.03647581497,2238.0282894598695,-37.58430862058651,0.9318218043559999
17,931,2,931.2,2.4017771198288433,-2171.5078024367476,-962.8370227117762,2375.3949710202196,-156.08771205105657,0.989015571598707
17,931,3,931.3,2.4017771198288433,232.16743619102647,2333.455414224246,2344.976735193755,84.31804913747013,0.9763506845967722
17,77,1,77.1,2.4017771198288433,1771.4556328047797,-1373.4977341706713,2241.551044426102,-37.78820284805064,0.9332885328618006
17,77,2,77.2,2.4017771198288433,-2175.135873002793,-970.8356362629659,2381.960935586841,-155.94720083954314,0.9917493658847852
17,77,3,77.3,2.4017771198288433,237.4556842931138,2322.380989009594,2334.4889505234955,84.16198614496416,0.9719840076958752
17,771,1,771.1,2.4017771198288433,1775.9045364264216,-1371.5203518510182,2243.859398010821,-37.678692333002836,0.9342496351912638
17,771,2,771.2,2.4017771198288433,-2175.472086275698,-975.4051677966606,2384.1338132598953,-155.85021373450047,0.9926540616848722
17,771,3,771.3,2.4017771198288433,233.5838889030836,2325.001887687324,2336.706060013691,84.26296652446203,0.9729071197831257
17,149,1,149.1,2.4017771198288433,2001.7277715970954,-1321.2686689801226,2398.4713813617996,-33.42736995981863,0.998623628129458
17,149,2,149.2,2.4017771198288433,-2162.1286007268122,-1130.7149183474594,2439.941866654692,-152.39206294603957,1.0158902116731667
17,149,3,149.3,2.4017771198288433,127.86353039740276,2419.0671700916605,2422.444025322559,86.97435870428826,1.008604839026524
17,1,1,1.1,2.4017771198288433,1966.657402084174,-1328.0479194647912,2373.068185612717,-34.03044002882034,0.988046795025605
17,1,2,1.2,2.4017771198288433,-2165.992318272037,-1117.1862319618112,2437.1351623778487,-152.71599758953195,1.0147216168632354
17,1,3,1.3,2.4017771198288433,142.69390262944702,2400.505181069129,2404.7425380250907,86.59815395470348,1.0012346766782667
17,2,1,2.1,2.4017771198288433,-2165.5133698389914,-1116.7027383601155,2436.4878741361313,-152.72093946627083,1.0144521129878037
17,3,1,3.1,2.4017771198288433,143.90315135748145,2395.8376355595947,2400.155430994919,86.56272636905933,0.9993247962849942
17,7,1,7.1,2.4017771198288433,1940.9655976165377,-1332.2916416860382,2354.219290898238,-34.465961897641414,0.9801988999986833
17,7,2,7.2,2.4017771198288433,-2169.3898122258256,-1106.4761826657732,2435.2703546415178,-152.97658703423005,1.0139451885589872
17,7,3,7.3,2.4017771198288433,152.16914795365432,2389.2662887922206,2394.1071087877194,86.35583096249127,0.9968065267264806
17,4,1,4.1,2.4017771198288433,144.29974852684447,2394.307061407967,2398.6514381487286,86.55107802690026,0.9986985962792678
17,5,1,5.1,2.4017771198288433,144.830635332709,2392.256947391064,2396.637063735702,86.53546077016848,0.9978598946377225
17,6,1,6.1,2.4017771198288433,145.30224572514305,2390.436013901622,2394.8480284082007,86.5215656284299,0.9971150148098936
17,8,1,8.1,2.4017771198288433,1924.3345225256246,-1335.0764574980524,2342.1128286121216,-34.752373800731924,0.9751582731286184
17,8,2,8.2,2.4017771198288433,-2171.4350022676495,-1099.2941242000688,2433.8400811421243,-153.1490784491244,1.0133496822201244
17,8,3,8.3,2.4017771198288433,158.66136976136022,2381.7932131430775,2387.0719177328897,86.18891511210707,0.993877366065923
17,12,1,12.1,2.4017771198288433,-2170.813592148589,-1098.6762838107707,2433.006623185664,-153.15544985110668,1.0130026650262396
17,9,1,9.1,2.4017771198288433,1920.179866765178,-1333.8190514758187,2337.9828876213337,-34.785094089555045,0.9734387376410448
17,13,1,13.1,2.4017771198288433,1902.8571980623642,-1339.2646569844933,2326.906817572535,-35.13856276138716,0.9688271232004894
17,13,2,13.2,2.4017771198288433,-2173.2173814935377,-1088.8725545846569,2430.7441715148357,-153.3872202196539,1.0120606743426954
17,13,3,13.3,2.4017771198288433,169.55970959979362,2370.456106188608,2376.5127069903124,85.908577661525,0.9894809503221801
17,9r,1,9r.1,2.4017771198288433,1920.1719039778363,-1333.8232339806884,2337.978733935057,-34.785289599114165,0.9734370082190087
17,14,1,14.1,2.4017771198288433,1915.6254534726068,-1332.447055091016,2333.4600987831036,-34.82122468939217,0.9715556366651507
17,34,1,34.1,2.4017771198288433,170.258510314283,2367.6213785478044,2373.7352321796643,85.88687157266074,0.9883245254450682
17,18,1,18.1,2.4017771198288433,1850.4588356870863,-1351.5463573506395,2291.478880251832,-36.1438112124132,0.9540764050642336
17,18,2,18.2,2.4017771198288433,-2178.808911200352,-1052.1183496724361,2419.5374130695964,-154.22471051748946,1.0073946466947852
17,18,3,18.3,2.4017771198288433,188.47416800079245,2340.3263985044855,2347.903354812665,85.39571947624187,0.9775692071627289
17,11,1,11.1,2.4017771198288433,1913.872527660296,-1331.9165973423403,2331.7182236301214,-34.835119831130754,0.9708303923705817
17,10,1,10.1,2.4017771198288433,1914.7039814486911,-1332.1679144678012,2332.544252294683,-34.82852057660605,0.9711743163166222
17,15,1,15.1,2.4017771198288433,170.54540510659248,2366.4555391779836,2372.593002204367,85.87794182681824,0.987848948437582
17,16,1,16.1,2.4017771198288433,171.2625206596931,2363.5401791390586,2369.7369114286516,85.85558139976317,0.9866597911456185
17,17,1,17.1,2.4017771198288433,170.8801500354413,2365.0960347621863,2371.261115803983,85.86751320672614,0.9872944063906168
17,19,1,19.1,2.4017771198288433,1846.7871932337323,-1350.3377680555384,2287.8013517194495,-36.173603675182854,0.9525452352891446
17,20,1,20.1,2.4017771198288433,1844.4598886111123,-1349.5718257112899,2285.4707159465033,-36.19254024272009,0.9515748555841733
17,21,1,21.1,2.4017771198288433,1850.458822088936,-1351.546331003433,2291.478853730842,-36.14381088096173,0.9540763940219975
17,21,2,21.2,2.4017771198288433,-2178.808940791095,-1052.1183480524505,2419.537439011811,-154.22471085673888,1.0073946574960433
17,21,3,21.3,2.4017771198288433,188.4741602157434,2340.326384583485,2347.903340311657,85.39571963833703,0.9775692011251129
17,22,1,22.1,2.4017771198288433,-2178.635423798094,-1051.866057016732,2419.271483676817,-154.2283044569172,1.007283924767016
17,23,1,23.1,2.4017771198288433,1848.863835962092,-1352.5425151906695,2290.77906820513,-36.187460995344004,0.9537850324631191
17,23,2,23.2,2.4017771198288433,-2179.9908694405403,-1053.9809314782801,2421.411983691323,-154.19718433403298,1.0081751398580558
17,23,3,23.3,2.4017771198288433,188.0386918157223,2338.9402151556046,2346.4867098903233,85.40360143777303,0.9769793751959548
17,24,1,24.1,2.4017771198288433,188.25907680976906,2338.2719265488754,2345.838247298363,85.3969279395877,0.9767093823699734
17,25,1,25.1,2.4017771198288433,1847.0395715264415,-1353.5699577212868,2289.914148877679,-36.235159319905954,0.9534249160641783
17,25,2,25.2,2.4017771198288433,-2181.3416207747778,-1055.9717529194634,2423.4949163322253,-154.16871056204533,1.0090423862914182
17,25,3,25.3,2.4017771198288433,187.42012594584423,2337.5824813601025,2345.083828090418,85.41600749237318,0.976395273620366
17,25r,1,25r.1,2.4017771198288433,1870.1219153212976,-1370.4923647636592,2318.535162562881,-36.23529732777791,0.965341514589874
17,25r,2,25r.2,2.4017771198288433,185.08270237423827,2308.359356874117,2315.7673732882668,85.41586947951674,0.9641891223667307
17,26,1,26.1,2.4017771198288433,1868.8339811239803,-1371.0823370380485,2317.845383959297,-36.26587946701626,0.9650543194967536
17,26,2,26.2,2.4017771198288433,185.47451213854194,2306.895553718005,2314.3396229630885,85.40330419288081,0.9635946665725644
17,28,1,28.1,2.4017771198288433,1846.3629003306905,-1353.9466515196198,2289.5911195841827,-36.252772065396165,0.9532904201149792
17,28,2,28.2,2.4017771198288433,-2182.1612840768385,-1057.102527006878,2424.725473600713,-154.15309971571483,1.0095547391064768
17,28,3,28.3,2.4017771198288433,186.83306037893556,2337.465035645481,2344.9199102135,85.43007662490285,0.9763270250407768
17,27,1,27.1,2.4017771198288433,1867.5369678136058,-1371.1564299931517,2316.8436031942256,-36.286330422868836,0.964637219693112
17,27,2,27.2,2.4017771198288433,185.01627358179752,2306.8592820391855,2314.2667885575424,85.41454063931724,0.9635643413583951
17,31,1,31.1,2.4017771198288433,185.89052353302503,2305.1406028624024,2312.623723329029,85.38954607309358,0.9628802374026414
17,33,1,33.1,2.4017771198288433,1863.913221167755,-1369.9551971210867,2313.2119959405,-36.315466899900315,0.9631251696266243
17,29,1,29.1,2.4017771198288433,1846.1074182226625,-1354.4829647111508,2289.702317182182,-36.26737489348545,0.9533367181653192
17,29,2,29.2,2.4017771198288433,-2182.605178365548,-1058.163653343745,2425.5876982467335,-154.1351132013988,1.009913733552257
17,29,3,29.3,2.4017771198288433,186.83791836621967,2336.7631268979108,2344.2206207968406,85.42859138648944,0.9760358700410535
17,250,1,250.1,2.4017771198288433,1847.3343286280317,-1355.0462354345675,2291.0247536622064,-36.260581544092986,0.9538873256588732
17,250,2,250.2,2.4017771198288433,-2182.5247749262794,-1059.339983396468,2426.028770148746,-154.10928629874292,1.0100973775291984
17,250,3,250.3,2.4017771198288433,187.5337350413509,2336.054327844591,2343.5696542710234,85.41025299154227,0.9757648346812597
17,32,1,32.1,2.4017771198288433,186.1676860998667,2303.9709257493364,2311.4801392281165,85.38036763160996,0.962404096593625
17,35,1,35.1,2.4017771198288433,1829.577711699173,-1355.297254290465,2276.880596481435,-36.529957501458156,0.9479982874696097
17,35,2,35.2,2.4017771198288433,-2175.2802591711206,-1033.6341673266586,2408.36953099076,-154.58420099310092,1.0027448055473134
17,35,3,35.3,2.4017771198288433,200.9656419212336,2333.8562121858204,2342.4926912140318,85.0784671062148,0.9753164321013116
17,42,1,42.1,2.4017771198288433,1823.165064042054,-1355.8070743407293,2272.0351391595673,-36.63654693009772,0.9459808407707199
17,42,2,42.2,2.4017771198288433,-2174.249571661036,-1028.7596583534146,2405.349794629387,-154.67853796607397,1.0014875130465055
17,42,3,42.3,2.4017771198288433,205.07456816445853,2329.742271057846,2338.7506553845387,84.9695293221134,0.9737584041733248
17,44,1,44.1,2.4017771198288433,1820.607999037801,-1356.0078442937115,2270.1036892500097,-36.679125600459,0.9451766654400401
17,44,2,44.2,2.4017771198288433,-2173.836677539914,-1026.8163587352258,2404.1459471471444,-154.71619261168496,1.000986281074436
17,44,3,44.3,2.4017771198288433,206.71143004059098,2328.1003283752657,2337.259239855615,84.92602829299256,0.9731374408388793
17,151,1,151.1,2.4017771198288433,1818.3361835823005,-1356.4797889545123,2268.564280413214,-36.722958773590236,0.9445357196902924
17,151,2,151.2,2.4017771198288433,-2175.6974510947016,-1024.479364180502,2404.8320869307418,-154.7854731590671,1.0012719611144085
17,151,3,151.3,2.4017771198288433,207.42451958475607,2330.3121091895227,2339.5254770060296,84.91342357170079,0.9740810076385231
17,52,1,52.1,2.4017771198288433,1593.843963884583,-1242.1295638748466,2020.6989965512519,-37.93033674874644,0.8413349348149557
17,52,2,52.2,2.4017771198288433,-2330.3063992992884,-1037.4059144557004,2550.7918272495076,-156.0023257405032,1.062043520271058
17,52,3,52.3,2.4017771198288433,207.95918703231106,2107.3181652650533,2117.554455764293,84.36405505898695,0.8816615156676966
17,53,1,53.1,2.4017771198288433,1594.6972768262076,-1242.105182972016,2021.3571407059335,-37.91492363024002,0.8416089586405838
17,53,2,53.2,2.4017771198288433,-2329.9265269066,-1037.3568405860751,2550.4248343156037,-155.99986216472004,1.0618907196923224
17,53,3,53.3,2.4017771198288433,208.26084696870907,2107.3333791167674,2117.599242330762,84.35597294205755,0.8816801629293843
17,54,1,54.1,2.4017771198288433,1595.7641161621848,-1242.0745714809273,2022.1800996821248,-37.89566486736791,0.8419516044961868
17,54,2,54.2,2.4017771198288433,-2329.4516260377336,-1037.2954214483352,2549.9660133828293,-155.99678272235494,1.0616996857579135
17,54,3,54.3,2.4017771198288433,208.63799573893462,2107.352463442006,2117.6553587496364,84.34586896715288,0.8817035274699202
17,55,1,55.1,2.4017771198288433,1595.3230926099486,-1241.826480443372,2021.6796920741285,-37.89779358381889,0.8417432556015849
17,55,2,55.2,2.4017771198288433,-2329.4096072068924,-1036.779060153727,2549.7176192121774,-156.00699856699887,1.0615962647665977
17,55,3,55.3,2.4017771198288433,208.54482649271694,2107.5648937945357,2117.8575793032096,84.34894348620804,0.881787723689421
17,57,1,57.1,2.4017771198288433,1599.28710134357,-1242.2529922504614,2025.0707961153216,-37.83842455464537,0.8431551701431952
17,57,2,57.2,2.4017771198288433,-2328.506809919437,-1037.9471668361512,2549.3682129077365,-155.9747639144045,1.06145078652819
17,57,3,57.3,2.4017771198288433,209.92718655326385,2107.11997116632,2117.551415324341,84.31053653818665,0.8816602497550827
17,56,1,56.1,2.4017771198288433,1595.4221869614644,-1241.5622610350108,2021.5956080965525,-37.89015922875019,0.8417082465339734
17,56,2,56.2,2.4017771198288433,-2329.1271668883123,-1036.2313282447112,2549.236890752402,-156.0156642349152,1.061396109450017
17,56,3,56.3,2.4017771198288433,208.64259084974316,2107.7871950986228,2118.0884284038316,84.34690388268986,0.8818838396440265
17,58,1,58.1,2.4017771198288433,-2327.0987432961333,-1036.675289967919,2547.564369722679,-155.98799751219258,1.0606997413249672
17,60,1,60.1,2.4017771198288433,1606.3087869407966,-1243.7642573035257,2031.5455807707108,-37.7506045044006,0.8458510009103108
17,60,2,60.2,2.4017771198288433,-2328.0425604794955,-1042.501162104416,2550.8019986649265,-155.87708889185663,1.062047755224974
17,60,3,60.3,2.4017771198288433,212.13441844635776,2105.14234604848,2115.8037027607434,84.24575016181201,0.880932575005761
17,59,1,59.1,2.4017771198288433,-2326.4091028900657,-1036.053546532129,2546.6814220258416,-155.99446133655536,1.0603321186635855
17,61,1,61.1,2.4017771198288433,1606.3088089536436,-1243.7643061224826,2031.5456280641135,-37.75060521295977,0.8458510206013148
17,61,2,61.2,2.4017771198288433,-2328.0426239713374,-1042.5011571396437,2550.8020545829986,-155.87708957649502,1.0620477785069313
17,61,3,61.3,2.4017771198288433,212.13444322177912,2105.1423941252447,2115.8037530792835,84.24574962480884,0.8809325959563064
17,62,1,62.1,2.4017771198288433,1605.2824412466534,-1242.6468286846482,2030.0499641670963,-37.743402438195496,0.8452282884232667
17,62,2,62.2,2.4017771198288433,-2324.5046747577335,-1041.949994866399,2547.347988550572,-155.85588124837184,1.0606096492134551
17,62,3,62.3,2.4017771198288433,211.8045169627314,2099.996643233242,2110.6508605159456,84.24065543379014,0.878787146022257
17,63,1,63.1,2.4017771198288433,1604.618449924693,-1241.5393672710863,2028.847054443142,-37.73014943199604,0.8447274468947072
17,63,2,63.2,2.4017771198288433,-2321.9961024928193,-1041.2045090751708,2544.753962509993,-155.84809504323107,1.0595296047667149
17,63,3,63.3,2.4017771198288433,211.69731083101462,2097.427405159729,2108.0838387806493,84.23654707329143,0.8777183450439717
17,64,1,64.1,2.4017771198288433,1604.9838599749917,-1240.687895157595,2028.6152035245145,-37.70481359685309,0.8446309138247927
17,64,2,64.2,2.4017771198288433,-2316.3759663673436,-1040.1691436786232,2539.20252540544,-155.81752500627945,1.0572182174782272
17,64,3,64.3,2.4017771198288433,211.9983412033489,2091.8321451550755,2102.547269427505,84.21307352530508,0.8754131480681845
17,65,1,65.1,2.4017771198288433,1603.7357718828675,-1240.494561902113,2027.509601487858,-37.722061952487444,0.8441705871660329
17,65,2,65.2,2.4017771198288433,-2314.5312036838736,-1041.0666730057278,2537.8878049412538,-155.78197966260333,1.0566708226124288
17,65,3,65.3,2.4017771198288433,210.6710134207027,2084.1960249101653,2094.816303676062,84.22813362143317,0.8721942957910033
17,66,1,66.1,2.4017771198288433,1603.564609620707,-1241.7105791787637,2028.1184925128196,-37.75219352332535,0.844424104038991
17,66,2,66.2,2.4017771198288433,-2314.6152809272417,-1042.4095086222392,2538.5156060910776,-155.7551169454531,1.0569322128740983
17,66,3,66.3,2.4017771198288433,210.30977926194146,2080.3380894839056,2090.941598852238,84.22735044209585,0.8705810300171581
17,67,1,67.1,2.4017771198288433,1771.0833535040213,-1368.7970692140887,2238.379248864707,-37.69895287634943,0.9319679292407529
17,67,2,67.2,2.4017771198288433,-2170.1723394803676,-976.0675607393734,2379.570521370065,-155.783452796419,0.9907540969245469
17,67,3,67.3,2.4017771198288433,232.35990833013074,2318.1879801852087,2329.8039914281126,84.27616563112234,0.9700333857765038
17,68,1,68.1,2.4017771198288433,1766.7425224984036,-1367.231042683277,2233.9874361510683,-37.7352535298695,0.9301393612702364
17,97,1,97.1,2.4017771198288433,1777.3138017680587,-1366.9156711963842,2242.1647580223653,-37.56355286805565,0.9335440576526716
17,97,2,97.2,2.4017771198288433,-2169.762378033081,-982.6783919546765,2381.916371147904,-155.63438095355855,0.9917308111077541
17,97,3,97.3,2.4017771198288433,229.30137764768176,2318.593184656067,2329.9041777988828,84.35199823342845,0.9700750992102538
17,69,1,69.1,2.4017771198288433,1761.772290709292,-1365.436854665965,2228.9592657541207,-37.77697101645415,0.9280458404537395
17,70,1,70.1,2.4017771198288433,1758.2517529941028,-1364.1648543448284,2225.397712036319,-37.806611545837484,0.926562957763086
17,71,1,71.1,2.4017771198288433,1756.2665385693542,-1363.4473339569545,2223.389481618708,-37.82336257098593,0.92572681422544
17,72,1,72.1,2.4017771198288433,1771.0832774393548,-1368.7970940196105,2238.379203848592,-37.69895456937278,0.9319679104979169
17,72,2,72.2,2.4017771198288433,-2170.1722972620087,-976.0674828844982,2379.5704509318366,-155.78345408909053,0.9907540675970011
17,72,3,72.3,2.4017771198288433,232.35996508580993,2318.1879037244894,2329.8039210090665,84.27616405478,0.9700333564569448
17,73,1,73.1,2.4017771198288433,233.35779062338037,2313.713017375958,2325.4513078582368,84.24070552516945,0.9682211095523944
17,76,1,76.1,2.4017771198288433,1770.4816356101098,-1370.1485910187278,2238.7300827708673,-37.73573841521543,0.9321140018730817
17,76,2,76.2,2.4017771198288433,-2171.2467985709623,-972.5451566176444,2379.1083922270313,-155.87143161134316,0.9905616855891161
17,76,3,76.3,2.4017771198288433,234.2053984519333,2320.352550001063,2332.1423895123694,84.23635564106044,0.9710069973847381
17,74,1,74.1,2.4017771198288433,234.03150329305473,2310.7776056482076,2322.5985204720314,84.21690309374632,0.9670333276542936
17,75,1,75.1,2.4017771198288433,234.1838116897297,2310.275544036136,2322.114369928621,84.21191593306203,0.9668317475245582
17,86,1,86.1,2.4017771198288433,1770.629929957646,-1369.0730471609882,2238.189303281671,-37.71164078393889,0.9318888438079426
17,86,2,86.2,2.4017771198288433,-2171.169458622057,-965.3860821315545,2376.1201791211042,-156.02821498377133,0.9893175180594744
17,86,3,86.3,2.4017771198288433,234.73197062202445,2326.055398667194,2337.8692896954053,84.23755157771609,0.9733914401940875
17,78,1,78.1,2.4017771198288433,1771.4060706665953,-1374.5130437503963,2242.134156252575,-37.80948302133366,0.9335313163497682
17,78,2,78.2,2.4017771198288433,-2176.21815712089,-970.6529260886155,2382.874854101036,-155.9618191490003,0.9921298835051129
17,78,3,78.3,2.4017771198288433,238.26755685172893,2322.519133333416,2334.70909394466,84.14251026423148,0.972075666251262
17,79,1,79.1,2.4017771198288433,1770.4262120963012,-1374.5435053032404,2241.3787766571218,-37.82545351173089,0.933216807734786
17,79,2,79.2,2.4017771198288433,-2176.564558816636,-970.6713131137176,2383.1987069479887,-155.9648078187531,0.9922647223476846
17,79,3,79.3,2.4017771198288433,237.8315235706647,2322.4616735520153,2334.607474228156,84.15301157664784,0.9720333560320228
17,80,1,80.1,2.4017771198288433,1773.239215481172,-1379.2713929558943,2246.501032883532,-37.87670164461227,0.935349501973615
17,80,2,80.2,2.4017771198288433,-2180.6276342609776,-969.7462350810914,2386.5340223337653,-156.02482171112715,0.9936534088158171
17,80,3,80.3,2.4017771198288433,243.0444251472883,2323.2965564658552,2335.974632114244,84.02790296626615,0.9726025836571843
17,81,1,81.1,2.4017771198288433,1773.7850060675107,-1381.2999452380443,2248.177659008412,-37.908968980820134,0.9360475792893816
17,81,2,81.2,2.4017771198288433,-2182.637643735739,-970.1729226908187,2388.5440301101303,-156.03506148502765,0.9944902923716519
17,81,3,81.3,2.4017771198288433,244.66973138541954,2323.2792776007454,2336.1271110933276,83.98821300673816,0.9726660695559486
17,82,1,82.1,2.4017771198288433,1774.0338998859158,-1383.5469153072513,2249.755174413572,-37.95022413522682,0.9367043910277134
17,82,2,82.2,2.4017771198288433,-2185.934021052437,-970.1978383407637,2391.566722865069,-156.06659297035404,0.9957488157916577
17,82,3,82.3,2.4017771198288433,246.00681490880066,2324.802046355001,2337.7818349277104,83.95953190865687,0.9733550276698059
17,84,1,84.1,2.4017771198288433,246.3485848370482,2315.2836947226733,2328.3526821123746,83.92652054040757,0.9694291209994951
17,83,1,83.1,2.4017771198288433,1775.4853027485308,-1385.760109326407,2252.2608953840977,-37.97191425519059,0.9377476689196704
17,83,2,83.2,2.4017771198288433,-2188.805241889592,-970.2014686440217,2394.1928236218505,-156.09438811665618,0.9968422148148646
17,83,3,83.3,2.4017771198288433,247.87916728850124,2326.393705576113,2339.5622998586296,83.91803452910462,0.9740963391413074
17,85,1,85.1,2.4017771198288433,247.1350281556062,2311.534648258271,2324.708186469855,83.89746996755238,0.9679117047444933
17,87,1,87.1,2.4017771198288433,1769.5396743965182,-1368.6702908869445,2237.0804689192314,-37.72056077332301,0.9314271713432974
17,87,2,87.2,2.4017771198288433,-2171.0436773759798,-961.1097839994507,2374.270975683628,-156.12127614769685,0.9885475867356187
17,87,3,87.3,2.4017771198288433,235.40498874123753,2328.1032885263953,2339.9744508801114,84.22619023021967,0.9742679416676531
17,88,1,88.1,2.4017771198288433,1768.4290500716763,-1369.4173847240081,2236.6594015901824,-37.753105387612656,0.9312518564376916
17,89,1,89.1,2.4017771198288433,1769.404381689308,-1367.7860094369216,2236.432523809449,-37.704761452498886,0.9311573939753505
17,89,2,89.2,2.4017771198288433,-2171.3257410280407,-959.3119717797589,2373.801788871796,-156.16371108661028,0.9883522368807306
17,89,3,89.3,2.4017771198288433,235.88349131129277,2329.3873021593,2341.300114238708,84.21770093802206,0.9748198926991006
17,90,1,90.1,2.4017771198288433,-2171.6104774285786,-957.3722604700775,2373.2791051191525,-156.20932336849265,0.988134613126916
17,91,1,91.1,2.4017771198288433,1769.4938903070429,-1367.3928462227664,2236.262914716235,-37.69538913839622,0.9310867758102371
17,91,2,91.2,2.4017771198288433,-2171.02309987195,-958.7825398153057,2373.3110328889256,-156.1724496291444,0.9881479065210071
17,91,3,91.3,2.4017771198288433,236.50146144400819,2330.0824002918334,2342.0539988255828,84.20437311585451,0.9751337788547522
17,92,1,92.1,2.4017771198288433,238.69401186453837,2329.09324239395,2341.292412977318,84.14854720207042,0.9748166862144828
17,94,1,94.1,2.4017771198288433,1767.0864957809058,-1366.3090294214023,2233.6953792873583,-37.711149906155576,0.9300177609513314
17,95,1,95.1,2.4017771198288433,1769.3085001444356,-1366.5517606262267,2235.60199569467,-37.681237718320745,0.9308115966455642
17,95,2,95.2,2.4017771198288433,-2170.4818467874766,-956.9417778100602,2372.0727251398202,-156.20784070426953,0.9876323267284935
17,95,3,95.3,2.4017771198288433,236.26205907537337,2331.3706795302287,2343.311546920677,84.21337759114869,0.9756573695263061
17,96,1,96.1,2.4017771198288433,-2169.8850575968518,-956.4091067991761,2371.3117767915905,-156.213800159586,0.987315499516698
17,98,1,98.1,2.4017771198288433,1776.4948950078356,-1366.9021576808764,2241.507443811315,-37.57604024727558,0.9332703793810188
17,98,2,98.2,2.4017771198288433,-2169.2756663203936,-981.916360442088,2381.158679171471,-155.64625229231243,0.9914153397136026
17,98,3,98.3,2.4017771198288433,229.6679940777713,2318.100067830908,2329.4495727491862,84.34183093254609,0.9698858205940394
17,99,1,99.1,2.4017771198288433,1777.4686698321088,-1366.8040983791373,2242.219506556112,-37.55888034096013,0.9335668526627892
17,99,2,99.2,2.4017771198288433,-2167.370988237054,-980.3395724193599,2378.77335572413,-155.66193365878033,0.9904221903378142
17,99,3,99.3,2.4017771198288433,231.41556324929263,2317.194093978542,2328.721029252543,84.29684558259754,0.9695824854133398
17,100,1,100.1,2.4017771198288433,1777.7798973219499,-1367.2258458645852,2242.723317068375,-37.56257485005129,0.9337766183850552
17,100,2,100.2,2.4017771198288433,-2166.9828430214343,-980.8087441084597,2378.6131325772317,-155.64778350096137,0.9903554800899834
17,100,3,100.3,2.4017771198288433,232.13774984437876,2316.0773840965667,2327.6817617591987,84.27642540114368,0.9691497776967228
17,450,1,450.1,2.4017771198288433,1777.7799500109231,-1367.2259547344581,2242.723425204363,-37.56257623418953,0.9337766634083787
17,450,2,450.2,2.4017771198288433,-2166.982981221975,-980.8087475104688,2378.613259884577,-155.64778479898433,0.9903555330954619
17,450,3,450.3,2.4017771198288433,232.13782111275103,2316.077482619026,2327.681866898022,84.2764238974775,0.9691498214721516
17,197,1,197.1,2.4017771198288433,1777.3139447879578,-1366.9158066574485,2242.1649539736623,-37.563553383888035,0.9335441392386337
17,197,2,197.2,2.4017771198288433,-2169.762544757012,-982.6784656170329,2381.916553411952,-155.63438099401628,0.9917308869949154
17,197,3,197.3,2.4017771198288433,229.30137893633128,2318.593340315976,2329.9043328299335,84.35199857862226,0.9700751637587289
17,105,1,105.1,2.4017771198288433,1770.4245949770811,-1368.4695089005131,2237.6577136126457,-37.70263137836023,0.9316675120013246
17,105,2,105.2,2.4017771198288433,-2166.7148820798666,-976.0705664877879,2376.418972107015,-155.74919365904472,0.9894419230192204
17,105,3,105.3,2.4017771198288433,233.66381248106964,2314.2332847098655,2325.9996718233224,84.23449145486866,0.968449425477531
17,108,1,108.1,2.4017771198288433,1766.171535560139,-1369.4246239048468,2234.8793465374793,-37.7886873448715,0.9305107156224148
17,108,2,108.2,2.4017771198288433,-2164.8297177706095,-971.9926868013808,2373.0270731995756,-155.8202689842997,0.9880296775283977
17,108,3,108.3,2.4017771198288433,236.35490944278047,2311.5395770739124,2323.5918014136532,84.16179669089503,0.9674468884853221
17,300,1,300.1,2.4017771198288433,1818.3359831785408,-1356.4795732367586,2268.563990794716,-36.722957433109706,0.9445355991052075
17,300,2,300.2,2.4017771198288433,-2175.697188164301,-1024.4792777985322,2404.831812253125,-154.78547235236186,1.0012718467500845
17,300,3,300.3,2.4017771198288433,207.4244803860107,2330.311861943513,2339.5252272583107,84.91342399105662,0.9740809036539707
17,135,1,135.1,2.4017771198288433,1850.4585825714921,-1351.5460708599649,2291.4785068748747,-36.14380916056489,0.9540762496056134
17,135,2,135.2,2.4017771198288433,-2178.808565013266,-1052.1182506372136,2419.537058261162,-154.22470906457173,1.007394498967325
17,135,3,135.3,2.4017771198288433,188.4740967477987,2340.3260707764716,2347.903022422548,85.39572056742533,0.9775690687693226
17,152,1,152.1,2.4017771198288433,1593.843977389786,-1242.1295895342741,2020.6990229765236,-37.930337087224956,0.8413349458173387
17,152,2,152.2,2.4017771198288433,-2330.3064338726754,-1037.4059110769856,2550.7918574603173,-156.00232612567294,1.0620435328495814
17,152,3,152.3,2.4017771198288433,207.9592011171453,2107.318189641033,2117.554481405671,84.3640547445014,0.881661526343699
17,160r,1,160r.1,2.4017771198288433,1766.9684218274294,-1368.1300403385355,2234.7163603043764,-37.7499373718275,0.9304428549405234
17,160r,2,160r.2,2.4017771198288433,-2167.990499656028,-970.8547968875536,2375.4456094043426,-155.87653409910763,0.9890366553136383
17,160r,3,160r.3,2.4017771198288433,233.32625277522024,2315.6730507999964,2327.3982938971767,84.24632006653677,0.9690317534805365
17,160,1,160.1,2.4017771198288433,1606.308820883313,-1243.7643477716374,2031.545662995382,-37.75060593573715,0.8458510351452407
17,160,2,160.2,2.4017771198288433,-2328.0426557458263,-1042.5011593093013,2550.8020844693765,-155.87708982370825,1.0620477909503747
17,160,3,160.3,2.4017771198288433,212.13447004375843,2105.1424143709446,2115.803775912189,84.2457489571007,0.8809326054629776
17,61s,1,61s.1,2.4017771198288433,1606.3088089536507,-1243.7643061224728,2031.545628064113,-37.750605212959435,0.8458510206013147
17,61s,2,61s.2,2.4017771198288433,-2328.0426239713315,-1042.5011571396567,2550.8020545829986,-155.8770895764947,1.0620477785069313
17,61s,3,61s.3,2.4017771198288433,212.1344432217668,2105.1423941252465,2115.803753079284,84.24574962480918,0.8809325959563065
17,610,1,610.1,0.24017771198288432,204.9432978649668,-136.54499431280078,246.2646763375765,-33.67383143201564,1.0253435853994894
17,610,2,610.2,0.24017771198288432,-249.02032499336514,-113.3223254086536,273.59289408869154,-155.53101901895093,1.1391269066140013
17,610,3,610.3,0.24017771198288432,44.07702471861204,249.8673130697716,253.7251628214127,79.99584672774652,1.056405945109069
17,x1,1,x1.1,0.24017771198288432,190.31060987954697,-131.87451942098693,231.53621121811892,-34.71977620448071,0.9640203885138967
17,x2,1,x2.1,0.24017771198288432,-212.7914711627572,-106.67928848141557,238.03504109796864,-153.3739023035457,0.9910788104890084
17,x4,1,x4.1,0.24017771198288432,16.836431259727224,233.55285736775795,234.1589259503208,85.87677651598301,0.9749402807493126
17,x5,1,x5.1,0.24017771198288432,16.830858088589963,233.48995149715455,234.0957821793076,85.87703000859601,0.974677376375331
17,x6,1,x6.1,0.24017771198288432,16.819881762493985,233.44916107423992,234.05430828927436,85.87899210455866,0.9745046963639726
17,x7,1,x7.1,0.24017771198288432,187.69583421503978,-132.24149096066844,229.60300109793917,-35.166689833875395,0.9559713064228927
17,x9,1,x9.1,0.24017771198288432,185.58000703001989,-132.35089683656255,227.9401213097524,-35.49549063799374,0.949047767288232
17,x10,1,x10.1,0.24017771198288432,185.36023273100125,-132.2363676393961,227.69469208690938,-35.504137865337405,0.9480259021833611
17,x11,1,x11.1,0.24017771198288432,185.57579746947496,-132.26095152974872,227.88447930033792,-35.47769335500199,0.9488160971263543
17,x12,1,x12.1,0.24017771198288432,-213.27805201483432,-104.89809476367563,237.67864387927546,-153.810321096905,0.9895949208484968
17,x16,1,x16.1,0.24017771198288432,19.489544776108986,230.37182322190117,231.19476484160026,85.16426990044242,0.9625987479557462
17,x17,1,x17.1,0.24017771198288432,19.451043083853236,230.53192839658615,231.3510602683693,85.1771137526586,0.9632494970426564
17,x19,1,x19.1,0.24017771198288432,178.41962123277898,-133.87534661104152,223.06091022650028,-36.88235660144259,0.928732763689564
17,x20,1,x20.1,0.24017771198288432,178.49031408970248,-133.8555871819945,223.1056037926371,-36.86740178310292,0.9289188490917767
17,x22,1,x22.1,0.24017771198288432,-214.06283180672995,-100.40706680000636,236.44127182980827,-154.8708779807884,0.9844430187870958
17,x24,1,x24.1,0.24017771198288432,21.16468883912319,227.76206069889656,228.74330667248987,84.6910608299188,0.9523918967501477
17,x28,1,x28.1,0.24017771198288432,178.67044943339778,-134.28469713785148,223.50729157263942,-36.92770119985881,0.9305913097738525
17,x29,1,x29.1,0.24017771198288432,178.92863157258847,-134.3920048209803,223.77816282256296,-36.90994841735668,0.9317191048872594
17,x30,1,x30.1,0.24017771198288432,21.095818808743818,227.53466657933885,228.51052069124137,84.70297949412489,0.9514226728395415
17,x31,1,x31.1,0.24017771198288432,20.905685092661685,224.50316706882666,225.4744324599289,84.67997150626722,0.9387816654527743
17,x32,1,x32.1,0.24017771198288432,20.931174653800394,224.38911777012487,225.3632406716829,84.67083058672804,0.9383187091387682
17,x33,1,x33.1,0.24017771198288432,180.361781121088,-135.86684194389056,225.81003261364938,-36.990778055974296,0.9401789647731392
17,x34,1,x34.1,0.24017771198288432,19.233758718410105,231.19221835365994,231.99090348917647,85.2442980487895,0.965913537829475
17,x52,1,x52.1,0.24017771198288432,153.96791356456035,-123.03843533584573,197.09027113816913,-38.62895928404684,0.8206018348289299
17,x53,1,x53.1,0.24017771198288432,154.05094749272422,-123.03702312162882,197.15426315968494,-38.613574415230495,0.820868270964854
17,x55,1,x55.1,0.24017771198288432,154.54388930110537,-123.10763390444774,197.58366138389036,-38.54036710769012,0.8226561063999589
17,x56,1,x56.1,0.24017771198288432,-230.9975150869771,-101.35305506680214,252.25442265247293,-156.3099340524865,1.0502823953558573
17,x58,1,x58.1,0.24017771198288432,-230.70333664619127,-101.28645100360768,251.95827967461614,-156.29692526224179,1.0490493792886633
17,x59,1,x59.1,0.24017771198288432,-228.78674276284437,-99.04888271806179,249.3071495800477,-156.5907157322438,1.0380111773144627
17,x60,1,x60.1,0.24017771198288432,155.1780598431173,-123.21188808779038,198.14489552555293,-38.449690343282576,0.8249928517083769
17,x62,1,x62.1,0.24017771198288432,23.000565710791243,204.99271207865027,206.27902954100023,83.59808190991889,0.858859999281283
17,x63,1,x63.1,0.24017771198288432,155.0167416428925,-122.99308771162485,197.8825151811517,-38.42912039880828,0.8239004091905635
17,x64,1,x64.1,0.24017771198288432,-228.0638220301841,-99.52825604827731,248.83524804783374,-156.42328949202576,1.0360463758001257
17,x65,1,x65.1,0.24017771198288432,90.28144269841518,-216.69861655953267,234.75312418479672,-67.38230858124386,0.9774142748163319
17,x65,2,x65.2,0.24017771198288432,-257.28635945299726,14.229615834397908,257.67955434487124,176.83439427043342,1.0728703850889967
17,x65,3,x65.3,0.24017771198288432,167.00491675458213,202.46900072513472,262.4582604431408,50.48275883056516,1.0927669277732324
17,x66,1,x66.1,0.24017771198288432,22.986093618873067,203.06148269762502,204.35832807892479,83.54174045574615,0.8508629980349213
17,x68,1,x68.1,0.24017771198288432,170.6111689210115,-135.4292818908489,217.82851363874505,-38.442162200122546,0.9069472426911456
17,x69,1,x69.1,0.24017771198288432,170.13023645062282,-135.24870753219736,217.33961959080236,-38.48370264977656,0.9049116914157735
17,x70,1,x70.1,0.24017771198288432,169.78958118330786,-135.12069314377925,216.99332615096355,-38.51321729635544,0.903469869703926
17,x71,1,x71.1,0.24017771198288432,169.5974874552752,-135.04848298501597,216.7980638928687,-38.52989716295458,0.9026568789543564
17,x73,1,x73.1,0.24017771198288432,25.54486579602731,225.27800756699355,226.72168149934723,83.53071355026863,0.9439746911882648
17,x74,1,x74.1,0.24017771198288432,25.403752559219456,225.56718958992315,226.99318858412113,83.57432956987509,0.9451051336532728
17,x75,1,x75.1,0.24017771198288432,25.620914896802944,224.94282268437516,226.39722780406007,83.50203232535452,0.9426238010802339
17,x76,1,x76.1,0.24017771198288432,98.60014135079135,-242.18811651337055,261.4900985786842,-67.84767408292925,1.0887359048424887
17,x76,2,x76.2,0.24017771198288432,-257.4684283174688,26.774714018544675,258.85686564401266,174.06302476504584,1.0777722191910108
17,x76,3,x76.3,0.24017771198288432,158.86828696667743,215.41340249482587,267.6603567548329,53.59106993010771,1.1144262910369762
17,x77,1,x77.1,0.24017771198288432,-213.38123503751683,-92.20057553046406,232.44891394516088,-156.63115670524206,0.9678205026856355
17,x79,1,x79.1,0.24017771198288432,171.5106015013177,-136.26949655694096,219.05538596260521,-38.46802703560212,0.9120554282664483
17,x80,1,x80.1,0.24017771198288432,-213.93224456796864,-92.10684942642911,232.91774723526765,-156.7060845103793,0.9697725293172331
17,x82,1,x82.1,0.24017771198288432,171.29773270806461,-137.02776693130133,219.3616241303446,-38.65768317109916,0.9133304765014036
17,x83,1,x83.1,0.24017771198288432,26.975229181454768,226.4984952299707,228.09916994770734,83.20825114985392,0.9497099796002815
17,x84,1,x84.1,0.24017771198288432,26.813492088758828,225.41463051369522,227.00378632881802,83.2164347733805,0.9451492582500531
17,x85,1,x85.1,0.24017771198288432,26.885281642955377,225.0492056695546,226.64942828412015,83.18750225052173,0.9436738588810929
17,x86,1,x86.1,0.24017771198288432,-212.96688875055568,-91.64917548623009,231.85009612117344,-156.715628498549,0.9653272745711545
17,x87,1,x87.1,0.24017771198288432,-212.94294955725388,-91.22440932472725,231.66051157413202,-156.8097876412593,0.9645379234466216
17,x88,1,x88.1,0.24017771198288432,170.7721704839944,-135.6442980165543,218.0883073349377,-38.46010843703065,0.9080289154827124
17,x90,1,x90.1,0.24017771198288432,-213.13735079767946,-91.02420118889196,231.76051326127356,-156.87420919828543,0.9649542888383806
17,x92,1,x92.1,0.24017771198288432,26.079784469512802,226.78205368215694,228.2767071566281,83.43984142669277,0.9504491706245236
17,x94,1,x94.1,0.24017771198288432,170.6458966714638,-135.33981886984705,217.80011162194316,-38.418049117282756,0.9068289885177362
17,x95,1,x95.1,0.24017771198288432,-212.8752960787207,-90.80927618970611,231.43512335577185,-156.89766184131102,0.9635995007407869
17,x96,1,x96.1,0.24017771198288432,-212.8136889381941,-90.75483875108803,231.35709834845878,-156.90407569450804,0.9632746370943274
17,x98,1,x98.1,0.24017771198288432,171.56016613355644,-135.4084523920245,218.55969340886406,-38.28321184797777,0.9099915708433395
17,x99,1,x99.1,0.24017771198288432,-212.62322068753264,-93.12367034114598,232.1220626165157,-156.34777963410278,0.9664596298305037
17,x100,1,x100.1,0.24017771198288432,25.224491893518692,226.0871928684955,227.48998608827262,83.63385187727245,0.9471735916298684
18,sourcebus,1,sourcebus.1,66.39528095680697,66312.31065381698,-108.02911320337071,66312.39864865114,-0.09334023674379384,0.9987516837497873
18,sourcebus,2,sourcebus.2,66.39528095680697,-33276.20100051102,-57394.69546409268,66343.47458825435,-120.10422876283262,0.9992197281522716
18,sourcebus,3,sourcebus.3,66.39528095680697,-33036.109646827375,57502.7245885173,66317.0255341724,119.87796263310807,0.998821370713297
18,150,1,150.1,2.4017771198288433,1934.5289513041066,-1282.6145656444003,2321.0993919772027,-33.54482812179363,0.9664091529619576
18,150,2,150.2,2.4017771198288433,-2095.1379804712433,-1090.5420855027148,2361.9663836442996,-152.50253281856448,0.983424466885012
18,150,3,150.3,2.4017771198288433,129.0396619650878,2340.8486801944555,2344.4026484220217,86.84475434106425,0.9761116587658599
18,150r,1,150r.1,2.4017771198288433,1994.9663023842247,-1322.7084115417342,2393.626556004893,-33.54529094406656,0.9966064445544676
18,150r,2,150r.2,2.4017771198288433,-2160.614523437893,-1124.6082911695646,2435.7748104983107,-152.50284676696364,1.0141552229758481
18,150r,3,150r.3,2.4017771198288433,133.08877080868228,2413.994541121997,2417.660494255173,86.84435369379206,1.0066131758418373
18,40,1,40.1,2.4017771198288433,1813.4155829439107,-1355.6678459616905,2264.13590251076,-36.78094586159432,0.942691927497464
18,40,2,40.2,2.4017771198288433,-2170.092348147595,-1019.6080661080415,2397.6866784384742,-154.83372771778076,0.998296910501562
18,40,3,40.3,2.4017771198288433,211.47867277289635,2321.0155720451367,2330.6300681819494,84.79388647510365,0.9703773297449165
18,401,1,401.1,2.4017771198288433,1813.4155829439107,-1355.6678459616905,2264.13590251076,-36.78094586159432,0.942691927497464
18,401,2,401.2,2.4017771198288433,-2170.092348147595,-1019.6080661080415,2397.6866784384742,-154.83372771778076,0.998296910501562
18,401,3,401.3,2.4017771198288433,211.47867277289635,2321.0155720451367,2330.6300681819494,84.79388647510365,0.9703773297449165
18,101,1,101.1,2.4017771198288433,1759.5729785455649,-1367.0146847878787,2228.1889989974848,-37.84368343578437,0.927725133444635
18,101,2,101.2,2.4017771198288433,-2161.9090868272424,-965.9057378254101,2367.8734750974872,-155.92568680161193,0.9858839338373862
18,101,3,101.3,2.4017771198288433,240.65164046009974,2304.6439084132944,2317.1743043290126,84.03876040282452,0.9647749098776244
18,1011,1,1011.1,2.4017771198288433,1759.5729785455649,-1367.0146847878787,2228.1889989974848,-37.84368343578437,0.927725133444635
18,1011,2,1011.2,2.4017771198288433,-2161.9090868272424,-965.9057378254101,2367.8734750974872,-155.92568680161193,0.9858839338373862
18,1011,3,1011.3,2.4017771198288433,240.65164046009974,2304.6439084132944,2317.1743043290126,84.03876040282452,0.9647749098776244
18,30,1,30.1,2.4017771198288433,1834.969317697031,-1355.5656752984003,2281.3747383840114,-36.45477377516842,0.9498694610541497
18,30,2,30.2,2.4017771198288433,-2178.652638265389,-1048.8581769894704,2417.9807264861347,-154.2926663384503,1.0067465072106467
18,30,3,30.3,2.4017771198288433,195.41655250980924,2325.530610069457,2333.7266865176907,85.19666562603258,0.97166663269904
18,301,1,301.1,2.4017771198288433,1839.294854174846,-1353.521652131719,2283.643234698329,-36.34903987702494,0.9508139684755873
18,301,2,301.2,2.4017771198288433,-2178.8539871932935,-1053.3678169722248,2420.1215786280127,-154.19853683890065,1.0076378689128642
18,301,3,301.3,2.4017771198288433,191.4967177947107,2328.0820396293216,2335.9445575977975,85.2977135568781,0.9725900618806222
18,93,1,93.1,2.4017771198288433,1753.9145746519832,-1365.9694519320858,2223.080942923197,-37.91188114620021,0.9255983515579579
18,93,2,93.2,2.4017771198288433,-2163.8143034420523,-943.1800183295231,2360.440824667395,-156.4482055685753,0.9827892876403145
18,93,3,93.3,2.4017771198288433,245.6738229400565,2318.8852227368884,2331.8628397711327,83.95236977645527,0.9708906045109245
18,931,1,931.1,2.4017771198288433,1758.4050307718321,-1363.985049562115,2225.40860690181,-37.80053493305013,0.9265674939314927
18,931,2,931.2,2.4017771198288433,-2164.1937615174215,-947.7882583130104,2362.6335348476996,-156.34943810128306,0.9837022408707378
18,931,3,931.3,2.4017771198288433,241.80717847972008,2321.5232955101314,2334.0825013611975,84.05358044600706,0.9718147791863094
18,77,1,77.1,2.4017771198288433,1756.410955128517,-1372.6762895332508,2229.1746542481237,-38.00845920327027,0.9281355192554172
18,77,2,77.2,2.4017771198288433,-2168.1916239139637,-956.4800979785716,2369.7909392686456,-156.1957161864886,0.986682286088862
18,77,3,77.3,2.4017771198288433,246.97299614804817,2310.1955804933577,2323.359481646649,83.89793260872034,0.967350160206463
18,771,1,771.1,2.4017771198288433,1760.8925066103893,-1370.7049003581678,2231.4959878302525,-37.897720389060616,0.9291020259154082
18,771,2,771.2,2.4017771198288433,-2168.5494210015354,-961.0718201135762,2371.975049350755,-156.09772555179867,0.9875916585964429
18,771,3,771.3,2.4017771198288433,243.09471382613964,2312.846923146773,2325.587222574055,83.99988467612509,0.9682776987815515
18,149,1,149.1,2.4017771198288433,1994.9659680490277,-1322.7079617619197,2393.6260288069575,-33.545286393286446,0.996606225051196
18,149,2,149.2,2.4017771198288433,-2160.614164866311,-1124.6081930104406,2435.7744471126953,-152.50284492082267,1.0141550716772065
18,149,3,149.3,2.4017771198288433,133.08862155973486,2413.9940881157913,2417.6600337199316,86.84435663447162,1.0066129840941362
18,1,1,1.1,2.4017771198288433,1958.6241824452281,-1329.2509850566014,2367.0903804741347,-34.16339144162722,0.9855578858386408
18,1,2,1.2,2.4017771198288433,-2164.02925565055,-1110.2681469723248,2432.2249027367584,-152.8396373412971,1.0126771891765232
18,1,3,1.3,2.4017771198288433,148.5622361168937,2394.276501309075,2398.8811355965254,86.44941159601338,0.9987942327335834
18,2,1,2.1,2.4017771198288433,-2163.526674772967,-1109.7633980382518,2431.547341114209,-152.84481358576753,1.0123950807256783
18,3,1,3.1,2.4017771198288433,149.80923675644462,2389.4023043588722,2394.094020604253,86.41240138333625,0.9968010773517828
18,7,1,7.1,2.4017771198288433,1932.0134333761655,-1333.2830434279092,2347.4069908386887,-34.6095684471418,0.9773625418689853
18,7,2,7.2,2.4017771198288433,-2167.1083756648814,-1098.9250307385757,2429.813765509748,-153.11076253689447,1.0116732920175802
18,7,3,7.3,2.4017771198288433,158.45860114844595,2382.2921979945254,2387.55633334661,86.19456623161057,0.9940790565598997
18,4,1,4.1,2.4017771198288433,150.219648868896,2387.798109866494,2392.5187055461647,86.40018820991627,0.9961451817463652
18,5,1,5.1,2.4017771198288433,150.76334894627905,2385.6726027084874,2390.4316251880928,86.38398333365197,0.9952762083762547
18,6,1,6.1,2.4017771198288433,151.2479293128314,2383.7782200666356,2388.5716523867304,86.36951665112817,0.9945017931376355
18,8,1,8.1,2.4017771198288433,1914.7935574971812,-1335.926190523647,2334.7661883708474,-34.9029727773154,0.9720994379933259
18,8,2,8.2,2.4017771198288433,-2168.9307045018604,-1091.3196109628095,2428.011304381212,-153.29027902471546,1.010922822245154
18,8,3,8.3,2.4017771198288433,165.2399945575155,2374.3225648207035,2380.0655238077234,86.0189429902313,0.9909601953312525
18,12,1,12.1,2.4017771198288433,-2168.2781842407408,-1090.6745751593744,2427.1385030841166,-153.29695769075664,1.0105594241222018
18,9,1,9.1,2.4017771198288433,1910.482697723018,-1334.6071633079555,2330.476435978688,-34.937020180660376,0.9703133636916167
18,13,1,13.1,2.4017771198288433,1892.5659540564634,-1339.9159252378593,2318.874851551864,-35.29807491439983,0.9654829469426842
18,13,2,13.2,2.4017771198288433,-2170.332759465586,-1080.286137239141,2424.327210819647,-153.53811041279184,1.0093889190652339
18,13,3,13.3,2.4017771198288433,176.61559828745578,2362.2298083262126,2368.823069987147,85.7241520007042,0.9862793056151502
18,9r,1,9r.1,2.4017771198288433,1910.4744135440199,-1334.6114825414088,2330.472118292288,-34.9372238708288,0.970311565986757
18,14,1,14.1,2.4017771198288433,1905.756348530706,-1333.1676863942155,2325.77800746563,-34.97462832553055,0.9683571336674948
18,34,1,34.1,2.4017771198288433,177.33467488012258,2359.2659247458364,2365.921235075603,85.70143495671502,0.985071102369484
18,18,1,18.1,2.4017771198288433,1838.3436966487213,-1351.9152120844783,2281.9251275345355,-36.330707957479845,0.9500986201821888
18,18,2,18.2,2.4017771198288433,-2174.84862208561,-1041.494966410622,2411.3644050716057,-154.4110976537451,1.0039917464295962
18,18,3,18.3,2.4017771198288433,196.30359190101217,2330.1735342782126,2338.4276341259433,85.1845336633273,0.9736239115695238
18,11,1,11.1,2.4017771198288433,1903.9370851460462,-1332.6111308249988,2323.968341047938,-34.98909500805437,0.9676036639126405
18,10,1,10.1,2.4017771198288433,1904.8002646357136,-1332.87486896185,2324.826760097697,-34.9822216044697,0.967961073866575
18,15,1,15.1,2.4017771198288433,177.63082984425571,2358.042757392803,2364.72373807255,85.69205811888004,0.9845725144725611
18,16,1,16.1,2.4017771198288433,178.37108753767905,2354.98400195488,2361.7294286883916,85.66857602928667,0.9833258087064691
18,17,1,17.1,2.4017771198288433,177.9763860817762,2356.616441227219,2363.3274519340675,85.68110674761839,0.9839911590557929
18,19,1,19.1,2.4017771198288433,1834.5397198229955,-1350.6475470621435,2278.1099139403304,-36.36170359226428,0.9485101240795708
18,20,1,20.1,2.4017771198288433,1832.1281764523071,-1349.8440664492496,2275.691687966255,-36.38141043600821,0.9475032754614743
18,21,1,21.1,2.4017771198288433,1838.3436821843954,-1351.9151836925998,2281.92509906129,-36.330707598340325,0.9500986083271148
18,21,2,21.2,2.4017771198288433,-2174.8486508890787,-1041.4949647277288,2411.364430323061,-154.41109798540606,1.0039917569432508
18,21,3,21.3,2.4017771198288433,196.30358259070155,2330.1735181086838,2338.427617231918,85.1845338573835,0.9736239045355549
18,22,1,22.1,2.4017771198288433,-2174.55218136993,-1041.129244262994,2410.939089392421,-154.41589376447808,1.0038146626878646
18,23,1,23.1,2.4017771198288433,1836.6673747584753,-1352.9632588611073,2281.196314509178,-36.37685827694116,0.9497951727809539
18,23,2,23.2,2.4017771198288433,-2176.0556578704386,-1043.4065480186362,2413.2789831675314,-154.38254200431228,1.0047888970395005
18,23,3,23.3,2.4017771198288433,195.89222661563377,2328.654233718299,2336.8791805873466,85.1914569007372,0.9729791999825024
18,24,1,24.1,2.4017771198288433,196.15607078900118,2327.777649413541,2336.0278228686852,85.1832061009219,0.9726247300728539
18,25,1,25.1,2.4017771198288433,1834.7350235333834,-1354.0248699999315,2280.2710266892345,-36.42713196778223,0.9494099214550484
18,25,2,25.2,2.4017771198288433,-2177.4472388020936,-1045.432108686653,2415.4098558298306,-154.35348895610517,1.005676103701895
18,25,3,25.3,2.4017771198288433,195.26395482226982,2327.205033794584,2335.3824700403325,85.20383614170622,0.9723560320229704
18,25r,1,25r.1,2.4017771198288433,1857.6633380970939,-1370.9530453885195,2308.7713898023976,-36.42727571397562,0.9612762861055677
18,25r,2,25r.2,2.4017771198288433,192.82866727587282,2298.1114802120837,2306.1871715899306,85.2036924307394,0.960200325230126
18,26,1,26.1,2.4017771198288433,1856.3246367883105,-1371.5600597615316,2308.0550588494,-36.45913354569361,0.9609780357196
18,26,2,26.2,2.4017771198288433,193.22867320607088,2296.591328624236,2304.7058490968025,85.19062308460755,0.9595835642155846
18,28,1,28.1,2.4017771198288433,1834.0057063581357,-1354.4150719720114,2279.916033133491,-36.44590531957526,0.9492621169178111
18,28,2,28.2,2.4017771198288433,-2178.2891192311013,-1046.5769091391799,2416.6643775468547,-154.33766023516796,1.0061984343156172
18,28,3,28.3,2.4017771198288433,194.66852166496707,2327.0541852755878,2335.182437099049,85.21808500691765,0.9722727466341506
18,27,1,27.1,2.4017771198288433,1854.9787986459007,-1371.631837038468,2307.0154398710274,-36.480429761670315,0.9605451816592504
18,27,2,27.2,2.4017771198288433,192.7531448327556,2296.555496625823,2304.6303226168825,85.20232895918299,0.9595521181337243
18,31,1,31.1,2.4017771198288433,193.65264992350953,2294.7693165646724,2302.925870511053,85.17631128899703,0.9588424552379636
18,33,1,33.1,2.4017771198288433,1851.2241651906281,-1370.3714435461495,2303.247447208505,-36.51075068901562,0.9589763463866456
18,29,1,29.1,2.4017771198288433,1833.7198661142318,-1354.9733011633161,2280.0178056864843,-36.46145690476841,0.9493044907718016
18,29,2,29.2,2.4017771198288433,-2178.7435911375433,-1047.658264233891,2417.542445240722,-154.31922457573498,1.0065640251469303
18,29,3,29.3,2.4017771198288433,194.68298481620658,2326.299496413359,2334.43158211801,85.21618713039885,0.9719601218802382
18,250,1,250.1,2.4017771198288433,1834.9693205205424,-1355.5656822361655,2281.3747447773726,-36.454773873178816,0.9498694637160792
18,250,2,250.2,2.4017771198288433,-2178.652646536128,-1048.8581769684565,2417.980733929133,-154.29266642391048,1.0067465103096012
18,250,3,250.3,2.4017771198288433,195.41655631760815,2325.5306174908337,2333.726694231853,85.19666554813188,0.9716666359108959
18,32,1,32.1,2.4017771198288433,193.93511054797398,2293.5549569732416,2301.7395959925143,85.16676318154155,0.9583485399163691
18,35,1,35.1,2.4017771198288433,1816.7560818972643,-1355.42027979283,2266.6642442109446,-36.72537483536668,0.9437446237194869
18,35,2,35.2,2.4017771198288433,-2170.665640814699,-1022.1844550680063,2399.3020619330455,-154.78386490352443,0.9989694889357701
18,35,3,35.3,2.4017771198288433,209.30194200852975,2323.1944890942373,2332.6036819585056,84.85198940212739,0.971199060354415
18,42,1,42.1,2.4017771198288433,1810.0750712065424,-1355.9153901490674,2261.60967203593,-36.83664083391987,0.9416401103017827
18,42,2,42.2,2.4017771198288433,-2169.519030740075,-1017.0316793672748,2396.073091869272,-154.88365742803376,0.9976250802322666
18,42,3,42.3,2.4017771198288433,213.65539096274517,2318.836633899871,2328.6588330632567,84.73568538018773,0.9695565895095224
18,44,1,44.1,2.4017771198288433,1807.410710612043,-1356.110284273389,2259.5947822446356,-36.88110024552904,0.9408011940781832
18,44,2,44.2,2.4017771198288433,-2169.0597867308925,-1014.9770944358739,2394.7857650826627,-154.9235022480049,0.9970890909533359
18,44,3,44.3,2.4017771198288433,215.39004975751863,2317.0971745674947,2327.0866313747783,84.68922660060409,0.9689019901815921
18,151,1,151.1,2.4017771198288433,1805.1768771319144,-1356.3831826428054,2257.972297413756,-36.920658068781826,0.940125658943185
18,151,2,151.2,2.4017771198288433,-2170.805090001942,-1012.6005280601047,2395.36105174271,-154.99268374950034,0.9973286163677875
18,151,3,151.3,2.4017771198288433,215.9598386083834,2319.368301263451,2329.400774619401,84.68044229014346,0.9698655030843994
18,52,1,52.1,2.4017771198288433,1579.7989360628114,-1241.2832337569243,2009.116408969684,-38.15751005406718,0.8365124275614961
18,52,2,52.2,2.4017771198288433,-2323.041291138301,-1021.8851013120126,2537.867214930081,-156.25573499893997,1.0566622497889961
18,52,3,52.3,2.4017771198288433,216.40272275219044,2096.4042685747745,2107.543830081144,84.10647884061846,0.8774935079035696
18,53,1,53.1,2.4017771198288433,1580.6825008220762,-1241.2618385566122,2009.7980297189254,-38.14146812753842,0.8367962260637026
18,53,2,53.2,2.4017771198288433,-2322.6477812357393,-1021.8360057996216,2537.4872489192585,-156.25317199416637,1.0565040477611372
18,53,3,53.3,2.4017771198288433,216.71510738272997,2096.418661562935,2107.5902453554004,84.098071588598,0.8775128332913724
18,54,1,54.1,2.4017771198288433,1581.7871706797657,-1241.2349484948145,2010.6503551567644,-38.12142397925519,0.8371510988913278
18,54,2,54.2,2.4017771198288433,-2322.1558267838236,-1021.7745540727182,2537.0122039944085,-156.24996825053213,1.056306258831878
18,54,3,54.3,2.4017771198288433,217.1056675654525,2096.4367236067956,2107.648406868716,84.08756109604234,0.8775370493240906
18,55,1,55.1,2.4017771198288433,1581.3322959235647,-1240.9731594521197,2010.1308943975437,-38.123557675358505,0.836934817057792
18,55,2,55.2,2.4017771198288433,-2322.106994605255,-1021.233978063997,2536.7498363746995,-156.26069963802627,1.0561970198781288
18,55,3,55.3,2.4017771198288433,217.0110980520296,2096.659575185118,2107.8603347691674,84.09074198501527,0.8776252872786875
18,57,1,57.1,2.4017771198288433,1585.4331145161793,-1241.4383873002428,2013.6453089030106,-38.06193556150581,0.8383980729429665
18,57,2,57.2,2.4017771198288433,-2321.184398742373,-1022.4616834584192,2536.399989572941,-156.22692304918667,1.056051358234977
18,57,3,57.3,2.4017771198288433,218.43817046837418,2096.186442922889,2107.5371498057357,84.05082731235386,0.8774907265150083
18,56,1,56.1,2.4017771198288433,1581.437218407463,-1240.697054770484,2010.0429989133286,-38.115519869205436,0.8368982210374997
18,56,2,56.2,2.4017771198288433,-2321.808875336281,-1020.6619595591256,2536.246693301225,-156.2698173321189,1.0559875320495868
18,56,3,56.3,2.4017771198288433,217.11443772209086,2096.8918095740373,2108.1019757417002,84.08859808350645,0.877725896519461
18,58,1,58.1,2.4017771198288433,-2319.7048584316367,-1021.1375101924925,2534.512269639558,-156.24083471674174,1.055265390245775
18,60,1,60.1,2.4017771198288433,1592.688376284907,-1243.0531523953096,2020.355761650153,-37.9711409402276,0.8411920260919667
18,60,2,60.2,2.4017771198288433,-2320.7507240742457,-1027.2306078365068,2537.9295981108885,-156.12444924226705,1.0566882235482982
18,60,3,60.3,2.4017771198288433,220.70533883772885,2094.104682788934,2105.703034397305,83.98359935521505,0.8767270772182902
18,59,1,59.1,2.4017771198288433,-2318.9776328815597,-1020.4881939787417,2533.585091496821,-156.24764825503993,1.0548793518681578
18,61,1,61.1,2.4017771198288433,1592.688397991936,-1243.0532010244508,2020.3558086820383,-37.971141648635964,0.8411920456740857
18,61,2,61.2,2.4017771198288433,-2320.750787221568,-1027.2306026191768,2537.9296537427676,-156.12444992698715,1.0566882467110965
18,61,3,61.3,2.4017771198288433,220.70536371684125,2094.104730527142,2105.7030844802257,83.98359881813462,0.8767270980707333
18,62,1,62.1,2.4017771198288433,1591.6365579322871,-1241.8882413064978,2018.8098812027558,-37.96344467127614,0.8405483858329957
18,62,2,62.2,2.4017771198288433,-2317.0607285753504,-1026.6676135217276,2534.3276837379444,-156.10232259507745,1.0551885363611704
18,62,3,62.3,2.4017771198288433,220.34400706830468,2088.7760833095413,2100.365922323266,83.97816632399648,0.8745049259495584
18,63,1,63.1,2.4017771198288433,1590.9584175906862,-1240.7357370564823,2017.5663200281056,-37.94948755421166,0.8400306187328
18,63,2,63.2,2.4017771198288433,-2314.4426599033145,-1025.9006340586716,2531.6233797589866,-156.09418943821987,1.0540625767720682
18,63,3,63.3,2.4017771198288433,220.2246802849606,2086.1165812222753,2097.70858325391,83.97378706156256,0.8733985205935337
18,64,1,64.1,2.4017771198288433,1591.3497309992924,-1239.8500329056094,2017.3304316466256,-37.922816305721206,0.8399324046314446
18,64,2,64.2,2.4017771198288433,-2308.584118408965,-1024.8410819095143,2525.838449889375,-156.06230894751326,1.0516539728171665
18,64,3,64.3,2.4017771198288433,220.51780411089632,2080.3223241287274,2091.977312065846,83.94914289543043,0.8710122578796677
18,65,1,65.1,2.4017771198288433,1590.0558300538592,-1239.6434075103818,2016.18285888761,-37.940783168986805,0.8394546031112531
18,65,2,65.2,2.4017771198288433,-2306.675751819029,-1025.7784830412984,2524.475097975892,-156.02528978870413,1.0510863298405442
18,65,3,65.3,2.4017771198288433,219.10360891485544,2072.4163009056156,2083.9663422663116,83.96489489960521,0.8676768235742125
18,66,1,66.1,2.4017771198288433,1589.8722610324774,-1240.9023189880727,2016.8124284797777,-37.972195175379476,0.8397167296786893
18,66,2,66.2,2.4017771198288433,-2306.769744455642,-1027.169249003609,2525.126396843252,-155.99732210778762,1.0513575035735203
18,66,3,66.3,2.4017771198288433,218.7095343158503,2068.421304432796,2079.952055464771,83.96411988519773,0.8660054416760343
18,67,1,67.1,2.4017771198288433,1756.2372757713135,-1368.0720449004327,2226.2054013155876,-37.91784372840718,0.9268992459526105
18,67,2,67.2,2.4017771198288433,-2163.509304591984,-962.07139626359,2367.7740353683803,-156.02619591054204,0.98584253127414
18,67,3,67.3,2.4017771198288433,241.7556052562637,2306.1274681827435,2318.7646866768896,84.01543653054192,0.9654370788752166
18,68,1,68.1,2.4017771198288433,1751.749264033192,-1366.4311716582476,2221.656956174864,-37.955588163015335,0.9250054627605016
18,97,1,97.1,2.4017771198288433,1762.8160162505558,-1366.2940995199092,2230.309367225184,-37.77795215980278,0.9286079664977912
18,97,2,97.2,2.4017771198288433,-2163.3998799934843,-969.0653839128865,2370.5245746572746,-155.87065912520157,0.9869877413213947
18,97,3,97.3,2.4017771198288433,238.55276398556887,2306.7345516996593,2319.036807213327,84.09570078210771,0.9655503785374504
18,69,1,69.1,2.4017771198288433,1746.6106739178947,-1364.551259343165,2216.4496352543047,-37.99897017475619,0.92283735112451
18,70,1,70.1,2.4017771198288433,1742.971054260601,-1363.2185120590782,2212.7613535153037,-38.0297958884749,0.9213017041618711
18,71,1,71.1,2.4017771198288433,1740.9187232130903,-1362.4667318937238,2210.6817039888533,-38.04721807449663,0.9204358246806815
18,72,1,72.1,2.4017771198288433,1756.23719841911,-1368.0720646675268,2226.2053524404873,-37.91784535316759,0.9268992256030536
18,72,2,72.2,2.4017771198288433,-2163.5092545925113,-962.0713200294443,2367.7739587069204,-156.02619710452285,0.9858424993554997
18,72,3,72.3,2.4017771198288433,241.75565740151853,2306.1273861943537,2318.764610572027,84.01543503785348,0.9654370471883202
18,73,1,73.1,2.4017771198288433,242.78087883348792,2301.4076235095304,2314.1779544095016,83.97800700630017,0.9635273545175648
18,76,1,76.1,2.4017771198288433,1755.5150863865738,-1369.3519315840042,2226.4226757432434,-37.95524879102689,0.9269897099785446
18,76,2,76.2,2.4017771198288433,-2164.4108635772577,-958.3271161315531,2367.0794764612933,-156.11787547468137,0.9855533458616582
18,76,3,76.3,2.4017771198288433,243.6772064837706,2308.2532929894965,2321.0798878014925,83.97373154860536,0.9664010322352053
18,74,1,74.1,2.4017771198288433,243.48198218250712,2298.264245542753,2311.1257036318307,83.95254618388533,0.9622565243674764
18,75,1,75.1,2.4017771198288433,243.6573441283467,2297.633532380232,2310.5169877033454,83.9465740505183,0.9620030803974012
18,86,1,86.1,2.4017771198288433,1755.572599321365,-1368.129083566019,2225.716141107659,-37.92951702156307,0.9266955383712995
18,86,2,86.2,2.4017771198288433,-2164.074254376238,-950.7202256407123,2363.7018267743497,-156.2831748215469,0.9841470331530151
18,86,3,86.3,2.4017771198288433,244.2989332480135,2314.0785412458017,2326.938216592872,83.97356581834842,0.9688401964453285
18,78,1,78.1,2.4017771198288433,1756.3358892452698,-1373.6922607680278,2229.7412816613833,-38.03021685348052,0.928371439320015
18,78,2,78.2,2.4017771198288433,-2169.2588014808734,-956.2832816835933,2370.6879724311625,-156.21047826943988,0.9870557733517353
18,78,3,78.3,2.4017771198288433,247.79083822153717,2310.3024862039647,2323.55285656831,83.87816017739803,0.967430673473104
18,79,1,79.1,2.4017771198288433,1755.3201522193285,-1373.7195609052021,2228.958112841259,-38.04685520598935,0.928045360428823
18,79,2,79.2,2.4017771198288433,-2169.617919728753,-956.3008291148265,2371.023659387191,-156.21359081529715,0.9871955394246391
18,79,3,79.3,2.4017771198288433,247.33864757486324,2310.2448310669065,2323.4473495337747,83.88909590360527,0.9673867447364765
18,80,1,80.1,2.4017771198288433,1758.123635059669,-1378.46042720313,2234.088598404383,-38.09829275579105,0.9301814810208492
18,80,2,80.2,2.4017771198288433,-2173.5696768610046,-955.3113594362599,2374.2419703218134,-156.27390392920356,0.9885355101105334
18,80,3,80.3,2.4017771198288433,252.63017159661973,2310.9319388402305,2324.6996428684724,83.76122193181037,0.9679081475445717
18,81,1,81.1,2.4017771198288433,1758.6447952109183,-1380.5057596854883,2235.761093732347,-38.13130078215097,0.9308778384447567
18,81,2,81.2,2.4017771198288433,-2175.56657662695,-955.7502214726976,2376.2467075582485,-156.28358998508426,0.9893701992329688
18,81,3,81.3,2.4017771198288433,254.27019175246548,2310.8455928563744,2324.792611059654,83.72081085666335,0.967946855628854
18,82,1,82.1,2.4017771198288433,1758.8427220470717,-1382.7502906252414,2237.3033069126195,-38.17338532547517,0.9315199518063755
18,82,2,82.2,2.4017771198288433,-2178.856522762732,-955.7690835468194,2379.2667542437584,-156.31503965536118,0.9906276209398277
18,82,3,82.3,2.4017771198288433,255.60082231909848,2312.33100890447,2326.414940441916,83.692237454608,0.9686223260415197
18,84,1,84.1,2.4017771198288433,255.9674351999531,2302.5513160155892,2316.735179248583,83.65665218035649,0.9645920764761383
18,83,1,83.1,2.4017771198288433,1760.286161109299,-1384.9651880520385,2239.807121407763,-38.19510640591845,0.9325624359213553
18,83,2,83.2,2.4017771198288433,-2181.7060679695023,-955.7677916296052,2381.87603340969,-156.34260335600123,0.9917140161529345
18,83,3,83.3,2.4017771198288433,257.4861034006264,2313.8853919505054,2328.1676701918145,83.65032473620468,0.9693520897383374
18,85,1,85.1,2.4017771198288433,256.76243181438747,2298.662311130883,2312.9581420779778,83.6264354525523,0.9630194754469161
18,87,1,87.1,2.4017771198288433,1754.4106063945276,-1367.6496295176028,2224.5049078276384,-37.938173560169616,0.9261912312605268
18,87,2,87.2,2.4017771198288433,-2163.8101936623966,-946.201795737651,2361.6461192258366,-156.38096139856188,0.9832911221146671
18,87,3,87.3,2.4017771198288433,245.0072563912606,2316.152118844852,2329.0747504779383,83.96159265523151,0.969729760205191
18,88,1,88.1,2.4017771198288433,1753.25133113168,-1368.3687223018635,2224.033091095778,-37.971145586504505,0.9259947864164301
18,89,1,89.1,2.4017771198288433,1754.2728203550428,-1366.7471906452854,2223.8414987074093,-37.92201885524995,0.92591501532244
18,89,2,89.2,2.4017771198288433,-2164.025746208114,-944.3156427447069,2361.0886182826625,-156.42499356310387,0.9830590019322524
18,89,3,89.3,2.4017771198288433,245.5184976369076,2317.427705027421,2330.3970693232823,83.95239199821313,0.9702803187205615
18,90,1,90.1,2.4017771198288433,-2164.229231787639,-942.3235124228086,2360.4791398758375,-156.47128803547668,0.9828052404979406
18,91,1,91.1,2.4017771198288433,1754.349551171004,-1366.3549091054558,2223.6609645650756,-37.91283033487885,0.9258398484217134
18,91,2,91.2,2.4017771198288433,-2163.700049523514,-943.7571141648726,2360.566752888989,-156.43425699153752,0.9828417189090422
18,91,3,91.3,2.4017771198288433,246.15192702346414,2318.098478751311,2331.1309118894433,83.93864682343447,0.9705858602131932
18,92,1,92.1,2.4017771198288433,248.35042469393318,2316.9989780800074,2330.2708421703805,83.88203860602667,0.9702277629892825
18,94,1,94.1,2.4017771198288433,1751.8500580471791,-1365.218010498197,2220.990509225233,-37.92931206335927,0.9247279819967251
18,95,1,95.1,2.4017771198288433,1754.1536635200766,-1365.472113832814,2222.9640502932025,-37.89798131851538,0.9255496823333951
18,95,2,95.2,2.4017771198288433,-2163.103926431618,-941.8070911425472,2359.241232572513,-156.471877073486,0.9822898274343785
18,95,3,95.3,2.4017771198288433,245.92242804900678,2319.4335964899524,2332.4343611651398,83.94771603628816,0.9711285622253554
18,96,1,96.1,2.4017771198288433,-2162.4741194471353,-941.2507341857018,2358.44170203204,-156.47816155402901,0.9819569362040175
18,98,1,98.1,2.4017771198288433,1761.9709523711276,-1366.271398994266,2229.6275861025238,-37.790794374571256,0.9283241012227699
18,98,2,98.2,2.4017771198288433,-2162.883171140781,-968.2623351988334,2369.724786081434,-155.8832717734574,0.9866547426558492
18,98,3,98.3,2.4017771198288433,238.933899082995,2306.2279908644364,2318.572180023218,84.08504457585292,0.9653569271192181
18,99,1,99.1,2.4017771198288433,1762.9864927840451,-1366.163632674053,2230.3641955923144,-37.77262030367534,0.9286307947472061
18,99,2,99.2,2.4017771198288433,-2160.8848381629814,-966.6056185526287,2367.2240505748846,-155.90010785878803,0.985613540503533
18,99,3,99.3,2.4017771198288433,240.74727365147535,2305.2936580661203,2317.8304725951148,84.03807725587382,0.9650481110255098
18,100,1,100.1,2.4017771198288433,1763.3072132377026,-1366.6027054705187,2230.886658451176,-37.77648850268858,0.9288483265300466
18,100,2,100.2,2.4017771198288433,-2160.48455911872,-967.094280332055,2367.0582749990303,-155.8853543047665,0.9855445184554481
18,100,3,100.3,2.4017771198288433,241.4907917324957,2304.1315742742813,2316.752061412543,84.01680359944541,0.9645991055063595
18,450,1,450.1,2.4017771198288433,1763.3072652503706,-1366.6028139481837,2230.8867660138726,-37.77648988647071,0.9288483713146752
18,450,2,450.2,2.4017771198288433,-2160.484696651521,-967.0942831327225,2367.0584016735643,-155.88535560301926,0.9855445711974502
18,450,3,450.3,2.4017771198288433,241.4908631212645,2304.1316720254567,2316.752166072556,84.01680209553342,0.9645991490824318
18,197,1,197.1,2.4017771198288433,1762.8161622346367,-1366.294246033281,2230.309572364183,-37.77795283730308,0.92860805190913
18,197,2,197.2,2.4017771198288433,-2163.400059964397,-969.0654551623907,2370.5247680298653,-155.87065933179895,0.9869878218336907
18,197,3,197.3,2.4017771198288433,238.55277241446643,2306.7347154985487,2319.036971010337,84.09570099125858,0.965550446735706
18,105,1,105.1,2.4017771198288433,1756.0054648075852,-1367.8071429669099,2225.859737895765,-37.916131331043324,0.9267553260955311
18,105,2,105.2,2.4017771198288433,-2160.2689853306274,-962.4300481492068,2364.959552838463,-155.98635916650738,0.9846706979234593
18,105,3,105.3,2.4017771198288433,242.96037922317564,2302.3439985539126,2315.1279950684125,83.97602033718164,0.9639229118950864
18,108,1,108.1,2.4017771198288433,1751.8011874392555,-1368.7370001698046,2223.116815632373,-38.00162294608086,0.9256132874605775
18,108,2,108.2,2.4017771198288433,-2158.3322421856383,-958.335188498458,2361.525862905689,-156.05798790742762,0.9832410523895644
18,108,3,108.3,2.4017771198288433,245.67942528548957,2299.631385943533,2312.717641915066,83.90197745332074,0.9629193411917739
18,300,1,300.1,2.4017771198288433,1805.1766743944895,-1356.3829561290381,2257.9719992628998,-36.9206565639385,0.9401255348055811
18,300,2,300.2,2.4017771198288433,-2170.804813297586,-1012.6004444295861,2395.3607656248696,-154.99268276445176,0.9973284972402306
18,300,3,300.3,2.4017771198288433,215.95979167285896,2319.3680456186,2329.4005157241695,84.6804428566672,0.9698653952912035
18,135,1,135.1,2.4017771198288433,1838.343439029401,-1351.9149113328401,2281.9247418147966,-36.33070570616095,0.9500984595845481
18,135,2,135.2,2.4017771198288433,-2174.8482574367326,-1041.4948697441775,2411.36403443757,-154.41109598310763,1.003991592113014
18,135,3,135.3,2.4017771198288433,196.3035107546297,2330.173193770902,2338.427288008562,85.18453494417207,0.973623767460656
18,152,1,152.1,2.4017771198288433,1579.7989493906086,-1241.2832593191663,2009.116435242538,-38.15751039245285,0.8365124385004187
18,152,2,152.2,2.4017771198288433,-2323.0413255216754,-1021.8850977943014,2537.8672449865403,-156.255735384196,1.0566622623032544
18,152,3,152.3,2.4017771198288433,216.4027368806632,2096.404292776936,2107.5438556060953,84.10647852611083,0.8774935185310968
18,160r,1,160r.1,2.4017771198288433,1751.9870452434864,-1367.3475732952631,2222.4081517348354,-37.970446339935265,0.9253182293173022
18,160r,2,160r.2,2.4017771198288433,-2161.200137927257,-956.6351843929342,2363.458675795982,-156.12386785387991,0.9840457952086777
18,160r,3,160r.3,2.4017771198288433,242.75356001631283,2303.5323319232066,2316.2880855187595,83.98419278711934,0.9644059252608019
18,160,1,160.1,2.4017771198288433,1592.6884110355493,-1243.053246247905,2020.3558467889752,-37.971142432069215,0.8411920615402277
18,160,2,160.2,2.4017771198288433,-2320.7508234048823,-1027.2306044605305,2537.9296875750492,-156.12445021960255,1.0566882607974502
18,160,3,160.3,2.4017771198288433,220.70539266482376,2094.104753343629,2105.7031102051674,83.98359809987546,0.876727108781528
18,61s,1,61s.1,2.4017771198288433,1592.688397991943,-1243.0532010244413,2020.355808682038,-37.97114164863563,0.8411920456740856
18,61s,2,61s.2,2.4017771198288433,-2320.7507872215624,-1027.2306026191898,2537.9296537427676,-156.12444992698684,1.0566882467110965
18,61s,3,61s.3,2.4017771198288433,220.70536371682897,2094.1047305271436,2105.703084480226,83.98359881813496,0.8767270980707335
18,610,1,610.1,0.24017771198288432,203.28546686949377,-136.65309498306246,244.94703388446644,-33.90988805890117,1.0198574707961328
18,610,2,610.2,0.24017771198288432,-248.26520435881085,-111.75048961211233,272.2568339341897,-155.7662770855468,1.133564108369853
18,610,3,610.3,0.24017771198288432,44.97973195067418,248.4035852653943,252.44309746764026,79.73636571944674,1.0510679587356133
18,x1,1,x1.1,0.24017771198288432,189.20975164526766,-131.93238498031107,230.66530802064034,-34.88733550729073,0.9603943101809469
18,x2,1,x2.1,0.24017771198288432,-212.4040700853693,-105.76275442188391,237.278842739369,-153.52982361852978,0.987930315350319
18,x4,1,x4.1,0.24017771198288432,17.52323094354659,232.6163952248573,233.27548295975703,85.69198702333684,0.9712619919386227
18,x5,1,x5.1,0.24017771198288432,17.507613997909022,232.5757804388572,233.23381014476288,85.69506313297732,0.9710884836865451
18,x6,1,x6.1,0.24017771198288432,17.487533096728335,232.55510769153136,233.21168908789483,85.69960147170939,0.970996380815361
18,x7,1,x7.1,0.24017771198288432,186.4984866594379,-132.27351689987418,228.64375958972036,-35.34606262399826,0.9519774241417293
18,x9,1,x9.1,0.24017771198288432,184.36665957884117,-132.36975925697683,226.96435475644697,-35.67721872144649,0.9449850815991662
18,x10,1,x10.1,0.24017771198288432,184.13759392260877,-132.2499143047981,226.70838830805096,-35.68637847047188,0.9439193438740343
18,x11,1,x11.1,0.24017771198288432,184.35971975646748,-132.27600592803762,226.90405023480182,-35.65901018747314,0.9447339986774942
18,x12,1,x12.1,0.24017771198288432,-212.83051766645346,-103.87556648803628,236.82686199707373,-153.98452061657161,0.9860484557116217
18,x16,1,x16.1,0.24017771198288432,20.29089550440294,229.21846950233694,230.11481308547778,84.94124470674456,0.9581022784573631
18,x17,1,x17.1,0.24017771198288432,20.25114808056369,229.38672334630175,230.2789131599628,84.95478714725856,0.9587855228480695
18,x19,1,x19.1,0.24017771198288432,176.9667516833472,-133.83938104596683,221.87882080118186,-37.10009843353822,0.9238110354594165
18,x20,1,x20.1,0.24017771198288432,177.0383067890367,-133.81890133740905,221.92354635297332,-37.08473762287824,0.9239972540365784
18,x22,1,x22.1,0.24017771198288432,-213.48958544773618,-99.16284410062731,235.39556653593024,-155.0858089438969,0.9800891372997389
18,x24,1,x24.1,0.24017771198288432,22.031229374539137,226.43422366912156,227.50347847097046,84.44282007957402,0.947229768294166
18,x28,1,x28.1,0.24017771198288432,177.21528229148896,-134.2667493301632,222.33491910480686,-37.1493051928253,0.9257100389092349
18,x29,1,x29.1,0.24017771198288432,177.47889962955435,-134.37906264003925,222.61287539073976,-37.13137208418719,0.9268673331628862
18,x30,1,x30.1,0.24017771198288432,21.956143264554644,226.21699437462001,227.28000521590218,84.45635671711011,0.946299318698226
18,x31,1,x31.1,0.24017771198288432,21.742405153961744,223.23247347868414,224.2888080071996,84.4370499030416,0.9338452188402186
18,x32,1,x32.1,0.24017771198288432,21.768259428565486,223.1142029455019,224.17360387555877,84.42754269983888,0.9333655567987672
18,x33,1,x33.1,0.24017771198288432,178.87168285638109,-135.84259159506382,224.60696476097326,-37.21454727361617,0.9351698911053801
18,x34,1,x34.1,0.24017771198288432,20.00639428878553,230.13219782666044,231.0001824435806,85.03151977729624,0.961788587860485
18,x52,1,x52.1,0.24017771198288432,152.37737940575028,-122.88790492508372,195.75572260202352,-38.885162057934515,0.8150453303342884
18,x53,1,x53.1,0.24017771198288432,152.46325222490202,-122.88685921062742,195.82191768452952,-38.869150984894674,0.8153209390989797
18,x55,1,x55.1,0.24017771198288432,152.96849238642858,-122.96113682456158,196.26207181257772,-38.793472854777285,0.8171535576397024
18,x56,1,x56.1,0.24017771198288432,-230.16594381140663,-99.69884972132155,250.8310633202161,-156.5796334095507,1.0443561196806261
18,x58,1,x58.1,0.24017771198288432,-229.86673488489933,-99.63928132394602,250.53283654921773,-156.56493581496966,1.043114427566332
18,x59,1,x59.1,0.24017771198288432,-227.8280916115783,-97.28421911916216,247.7294060401366,-156.87717239952607,1.0314421100730216
18,x60,1,x60.1,0.24017771198288432,153.62706482125955,-123.07540177407655,196.8472239261856,-38.69929906523633,0.8195898874255803
18,x62,1,x62.1,0.24017771198288432,23.896605547097035,203.67523366930698,205.07230082807465,83.3082511445777,0.8538356833155636
18,x63,1,x63.1,0.24017771198288432,153.46235477562823,-122.84770647217017,196.57632949761086,-38.67752057688126,0.8184619958059197
18,x64,1,x64.1,0.24017771198288432,-227.10840070473265,-97.81841293885665,247.27852227910552,-156.69785419920464,1.0295648178076042
18,x65,1,x65.1,0.24017771198288432,88.73898456551828,-215.67130763752633,233.2138939252973,-67.63505107928631,0.9710055608403694
18,x65,2,x65.2,0.24017771198288432,-255.7096445086206,15.210835031048571,256.1616516910111,176.59578389349934,1.0665504703836377
18,x65,3,x65.3,0.24017771198288432,166.97065994310236,200.4604726064777,260.8900196624001,50.20788114402349,1.0862374260647125
18,x66,1,x66.1,0.24017771198288432,23.87091635641236,201.68072081444902,203.08848760067755,83.24987952527921,0.8455759109535949
18,x68,1,x68.1,0.24017771198288432,168.90138272880895,-135.2765328231463,216.39643578477762,-38.69194309000393,0.9009846667212759
18,x69,1,x69.1,0.24017771198288432,168.40489172931078,-135.08737957439374,215.89073087707405,-38.735131817347664,0.8988791220246906
18,x70,1,x70.1,0.24017771198288432,168.0532325595356,-134.9532864700279,215.53254627264712,-38.765820079729096,0.8973877904541223
18,x71,1,x71.1,0.24017771198288432,167.85493699530798,-134.87764820493808,215.33058273035405,-38.78316456115933,0.8965468983470833
18,x73,1,x73.1,0.24017771198288432,26.536230682601257,223.81392462588008,225.38155291700198,83.23836006245166,0.9383949537043772
18,x74,1,x74.1,0.24017771198288432,26.39470482406443,224.10110548725768,225.65014053476787,83.28263100446655,0.9395132407242196
18,x75,1,x75.1,0.24017771198288432,26.61647116307358,223.44635501834873,225.02602095793424,83.20705225041836,0.9369146666447142
18,x76,1,x76.1,0.24017771198288432,96.85050279467224,-241.16322511999573,259.88405307340145,-68.11973813602148,1.0820490000001393
18,x76,2,x76.2,0.24017771198288432,-255.82321270128696,27.66221112378792,257.3144264923071,173.82857465060331,1.0713501447238536
18,x76,3,x76.3,0.24017771198288432,158.97270990661477,213.50101399620783,266.18603545727495,53.328655413542585,1.1082878309551223
18,x77,1,x77.1,0.24017771198288432,-212.4547996542256,-90.54122819694216,230.94318760147027,-156.9178964141343,0.9615512850664839
18,x79,1,x79.1,0.24017771198288432,169.80335203376134,-136.11975793914567,217.6275875511032,-38.71677038540814,0.906110670113353
18,x80,1,x80.1,0.24017771198288432,-212.9944016795745,-90.44015612276117,231.40016634900968,-156.99329988293434,0.9634539543182086
18,x82,1,x82.1,0.24017771198288432,169.56693153313103,-136.87367751372102,217.9159192571567,-38.910315362546086,0.9073111632968089
18,x83,1,x83.1,0.24017771198288432,27.985349463335577,225.0064839844678,226.7401544050757,82.91020316793556,0.944051604676931
18,x84,1,x84.1,0.24017771198288432,27.82207515924034,223.90797760803454,225.62989673952015,82.91691802672848,0.9394289539888661
18,x85,1,x85.1,0.24017771198288432,27.89423156137209,223.52935549444751,225.2630926764581,82.88683013121728,0.9379017345810626
18,x86,1,x86.1,0.24017771198288432,-212.02323965799897,-89.95840203892206,230.31797205704467,-157.00918800643603,0.9589481478342076
18,x87,1,x87.1,0.24017771198288432,-211.98403250440845,-89.50948595268878,230.10688410463666,-157.10827464138103,0.9580692654821971
18,x88,1,x88.1,0.24017771198288432,169.04450887754666,-135.4669504300493,216.6271927539763,-38.70758810231055,0.9019454426704411
18,x90,1,x90.1,0.24017771198288432,-212.20045282179794,-89.3362428461755,230.238998572455,-157.1689412256861,0.9586193351232458
18,x92,1,x92.1,0.24017771198288432,27.099826757787998,225.32057438544993,226.94440255642172,83.14184615499774,0.9449020089449197
18,x94,1,x94.1,0.24017771198288432,168.9129281631788,-135.15854983731273,216.3317149536437,-38.66564192784467,0.9007151961255259
18,x95,1,x95.1,0.24017771198288432,-211.90050791577158,-89.07165562740452,229.85992493509806,-157.20071599073685,0.9570410303162454
18,x96,1,x96.1,0.24017771198288432,-211.8353697149601,-89.01472410076771,229.77781652938046,-157.20750887280477,0.9566991650988623
18,x98,1,x98.1,0.24017771198288432,169.89462876826417,-135.2732046867041,217.170497053622,-38.52744352622379,0.9042075355813953
18,x99,1,x99.1,0.24017771198288432,-211.74548139704882,-91.52559066007223,230.6796103641218,-156.6239031933917,0.9604538591847382
18,x100,1,x100.1,0.24017771198288432,26.207003235878556,224.67620462434877,226.19947821117447,83.34688842002663,0.9418004541041428
19,sourcebus,1,sourcebus.1,66.39528095680697,66318.3370034267,-101.6373965298564,66318.41488651888,-0.08780964007436019,0.9988422961815902
19,sourcebus,2,sourcebus.2,66.39528095680697,-33273.11633232227,-57403.5604237294,66349.59698283783,-120.09808462370918,0.9993119394434243
19,sourcebus,3,sourcebus.3,66.39528095680697,-33045.220664625835,57505.19783148052,66323.70908213386,119.88372299159798,0.998922033710202
19,150,1,150.1,2.4017771198288433,1942.8921248052966,-1279.909311342416,2326.5849767183354,-33.3754931012854,0.9686931220679351
19,150,2,150.2,2.4017771198288433,-2096.386803731903,-1099.3128998226252,2367.1346566213115,-152.32817659966744,0.9855763205829854
19,150,3,150.3,2.4017771198288433,121.6564288094704,2346.8495793139064,2350.0006882119274,87.03254677418938,0.9784424494723284
19,150r,1,150r.1,2.4017771198288433,2003.5918093959845,-1319.9181671987612,2399.284082133671,-33.37593240042851,0.9989620028958598
19,150r,2,150r.2,2.4017771198288433,-2161.902399951252,-1133.6542848857428,2441.1050826530977,-152.3284672576678,1.0163745263869683
19,150r,3,150r.3,2.4017771198288433,125.47382157779009,2420.183596801773,2423.4339937637465,87.03217159532788,1.0090170206702804
19,40,1,40.1,2.4017771198288433,1830.6181625608247,-1353.7556005058213,2276.7997459149647,-36.48319805416643,0.9479646246597666
19,40,2,40.2,2.4017771198288433,-2175.4913002610974,-1037.3153106455006,2410.1422055993485,-154.50731277216667,1.0034828734529295
19,40,3,40.3,2.4017771198288433,198.08524845377596,2334.895468918691,2343.282871620929,85.15081621255882,0.975645430325324
19,401,1,401.1,2.4017771198288433,1830.6181625608247,-1353.7556005058213,2276.7997459149647,-36.48319805416643,0.9479646246597666
19,401,2,401.2,2.4017771198288433,-2175.4913002610974,-1037.3153106455006,2410.1422055993485,-154.50731277216667,1.0034828734529295
19,401,3,401.3,2.4017771198288433,198.08524845377596,2334.895468918691,2343.282871620929,85.15081621255882,0.975645430325324
19,101,1,101.1,2.4017771198288433,1779.3878988009626,-1365.5358068157525,2242.9688660557135,-37.5033124621205,0.9338788547604921
19,101,2,101.2,2.4017771198288433,-2169.662886690223,-986.9664597940575,2383.5980858020857,-155.53950046747144,0.9924310070752722
19,101,3,101.3,2.4017771198288433,225.46644920055618,2320.4211253439244,2331.349248537737,84.45021008485213,0.9706767665035775
19,1011,1,1011.1,2.4017771198288433,1779.3878988009626,-1365.5358068157525,2242.9688660557135,-37.5033124621205,0.9338788547604921
19,1011,2,1011.2,2.4017771198288433,-2169.662886690223,-986.9664597940575,2383.5980858020857,-155.53950046747144,0.9924310070752722
19,1011,3,1011.3,2.4017771198288433,225.46644920055618,2320.4211253439244,2331.349248537737,84.45021008485213,0.9706767665035775
19,30,1,30.1,2.4017771198288433,1850.962100656311,-1353.4176788865566,2292.9893396151447,-36.174154195548006,0.9547052974584707
19,30,2,30.2,2.4017771198288433,-2183.0273390495613,-1064.9314778162143,2428.9272149411217,-153.99580414639797,1.011304169270383
19,30,3,30.3,2.4017771198288433,183.1140374149086,2338.7181784163763,2345.8758425700203,85.52306009780098,0.9767250354758952
19,301,1,301.1,2.4017771198288433,1855.2557281833706,-1351.3630379418046,2295.2463652672477,-36.06948914262962,0.955645028973718
19,301,2,301.2,2.4017771198288433,-2183.2045981334445,-1069.4222181828807,2431.0586578801854,-153.90251182004963,1.0121916133722801
19,301,3,301.3,2.4017771198288433,179.2001760134315,2341.234197941618,2348.082254243785,85.62306351573264,0.9776436934377638
19,93,1,93.1,2.4017771198288433,1773.8944627956005,-1364.963982348748,2238.264559484925,-37.57731219638841,0.9319201773578514
19,93,2,93.2,2.4017771198288433,-2172.3276557149816,-965.1361726065794,2377.077044493473,-156.0450612252606,0.989715916963548
19,93,3,93.3,2.4017771198288433,230.341921249299,2334.523121018334,2345.859246257968,84.36499873214129,0.9767181254625076
19,931,1,931.1,2.4017771198288433,1778.3428792953757,-1362.9671413703436,2240.576449219221,-37.46747208709289,0.9328827519927787
19,931,2,931.2,2.4017771198288433,-2172.6724228399517,-969.7154363015183,2379.2548170321456,-155.947655602393,0.9906226507818916
19,931,3,931.3,2.4017771198288433,226.47973119870286,2337.1177145976694,2348.065646554642,84.46500229940102,0.9776367786874293
19,77,1,77.1,2.4017771198288433,1776.3612507771172,-1371.4725187834536,2244.1916502475174,-37.670598685701776,0.9343879711900346
19,77,2,77.2,2.4017771198288433,-2176.3282575419844,-977.8643990331121,2385.921932392617,-155.80473780807358,0.9933985600473384
19,77,3,77.3,2.4017771198288433,231.7910196239912,2326.026793022544,2337.547372490464,84.30920277405254,0.9732574072722633
19,771,1,771.1,2.4017771198288433,1780.801202714635,-1369.4882116329318,2246.4974705953837,-37.561337354954254,0.9353480187851381
19,771,2,771.2,2.4017771198288433,-2176.6526650242404,-982.4280995726326,2388.0916638577805,-155.7080526833769,0.9943019458974452
19,771,3,771.3,2.4017771198288433,227.91762153997044,2328.6343242542844,2339.761581508604,84.40991827205136,0.9741793117237046
19,149,1,149.1,2.4017771198288433,2003.5914875754274,-1319.9177440361746,2399.2835805936443,-33.37592818957769,0.9989617940754733
19,149,2,149.2,2.4017771198288433,-2161.902071036509,-1133.65418627537,2441.1047455632906,-152.32846572225063,1.0163743860368069
19,149,3,149.3,2.4017771198288433,125.47368913218,2420.1831708608447,2423.4335615367077,87.03217420106964,1.0090168407089362
19,1,1,1.1,2.4017771198288433,1968.8958457260385,-1326.6786141453167,2374.158165865912,-33.972822111697695,0.9885006174241099
19,1,2,1.2,2.4017771198288433,-2165.9091812635525,-1120.6289303877288,2438.641380175383,-152.64321507303472,1.0153487432460704
19,1,3,1.3,2.4017771198288433,139.9031030797275,2401.8767703752374,2405.947817039995,86.666435780756,1.0017365046809374
19,2,1,2.1,2.4017771198288433,-2165.4268348292658,-1120.1408311012615,2437.9886912163715,-152.64819401678088,1.0150769907368045
19,3,1,3.1,2.4017771198288433,141.12808414040495,2397.1701013244137,2401.3208096414023,86.63072683986967,0.9998100114354185
19,7,1,7.1,2.4017771198288433,1943.4891712596527,-1330.9007783701027,2355.5141775565003,-34.40333103633582,0.9807380368934318
19,7,2,7.2,2.4017771198288433,-2169.419161359445,-1110.292078474278,2437.0326212827454,-152.89698185522192,1.0146789230203068
19,7,3,7.3,2.4017771198288433,149.0602695418168,2390.850957573407,2395.493115265739,86.43244834393253,0.9973836021206031
19,4,1,4.1,2.4017771198288433,141.52974430310644,2395.6270753359568,2399.804107131499,86.61898857609204,0.9991785196548609
19,5,1,5.1,2.4017771198288433,142.06779282407598,2393.558786675098,2397.7712407624444,86.60323932488635,0.9983321187326972
19,6,1,6.1,2.4017771198288433,142.54565990354214,2391.7221220003667,2395.9661879966657,86.58922964375456,0.9975805699104204
19,8,1,8.1,2.4017771198288433,1927.052281436216,-1333.6703415119841,2343.545833820456,-34.68625318296806,0.9757549168373555
19,8,2,8.2,2.4017771198288433,-2171.537551986545,-1103.3582415882252,2435.769847290252,-153.0648761299018,1.0141531565026447
19,8,3,8.3,2.4017771198288433,155.34188184518896,2383.5202782735987,2388.576985821612,86.27111856164407,0.9945040137578746
19,12,1,12.1,2.4017771198288433,-2170.9119432345183,-1102.7344741767722,2434.929564857307,-153.0712932557475,1.0138032978808733
19,9,1,9.1,2.4017771198288433,1922.8590774386694,-1332.406172041913,2339.3788147676455,-34.71923825625077,0.974019943588419
19,13,1,13.1,2.4017771198288433,1905.8974828662435,-1337.8318010995615,2328.5701928928793,-35.06667539366001,0.9695196834329153
19,13,2,13.2,2.4017771198288433,-2173.4173985513244,-1093.3103550191113,2432.9140389084077,-153.29589140491262,1.0129641167877323
19,13,3,13.3,2.4017771198288433,165.93499505151087,2372.39704955784,2378.1930500557537,85.99901864861559,0.9901805752172499
19,9r,1,9r.1,2.4017771198288433,1922.8510471682187,-1332.4104009841853,2339.3746228953482,-34.71943540828777,0.9740181982673138
19,14,1,14.1,2.4017771198288433,1918.2619940391382,-1331.0266964288755,2334.815012882472,-34.755665812028916,0.9721197664872653
19,34,1,34.1,2.4017771198288433,166.6440930443462,2369.53905510208,2375.391670314736,85.9771465511984,0.9890141973223613
19,18,1,18.1,2.4017771198288433,1854.1527627560552,-1349.8796284223208,2293.4815191898747,-36.05575761568718,0.9549102205425763
19,18,2,18.2,2.4017771198288433,-2179.3087983783203,-1057.6787584568467,2422.410203656675,-154.11141998031658,1.0085907570929404
19,18,3,18.3,2.4017771198288433,184.03715669566617,2343.074406960301,2350.2909078658736,85.5089143059054,0.9785632848535759
19,11,1,11.1,2.4017771198288433,1916.4926495798607,-1330.49334475072,2333.0573538427197,-34.76967549316071,0.9713879504393726
19,10,1,10.1,2.4017771198288433,1917.3318801932426,-1330.7460228431887,2333.890853514431,-34.76302178231276,0.9717349850017515
19,15,1,15.1,2.4017771198288433,166.93511122112048,2368.3640655112486,2374.240021178014,85.96815169016365,0.9885346985682038
19,16,1,16.1,2.4017771198288433,167.6625358210913,2365.4258165218753,2371.360373158441,85.9456279049729,0.9873357330206518
19,17,1,17.1,2.4017771198288433,167.27466627300328,2366.9938981698333,2372.897159160078,85.95764694861263,0.9879755867310355
19,19,1,19.1,2.4017771198288433,1850.444984876396,-1348.6651152150343,2289.769472032542,-36.085795353696035,0.953364678649165
19,20,1,20.1,2.4017771198288433,1848.0948115302854,-1347.8954362811605,2287.4170016751955,-36.10488806641682,0.9523852079322842
19,21,1,21.1,2.4017771198288433,1854.152748850436,-1349.8796015451865,2293.4814921288157,-36.05575727732551,0.9549102092754781
19,21,2,21.2,2.4017771198288433,-2179.308827757495,-1057.6787569023945,2422.410229408789,-154.1114203167969,1.0085907678150485
19,21,3,21.3,2.4017771198288433,184.03714862719235,2343.0743925346665,2350.2908928527386,85.50891447445886,0.9785632786027315
19,22,1,22.1,2.4017771198288433,-2179.111052432398,-1057.4025310935303,2422.111700891608,-154.11525607026593,1.0084664729690713
19,23,1,23.1,2.4017771198288433,1852.5360566087006,-1350.8896580423318,2292.769659002195,-36.09994206225241,0.9546138315971565
19,23,2,23.2,2.4017771198288433,-2180.492700605395,-1059.552215300258,2424.293570164532,-154.08380299002857,1.0093749124969986
19,23,3,23.3,2.4017771198288433,183.60780871532467,2341.659530877714,2348.84677788307,85.51665277125458,0.9779620092519055
19,24,1,24.1,2.4017771198288433,183.83661472535843,2340.961021403944,2348.168308415365,85.50975464126607,0.977679522812134
19,25,1,25.1,2.4017771198288433,1850.6849511160679,-1351.9291708286005,2291.887272800473,-36.148205375114955,0.9542464427189642
19,25,2,25.2,2.4017771198288433,-2181.8477253215865,-1061.552309212833,2426.3867790783233,-154.05530769432906,1.0102464375425617
19,25,3,25.3,2.4017771198288433,182.99011933789393,2340.2779684378556,2347.4212134448544,85.52904722191077,0.9773684635700658
19,25r,1,25r.1,2.4017771198288433,1873.812813438713,-1368.8311021642196,2320.532922856131,-36.14834454485528,0.9661732988036367
19,25r,2,25r.2,2.4017771198288433,180.70812789355006,2311.0211286942085,2318.0755131698893,85.52890804106835,0.9651501357191217
19,26,1,26.1,2.4017771198288433,1872.5140044717812,-1369.4283637438748,2319.836791752638,-36.17917833826754,0.9658834587940264
19,26,2,26.2,2.4017771198288433,181.10653380823658,2309.5444219129045,2316.6344151326607,85.51623737402736,0.9645501224933603
19,28,1,28.1,2.4017771198288433,1849.994086368499,-1352.3103173871493,2291.554344568365,-36.166089985982076,0.9541078252638476
19,28,2,28.2,2.4017771198288433,-2182.669601335144,-1062.686676021567,2427.622202894487,-154.03971958524488,1.0107608165854647
19,28,3,28.3,2.4017771198288433,182.4006853408654,2340.1510016539532,2347.24875557637,85.54314978558774,0.9772966592935322
19,27,1,27.1,2.4017771198288433,1871.2049941519724,-1369.5050220547707,2318.8255940394743,-36.19980048141062,0.9654624381652531
19,27,2,27.2,2.4017771198288433,180.64407119850148,2309.507149541285,2316.561148392479,85.52756844214154,0.9645196172730478
19,31,1,31.1,2.4017771198288433,181.5298421512017,2307.7735690601944,2314.902142563324,85.50236571385862,0.9638288763148388
19,33,1,33.1,2.4017771198288433,1867.545694494015,-1368.297815626089,2315.160001656529,-36.2291770223057,0.9639362381058544
19,29,1,29.1,2.4017771198288433,1849.7305110997668,-1352.8515159897747,2291.661010710187,-36.18090253670605,0.9541522366044924
19,29,2,29.2,2.4017771198288433,-2183.1133765092536,-1063.7518595712409,2428.487602075602,-154.02170753951182,1.0111211327754934
19,29,3,29.3,2.4017771198288433,182.4085009206325,2339.4379519907475,2346.538470262692,85.54160657742666,0.9770009260600802
19,250,1,250.1,2.4017771198288433,1850.9621035282355,-1353.4176858458084,2292.9893460410785,-36.17415429356257,0.9547053001339619
19,250,2,250.2,2.4017771198288433,-2183.027347357785,-1064.9314778377536,2428.9272224176807,-153.9958042318671,1.011304172383311
19,250,3,250.3,2.4017771198288433,183.1140412004411,2338.7181858982062,2345.8758503245126,85.52306001988909,0.976725038704543
19,32,1,32.1,2.4017771198288433,181.81186575456218,2306.593295644167,2313.747649602215,85.49311146755642,0.9633481935106029
19,35,1,35.1,2.4017771198288433,1833.7165354124625,-1353.521065529365,2279.152387857563,-36.4321449691094,0.9489441668176026
19,35,2,35.2,2.4017771198288433,-2175.9913460385096,-1039.6591825642975,2411.6031087068923,-154.4621610281557,1.0040911326854296
19,35,3,35.3,2.4017771198288433,196.11799611640436,2336.8832665975506,2345.0982218458043,85.20281382979792,0.9764012665808566
19,42,1,42.1,2.4017771198288433,1827.519776741241,-1353.9901134458348,2274.4488918613715,-36.534356463490276,0.9469858269044775
19,42,2,42.2,2.4017771198288433,-2174.991229601143,-1034.9714408152481,2408.682779476177,-154.5525189593661,1.0028752291752308
19,42,3,42.3,2.4017771198288433,200.05248828327282,2332.907649951441,2341.469432059766,85.09873827076105,0.9748903895906149
19,44,1,44.1,2.4017771198288433,1825.001062695456,-1354.1933983279953,2272.5467297537953,-36.57627775388312,0.9461938457952096
19,44,2,44.2,2.4017771198288433,-2174.5942115166786,-1033.063841968546,2407.5051165770465,-154.5894530767464,1.0023848993734321
19,44,3,44.3,2.4017771198288433,201.65972745739666,2331.2992168101955,2340.004846998831,85.05616355400397,0.9742805973460126
19,151,1,151.1,2.4017771198288433,1822.6746637766494,-1354.6820117104596,2270.970339486014,-36.62115301103624,0.9455375025172398
19,151,2,151.2,2.4017771198288433,-2176.4734083361477,-1030.7086815069988,2408.1936972196117,-154.659251241237,1.0026715956854588
19,151,3,151.3,2.4017771198288433,202.3888611699921,2333.4918030518047,2342.2521738778787,85.04301615641621,0.9752162906959466
19,52,1,52.1,2.4017771198288433,1598.1872116582715,-1240.2962047656617,2023.0019869155208,-37.813765926188545,0.8422938041227094
19,52,2,52.2,2.4017771198288433,-2331.620862366902,-1044.8943399543434,2555.0459932246226,-155.8609040130631,1.063814777870272
19,52,3,52.3,2.4017771198288433,202.7663619250246,2110.6411038097067,2120.3584759703645,84.5125142842987,0.8828289929423038
19,53,1,53.1,2.4017771198288433,1599.048753738075,-1240.2699024758138,2023.66656043397,-37.79822251435154,0.842570504867738
19,53,2,53.2,2.4017771198288433,-2331.2374024640226,-1044.8440398185517,2554.6754968472133,-155.85841642089497,1.0636605186035188
19,53,3,53.3,2.4017771198288433,203.07091809089664,2110.657061214478,2120.4035058990107,84.50436376942653,0.8828477415298702
19,54,1,54.1,2.4017771198288433,1600.1258827262584,-1240.2368861569107,2024.4975609653566,-37.77880101312492,0.8429164988921317
19,54,2,54.2,2.4017771198288433,-2330.7580159562904,-1044.7810863662992,2554.2122948911756,-155.85530695276503,1.0634676605934172
19,54,3,54.3,2.4017771198288433,203.45168822862675,2110.6770761369075,2120.4599286883313,84.49417427431648,0.8828712336303048
19,55,1,55.1,2.4017771198288433,1599.6800460257052,-1239.9870789252413,2023.992145625658,-37.78094347106603,0.842706064986535
19,55,2,55.2,2.4017771198288433,-2330.7167414874402,-1044.2592039700676,2553.961200591354,-155.86561188562442,1.0633631153807293
19,55,3,55.3,2.4017771198288433,203.35714142144127,2110.891546194564,2120.664340899516,84.49727290662845,0.8829563423647903
19,57,1,57.1,2.4017771198288433,1603.6834167764782,-1240.4102634451253,2027.416613058077,-37.72108282394684,0.8441318706552404
19,57,2,57.2,2.4017771198288433,-2329.80255987645,-1045.4378389871147,2553.609258127192,-155.83309148043958,1.063216581191001
19,57,3,57.3,2.4017771198288433,204.75394075195425,2110.4446410085593,2120.3539230551114,84.45854478693605,0.882827097297943
19,56,1,56.1,2.4017771198288433,1599.7794864339985,-1239.7199132836513,2023.9070800328388,-37.77324107247428,0.8426706472152036
19,56,2,56.2,2.4017771198288433,-2330.432797487652,-1043.7051707910794,2553.475574024972,-155.87435175826414,1.0631609206964796
19,56,3,56.3,2.4017771198288433,203.45534380373064,2111.1163623571388,2120.8975393295955,84.49521460274724,0.8830534364823727
19,58,1,58.1,2.4017771198288433,-2328.385285799114,-1044.1512878765188,2551.789558545143,-155.84641894418294,1.0624589340442172
19,60,1,60.1,2.4017771198288433,1610.777308308563,-1241.9219512867912,2033.9551789677596,-37.63250537075025,0.846854257281252
19,60,2,60.2,2.4017771198288433,-2329.321369495511,-1050.0341811018511,2555.055737918584,-155.73463675671417,1.0638188351551385
19,60,3,60.3,2.4017771198288433,206.9879624014964,2108.452761827141,2118.5884606113623,84.39320762637358,0.8820920322375034
19,59,1,59.1,2.4017771198288433,-2327.6920609145764,-1043.523240826603,2550.900053822181,-155.85291929955966,1.0620885813101444
19,61,1,61.1,2.4017771198288433,1610.7773304430218,-1241.9220001208068,2033.9552263147814,-37.63250607945872,0.8468542769945806
19,61,2,61.2,2.4017771198288433,-2329.321433111604,-1050.0341762902344,2555.055793936917,-155.7346374413423,1.0638188584788404
19,61,3,61.3,2.4017771198288433,206.98798707899272,2108.4528100300413,2118.588510994665,84.39320708954472,0.882092053215013
19,62,1,62.1,2.4017771198288433,1609.737873333407,-1240.7960559717178,2032.4445560356448,-37.62526118268732,0.8462252967837757
19,62,2,62.2,2.4017771198288433,-2325.752730061931,-1049.4699681170869,2551.5706879038653,-155.71325469235626,1.0623678054213859
19,62,3,62.3,2.4017771198288433,206.66665714173877,2103.255424782674,2113.384605094843,84.38811033239784,0.8799253634514798
19,63,1,63.1,2.4017771198288433,1609.0644276287271,-1239.6793563626575,2031.2294894599909,-37.61191020155734,0.8457193936482922
19,63,2,63.2,2.4017771198288433,-2323.223228999762,-1048.7117563853028,2548.9532203916233,-155.70540343425068,1.0612780009217793
19,63,3,63.3,2.4017771198288433,206.56406449698767,2100.6604390671973,2110.7920297849114,84.3839936085902,0.878845923028583
19,64,1,64.1,2.4017771198288433,1609.430151596121,-1238.819296042827,2030.9945005131744,-37.58639326229129,0.8456215540340847
19,64,2,64.2,2.4017771198288433,-2317.554453552928,-1047.6541636123688,2543.3517042904905,-155.67457745945987,1.0589457628240442
19,64,3,64.3,2.4017771198288433,206.88026093740984,2095.010270129109,2105.2001031521854,84.36038047848443,0.8765176775862563
19,65,1,65.1,2.4017771198288433,1608.1696620204839,-1238.6271045776648,2029.8785101669328,-37.60379599979509,0.8451569021157079
19,65,2,65.2,2.4017771198288433,-2315.6890445569306,-1048.5559276157924,2542.0238559893974,-155.63873743948974,1.0583929020735066
19,65,3,65.3,2.4017771198288433,205.5585679284774,2087.2959002388816,2097.393263077492,84.37560175032453,0.8732672343997339
19,66,1,66.1,2.4017771198288433,1607.9998879798493,-1239.8554744020814,2030.4938407067425,-37.634179949432024,0.845413100134554
19,66,2,66.2,2.4017771198288433,-2315.7705582588083,-1049.9121442467058,2542.657819907159,-155.61165541339562,1.058656858255172
19,66,3,66.3,2.4017771198288433,205.20351646785903,2083.399224666371,2093.4805498287324,84.37482015275816,0.8716381435001426
19,67,1,67.1,2.4017771198288433,1776.0411286394622,-1366.7679493235742,2241.0659780374835,-37.58039538743426,0.9330865714122497
19,67,2,67.2,2.4017771198288433,-2171.3698724735123,-983.1362184808265,2383.569580938307,-155.64029752171817,0.9924191388367319
19,67,3,67.3,2.4017771198288433,226.68353031974786,2321.852335188857,2332.89170115978,84.423858137092,0.971318979558781
19,68,1,68.1,2.4017771198288433,1771.6550392271483,-1365.195381939921,2236.6313976355236,-37.61699452043697,0.9312401967568547
19,97,1,97.1,2.4017771198288433,1782.37568408715,-1364.8728750208513,2244.9367572813317,-37.443465354297174,0.9346982027380257
19,97,2,97.2,2.4017771198288433,-2170.980950436334,-989.8140372845434,2385.977811205078,-155.4903631440142,0.9934218256584562
19,97,3,97.3,2.4017771198288433,223.593101716082,2322.308151169089,2333.047154285873,84.50048254456891,0.9713837037685379
19,69,1,69.1,2.4017771198288433,1766.633015580341,-1363.3936962727068,2231.554297518804,-37.659056093024596,0.9291263036421258
19,70,1,70.1,2.4017771198288433,1763.0758225830073,-1362.1163764145333,2227.9581187880094,-37.68894161023394,0.9276290045375981
19,71,1,71.1,2.4017771198288433,1761.0699442127502,-1361.3958546573845,2225.9303721113583,-37.70583136242447,0.9267847352422042
19,72,1,72.1,2.4017771198288433,1776.0410520206713,-1366.7679730464151,2241.065931785163,-37.580397062746385,0.933086552154709
19,72,2,72.2,2.4017771198288433,-2171.369829099056,-983.1361405951054,2383.569509300264,-155.64029879719948,0.9924191090096334
19,72,3,72.3,2.4017771198288433,226.68358643559822,2321.852257424005,2332.8916292156077,84.42385657982699,0.9713189496042228
19,73,1,73.1,2.4017771198288433,227.7054562464951,2317.3203459776796,2328.4809126738696,84.38799522013414,0.9694825108667049
19,76,1,76.1,2.4017771198288433,1775.4020486225197,-1368.1174803444358,2241.383027123443,-37.61769798674819,0.9332185774520033
19,76,2,76.2,2.4017771198288433,-2172.4344953304276,-979.5795327254169,2383.0752605480416,-155.72875498900407,0.9922133244061654
19,76,3,76.3,2.4017771198288433,228.53677784393372,2324.009024009204,2335.21883396471,84.3837446473186,0.9722879007737086
19,74,1,74.1,2.4017771198288433,228.39695586139163,2314.338098429558,2325.5807883815373,84.3638551217054,0.9682750198516605
19,75,1,75.1,2.4017771198288433,228.55637682460608,2313.8087711932594,2325.0696864907195,84.35866450458485,0.9680622183029247
19,86,1,86.1,2.4017771198288433,1775.500115982186,-1367.0225419511094,2240.792558907501,-37.593991004570896,0.932972731069728
19,86,2,86.2,2.4017771198288433,-2172.3489650534443,-972.3423355432342,2380.031437493724,-155.8867339670144,0.9909460032092116
19,86,3,86.3,2.4017771198288433,229.0554877841524,2329.728288750089,2340.9614084573145,84.38480925806721,0.9746788697129971
19,78,1,78.1,2.4017771198288433,1776.3080853278107,-1372.4910177082554,2244.772150506771,-37.6920049883641,0.934629667330139
19,78,2,78.2,2.4017771198288433,-2177.4129431122306,-977.6840177222751,2386.837481552155,-155.8193589805724,0.9937797566004989
19,78,3,78.3,2.4017771198288433,232.6040918276205,2326.161302609204,2337.7619787505105,84.28970044598798,0.973346760384288
19,79,1,79.1,2.4017771198288433,1775.318840496617,-1372.5237321083127,2244.0094430778995,-37.708109220530744,0.9343121077103995
19,79,2,79.2,2.4017771198288433,-2177.7626477320186,-977.7032746581093,2387.164393822504,-155.82237542783307,0.9939158692596002
19,79,3,79.3,2.4017771198288433,232.1639694452584,2326.1024169189104,2337.659633630306,84.30029066242884,0.9733041481371484
19,80,1,80.1,2.4017771198288433,1778.1439297051945,-1377.2597602646713,2249.1421213413196,-37.759540013825266,0.9364491412515409
19,80,2,80.2,2.4017771198288433,-2181.826854170617,-976.7865521371683,2390.4979376724145,-155.8823166729501,0.9953038181339522
19,80,3,80.3,2.4017771198288433,237.39529110944613,2326.924470803366,2339.0027826115265,84.1747785042644,0.9738633794538811
19,81,1,81.1,2.4017771198288433,1778.69042712545,-1379.294504395892,2250.820509370844,-37.79197024173451,0.9371479521510485
19,81,2,81.2,2.4017771198288433,-2183.8394972641977,-977.2232305935715,2392.5133630186647,-155.892466542589,0.9961429573403385
19,81,3,81.3,2.4017771198288433,239.02562131760266,2326.899355815223,2339.143830494304,84.1349884186028,0.9739221059200519
19,82,1,82.1,2.4017771198288433,1778.933499975924,-1381.5452522320215,2252.392435012476,-37.83342559687665,0.9378024365445647
19,82,2,82.2,2.4017771198288433,-2187.1452635745663,-977.2577384019958,2395.5452596941773,-155.92400777789655,0.9974053128896864
19,82,3,82.3,2.4017771198288433,240.35636326670695,2328.423667286943,2340.7964362038774,84.10639888265824,0.974610182134922
19,84,1,84.1,2.4017771198288433,240.74086133134315,2318.829473877556,2331.2928368692383,84.07278733331003,0.9706532790333902
19,83,1,83.1,2.4017771198288433,1780.3907044062018,-1383.759517922913,2254.901652795142,-37.85515113932893,0.9388471703635148
19,83,2,83.2,2.4017771198288433,-2190.021782879735,-977.2699132007433,2398.1767851297204,-155.951778043796,0.9985009705232851
19,83,3,83.3,2.4017771198288433,242.22744117103346,2330.018597554932,2342.5756760899144,84.06488265437139,0.9753509835487367
19,85,1,85.1,2.4017771198288433,241.54435002507907,2315.0456054161004,2327.612473799158,84.04349628514852,0.9691209290748134
19,87,1,87.1,2.4017771198288433,1774.3787721770032,-1366.6130235038522,2239.6542552730566,-37.603190594184404,0.9324987888271081
19,87,2,87.2,2.4017771198288433,-2172.222708610457,-968.0240621976476,2378.1551843386055,-155.9804510206261,0.990164809509085
19,87,3,87.3,2.4017771198288433,229.72293278206052,2331.780466473404,2343.069091954592,84.37347653789601,0.9755564213725064
19,88,1,88.1,2.4017771198288433,1773.2575629185728,-1367.3592514038178,2239.2216743430126,-37.63582352103214,0.9323186801373915
19,89,1,89.1,2.4017771198288433,1774.233877053851,-1365.7253430840394,2238.997892635801,-37.58745646744274,0.9322255067511666
19,89,2,89.2,2.4017771198288433,-2172.5026693233635,-966.2098918730154,2377.6731069199577,-156.0231283383139,0.9899640925421909
19,89,3,89.3,2.4017771198288433,230.20187013202266,2333.064793102282,2344.394213827033,84.36490537019291,0.9761081469516625
19,90,1,90.1,2.4017771198288433,-2172.782269292489,-964.2585993956338,2377.1363941221903,-156.06884025688365,0.9897406276780549
19,91,1,91.1,2.4017771198288433,1774.315483276643,-1365.3318947273794,2238.822596132861,-37.578203576668905,0.9321525205854259
19,91,2,91.2,2.4017771198288433,-2172.198641369523,-965.6740606484888,2377.177597273065,-156.03195096245815,0.9897577829546769
19,91,3,91.3,2.4017771198288433,230.82020721163641,2333.7574237518024,2345.1442772191804,84.35153299596621,0.9764204421209164
19,92,1,92.1,2.4017771198288433,233.0212299898461,2332.7577954898766,2344.3672549421026,84.2955971190573,0.9760969223943511
19,94,1,94.1,2.4017771198288433,1771.8768741495448,-1364.2436781338345,2236.2263907024476,-37.594210314870196,0.9310715687314928
19,95,1,95.1,2.4017771198288433,1774.120166145201,-1364.4853065736768,2238.1515846292755,-37.56407703888294,0.931873139331418
19,95,2,95.2,2.4017771198288433,-2171.6562959403345,-963.8143986216877,2375.927032273462,-156.06761704067523,0.9892370997533595
19,95,3,95.3,2.4017771198288433,230.57638301178176,2335.050810616625,2346.4074148715417,84.36056641901946,0.9769463600514076
19,96,1,96.1,2.4017771198288433,-2171.056322137075,-963.2763082111766,2375.160373501612,-156.0736102249938,0.9889178949589094
19,98,1,98.1,2.4017771198288433,1781.5482519142884,-1364.861720449773,2244.273087181676,-37.45608228523272,0.934421878138971
19,98,2,98.2,2.4017771198288433,-2170.4927774604553,-989.0460683162827,2385.21508930744,-155.5022837159218,0.9931042600145248
19,98,3,98.3,2.4017771198288433,223.96407334005445,2321.8099806660225,2332.5868670785712,84.49023951174844,0.9711920593384608
19,99,1,99.1,2.4017771198288433,1782.5304010962548,-1364.7623743701524,2244.9924207731374,-37.4388256060399,0.9347213786985868
19,99,2,99.2,2.4017771198288433,-2168.576167200769,-987.4549957155765,2382.8113566782467,-155.5179879204244,0.9921034458218387
19,99,3,99.3,2.4017771198288433,225.73012125472297,2320.896748168955,2331.8481518535687,84.44489198563447,0.9708844890735499
19,100,1,100.1,2.4017771198288433,1782.8457506630039,-1365.1874672039417,2245.501233860236,-37.44254630852544,0.9349332272847433
19,100,2,100.2,2.4017771198288433,-2168.1830237805234,-987.9277834053443,2382.6495608532637,-155.50372314981698,0.9920360807763283
19,100,3,100.3,2.4017771198288433,226.4622238219573,2319.7709189576317,2330.7986303539656,84.42430088961743,0.9704475120156295
19,450,1,450.1,2.4017771198288433,1782.8458036300472,-1365.1875761026631,2245.501342120804,-37.44254769299931,0.9349332723599366
19,450,2,450.2,2.4017771198288433,-2168.183162219623,-987.9277871626406,2382.649688389117,-155.50372444793823,0.9920361338769479
19,450,3,450.3,2.4017771198288433,226.46229491640582,2319.771017789537,2330.7987356258604,84.42429938629085,0.9704475558464638
19,197,1,197.1,2.4017771198288433,1782.3758286388827,-1364.8730129888609,2244.9369559302627,-37.44346590700341,0.9346982854471703
19,197,2,197.2,2.4017771198288433,-2170.981119434096,-989.8141112490257,2385.9779956585976,-155.4903632114548,0.9934219024572224
19,197,3,197.3,2.4017771198288433,223.59310401908638,2322.308309053222,2333.04731166398,84.50048285986848,0.9713837692942294
19,105,1,105.1,2.4017771198288433,1776.1011640804675,-1366.2648554784782,2240.8067744371933,-37.56926470055089,0.9329786498244595
19,105,2,105.2,2.4017771198288433,-2168.212799420084,-983.8340423697399,2380.982185253527,-155.59366456770024,0.9913418549941061
19,105,3,105.3,2.4017771198288433,227.527112880087,2318.345200952031,2329.4834315514804,84.39482576629345,0.9698999179896781
19,108,1,108.1,2.4017771198288433,1772.1579541587712,-1367.1597218819645,2238.2291034709947,-37.64896734620678,0.9319054149497837
19,108,2,108.2,2.4017771198288433,-2166.49154115502,-980.0684693647817,2377.8603412604534,-155.65915237303864,0.9900420491264842
19,108,3,108.3,2.4017771198288433,230.00951523366527,2315.8649518972284,2327.259085818332,84.32803852669052,0.9689737930321272
19,300,1,300.1,2.4017771198288433,1822.6744673164226,-1354.6818006483277,2270.9700559045245,-36.62115169391727,0.9455373844457139
19,300,2,300.2,2.4017771198288433,-2176.4731521274534,-1030.7085962447009,2408.193429171406,-154.65925046563416,1.0026714840813455
19,300,3,300.3,2.4017771198288433,202.3888242953556,2333.491562239883,2342.251930780373,85.04301654606122,0.9752161894802661
19,135,1,135.1,2.4017771198288433,1854.1525157156022,-1349.8793488626272,2293.4811549302703,-36.0557556019528,0.9549100688800423
19,135,2,135.2,2.4017771198288433,-2179.3084619730503,-1057.6786613063286,2422.409858593316,-154.11141857344546,1.0085906134229237
19,135,3,135.3,2.4017771198288433,184.0370886808507,2343.074088771649,2350.290585328379,85.50891535149813,0.9785631505623914
19,152,1,152.1,2.4017771198288433,1598.1872252282487,-1240.2962304274133,2023.0020133690475,-37.81376626473097,0.8422938151368565
19,152,2,152.2,2.4017771198288433,-2331.6208970097705,-1044.8943366571157,2555.0460234897455,-155.86090439823218,1.0638147904714093
19,152,3,152.3,2.4017771198288433,202.7663759612535,2110.641128254113,2120.358501645006,84.512513969919,0.8828290036321556
19,160r,1,160r.1,2.4017771198288433,1771.8840535347142,-1366.1033407444604,2237.3670768927896,-37.63183254360545,0.9315465029711958
19,160r,2,160r.2,2.4017771198288433,-2169.181335278905,-977.870159018392,2379.407008735796,-155.73407778691637,0.9906860170711255
19,160r,3,160r.3,2.4017771198288433,227.66489879701115,2319.3146170056834,2330.4616707426176,84.39378231571034,0.970307216062035
19,160,1,160.1,2.4017771198288433,1610.7773427682905,-1241.9220425662702,2033.955261992665,-37.63250681436679,0.8468542918493661
19,160,2,160.2,2.4017771198288433,-2329.3214656475307,-1050.034178516439,2555.0558245132443,-155.73463769567053,1.06381887120955
19,160,3,160.3,2.4017771198288433,206.9880143383563,2108.452830946289,2118.5885344741096,84.39320641112684,0.8820920629908763
19,61s,1,61s.1,2.4017771198288433,1610.7773304430289,-1241.922000120797,2033.955226314781,-37.63250607945838,0.8468542769945805
19,61s,2,61s.2,2.4017771198288433,-2329.3214331115983,-1050.0341762902474,2555.055793936917,-155.734637441342,1.0638188584788404
19,61s,3,61s.3,2.4017771198288433,206.98798707898035,2108.452810030043,2118.5885109946653,84.39320708954506,0.8820920532150133
19,610,1,610.1,0.24017771198288432,205.5341565641327,-136.2408682038062,246.5884500203858,-33.53890199495565,1.0266916442186707
19,610,2,610.2,0.24017771198288432,-249.09261981779702,-114.09996757945822,273.98163414602624,-155.38926417571494,1.1407454583693881
19,610,3,610.3,0.24017771198288432,43.55846293110056,250.34083646904773,254.10209384604164,80.12954433691783,1.0579753289686997
19,x1,1,x1.1,0.24017771198288432,190.48000478004667,-131.73572540610505,231.5964886808073,-34.66768411702463,0.9642713587733381
19,x2,1,x2.1,0.24017771198288432,-212.7575963409577,-106.97699367978534,238.13834629800115,-153.3062182191196,0.9915089303331006
19,x4,1,x4.1,0.24017771198288432,16.58631875340943,233.6380337310298,234.22603778293205,85.93929817728052,0.9752197064797736
19,x5,1,x5.1,0.24017771198288432,16.581390035981144,233.57300682116156,234.160825098913,85.93937441500125,0.9749481880133819
19,x6,1,x6.1,0.24017771198288432,16.57095365805369,233.530385821318,234.11757218754641,85.9411834900484,0.9747681008978478
19,x7,1,x7.1,0.24017771198288432,187.89378270541823,-132.10074954322917,229.68387320235152,-35.10954889326081,0.9563080241963475
19,x9,1,x9.1,0.24017771198288432,185.79000281812262,-132.2074651008791,228.02793463862747,-35.43551123558833,0.9494133854305238
19,x10,1,x10.1,0.24017771198288432,185.56665889815548,-132.09189435668915,227.77895743321662,-35.44439776250099,0.9483767480033648
19,x11,1,x11.1,0.24017771198288432,185.78427490774283,-132.11651556068446,227.97054741104682,-35.41772164686687,0.9491744489067853
19,x12,1,x12.1,0.24017771198288432,-213.26387553642414,-105.2579349487625,237.8249639514181,-153.73102246290026,0.9902041367117617
19,x16,1,x16.1,0.24017771198288432,19.15803419961441,230.5147700053677,231.30951010501312,85.24907828435882,0.963076499460936
19,x17,1,x17.1,0.24017771198288432,19.11896771421309,230.67618170344022,231.46713747686883,85.26202452848004,0.963732794212661
19,x19,1,x19.1,0.24017771198288432,178.72502994040127,-133.70639453194875,223.20402385694229,-36.80061453710512,0.9293286292645189
19,x20,1,x20.1,0.24017771198288432,178.79654585816493,-133.68640744854284,223.24932328522002,-36.785512403401455,0.9295172372244488
19,x22,1,x22.1,0.24017771198288432,-214.08294386149473,-100.90731907186547,236.67233445139965,-154.7633022239721,0.9854050673455725
19,x24,1,x24.1,0.24017771198288432,20.752551331684476,227.98751147485908,228.93006306571706,84.79898746077792,0.9531694726196376
19,x28,1,x28.1,0.24017771198288432,178.97618275655793,-134.11935043926073,223.6525746696381,-36.84678251573191,0.9311962081043397
19,x29,1,x29.1,0.24017771198288432,179.23643914231792,-134.22728151318967,223.9255774109758,-36.82894869041222,0.9323328778605956
19,x30,1,x30.1,0.24017771198288432,20.684015485635616,227.7574981813787,228.6947889096967,84.81086349650154,0.9521898889851782
19,x31,1,x31.1,0.24017771198288432,20.50310311576414,224.7136836872073,225.6471069472195,84.78671006317862,0.9395006101286355
19,x32,1,x32.1,0.24017771198288432,20.529033254550168,224.5986232086121,225.53488145644022,84.77749393646587,0.9390333499076401
19,x33,1,x33.1,0.24017771198288432,180.66712950026636,-135.699284945397,225.95333061620946,-36.91025393851461,0.9407755979968344
19,x34,1,x34.1,0.24017771198288432,18.901022586475037,231.3363128021441,232.10716980676384,85.32910039749223,0.96639762237099
19,x52,1,x52.1,0.24017771198288432,154.34737891445712,-122.85440329598208,197.27219212797027,-38.51840102182498,0.8213592780916674
19,x53,1,x53.1,0.24017771198288432,154.43119582434818,-122.85282220202163,197.33679374799752,-38.50288631918612,0.8216282523420002
19,x55,1,x55.1,0.24017771198288432,154.92949967024214,-122.92329212992101,197.77079060399558,-38.42898962477219,0.8234352345653506
19,x56,1,x56.1,0.24017771198288432,-231.11424699803638,-102.07244884198032,252.6511032591547,-156.17117498581985,1.0519340082528525
19,x58,1,x58.1,0.24017771198288432,-230.8177072066868,-102.00496249111202,252.35258336891457,-156.15799036113927,1.0506910957120694
19,x59,1,x59.1,0.24017771198288432,-228.89766518255652,-99.75260413765652,249.6892531893789,-156.452637797215,1.0396020976633018
19,x60,1,x60.1,0.24017771198288432,155.5694064822853,-123.02721641976756,198.33692599525392,-38.337611232781704,0.8257923866365582
19,x62,1,x62.1,0.24017771198288432,22.51721855155249,205.274314475595,206.50561569779126,83.74006417869168,0.8598034097040086
19,x63,1,x63.1,0.24017771198288432,155.40598510816244,-122.80669500616573,198.07196809689103,-38.3168994111254,0.8246892122571563
19,x64,1,x64.1,0.24017771198288432,-228.16137659978878,-100.22850396168256,249.20547100396425,-156.28470295547285,1.0375878300552854
19,x65,1,x65.1,0.24017771198288432,90.88156988826843,-216.73954539829302,235.02231869508677,-67.2510936281441,0.9785350886839785
19,x65,2,x65.2,0.24017771198288432,-257.62451422022144,13.624814340841585,257.984545841466,176.9726570143469,1.0741402427043298
19,x65,3,x65.3,0.24017771198288432,166.742944331953,203.11473105745137,262.7904173614966,50.61640582208798,1.0941498908950542
19,x66,1,x66.1,0.24017771198288432,22.507174418634175,203.3237703519808,204.56570702455446,83.68329048859339,0.85172643762687
19,x68,1,x68.1,0.24017771198288432,171.04080755009346,-135.22526657942095,218.0385988050363,-38.32997978488406,0.9078219498592537
19,x69,1,x69.1,0.24017771198288432,170.55498689920867,-135.04388985936043,217.54506600825565,-38.37186145914752,0.9057670847649613
19,x70,1,x70.1,0.24017771198288432,170.2108721612185,-134.91530637735377,217.19549004704933,-38.4016190558833,0.9043115960007448
19,x71,1,x71.1,0.24017771198288432,170.01682821876568,-134.84277516741258,216.9983776262363,-38.41843649640562,0.9034909019438914
19,x73,1,x73.1,0.24017771198288432,25.01673642289129,225.58415094956987,226.96705985867362,83.6718937691749,0.9449963445186282
19,x74,1,x74.1,0.24017771198288432,24.873701520553,225.87454742512878,227.239988122338,83.71580896799924,0.9461327041808596
19,x75,1,x75.1,0.24017771198288432,25.09505759788777,225.24180576904774,226.63546276331675,83.64267448562246,0.9436157122667044
19,x76,1,x76.1,0.24017771198288432,99.26060935076022,-242.27173915683926,261.81723427376545,-67.72070724886903,1.0900979616810706
19,x76,2,x76.2,0.24017771198288432,-257.82790314929053,26.184013653383143,259.15406655763763,174.20114150664128,1.0790096400622953
19,x76,3,x76.3,0.24017771198288432,158.56729379853041,216.08772550345608,268.0251700416333,53.728413166583366,1.115945221681242
19,x77,1,x77.1,0.24017771198288432,-213.4817631102167,-92.85711696599444,232.8022924111424,-156.49264112870543,0.9692918234966469
19,x79,1,x79.1,0.24017771198288432,171.94415919408524,-136.06715692843278,219.26938928073767,-38.356155374236906,0.912946448987587
19,x80,1,x80.1,0.24017771198288432,-214.03341291154118,-92.76462694523057,233.27146815427318,-156.56751768951455,0.9712452759600637
19,x82,1,x82.1,0.24017771198288432,171.7257173493792,-136.8267757968118,219.57069151894996,-38.546964359303864,0.914200946066957
19,x83,1,x83.1,0.24017771198288432,26.442051577331696,226.8200947399597,228.35616363361547,83.35063222679365,0.950779994314746
19,x84,1,x84.1,0.24017771198288432,26.289366790815674,225.71457248285571,227.24039921937378,83.35659425573081,0.9461344158177655
19,x85,1,x85.1,0.24017771198288432,26.362711869477938,225.34582256602417,226.88263998171206,83.32742315474403,0.9446448552973155
19,x86,1,x86.1,0.24017771198288432,-213.06582285277815,-92.29833577074504,232.19825075564336,-156.57814194297563,0.9667768455225787
19,x87,1,x87.1,0.24017771198288432,-213.04161251965883,-91.86933154142646,232.00582480369968,-156.67298190917498,0.9659756639709892
19,x88,1,x88.1,0.24017771198288432,171.1936120129441,-135.43796734696534,218.2903932680412,-38.3489005084008,0.9088703171741312
19,x90,1,x90.1,0.24017771198288432,-213.23053303618005,-91.66173906870118,232.0972525214207,-156.7385068257715,0.9663563309236644
19,x92,1,x92.1,0.24017771198288432,25.544603238753762,227.10796765582896,228.54005278590972,83.58246967229972,0.9515456321867038
19,x94,1,x94.1,0.24017771198288432,171.063707096878,-135.13279349913844,217.9992288165425,-38.30718156843498,0.9076580296179926
19,x95,1,x95.1,0.24017771198288432,-212.9732817710894,-91.44997789339509,231.7773008839526,-156.7614846761585,0.9650241855100595
19,x96,1,x96.1,0.24017771198288432,-212.9113255765292,-91.39497069122808,231.69866902165248,-156.7679386040394,0.9646967951720846
19,x98,1,x98.1,0.24017771198288432,172.0032769990072,-135.20424007068104,218.7814293569899,-38.16933669630451,0.9109147870164607
19,x99,1,x99.1,0.24017771198288432,-212.72555650608618,-93.78884391534116,232.48335345525342,-156.20773567268176,0.9679638944675298
19,x100,1,x100.1,0.24017771198288432,24.690668881146983,226.4075100585768,227.74984026497802,83.77625473591127,0.9482555162371106
20,sourcebus,1,sourcebus.1,66.39528095680697,66327.97074967886,-92.90344847449684,66328.03581307827,-0.08025229716279467,0.9989871999521707
20,sourcebus,2,sourcebus.2,66.39528095680697,-33268.73287666045,-57416.72460780582,66358.78880681294,-120.08911017141158,0.9994503803663732
20,sourcebus,3,sourcebus.3,66.39528095680697,-33059.23786653982,57509.62806750157,66334.53496316097,119.89231385511523,0.9990850856752077
20,150,1,150.1,2.4017771198288433,1956.1412914257114,-1276.292642095782,2335.682268693343,-33.12260839210304,0.9724808557006278
20,150,2,150.2,2.4017771198288433,-2098.651888045329,-1111.517668644787,2374.8286832750205,-152.09277841081828,0.9887797929577482
20,150,3,150.3,2.4017771198288433,110.6173651272353,2356.6000662489355,2359.194793507348,87.31254377303569,0.9822704921410319
20,150r,1,150r.1,2.4017771198288433,2017.2565819507852,-1316.1878426709673,2408.666551147879,-33.123012236767835,1.0028684723749581
20,150r,2,150r.2,2.4017771198288433,-2164.2383705982647,-1146.2419770778945,2449.0403007678888,-152.09303748799297,1.019678420844651
20,150r,3,150r.3,2.4017771198288433,114.08829617326634,2430.239823346305,2432.916303184719,87.31220676544146,1.01296505953812
20,40,1,40.1,2.4017771198288433,1857.3679546765356,-1351.4102821868705,2296.981817485653,-36.039421228835785,0.9563675990257339
20,40,2,40.2,2.4017771198288433,-2183.5713051330554,-1060.9319853235513,2427.665611669582,-154.08626955801978,1.0107788901921857
20,40,3,40.3,2.4017771198288433,179.13175061543825,2357.3383279201375,2364.134551238542,85.65450304332653,0.9843272016043754
20,401,1,401.1,2.4017771198288433,1857.3679546765356,-1351.4102821868705,2296.981817485653,-36.039421228835785,0.9563675990257339
20,401,2,401.2,2.4017771198288433,-2183.5713051330554,-1060.9319853235513,2427.665611669582,-154.08626955801978,1.0107788901921857
20,401,3,401.3,2.4017771198288433,179.13175061543825,2357.3383279201375,2364.134551238542,85.65450304332653,0.9843272016043754
20,101,1,101.1,2.4017771198288433,1810.7328590890095,-1363.8488265193926,2266.900330535726,-36.987156933271535,0.943842920236192
20,101,2,101.2,2.4017771198288433,-2181.557527771123,-1015.8217943469634,2406.4677776453063,-155.03140055235667,1.0019529946295755
20,101,3,101.3,2.4017771198288433,203.4831966041806,2346.5526045220336,2355.3586854424943,85.0439481398012,0.9806732964507311
20,1011,1,1011.1,2.4017771198288433,1810.7328590890095,-1363.8488265193926,2266.900330535726,-36.987156933271535,0.943842920236192
20,1011,2,1011.2,2.4017771198288433,-2181.557527771123,-1015.8217943469634,2406.4677776453063,-155.03140055235667,1.0019529946295755
20,1011,3,1011.3,2.4017771198288433,203.4831966041806,2346.5526045220336,2355.3586854424943,85.0439481398012,0.9806732964507311
20,30,1,30.1,2.4017771198288433,1876.2404091864082,-1350.5299550698746,2311.7545788004873,-35.746583244525496,0.9625183618058735
20,30,2,30.2,2.4017771198288433,-2189.6752771541614,-1086.4574285198798,2444.3951324133714,-153.61064074780998,1.017744366133176
20,30,3,30.3,2.4017771198288433,165.36913833567453,2360.4247450959797,2366.210457498509,85.99245969684802,0.985191522545244
20,301,1,301.1,2.4017771198288433,1880.4839836892418,-1348.460363936673,2313.9933807208668,-35.64360895796798,0.963450505717936
20,301,2,301.2,2.4017771198288433,-2189.8215052581636,-1090.920840173424,2446.5131318707076,-153.51852521045228,1.0186262129289716
20,301,3,301.3,2.4017771198288433,161.46852455007658,2362.8874852760805,2368.398056175249,86.09075560840606,0.9861023475583892
20,93,1,93.1,2.4017771198288433,1805.9164728122585,-1363.9474524043073,2263.1144380465757,-37.06251344418146,0.9422666322209994
20,93,2,93.2,2.4017771198288433,-2185.663398210957,-995.8453368355075,2401.8393837174235,-155.5047508022579,1.000025924090985
20,93,3,93.3,2.4017771198288433,207.84196172218626,2360.8288863310513,2369.960191983747,84.96878257648923,0.9867527558729664
20,931,1,931.1,2.4017771198288433,1810.2982980935215,-1361.9332350598763,2265.4010825549108,-36.95507014191471,0.9432186957948658
20,931,2,931.2,2.4017771198288433,-2185.9620155976486,-1000.3804191876583,2403.9947830080264,-155.40934275485367,1.0009233426202933
20,931,3,931.3,2.4017771198288433,203.99208303525594,2363.35693571387,2372.144341208586,85.06676769845552,0.9876621446779503
20,77,1,77.1,2.4017771198288433,1808.2329723866108,-1370.0983688378024,2268.672744738237,-37.15121419578465,0.9445808797195587
20,77,2,77.2,2.4017771198288433,-2189.0069455824105,-1007.4552755049826,2409.7131654931163,-155.28650822387758,1.0033042390148335
20,77,3,77.3,2.4017771198288433,209.5549787078938,2352.6425032465345,2361.956823733953,84.90997325869031,0.9834204865363494
20,771,1,771.1,2.4017771198288433,1812.607208713294,-1368.09588619845,2270.953818753812,-37.04429618377976,0.9455306239721551
20,771,2,771.2,2.4017771198288433,-2189.287416561276,-1011.9766489318778,2411.8615487413326,-155.19172240473458,1.0041987363561895
20,771,3,771.3,2.4017771198288433,205.69464855648698,2355.183026735066,2364.148340918083,85.00862309624699,0.9843329430528333
20,149,1,149.1,2.4017771198288433,2017.2562777892547,-1316.187461971134,2408.666088383812,-33.12300860609733,1.002868279699267
20,149,2,149.2,2.4017771198288433,-2164.238083120383,-1146.2418760985759,2449.039999459089,-152.09303642786205,1.019678295392211
20,149,3,149.3,2.4017771198288433,114.08819148996936,2430.2394381897957,2432.9159135429454,87.31220880269696,1.0129648973075076
20,1,1,1.1,2.4017771198288433,1985.1944661238379,-1323.241341188245,2385.783878593863,-33.685638768881134,0.993341080193103
20,1,2,1.2,2.4017771198288433,-2169.0519380025225,-1134.8749056725544,2448.004771498166,-152.38087708973882,1.0192472695687171
20,1,3,1.3,2.4017771198288433,127.06888495155546,2414.3188113258384,2417.6604030021754,86.9872249482275,1.0066131378478882
20,2,1,2.1,2.4017771198288433,-2168.6076066930386,-1134.4205648019495,2447.4004514285116,-152.38547919630102,1.0189956558512472
20,3,1,3.1,2.4017771198288433,128.23702896608808,2409.9434668511235,2413.352906024409,86.95407062853828,1.0048196754394891
20,7,1,7.1,2.4017771198288433,1961.7069136867017,-1327.7381580338763,2368.793497016022,-34.09124189988738,0.9862669926611791
20,7,2,7.2,2.4017771198288433,-2173.138719369606,-1125.8214235906466,2447.448829176831,-152.61302532209746,1.0190157983315464
20,7,3,7.3,2.4017771198288433,135.23538156260554,2404.8871043266654,2408.686487067812,86.78144364132434,1.0028767728620303
20,4,1,4.1,2.4017771198288433,128.61755836311403,2408.518729923493,2411.950444912077,86.94324555900684,1.0042357490206912
20,5,1,5.1,2.4017771198288433,129.1371869920015,2406.570653725714,2410.032930156353,86.92843989672848,1.0034373757079083
20,6,1,6.1,2.4017771198288433,129.59594558328445,2404.85139018721,2408.340781118192,86.91534977980793,1.0027328352973137
20,8,1,8.1,2.4017771198288433,1946.5112195319398,-1330.6913849887876,2357.890050415222,-34.35764125257096,0.9817272514375736
20,8,2,8.2,2.4017771198288433,-2175.658679502516,-1119.7451287183787,2446.9000476078236,-152.76650204648283,1.0187873085335228
20,8,3,8.3,2.4017771198288433,140.84303173960484,2398.6186662416662,2402.7501463182875,86.63954251618124,1.0004051277203914
20,12,1,12.1,2.4017771198288433,-2175.083148042439,-1119.164532093987,2446.122636090709,-152.7724248923301,1.0184636267436113
20,9,1,9.1,2.4017771198288433,1942.5993400614875,-1329.5395469767673,2354.010960675951,-34.38823175219139,0.9801121599674927
20,13,1,13.1,2.4017771198288433,1926.9774402475184,-1335.1049420899774,2344.3010177056954,-34.71612516224749,0.9760693439667525
20,13,2,13.2,2.4017771198288433,-2178.226865001454,-1110.9475271328042,2445.1741621930646,-152.97733658169153,1.0180687217002524
20,13,3,13.3,2.4017771198288433,150.34572018455904,2389.1061739176394,2393.83210477034,86.39914243269673,0.9966920265028298
20,9r,1,9r.1,2.4017771198288433,1942.591844721315,-1329.5435557102999,2354.007039434791,-34.388415309278926,0.9801105273259257
20,14,1,14.1,2.4017771198288433,1938.2857011992107,-1328.2751663337926,2349.7375123558763,-34.42219678713302,0.9783328740026155
20,34,1,34.1,2.4017771198288433,151.02508028518204,2386.455517422687,2391.229497876005,86.37890766347766,0.9956084093458306
20,18,1,18.1,2.4017771198288433,1879.0630505345705,-1347.2604780947436,2312.1394299912718,-35.63996476907266,0.962678597819285
20,18,2,18.2,2.4017771198288433,-2186.088013822475,-1079.454775481205,2438.0737102244207,-153.72058781260566,1.0151123891121772
20,18,3,18.3,2.4017771198288433,166.4283053553871,2364.1241892658595,2369.975013179553,85.97316673830723,0.9867589268018523
20,11,1,11.1,2.4017771198288433,1936.6214758854692,-1327.785034673861,2348.0876983547014,-34.43528690405357,0.9776459601388958
20,10,1,10.1,2.4017771198288433,1937.416885049368,-1328.0191047586343,2348.876099133013,-34.42902450016735,0.9779742173996562
20,15,1,15.1,2.4017771198288433,151.30218828739436,2385.372908279428,2390.166576566163,86.37063918554456,0.9951658531647983
20,16,1,16.1,2.4017771198288433,151.99485064386778,2382.665722059504,2387.5088225385866,86.34993734696677,0.9940592750374466
20,17,1,17.1,2.4017771198288433,151.62550245279988,2384.1104128969823,2388.927113554929,86.36098364924767,0.9946497923692311
20,19,1,19.1,2.4017771198288433,1875.5637215511215,-1346.1447690811603,2308.645709701526,-35.66806593304055,0.9612239581439788
20,20,1,20.1,2.4017771198288433,1873.3462722347674,-1345.4378691869,2306.4321614862392,-35.68591913321087,0.9603023288233346
20,21,1,21.1,2.4017771198288433,1879.063037977708,-1347.2604544529554,2312.1394060105454,-35.63996447426515,0.9626785878347089
20,21,2,21.2,2.4017771198288433,-2186.088044449916,-1079.4547740901778,2438.0737370705046,-153.72058816058893,1.0151124002897687
20,21,3,21.3,2.4017771198288433,166.42829992965642,2364.1241788114858,2369.975002369974,85.97316685140575,0.9867589223011936
20,22,1,22.1,2.4017771198288433,-2186.087418168117,-1079.364194824963,2438.03307297975,-153.72249032205258,1.0150954694553385
20,23,1,23.1,2.4017771198288433,1877.567660487061,-1348.1807539073086,2311.4609373538924,-35.680102288356196,0.9623961017326258
20,23,2,23.2,2.4017771198288433,-2187.2350417093444,-1081.2435249175655,2439.8944009644024,-153.6948498848346,1.0158704489358594
20,23,3,23.3,2.4017771198288433,165.94566044959672,2362.9402758400824,2368.7601629141896,85.98280120843982,0.9862531137289681
20,24,1,24.1,2.4017771198288433,166.09121360418158,2362.6182412739126,2368.4491223660993,85.97874297946069,0.9861236093942309
20,25,1,25.1,2.4017771198288433,1875.8842592678297,-1349.1626444774863,2310.666915724181,-35.72422554125091,0.9620655041833543
20,25,2,25.2,2.4017771198288433,-2188.52509249389,-1083.184871418682,2441.9114533794414,-153.6674298515614,1.01671026558595
20,25,3,25.3,2.4017771198288433,165.33617630826726,2361.713968157537,2367.494227783176,85.99543599507362,0.985726031044833
20,25r,1,25r.1,2.4017771198288433,1899.327475238561,-1366.0298690804793,2339.547490737497,-35.72435537425894,0.974090173239813
20,25r,2,25r.2,2.4017771198288433,163.27457465809857,2332.18941827034,2337.897788489037,85.99530595007712,0.9734033059052712
20,26,1,26.1,2.4017771198288433,1898.1118912747454,-1366.6019229689382,2338.8949458368133,-35.75311911179444,0.973818480710437
20,26,2,26.2,2.4017771198288433,163.66313541127064,2330.802168817058,2336.5411128535593,85.98342534586988,0.9728384426528582
20,28,1,28.1,2.4017771198288433,1875.272559736307,-1349.5189182847892,2310.378428766272,-35.740255763866095,0.9619453902245998
20,28,2,28.2,2.4017771198288433,-2189.312499249296,-1084.2940592411674,2443.109253855604,-153.65230768219115,1.0172089798364414
20,28,3,28.3,2.4017771198288433,164.75284338805588,2361.6474103075157,2367.3871652132957,86.0094069228491,0.985681454648049
20,27,1,27.1,2.4017771198288433,1896.881753628245,-1366.683938853264,2337.944690527823,-35.772364901341554,0.9734228339615587
20,27,2,27.2,2.4017771198288433,163.2286156756293,2330.7636142833476,2336.472256767145,85.99398839342577,0.9728097738451468
20,31,1,31.1,2.4017771198288433,164.07656058310243,2329.137545739452,2334.9095966880554,85.97044413875349,0.9721591472461221
20,33,1,33.1,2.4017771198288433,1893.4321414399278,-1365.5767187954561,2334.4988860896797,-35.799808698182865,0.9719881444519889
20,29,1,29.1,2.4017771198288433,1875.051449160534,-1350.0192026855093,2310.491243138272,-35.753528218976705,0.9619923614323228
20,29,2,29.2,2.4017771198288433,-2189.741783853298,-1085.3220169773579,2443.950277826622,-153.6351784552421,1.017559147203794
20,29,3,29.3,2.4017771198288433,164.73539925743881,2361.032026143934,2366.7720592076116,86.00879143857784,0.985425350115865
20,250,1,250.1,2.4017771198288433,1876.2404121354261,-1350.5299620624148,2311.754585278987,-35.7465833424836,0.9625183645032511
20,250,2,250.2,2.4017771198288433,-2189.675285513631,-1086.4574285953388,2444.395139935276,-153.61064083331615,1.017744369264984
20,250,3,250.3,2.4017771198288433,165.36914209447554,2360.4247526755144,2366.210465322205,85.99245961888101,0.9851915258027053
20,32,1,32.1,2.4017771198288433,164.3520137222548,2328.028053893863,2333.8222306189923,85.96178436938402,0.9717064132850538
20,35,1,35.1,2.4017771198288433,1860.2778666906147,-1351.1748659189866,2299.1970902013113,-35.99201400917167,0.957289946356537
20,35,2,35.2,2.4017771198288433,-2184.0145310130642,-1063.11148104156,2429.017392444647,-154.04459757005898,1.0113417154285096
20,35,3,35.3,2.4017771198288433,177.30586240052008,2359.1736795879187,2365.827089899427,85.70196332997182,0.9850319042376512
20,42,1,42.1,2.4017771198288433,1854.458029408198,-1351.6456763310916,2294.768096601718,-36.08691969437527,0.955445897813053
20,42,2,42.2,2.4017771198288433,-2183.128054176819,-1058.752491531585,2426.315094800798,-154.12798765828748,1.010216591193817
20,42,3,42.3,2.4017771198288433,180.9576263997737,2355.5029546605438,2362.443614558196,85.60697504530395,0.983623165969101
20,44,1,44.1,2.4017771198288433,1852.0668954023042,-1351.859270989344,2292.962117786722,-36.12642563750921,0.9546939634224363
20,44,2,44.2,2.4017771198288433,-2182.778603177956,-1056.9572309028758,2425.217725988614,-154.16254717377936,1.0097596925069554
20,44,3,44.3,2.4017771198288433,182.4716860578689,2354.0063895800245,2361.0679783514033,85.56755966941627,0.9830504083241741
20,151,1,151.1,2.4017771198288433,1850.1594991680447,-1352.6460702725913,2291.8860276605456,-36.17042592838515,0.954245924294537
20,151,2,151.2,2.4017771198288433,-2185.040276486154,-1055.1364782441626,2426.4612087540536,-154.22451736544807,1.0102774269608203
20,151,3,151.3,2.4017771198288433,182.9436888014852,2356.5927613331164,2363.6831082105605,85.56099771779063,0.9841392395223594
20,52,1,52.1,2.4017771198288433,1627.7626499566113,-1239.2515839239834,2045.8141980277367,-37.282817738683804,0.8517918590937058
20,52,2,52.2,2.4017771198288433,-2344.8520282314485,-1076.7898310133924,2580.272732575955,-155.33473108822693,1.0743181418764751
20,52,3,52.3,2.4017771198288433,182.9585913302882,2134.4821460019643,2142.3090061293015,85.10082816922026,0.8919682798385421
20,53,1,53.1,2.4017771198288433,1628.5764507266251,-1239.2186984542088,2046.4418482966662,-37.26828339883693,0.8520531865348525
20,53,2,53.2,2.4017771198288433,-2344.490173737763,-1076.7387295882688,2579.9225698745854,-155.33240879005146,1.0741723487058772
20,53,3,53.3,2.4017771198288433,183.24620809009403,2134.500060675236,2142.3514375101913,85.09320506886567,0.8919859464990076
20,54,1,54.1,2.4017771198288433,1629.5938788715623,-1239.1774692532304,2047.2266631617772,-37.2501222805898,0.8523799507706475
20,54,2,54.2,2.4017771198288433,-2344.0378043674477,-1076.6747829152757,2579.484796712208,-155.32950596625113,1.073990078186784
20,54,3,54.3,2.4017771198288433,183.60579540097734,2134.5225165397983,2142.404598044034,85.08367499336158,0.8920080803320781
20,55,1,55.1,2.4017771198288433,1629.1710684115342,-1238.9464640882588,2046.7502805730794,-37.25213907698102,0.852181604893853
20,55,2,55.2,2.4017771198288433,-2344.0037704648735,-1076.1832689649375,2579.248748057,-155.33911234521312,1.0738917973541207
20,55,3,55.3,2.4017771198288433,183.51463384299726,2134.7235001619347,2142.5970323367274,85.08656440499571,0.892088201959978
20,57,1,57.1,2.4017771198288433,1632.9559349308809,-1239.307294409783,2049.982354900472,-37.19613249473051,0.8535273060834881
20,57,2,57.2,2.4017771198288433,-2343.1287040259326,-1077.283794251759,2578.913045643011,-155.30878013549594,1.073752024845166
20,57,3,57.3,2.4017771198288433,184.83811519031443,2134.3161778634317,2142.304991339159,85.05036501043122,0.8919666082470739
20,56,1,56.1,2.4017771198288433,1629.2624251017262,-1238.6940655762614,2046.670231850311,-37.24496672947768,0.8521482759383443
20,56,2,56.2,2.4017771198288433,-2343.741134408682,-1075.6591958374538,2578.791424429082,-155.34725949206486,1.0737013868351168
20,56,3,56.3,2.4017771198288433,183.60518516043058,2134.936015085476,2142.8165232998476,85.08463878802974,0.8921795888589987
20,58,1,58.1,2.4017771198288433,-2341.816883284556,-1076.0703028273556,2577.2143122882794,-155.32110894239736,1.0730447429992747
20,60,1,60.1,2.4017771198288433,1639.6761153638222,-1240.654528427059,2056.1520912133815,-37.112828818893895,0.8560961274208109
20,60,2,60.2,2.4017771198288433,-2342.6147980707715,-1081.579667691768,2580.2439167071775,-155.2173423672278,1.0743061441484014
20,60,3,60.3,2.4017771198288433,186.97235318841038,2132.474589057856,2140.6556317713234,84.98920117344956,0.8912798835904774
20,59,1,59.1,2.4017771198288433,-2341.181222469378,-1075.483035797675,2576.3915224072202,-155.3270737882674,1.072702167547845
20,61,1,61.1,2.4017771198288433,1639.6761381820388,-1240.654577583785,2056.15213907025,-37.11282952756376,0.8560961473464185
20,61,2,61.2,2.4017771198288433,-2342.6148623580543,-1081.57966340512,2580.243973277019,-155.21734305203938,1.0743061677017283
20,61,3,61.3,2.4017771198288433,186.97237761509933,2132.4746380252795,2140.6556826851183,84.98920063663076,0.8912799047888619
20,62,1,62.1,2.4017771198288433,1638.6743645387457,-1239.6075396710423,2054.721520159303,-37.10640198241715,0.8555004971925654
20,62,2,62.2,2.4017771198288433,-2339.2874173481055,-1081.0316410631497,2576.9934089832,-155.197394253946,1.0729527680598618
20,62,3,62.3,2.4017771198288433,186.7117174912371,2127.5602687913865,2135.7373346898735,84.98465143867067,0.8892321094482204
20,63,1,63.1,2.4017771198288433,1638.020806188504,-1238.5643611363741,2053.5709966260215,-37.0941909604602,0.8550214670928185
20,63,2,63.2,2.4017771198288433,-2336.93233474196,-1080.3052972066007,2574.5508875015757,-155.19008144084373,1.071935803803912
20,63,3,63.3,2.4017771198288433,186.63380466709853,2125.104779709764,2133.284439963363,84.98097052856738,0.888210826204967
20,64,1,64.1,2.4017771198288433,1638.3438984595778,-1237.7596109170925,2053.3435134037754,-37.07084200091743,0.8549267525498377
20,64,2,64.2,2.4017771198288433,-2331.6419816383204,-1079.280491534225,2569.319114073733,-155.1613220429159,1.0697575111619138
20,64,3,64.3,2.4017771198288433,186.97462549111316,2119.7638373715004,2127.9939466092214,84.9592482871811,0.8860080850303327
20,65,1,65.1,2.4017771198288433,1637.1552768115664,-1237.591518977261,2052.2938795982413,-37.08710096631111,0.8544897287324034
20,65,2,65.2,2.4017771198288433,-2329.8749645030216,-1080.1175345211739,2568.0676078713454,-155.12781396696457,1.069236436082942
20,65,3,65.3,2.4017771198288433,185.80646922860925,2112.467994677476,2120.6237461048763,84.97336793474965,0.882939440382377
20,66,1,66.1,2.4017771198288433,1637.007660227639,-1238.7536044723183,2052.8771449449014,-37.11545850750822,0.8547325761397855
20,66,2,66.2,2.4017771198288433,-2329.937895660939,-1081.3994304146388,2568.6641130630587,-155.1024629160216,1.0694847960105924
20,66,3,66.3,2.4017771198288433,185.51157587165,2108.7835598908537,2116.927643366283,84.97258123526254,0.881400537081118
20,67,1,67.1,2.4017771198288433,1807.6103388699376,-1365.279982952852,2265.2692045408708,-37.06358742163034,0.9431637872802701
20,67,2,67.2,2.4017771198288433,-2183.553135399507,-1012.1790481876666,2406.7427616392883,-155.13007036776165,1.002067486516317
20,67,3,67.3,2.4017771198288433,204.70449847934304,2348.1421816940397,2357.048076970116,85.01770954965752,0.9813766887487401
20,68,1,68.1,2.4017771198288433,1803.452841095794,-1363.8348950542847,2261.0811066886176,-37.09786218123471,0.9414200376968151
20,97,1,97.1,2.4017771198288433,1813.4081925543842,-1363.2426154967911,2268.6735555231144,-36.93427760300647,0.9445812172966265
20,97,2,97.2,2.4017771198288433,-2182.653594788597,-1018.2875845228289,2408.502920827982,-154.98923075955656,1.0028003435221409
20,97,3,97.3,2.4017771198288433,201.88523819260388,2348.181492212384,2356.844069888558,85.08607089464878,0.9812917486933644
20,69,1,69.1,2.4017771198288433,1798.6923082448893,-1362.179217304068,2256.2859392804035,-37.13724475327693,0.9394235296242609
20,70,1,70.1,2.4017771198288433,1795.3200788151282,-1361.0053650584568,2252.8892092410274,-37.16522311442257,0.9380092726512334
20,71,1,71.1,2.4017771198288433,1793.4184504969332,-1360.3431967736822,2250.973867371912,-37.18103305047503,0.9372118040379709
20,72,1,72.1,2.4017771198288433,1807.6102643626873,-1365.2800148440938,2265.269164307419,-37.06358920109802,0.9431637705287358
20,72,2,72.2,2.4017771198288433,-2183.553104783622,-1012.1789676312192,2406.742699983776,-155.1300718011479,1.0020674608455287
20,72,3,72.3,2.4017771198288433,204.70456326029978,2348.142114293717,2357.048015450546,85.01770783860366,0.9813766631345522
20,73,1,73.1,2.4017771198288433,205.67744681243374,2344.0605930621537,2353.0667810485484,84.98547703990181,0.97971904287948
20,76,1,76.1,2.4017771198288433,1807.1556087967408,-1366.7282337042418,2265.7796581331195,-37.09974145987591,0.9433763189044722
20,76,2,76.2,2.4017771198288433,-2184.9170250242046,-1008.9649112485164,2406.6309643091,-155.21315060166626,1.0020209387624621
20,76,3,76.3,2.4017771198288433,206.40889567130725,2350.4119384025867,2359.4577581295357,84.98126412033524,0.9823799796617584
20,74,1,74.1,2.4017771198288433,206.3212078761738,2341.446100081014,2350.5187258143833,84.96427434827154,0.9786581387626372
20,75,1,75.1,2.4017771198288433,206.43231062815673,2341.1656722107405,2350.2491364979264,84.96097619214804,0.9785458929950216
20,86,1,86.1,2.4017771198288433,1807.378339219018,-1365.8517968045176,2265.428787649752,-37.078663983813726,0.9432302310429171
20,86,2,86.2,2.4017771198288433,-2185.270099213061,-1002.4260644512633,2404.217839798613,-155.35815198025963,1.0010162141814156
20,86,3,86.3,2.4017771198288433,206.7348579596879,2355.983786788328,2365.0367661212126,84.98520622767083,0.9847028463197913
20,78,1,78.1,2.4017771198288433,1808.219531876113,-1371.1101428342054,2269.2732094750304,-37.171780269120205,0.9448308882369337
20,78,2,78.2,2.4017771198288433,-2190.1216158442116,-1007.2938969825955,2410.6583513817227,-155.30106879259458,1.003697775068118
20,78,3,78.3,2.4017771198288433,210.350215460062,2352.8465503085986,2362.230747078525,84.89119999039198,0.9835345368128344
20,79,1,79.1,2.4017771198288433,1807.2870140589175,-1371.1499713455019,2268.554296265965,-37.186812190276335,0.9445315627070459
20,79,2,79.2,2.4017771198288433,-2190.451198060828,-1007.3152298210039,2410.9666989229568,-155.3038809764161,1.0038261581469177
20,79,3,79.3,2.4017771198288433,209.93573400357627,2352.787029137904,2362.1345890721777,84.9010851247683,0.9834945006223181
20,80,1,80.1,2.4017771198288433,1810.1243118230989,-1375.831922839622,2273.6454218188064,-37.237591593136344,0.9466512954294577
20,80,2,80.2,2.4017771198288433,-2194.720434021563,-1006.4823114418076,2414.498794109668,-155.36416550695242,1.005296775531666
20,80,3,80.3,2.4017771198288433,215.002565784162,2353.94136194912,2363.739841604539,84.78124055585415,0.9841628609456422
20,81,1,81.1,2.4017771198288433,1810.7090943070878,-1377.828327676711,2275.319389614301,-37.268704234905755,0.9473482659275421
20,81,2,81.2,2.4017771198288433,-2196.763381308618,-1006.8927857805096,2416.5269366417806,-155.3755104937868,1.0061412096447935
20,81,3,81.3,2.4017771198288433,216.59528347153477,2354.0616936514293,2364.0050707092723,84.74306356171846,0.984273291302624
20,82,1,82.1,2.4017771198288433,1811.0386860008384,-1380.0774127445382,2276.9441774798306,-37.308720324881314,0.9480247599502869
20,82,2,82.2,2.4017771198288433,-2200.0876316790695,-1006.9370086753571,2419.5676734712947,-155.4073582473442,1.0074072458662273
20,82,3,82.3,2.4017771198288433,217.92773976247236,2355.6704690521046,2365.729455901951,84.71449831733295,0.9849912535058786
20,84,1,84.1,2.4017771198288433,218.27273415307243,2346.592852097516,2356.722512301737,84.68581678379836,0.9812411371749944
20,83,1,83.1,2.4017771198288433,1812.5144861613758,-1382.2808421334971,2279.4536821515208,-37.330288557984,0.9490696132178827
20,83,2,83.2,2.4017771198288433,-2203.006733868638,-1006.9561810213006,2422.230257421364,-155.4356815314654,1.0085158349722219
20,83,3,83.3,2.4017771198288433,219.76980115668198,2357.3509164574525,2367.5730419193487,84.67385578057785,0.9857588459698825
20,85,1,85.1,2.4017771198288433,219.05942378579044,2343.086991348857,2353.304842169327,84.65884010583363,0.9798181616190221
20,87,1,87.1,2.4017771198288433,1806.3585911463806,-1365.5548343513262,2264.4362135923843,-37.088225730847405,0.9428169645290625
20,87,2,87.2,2.4017771198288433,-2185.3793070228544,-998.4849196131215,2402.676601263373,-155.44466205642786,1.0003745066214111
20,87,3,87.3,2.4017771198288433,207.32185459030862,2358.0297240502473,2367.126217778691,84.97538130536668,0.985572807000251
20,88,1,88.1,2.4017771198288433,1805.3172755790974,-1366.3500888470348,2264.0854733858073,-37.1201709714595,0.9426709309093392
20,89,1,89.1,2.4017771198288433,1806.2066189498235,-1364.686960598273,2263.791697741889,-37.07302313927947,0.9425486149619131
20,89,2,89.2,2.4017771198288433,-2185.774589219896,-996.804910793555,2402.338565869006,-155.48502431355553,1.0002337627565552
20,89,3,89.3,2.4017771198288433,207.73251841751664,2359.350019792011,2368.4774254994804,84.96828248236694,0.9861353936406323
20,90,1,90.1,2.4017771198288433,-2186.189940315911,-994.9389460929698,2401.942955523939,-155.52963344251236,1.0000690470792342
20,91,1,91.1,2.4017771198288433,1806.3005475699556,-1364.2838324684767,2263.6236532794924,-37.063448642978685,0.9424786482439319
20,91,2,91.2,2.4017771198288433,-2185.51206635456,-996.3078597320991,2401.893491299174,-155.49321388070013,1.000048452235376
20,91,3,91.3,2.4017771198288433,208.3141181422905,2360.1007580228024,2369.276336740231,84.95586428417955,0.9864680270203721
20,92,1,92.1,2.4017771198288433,210.50097474779233,2359.3312951164107,2368.703193835279,84.90153553054297,0.9862293941762917
20,94,1,94.1,2.4017771198288433,1804.0040826976135,-1363.285369231736,2261.1894499026325,-37.078330992694276,0.9414651473005
20,95,1,95.1,2.4017771198288433,1806.1195163730492,-1363.5051233305194,2263.0099267948854,-37.050478583705484,0.9422231180868911
20,95,2,95.2,2.4017771198288433,-2185.058480482154,-994.6234694721536,2400.7824576899516,-155.52530097715393,0.9995858640959313
20,95,3,95.3,2.4017771198288433,208.0525973534229,2361.3163750082604,2370.4642807154164,84.96474432847627,0.9869626374342102
20,96,1,96.1,2.4017771198288433,-2184.5118229724512,-994.1229723736087,2400.077579768488,-155.5307689446781,0.9992923822754725
20,98,1,98.1,2.4017771198288433,1812.6222915486553,-1363.2488615952486,2268.0491684396616,-36.94633369314412,0.9443212485100568
20,98,2,98.2,2.4017771198288433,-2182.2135943585286,-1017.5860256111905,2407.8076108614546,-154.99993282445948,1.0025108453997766
20,98,3,98.3,2.4017771198288433,202.2351605826272,2347.7035910517875,2356.3979315076094,85.07659843665574,0.9811059952455257
20,99,1,99.1,2.4017771198288433,1813.5391987786263,-1363.1649500729254,2268.7316074436712,-36.93072172834317,0.9446053876994827
20,99,2,99.2,2.4017771198288433,-2180.4464502199085,-1016.1224179295148,2405.5875561898642,-155.0137387840534,1.0015865070616097
20,99,3,99.3,2.4017771198288433,203.90103513749617,2346.8354343593387,2355.6765881790157,85.03441758466008,0.9808056579150388
20,100,1,100.1,2.4017771198288433,1813.84069928302,-1363.5623013456413,2269.2113678603273,-36.93416752482747,0.9448051399632107
20,100,2,100.2,2.4017771198288433,-2180.07116851156,-1016.5639108666543,2405.4339493430007,-155.00043111210647,1.0015225515656583
20,100,3,100.3,2.4017771198288433,204.60240286620407,2345.7820473987886,2354.687995713461,85.01519689595621,0.9803940491702503
20,450,1,450.1,2.4017771198288433,1813.840753779128,-1363.5624109098176,2269.2114772572936,-36.93416890926643,0.9448051855115529
20,450,2,450.2,2.4017771198288433,-2180.0713082486905,-1016.5639158952999,2405.4340781134583,-155.00043241018724,1.0015226051803157
20,450,3,450.3,2.4017771198288433,204.6024736330867,2345.782147986546,2354.688102069816,85.01519539319654,0.9803940934526085
20,197,1,197.1,2.4017771198288433,1813.408332698026,-1363.2427356776348,2268.6737397599672,-36.934277902317845,0.9445812940051818
20,197,2,197.2,2.4017771198288433,-2182.653742655504,-1018.287662550237,2408.5030878182624,-154.989230564625,1.0028004130499413
20,197,3,197.3,2.4017771198288433,201.88522769379767,2348.181635785427,2356.84421203458,85.08607144791807,0.9812918078770501
20,105,1,105.1,2.4017771198288433,1807.7898258708076,-1364.5155017470092,2264.9517895597464,-37.04541914100664,0.943031628897003
20,105,2,105.2,2.4017771198288433,-2180.3516598527885,-1013.1093382099252,2404.230415702905,-155.0778696829954,1.0010214502643926
20,105,3,105.3,2.4017771198288433,205.24094645952295,2344.76064742271,2353.726054536884,84.99755145464368,0.9799935369126243
20,108,1,108.1,2.4017771198288433,1804.2190846385677,-1365.356837525617,2262.610394909381,-37.116898131603236,0.9420567696433965
20,108,2,108.2,2.4017771198288433,-2178.915437054999,-1009.8027125236214,2401.5357586462546,-155.13497405844598,0.999899507252111
20,108,3,108.3,2.4017771198288433,207.39342848831285,2342.601215182587,2351.7636972185514,84.94072298708959,0.9791764930236924
20,300,1,300.1,2.4017771198288433,1850.1593127257604,-1352.6458856533914,2291.885768191972,-36.17042495339759,0.9542458162626255
20,300,2,300.2,2.4017771198288433,-2185.0400531714513,-1055.1363900319207,2426.46096929934,-154.22451694816323,1.0102773272618466
20,300,3,300.3,2.4017771198288433,182.94366988138427,2356.5925458001225,2363.682891859729,85.5609977706723,0.9841391494428804
20,135,1,135.1,2.4017771198288433,1879.0628164463765,-1347.2602295443914,2312.1390949212796,-35.63996314360927,0.9626784583100901
20,135,2,135.2,2.4017771198288433,-2186.087715980041,-1079.4546759179775,2438.073399083797,-153.72058681156898,1.015112259566175
20,135,3,135.3,2.4017771198288433,166.4282579167335,2364.123901740998,2369.974723033197,85.9731673942057,0.9867588059969891
20,152,1,152.1,2.4017771198288433,1627.7626639177818,-1239.2516097448492,2045.814224776999,-37.28281807721131,0.851791870230985
20,152,2,152.2,2.4017771198288433,-2344.85206324469,-1076.7898280035936,2580.2727631385965,-155.3347314734178,1.0743181546014866
20,152,3,152.3,2.4017771198288433,182.95860525691376,2134.4821708434565,2142.3090320694046,85.1008278548552,0.8919682906389211
20,160r,1,160r.1,2.4017771198288433,1803.6710255116939,-1364.7095109580648,2261.7827520718706,-37.112200046162506,0.9417121736229426
20,160r,2,160r.2,2.4017771198288433,-2181.5605571898454,-1007.2452425664093,2402.862759992575,-155.2168242259625,1.0004520153659424
20,160r,3,160r.3,2.4017771198288433,205.64879298001264,2345.7374656861625,2354.734737497597,84.98973800632189,0.9804135105031734
20,160,1,160.1,2.4017771198288433,1639.6761487425997,-1240.6546143043968,2056.152169648481,-37.1128301659829,0.8560961600779208
20,160,2,160.2,2.4017771198288433,-2342.6148880731944,-1081.5796661339898,2580.243997767788,-155.21734323638222,1.074306177898665
20,160,3,160.3,2.4017771198288433,186.97240148078976,2132.4746548067305,2140.655701486948,84.9892000395258,0.891279912617161
20,61s,1,61s.1,2.4017771198288433,1639.6761381820459,-1240.654577583775,2056.1521390702496,-37.11282952756342,0.8560961473464184
20,61s,2,61s.2,2.4017771198288433,-2342.614862358048,-1081.579663405133,2580.2439732770185,-155.21734305203907,1.074306167701728
20,61s,3,61s.3,2.4017771198288433,186.97237761508683,2132.474638025281,2140.655682685119,84.9892006366311,0.8912799047888621
20,610,1,610.1,0.24017771198288432,209.03825755706353,-135.85400089139668,249.30564109280166,-33.01984673766083,1.0380048966015958
20,610,2,610.2,0.24017771198288432,-250.45685380148342,-117.4992052131661,276.649053571241,-154.86687098577164,1.151851482334696
20,610,3,610.3,0.24017771198288432,41.418592748368255,253.3532120558617,256.7164776251762,80.71532672833673,1.0688605345839521
20,x1,1,x1.1,0.24017771198288432,192.58588809484942,-131.4958368632989,233.19622511023024,-34.32489457645315,0.9709319952504519
20,x2,1,x2.1,0.24017771198288432,-213.37980203926577,-108.75910264583395,239.498397336273,-152.99218498034244,0.9971716166291911
20,x4,1,x4.1,0.24017771198288432,15.147009704240247,235.38660897840745,235.87345672909876,86.318121897697,0.9820788731050436
20,x5,1,x5.1,0.24017771198288432,15.159096564658782,235.2851226605243,235.77295679113544,86.31360696158201,0.9816604332042984
20,x6,1,x6.1,0.24017771198288432,15.164333705645342,235.2088878843013,235.69721669231905,86.31114497786704,0.9813450829655478
20,x7,1,x7.1,0.24017771198288432,190.19909811998738,-131.89635790944882,231.45700714265277,-34.739941899753646,0.9636906157185268
20,x9,1,x9.1,0.24017771198288432,188.25412291415245,-132.03899853508867,229.94327980683838,-35.045321338105516,0.9573880852992085
20,x10,1,x10.1,0.24017771198288432,187.98684259551928,-131.92289917018255,229.65779828801524,-35.05989827237524,0.9561994591087671
20,x11,1,x11.1,0.24017771198288432,188.15059311533835,-131.93782490874244,229.80042500244335,-35.03949170599445,0.9567932973681568
20,x12,1,x12.1,0.24017771198288432,-213.99384474955303,-107.2545827296788,239.36773196739222,-153.3797855927802,0.996627580432818
20,x16,1,x16.1,0.24017771198288432,17.45081375114457,232.71925195001498,233.37262292040958,85.71161300707068,0.9716664422926983
20,x17,1,x17.1,0.24017771198288432,17.413612565861424,232.8675964904915,233.5177753359523,85.7234368113709,0.9722707965200093
20,x19,1,x19.1,0.24017771198288432,181.5974243580126,-133.56918762756126,225.42926255690668,-36.335358522017614,0.9385935967820834
20,x20,1,x20.1,0.24017771198288432,181.66769311951725,-133.550248785657,225.4746541722106,-36.32090174351644,0.9387825885704103
20,x22,1,x22.1,0.24017771198288432,-215.04796937532618,-103.37222446236406,238.6031138161206,-154.32669512399346,0.9934440287828377
20,x24,1,x24.1,0.24017771198288432,18.842254493098533,230.65323413143201,231.4215741232262,85.32983032925445,0.9635430873773912
20,x28,1,x28.1,0.24017771198288432,181.85104316914234,-133.95117319281658,225.8599537355775,-36.3752980414383,0.9403868155412891
20,x29,1,x29.1,0.24017771198288432,182.10230483264607,-134.05015465993355,226.12097069868167,-36.357733020917586,0.9414735815069952
20,x30,1,x30.1,0.24017771198288432,18.773496912932448,230.4288743999703,231.19236653396922,85.34228662920137,0.962588762401253
20,x31,1,x31.1,0.24017771198288432,18.671607909287918,227.2213726126826,227.9872389277736,85.30235174299978,0.9492439454332905
20,x32,1,x32.1,0.24017771198288432,18.697130568852426,227.1130119178306,227.8813350713423,85.29372489071234,0.948803005865847
20,x33,1,x33.1,0.24017771198288432,183.6112627747684,-135.54100229416332,228.22019875692737,-36.43457549958876,0.9502138931741965
20,x34,1,x34.1,0.24017771198288432,17.242438383705768,233.38652272637285,234.0225858153944,85.77470286153678,0.9743726171896893
20,x52,1,x52.1,0.24017771198288432,157.59559134444044,-122.86573088423063,199.8308240410374,-37.940930476319195,0.8320123561476757
20,x53,1,x53.1,0.24017771198288432,157.67492018271045,-122.86339081202644,199.89195395626322,-37.92642086876489,0.832266875664583
20,x55,1,x55.1,0.24017771198288432,158.15468415831225,-122.92664281697124,200.30941973723233,-37.8563438789219,0.8340050293738617
20,x56,1,x56.1,0.24017771198288432,-232.5773609452181,-105.38573056068535,255.33973648856855,-155.6237124939829,1.063128357666946
20,x58,1,x58.1,0.24017771198288432,-232.29939271429475,-105.32037435200816,255.05957952815118,-155.61131363343202,1.0619619007209435
20,x59,1,x59.1,0.24017771198288432,-230.57789383227123,-103.25811412504616,252.64283733521358,-155.87606093130253,1.051899592386897
20,x60,1,x60.1,0.24017771198288432,158.75443950793584,-123.01545580467341,200.837681798786,-37.7713469943358,0.8362044926679051
20,x62,1,x62.1,0.24017771198288432,20.467603995565327,208.01378682827598,209.01832054621127,84.3804466367298,0.8702652665835473
20,x63,1,x63.1,0.24017771198288432,158.59590271439168,-122.80961674085587,200.58629644576595,-37.75260828665062,0.8351578287166807
20,x64,1,x64.1,0.24017771198288432,-229.85493764771223,-103.66841230733411,252.15160533170734,-155.7238308435278,1.0498543068379147
20,x65,1,x65.1,0.24017771198288432,94.2269735987142,-218.6448511052884,238.08463509522517,-66.68593734285116,0.9912852992462169
20,x65,2,x65.2,0.24017771198288432,-260.72581119826174,11.428763519420595,260.9761775729242,177.49007974309163,1.0865961517341878
20,x65,3,x65.3,0.24017771198288432,166.49883759954756,207.21608758586785,265.82018335031404,51.21800326050411,1.1067645750961983
20,x66,1,x66.1,0.24017771198288432,20.479983292518256,206.16078763424753,207.17552962074245,84.32685818784748,0.8625926523752808
20,x68,1,x68.1,0.24017771198288432,174.54944520538947,-135.21715893579386,220.79671395239785,-37.763652372463696,0.9193055930524161
20,x69,1,x69.1,0.24017771198288432,174.08782052565738,-135.0503711434023,220.3296893324733,-37.8028798826618,0.9173610969704572
20,x70,1,x70.1,0.24017771198288432,173.76081931580765,-134.9321251937336,219.99886531206965,-37.83074800398646,0.9159836834807858
20,x71,1,x71.1,0.24017771198288432,173.57642074302285,-134.86542392232997,219.8123208733047,-37.84649563151581,0.9152069901014341
20,x73,1,x73.1,0.24017771198288432,22.717203900053608,228.7210029055144,229.8464020234838,84.32782758840239,0.9569847265422499
20,x74,1,x74.1,0.24017771198288432,22.60735575537782,228.92476162433576,230.03834249752617,84.36006954633066,0.9577838867659765
20,x75,1,x75.1,0.24017771198288432,22.792822095483267,228.42345260760067,229.55780631521364,84.30170610254689,0.9557831341634753
20,x76,1,x76.1,0.24017771198288432,103.03403425856929,-244.20824729725433,265.05410818093907,-67.12460604568248,1.1035749570294329
20,x76,2,x76.2,0.24017771198288432,-261.08955681670136,24.142399096950502,262.20337929343697,174.71700336023082,1.0917057087800148
20,x76,3,x76.3,0.24017771198288432,158.05552255813203,220.06584820030383,270.94376862227955,54.313365889958845,1.1280970510768613
20,x77,1,x77.1,0.24017771198288432,-215.12572953938232,-96.17244201921201,235.64426178837914,-155.9128614590131,0.9811246007921491
20,x79,1,x79.1,0.24017771198288432,175.44896049492658,-136.04811119053056,222.0167252647,-37.79101699221721,0.9243852122320221
20,x80,1,x80.1,0.24017771198288432,-215.69878615976145,-96.08952874292534,236.1337838701442,-155.9879765685563,0.9831627669388895
20,x82,1,x82.1,0.24017771198288432,175.26731254021547,-136.81081218044577,222.34169463810153,-37.97501903208696,0.9257382494090299
20,x83,1,x83.1,0.24017771198288432,24.08258542806289,230.07490883936134,231.33187112531724,84.02445030000845,0.9631696014399643
20,x84,1,x84.1,0.24017771198288432,23.94370643484965,228.9722902626651,230.2207870414147,84.03025833278613,0.9585435098899636
20,x85,1,x85.1,0.24017771198288432,24.022750410385285,228.61206427533537,229.87076471250046,84.00132514725858,0.9570861626364466
20,x86,1,x86.1,0.24017771198288432,-214.73719994806947,-95.66354525171593,235.0820685030321,-155.9874457889929,0.9787838620087473
20,x87,1,x87.1,0.24017771198288432,-214.73863178303495,-95.27214514145624,234.92437425670536,-156.07478527812532,0.9781272888195666
20,x88,1,x88.1,0.24017771198288432,174.7278051728084,-135.46469339767756,221.08932370839094,-37.786058190242,0.9205238982547487
20,x90,1,x90.1,0.24017771198288432,-214.89393906769902,-95.01904579986247,234.9638783148344,-156.14655888978456,0.978291767270972
20,x92,1,x92.1,0.24017771198288432,23.177161938014564,230.28419464391885,231.44759911975595,84.2527678048909,0.9636514446280073
20,x94,1,x94.1,0.24017771198288432,174.6038634638444,-135.1641206821661,220.80726585935523,-37.74412493521916,0.9193495267999328
20,x95,1,x95.1,0.24017771198288432,-214.69693428366088,-94.88765078823793,234.73056865886298,-156.15644537999682,0.97732036299684
20,x96,1,x96.1,0.24017771198288432,-214.64064862007345,-94.83658674202478,234.65844588448851,-156.16229388269662,0.9770200737910721
20,x98,1,x98.1,0.24017771198288432,175.44351316143795,-135.16993790522753,221.4753675326688,-37.61234798053459,0.9221312240182041
20,x99,1,x99.1,0.24017771198288432,-214.28470815096662,-97.01318609003881,235.22222348809953,-155.64229518328986,0.9793674090161292
20,x100,1,x100.1,0.24017771198288432,22.443625529933612,229.35085826801154,230.44637665886918,84.41099209401531,0.9594827711377789
21,sourcebus,1,sourcebus.1,66.39528095680697,66338.6491721133,-85.27747037119593,66338.70398362997,-0.07365293851239013,0.9991478765905998
21,sourcebus,2,sourcebus.2,66.39528095680697,-33264.57963093073,-57429.511010071714,66367.77073910559,-120.08047364739127,0.9995856600453386
21,sourcebus,3,sourcebus.3,66.39528095680697,-33074.06953470399,57514.78849166416,66346.40134044422,119.90119730586893,0.9992638088783066
21,150,1,150.1,2.4017771198288433,1970.805859397343,-1273.0494382832976,2346.2162320954817,-32.86059039203892,0.9768667595029297
21,150,2,150.2,2.4017771198288433,-2101.389553082692,-1122.315642006925,2382.3161952390983,-151.8940996211603,0.9918972812135325
21,150,3,150.3,2.4017771198288433,99.53513593885877,2367.1377309300356,2369.2294697810435,87.5922036251757,0.986448513569769
21,150r,1,150r.1,2.4017771198288433,2032.3811669771442,-1312.842676861441,2419.53076072037,-32.86095714434083,1.0073918769335233
21,150r,2,150r.2,2.4017771198288433,-2167.061766870421,-1157.3787431264514,2456.7625559814514,-151.89433181206996,1.0228936464165028
21,150r,3,150r.3,2.4017771198288433,102.65824102332442,2441.1079255901172,2443.265564532208,87.59190484097762,1.0172740610945288
21,40,1,40.1,2.4017771198288433,1886.8196163192215,-1349.5523284089686,2319.780108467413,-35.57433760504435,0.9658598582339424
21,40,2,40.2,2.4017771198288433,-2191.103809333058,-1080.5652085620088,2443.0630514230484,-153.74931877606213,1.0171897430670616
21,40,3,40.3,2.4017771198288433,161.79855570701577,2381.3406256018206,2386.8309424361305,86.11305148340094,0.9937770339848279
21,401,1,401.1,2.4017771198288433,1886.8196163192215,-1349.5523284089686,2319.780108467413,-35.57433760504435,0.9658598582339424
21,401,2,401.2,2.4017771198288433,-2191.103809333058,-1080.5652085620088,2443.0630514230484,-153.74931877606213,1.0171897430670616
21,401,3,401.3,2.4017771198288433,161.79855570701577,2381.3406256018206,2386.8309424361305,86.11305148340094,0.9937770339848279
21,101,1,101.1,2.4017771198288433,1844.2421371817063,-1363.1605021076166,2293.345943171862,-36.469736857183854,0.9548537723330847
21,101,2,101.2,2.4017771198288433,-2192.491663173888,-1039.4312970101687,2426.404153122732,-154.63498873812924,1.0102536713713235
21,101,3,101.3,2.4017771198288433,184.05502223445816,2373.9138151870516,2381.0382300890656,85.56659510440792,0.9913651897303212
21,1011,1,1011.1,2.4017771198288433,1844.2421371817063,-1363.1605021076166,2293.345943171862,-36.469736857183854,0.9548537723330847
21,1011,2,1011.2,2.4017771198288433,-2192.491663173888,-1039.4312970101687,2426.404153122732,-154.63498873812924,1.0102536713713235
21,1011,3,1011.3,2.4017771198288433,184.05502223445816,2373.9138151870516,2381.0382300890656,85.56659510440792,0.9913651897303212
21,30,1,30.1,2.4017771198288433,1904.5725790352385,-1347.850684910809,2333.2591321213076,-35.28673537060848,0.9714719625139828
21,30,2,30.2,2.4017771198288433,-2195.9067681963634,-1104.2675289778524,2457.9286625460572,-153.30330112271844,1.023379164641728
21,30,3,30.3,2.4017771198288433,148.80113249609667,2384.152711759286,2388.79173014754,86.4286547049705,0.9945934243547842
21,301,1,301.1,2.4017771198288433,1908.760588714174,-1345.7665948983915,2335.4774057937043,-35.18564881269015,0.9723955593182336
21,301,2,301.2,2.4017771198288433,-2196.02845756446,-1108.7070565459064,2460.035024886359,-153.2121976492991,1.0242561662264764
21,301,3,301.3,2.4017771198288433,144.91888695323098,2386.5628864939295,2390.958781532212,86.52510405366239,0.9954956943309535
21,93,1,93.1,2.4017771198288433,1841.3996901462351,-1363.9704262427988,2291.5427428995545,-36.52826579848932,0.9541029948119647
21,93,2,93.2,2.4017771198288433,-2198.6615187147786,-1022.7419181846878,2424.8945348384273,-155.05376692464057,1.009625129167369
21,93,3,93.3,2.4017771198288433,187.3650231316468,2388.891384787478,2396.22780640843,85.51537032083993,0.9976894969251731
21,931,1,931.1,2.4017771198288433,1845.70862501118,-1361.9410840991068,2293.801178175151,-36.42346916984173,0.9550433132357482
21,931,2,931.2,2.4017771198288433,-2198.922070386783,-1027.2360286010949,2427.0294868604806,-154.96016518859417,1.01051403430533
21,931,3,931.3,2.4017771198288433,183.53360148768996,2391.355526375816,2398.3881746713146,85.61122293310424,0.9985889843276673
21,77,1,77.1,2.4017771198288433,1843.3083118133243,-1369.6044116893759,2296.4324019920746,-36.61287635048154,0.9561388452879108
21,77,2,77.2,2.4017771198288433,-2201.200484643065,-1032.6777507938266,2431.4001954794403,-154.8667080371641,1.0123338154094448
21,77,3,77.3,2.4017771198288433,189.33649030543057,2381.174106631002,2388.689689484829,85.45375296215445,0.9945509388710695
21,771,1,771.1,2.4017771198288433,1847.611088728039,-1367.5857687972505,2298.6860529893106,-36.50852515378272,0.9570771717373678
21,771,2,771.2,2.4017771198288433,-2201.445744530264,-1037.1606724714036,2433.529458755686,-154.77360624298663,1.01322035199049
21,771,3,771.3,2.4017771198288433,185.49562861731408,2383.6501058832637,2390.8568454663755,85.55021108952768,0.9954532523970225
21,149,1,149.1,2.4017771198288433,2032.3808799125654,-1312.8423435155273,2419.5303387148333,-32.860954202145294,1.007391701227987
21,149,2,149.2,2.4017771198288433,-2167.061516277665,-1157.3786376474393,2456.762285247454,-151.89433122872342,1.0228935336941378
21,149,3,149.3,2.4017771198288433,102.6581667779841,2441.107581660918,2443.265217787179,87.59190624165142,1.0172739167243348
21,1,1,1.1,2.4017771198288433,2003.3238671868155,-1320.1233433956731,2399.1732239708135,-33.38354441282054,0.9989158461721813
21,1,2,1.2,2.4017771198288433,-2172.493347174638,-1147.2211875507114,2456.7954324044417,-152.16296188437417,1.0229073347902986
21,1,3,1.3,2.4017771198288433,114.37014016072342,2427.9024147131404,2430.594714124566,87.30298644049756,1.011998446507716
21,2,1,2.1,2.4017771198288433,-2172.1024450380746,-1146.817775379473,2456.261395223787,-152.16702520660087,1.022684983941735
21,3,1,3.1,2.4017771198288433,115.43390618161433,2424.01833328965,2426.7653093821573,87.27358378393674,1.0104040418018032
21,7,1,7.1,2.4017771198288433,1982.0134943510839,-1324.874909172551,2384.045095367277,-33.7607073831145,0.9926171232479599
21,7,2,7.2,2.4017771198288433,-2176.997831781542,-1139.1334912037892,2457.0194688613415,-152.37878619658267,1.0230006142436876
21,7,3,7.3,2.4017771198288433,121.74109141280367,2420.2213513014945,2423.2813048909557,87.12035571060373,1.008953447380515
21,4,1,4.1,2.4017771198288433,115.7776742858871,2422.76385889686,2425.528640490533,87.26406293369861,1.0098891443613145
21,5,1,5.1,2.4017771198288433,116.25810988679243,2421.0074847771098,2423.7972665759894,87.25073712504215,1.0091682723452355
21,6,1,6.1,2.4017771198288433,116.67927981354815,2419.4685323706394,2422.2803375062813,87.2390403592558,1.0085366862346075
21,8,1,8.1,2.4017771198288433,1968.2140059092994,-1328.0005331048333,2374.331861594805,-34.00847090919451,0.9885729370941821
21,8,2,8.2,2.4017771198288433,-2179.8208077236354,-1133.704671910582,2457.0114034934395,-152.52147496198296,1.022997256160277
21,8,3,8.3,2.4017771198288433,126.79885421213494,2415.118672306963,2418.4449860923564,86.99460941571725,1.0069398055822518
21,12,1,12.1,2.4017771198288433,-2179.3149881786558,-1133.1891739075381,2456.324799687815,-152.52669873652738,1.022711382920851
21,9,1,9.1,2.4017771198288433,1964.7290687800742,-1327.0011095430982,2370.884277740698,-34.035554267283125,0.9871375067098871
21,13,1,13.1,2.4017771198288433,1950.4126239992593,-1332.6522351731405,2362.217471734481,-34.34349952580034,0.9835290095122642
21,13,2,13.2,2.4017771198288433,-2182.975575624749,-1125.8316502791763,2456.192025991563,-152.71836703370533,1.022656101481472
21,13,3,13.3,2.4017771198288433,135.35636548500182,2407.375388031938,2411.177638536662,86.78189302172795,1.0039139846200587
21,9r,1,9r.1,2.4017771198288433,1964.7223846427964,-1327.004744941254,2370.8807734285333,-34.035717482184005,0.987136047660196
21,14,1,14.1,2.4017771198288433,1960.859860191696,-1325.8964000510427,2367.0599179106794,-34.06581501583918,0.9855452024954597
21,34,1,34.1,2.4017771198288433,135.97694873655107,2405.0285014543615,2408.8694077088353,86.76402186069079,1.0029529334014546
21,18,1,18.1,2.4017771198288433,1906.7789074088844,-1345.0129714553216,2333.423599589773,-35.19856371088876,0.9715404399206112
21,18,2,18.2,2.4017771198288433,-2192.4958363069227,-1097.648801978665,2451.911679630486,-153.40566923613994,1.0208739434595062
21,18,3,18.3,2.4017771198288433,150.0825802803819,2386.8336435906044,2391.5475372820038,86.40201478573852,0.9957408277136188
21,11,1,11.1,2.4017771198288433,1959.362110346627,-1325.4666158837626,2365.5784978064758,-34.07751178162552,0.9849284008397302
21,10,1,10.1,2.4017771198288433,1960.0855203384801,-1325.6741342963787,2366.293971040586,-34.071859107733175,0.9852262941072625
21,15,1,15.1,2.4017771198288433,136.22821665666416,2404.077451127031,2407.9340767618405,86.75677515963197,1.0025635005355684
21,16,1,16.1,2.4017771198288433,136.85629193283003,2401.699303636957,2405.595391941847,86.7386352946264,1.001589769542511
21,17,1,17.1,2.4017771198288433,136.52137170319256,2402.968307727009,2406.8433212139353,86.7483139001626,1.0021093553366238
21,19,1,19.1,2.4017771198288433,1903.6210570253986,-1344.036031557186,2330.2802369832016,-35.223689850226805,0.9702316745982088
21,20,1,20.1,2.4017771198288433,1901.620196738764,-1343.417065912077,2328.288810613621,-35.23964601029842,0.9694025275665632
21,21,1,21.1,2.4017771198288433,1906.778897336543,-1345.0129531793477,2333.4235808245776,-35.198563486742444,0.9715404321075651
21,21,2,21.2,2.4017771198288433,-2192.4958689615314,-1097.6488007127296,2451.911708263467,-153.4056696041946,1.0208739553810873
21,21,3,21.3,2.4017771198288433,150.08257885679606,2386.8336395176893,2391.547533127779,86.4020148136535,0.9957408259839725
21,22,1,22.1,2.4017771198288433,-2192.791299568329,-1097.8459124177923,2452.2641233918944,-153.40464153609685,1.0210206863685374
21,23,1,23.1,2.4017771198288433,1905.4873709117792,-1345.7842414451763,2332.813182667325,-35.23232763902668,0.971286287727467
21,23,2,23.2,2.4017771198288433,-2193.5915955790792,-1099.3039296363695,2453.632657491568,-153.38256363506719,1.0215904869917405
21,23,3,23.3,2.4017771198288433,149.51107841705775,2386.0134383045793,2390.693140145651,86.4144509095472,0.995385092316983
21,24,1,24.1,2.4017771198288433,149.5292373735906,2386.214781698966,2390.8952250628154,86.414318348554,0.9954692320631302
21,25,1,25.1,2.4017771198288433,1904.0772686990485,-1346.6586289869713,2332.1663122945365,-35.269859482000506,0.9710169578352602
21,25,2,25.2,2.4017771198288433,-2194.7901371494645,-1101.145662441236,2455.529579549331,-153.3566739033564,1.0223802863624243
21,25,3,25.3,2.4017771198288433,148.90011362644918,2385.0511784810296,2389.6946181074513,86.42762799216392,0.994969349311541
21,25r,1,25r.1,2.4017771198288433,1927.8735091342248,-1363.4942982844743,2361.3159400376267,-35.269973956306764,0.9831536492469792
21,25r,2,25r.2,2.4017771198288433,147.0433684229935,2355.2353310880503,2359.8210137640986,86.42751469881213,0.9825312241846427
21,26,1,26.1,2.4017771198288433,1926.793073144317,-1364.007956629024,2360.730660720152,-35.295293944653935,0.9829099633059972
21,26,2,26.2,2.4017771198288433,147.38957232624577,2354.018442988347,2358.6281003922163,86.41727909823206,0.9820345447209099
21,28,1,28.1,2.4017771198288433,1903.596747088496,-1346.9746292889404,2331.9565234956635,-35.28301570525919,0.9709296105135037
21,28,2,28.2,2.4017771198288433,-2195.527901409849,-1102.2174024600085,2456.669690486457,-153.34204837661704,1.0228549810906373
21,28,3,28.3,2.4017771198288433,148.33061554407098,2385.0764259000443,2389.684399432656,86.44129363280756,0.9949650946807882
21,27,1,27.1,2.4017771198288433,1925.6996540245284,-1364.0907106452541,2359.8861464864917,-35.31227251991352,0.9825583427385898
21,27,2,27.2,2.4017771198288433,147.00342263850234,2353.980689935688,2358.566321912007,86.42658404613877,0.9820088227337616
21,31,1,31.1,2.4017771198288433,147.76556397962258,2352.5586951810615,2357.1947471879016,86.40594058076132,0.9814377561211347
21,33,1,33.1,2.4017771198288433,1922.6227673281187,-1363.1334524753784,2356.822249280984,-35.33652002712319,0.9812826635008236
21,29,1,29.1,2.4017771198288433,1903.4464973228498,-1347.4144988538428,2332.0879914557636,-35.29396969561911,0.9709843482987106
21,29,2,29.2,2.4017771198288433,-2195.9381462221136,-1103.1922006277825,2457.473778814208,-153.32602832358933,1.0231897699938677
21,29,3,29.3,2.4017771198288433,148.27653973751154,2384.60176392842,2389.2072963154665,86.44188137769578,0.9947664488059272
21,250,1,250.1,2.4017771198288433,1904.5725820728085,-1347.850691939618,2333.2591386611116,-35.28673546840828,0.971471965236885
21,250,2,250.2,2.4017771198288433,-2195.9067765975183,-1104.2675290942161,2457.9286701039046,-153.30330120827782,1.0233791677885011
21,250,3,250.3,2.4017771198288433,148.80113623789774,2384.152719443788,2388.791738050201,86.42865462687796,0.9945934276451232
21,32,1,32.1,2.4017771198288433,148.0162016013526,2351.585300684807,2356.238999408453,86.39837412503257,0.9810398225362245
21,35,1,35.1,2.4017771198288433,1889.5644460111937,-1349.3195253022254,2321.8778988119534,-35.530260919177806,0.9667332907965317
21,35,2,35.2,2.4017771198288433,-2191.5236626855485,-1082.6388806139314,2444.3573613380813,-153.7100776481349,1.0177286398299408
21,35,3,35.3,2.4017771198288433,160.05730848184837,2383.062880884807,2388.4319199528063,86.15752661515552,0.9944436143696015
21,42,1,42.1,2.4017771198288433,1884.0747730554235,-1349.7851092927476,2317.6836694709395,-35.618493803274845,0.9649869883164278
21,42,2,42.2,2.4017771198288433,-2190.6839307445553,-1078.4915383157136,2441.769866846794,-153.78860118712007,1.0166513148483989
21,42,3,42.3,2.4017771198288433,163.53979054749473,2379.6183484113612,2385.2313823166787,86.06851693540176,0.9931110437452483
21,44,1,44.1,2.4017771198288433,1881.8010623139694,-1350.003075807851,2315.9627680117487,-35.65563680503605,0.96427047659476
21,44,2,44.2,2.4017771198288433,-2190.3546480924815,-1076.7683095864563,2440.713722858544,-153.82148007723418,1.0162115804619187
21,44,3,44.3,2.4017771198288433,164.9992359187334,2378.2062214160746,2383.923148810777,86.0311958137661,0.9925663497788094
21,151,1,151.1,2.4017771198288433,1880.330937935631,-1351.16436276889,2315.4458688068157,-35.70019122599913,0.964055261285785
21,151,2,151.2,2.4017771198288433,-2193.0550984779384,-1075.4826376891183,2442.5710980298654,-153.87649061439197,1.0169849141555354
21,151,3,151.3,2.4017771198288433,165.21082606800283,2381.268379307718,2386.992608145421,86.03121644182255,0.9938443448555809
21,52,1,52.1,2.4017771198288433,1660.6410913156988,-1239.0486121334843,2071.9484301970715,-36.72760118692219,0.8626730653278618
21,52,2,52.2,2.4017771198288433,-2357.3764118098356,-1104.1128070452385,2603.1305456389873,-154.9032488232894,1.0838351836012547
21,52,3,52.3,2.4017771198288433,165.20053988310002,2159.953068247797,2166.2614051426804,85.62633931690756,0.9019410615823726
21,53,1,53.1,2.4017771198288433,1661.3769908847014,-1239.011101477452,2072.515866145655,-36.714603905318256,0.8629093220329068
21,53,2,53.2,2.4017771198288433,-2357.0495382181916,-1104.063128898244,2602.8134620458627,-154.90118720224578,1.0837031631941543
21,53,3,53.3,2.4017771198288433,165.46056330435812,2159.972013158624,2166.3001397861553,85.61952027957332,0.9019571890752841
21,54,1,54.1,2.4017771198288433,1662.2970086882217,-1238.964115417191,2073.225367485482,-36.698362776254,0.8632047288522864
21,54,2,54.2,2.4017771198288433,-2356.640909254446,-1104.00097391698,2602.4170545055345,-154.89861026648325,1.0835381155979158
21,54,3,54.3,2.4017771198288433,165.78564704746123,2159.9957480954777,2166.348659047635,85.61099549855645,0.9019773904757717
21,55,1,55.1,2.4017771198288433,1661.9135176949371,-1238.760771202141,2072.7963692959524,-36.700190869842125,0.8630261118665603
21,55,2,55.2,2.4017771198288433,-2356.614276993653,-1103.5597252447913,2602.205779278933,-154.90715944443969,1.0834501493895372
21,55,3,55.3,2.4017771198288433,165.7017369523689,2160.175255278748,2166.5212205625025,85.61357137135545,0.9020492379063443
21,57,1,57.1,2.4017771198288433,1665.3383886698425,-1239.0479390299613,2075.7147549679994,-36.650048660709054,0.8642412061598456
21,57,2,57.2,2.4017771198288433,-2355.8133273122085,-1104.5383704341089,2601.895740590513,-154.8801629735487,1.0833210621874567
21,57,3,57.3,2.4017771198288433,166.90162959199165,2159.82292187698,2166.262035817846,85.5812154557588,0.9019413241692549
21,56,1,56.1,2.4017771198288433,1661.9940169744277,-1238.533303130348,2072.7249830649903,-36.69381959303551,0.8629963896119961
21,56,2,56.2,2.4017771198288433,-2356.3815628926395,-1103.0869450982018,2601.7945496111797,-154.9144148951048,1.0832789304765258
21,56,3,56.3,2.4017771198288433,165.78176857341828,2160.3668693347918,2166.718395387536,85.61184878377279,0.902131333294549
21,58,1,58.1,2.4017771198288433,-2354.6421092474084,-1103.4382622006615,2600.368331819456,-154.8911548206065,1.0826851127654864
21,60,1,60.1,2.4017771198288433,1671.4275565779515,-1240.1920971191857,2081.284823046818,-36.575256956620244,0.8665603506103579
21,60,2,60.2,2.4017771198288433,-2355.3089582714138,-1108.3890039945425,2603.076347917899,-154.79871070007195,1.0838126179265963
21,60,3,60.3,2.4017771198288433,168.8472277054654,2158.1907852371387,2164.785636451406,85.5265457755784,0.9013266129397027
21,59,1,59.1,2.4017771198288433,-2354.074687197728,-1102.9054628655213,2599.628452860849,-154.8964812713917,1.082377057970352
21,61,1,61.1,2.4017771198288433,1671.4275801528017,-1240.19214663436,2081.2848714841975,-36.575257664575126,0.8665603707776661
21,61,2,61.2,2.4017771198288433,-2355.309023138884,-1108.3890001130094,2603.076404958364,-154.79871138532576,1.083812641675871
21,61,3,61.3,2.4017771198288433,168.84725196862473,2158.1908350036033,2164.78568795872,85.52654523809348,0.9013266343852039
21,62,1,62.1,2.4017771198288433,1670.5111504113852,-1239.2584137918018,2079.99252878527,-36.56964439513241,0.8660222930816727
21,62,2,62.2,2.4017771198288433,-2352.3193819764883,-1107.8767392367633,2600.153330894955,-154.78087393499763,1.0825955953316138
21,62,3,62.3,2.4017771198288433,168.65541678608471,2153.748416196119,2160.3418456065183,85.52242787445437,0.899476403439329
21,63,1,63.1,2.4017771198288433,1669.9098279148407,-1238.3245847408703,2078.9532487625165,-36.55884858180796,0.8655895801483312
21,63,2,63.2,2.4017771198288433,-2350.206411213824,-1107.2088922839748,2597.9572179817105,-154.77434355713314,1.0816812253448596
21,63,3,63.3,2.4017771198288433,168.60641550867513,2151.5274852404996,2158.1238711195406,85.51912164068246,0.8985529312034307
21,64,1,64.1,2.4017771198288433,1670.1931183219633,-1237.6007400993194,2078.749779166417,-36.53817203537171,0.8655048638795234
21,64,2,64.2,2.4017771198288433,-2345.451841691433,-1106.2548121688026,2593.2497085973746,-154.74864296447487,1.0797212144239996
21,64,3,64.3,2.4017771198288433,168.9614187558778,2146.701379246261,2153.3403754831234,85.49967224234356,0.8965612827707243
21,65,1,65.1,2.4017771198288433,1669.1206338196785,-1237.460587654743,2077.8047059917417,-36.55267395966267,0.8651113747556273
21,65,2,65.2,2.4017771198288433,-2343.8530469970137,-1107.0013447925646,2592.1225054556608,-154.71864305931712,1.0792518939644082
21,65,3,65.3,2.4017771198288433,167.97495167180736,2140.100971892815,2146.6829654808644,85.51209730886917,0.8937894144123758
21,66,1,66.1,2.4017771198288433,1668.997861464743,-1238.5126393281546,2078.332846141223,-36.57798818244525,0.8653312703259203
21,66,2,66.2,2.4017771198288433,-2343.8981711173296,-1108.1608812049417,2592.6587078132893,-154.69589837035815,1.0794751463025214
21,66,3,66.3,2.4017771198288433,167.7422860786413,2136.76710727002,2143.341117332931,85.51132427174338,0.8923980079740583
21,67,1,67.1,2.4017771198288433,1842.161682880177,-1364.671482341408,2292.5723370458395,-36.53100966606876,0.9545316749495948
21,67,2,67.2,2.4017771198288433,-2195.1365175976957,-1036.6535850620064,2427.6068434392027,-154.72096864143842,1.0107544215477413
21,67,3,67.3,2.4017771198288433,184.839165794862,2376.195516762045,2383.3737959228683,85.55204091665047,0.9923376221073809
21,68,1,68.1,2.4017771198288433,1838.3885725372047,-1363.4034904457412,2288.786058458722,-36.561727922296015,0.9529552261792829
21,97,1,97.1,2.4017771198288433,1847.0387403465872,-1362.5080210003407,2295.2080985460498,-36.415142242223766,0.9556290963041617
21,97,2,97.2,2.4017771198288433,-2193.576271036161,-1041.9558367859563,2428.4663519730375,-154.59213040877245,1.0111122851174867
21,97,3,97.3,2.4017771198288433,182.43726193023502,2375.567389284406,2382.5624389661084,85.60845640073791,0.9919998068496446
21,69,1,69.1,2.4017771198288433,1834.0678531352205,-1361.9506721192386,2284.450595480253,-36.59701347000422,0.9511501198924939
21,70,1,70.1,2.4017771198288433,1831.0068318805145,-1360.9205995431848,2281.3791654729603,-36.62207618668115,0.9498713043096759
21,71,1,71.1,2.4017771198288433,1829.2806295122346,-1360.3395246597145,2279.647175301497,-36.636235841659314,0.949150175709872
21,72,1,72.1,2.4017771198288433,1842.1616124967095,-1364.671527145682,2292.572307160366,-36.53101161289169,0.9545316625065279
21,72,2,72.2,2.4017771198288433,-2195.136505108008,-1036.6535013555938,2427.6067964006465,-154.72097030199086,1.010754401962845
21,72,3,72.3,2.4017771198288433,184.83924279284946,2376.1954657550195,2383.3737510409373,85.55203897611473,0.9923376034204133
21,73,1,73.1,2.4017771198288433,185.68684303106699,2372.8286309579476,2380.0830480402597,85.52541042402814,0.9909674916920977
21,76,1,76.1,2.4017771198288433,1842.0361167250753,-1366.2391058915266,2293.4049685537166,-36.56434638390817,0.9548783480446972
21,76,2,76.2,2.4017771198288433,-2196.885443891911,-1033.9283116893841,2428.0266488028956,-154.7967440218988,1.010929211023512
21,76,3,76.3,2.4017771198288433,186.337957541835,2378.633531867308,2385.92106184266,85.52069767307825,0.9933981975865799
21,74,1,74.1,2.4017771198288433,186.22084046532632,2370.799844829076,2378.102206732331,85.50877055677101,0.9901427518394382
21,75,1,75.1,2.4017771198288433,186.24278030277893,2370.917473511297,2378.221192281345,85.50846552058287,0.9901922924683465
21,86,1,86.1,2.4017771198288433,1842.5396517369354,-1365.6649292677077,2293.4674768251325,-36.545331448240326,0.9549043738865206
21,86,2,86.2,2.4017771198288433,-2197.7725558802395,-1028.4069877230415,2426.484110761482,-154.9236261051969,1.010286962403239
21,86,3,86.3,2.4017771198288433,186.4512187110769,2383.989413084031,2391.269449195466,85.52801454606912,0.9956250434119691
21,78,1,78.1,2.4017771198288433,1843.356044838732,-1370.5992311332036,2297.0641611470983,-36.632083916034176,0.9564018834981628
21,78,2,78.2,2.4017771198288433,-2202.346241636325,-1032.5341234538205,2432.3765506488085,-154.88123378498,1.0127403290535741
21,78,3,78.3,2.4017771198288433,190.1058435426226,2381.477852522213,2389.053577005519,85.43593731027376,0.9947024464850298
21,79,1,79.1,2.4017771198288433,1842.514898168512,-1370.643732261232,2296.415770447486,-36.645497135548084,0.956131920605162
21,79,2,79.2,2.4017771198288433,-2202.64346499737,-1032.5563992861194,2432.655123851783,-154.88373040097508,1.0128563153375116
21,79,3,79.3,2.4017771198288433,189.73235855630384,2381.420336980273,2388.966552563383,85.44475661733729,0.9946662131303953
21,80,1,80.1,2.4017771198288433,1845.3585034631587,-1375.2306120910553,2301.4359088916917,-36.69486559598584,0.9582220972509297
21,80,2,80.2,2.4017771198288433,-2207.161034237567,-1031.8048646622929,2436.427940612531,-154.94482547817876,1.0144271591637766
21,80,3,80.3,2.4017771198288433,194.54869922714298,2383.0419983132138,2390.970171728541,85.33279152446019,0.9955004367344992
21,81,1,81.1,2.4017771198288433,1845.9952974955302,-1377.1634503609057,2303.101779641005,-36.723954739347334,0.9589156964760869
21,81,2,81.2,2.4017771198288433,-2209.2361884486186,-1032.1622555028061,2438.459238542982,-154.95786728839718,1.0152729070534041
21,81,3,81.3,2.4017771198288433,196.08097262325273,2383.368643371427,2391.42088266182,85.29683848112492,0.9956880940027603
21,82,1,82.1,2.4017771198288433,1846.4561641981209,-1379.4013221776397,2304.8098346567895,-36.76169431785868,0.9596268594735535
21,82,2,82.2,2.4017771198288433,-2212.561300672855,-1032.2017542145038,2441.488883988345,-154.99005734162014,1.0165343252842427
21,82,3,82.3,2.4017771198288433,197.43029270102554,2385.0849577375684,2393.242356323745,85.26801273672781,0.9964464798025444
21,84,1,84.1,2.4017771198288433,197.62166004403295,2376.842042460277,2385.0434829003225,85.24709562849795,0.9930328102510556
21,83,1,83.1,2.4017771198288433,1847.9527404523185,-1381.5871291318072,2307.3171273858093,-36.78293668494907,0.9606707917803108
21,83,2,83.2,2.4017771198288433,-2215.520403336668,-1032.2147936219599,2444.1763516107217,-155.01910681934544,1.0176532749154092
21,83,3,83.3,2.4017771198288433,199.2396052971496,2386.870856920764,2395.171999656105,85.22840331081055,0.9972499029496922
21,85,1,85.1,2.4017771198288433,198.3442502436818,2373.7786861076706,2382.050732504198,85.22366953188822,0.9917867535826759
21,87,1,87.1,2.4017771198288433,1841.7253508096946,-1365.5190123977663,2292.726420887338,-36.55451923230201,0.9545958290462536
21,87,2,87.2,2.4017771198288433,-2198.159954157538,-1025.014914020155,2425.3995048291763,-155.0000836368522,1.0098353776482043
21,87,3,87.3,2.4017771198288433,186.9570555738529,2386.0197185396582,2393.333039484667,85.51973161928342,0.9964842364953589
21,88,1,88.1,2.4017771198288433,1840.8104720461556,-1366.3795350158675,2292.504357183421,-36.5854136573486,0.9545033709650754
21,89,1,89.1,2.4017771198288433,1841.5868807743427,-1364.6818784858604,2292.1166787290454,-36.53977130164862,0.9543419577968114
21,89,2,89.2,2.4017771198288433,-2198.6983852510484,-1023.5348291114421,2425.2624880020217,-155.03714972475208,1.0097783295457707
21,89,3,89.3,2.4017771198288433,187.28282282585477,2387.383231006563,2394.717842965421,85.51450955293667,0.9970608110115041
21,90,1,90.1,2.4017771198288433,-2199.292836444027,-1021.8016113122094,2425.070620273612,-155.0802013495345,1.0096984438116507
21,91,1,91.1,2.4017771198288433,1841.7142088406617,-1364.2660878940574,2291.9714626546597,-36.52952510305888,0.9542814958691884
21,91,2,91.2,2.4017771198288433,-2198.4872823543615,-1023.0973139533615,2424.8864807434697,-155.04441661884886,1.0096217757775432
21,91,3,91.3,2.4017771198288433,187.81841649736845,2388.211121293067,2395.5851304938983,85.50328742395394,0.9974219134307574
21,92,1,92.1,2.4017771198288433,189.9687351148036,2387.74918752379,2395.294199642632,85.45114351305307,0.9973007819365549
21,94,1,94.1,2.4017771198288433,1839.6640171049478,-1363.3893189678051,2289.8022034460114,-36.54243207944508,0.9533783066470333
21,95,1,95.1,2.4017771198288433,1841.5745795708012,-1363.5803512851692,2291.45113553232,-36.517825380014486,0.9540648533181192
21,95,2,95.2,2.4017771198288433,-2198.139737336983,-1021.6640465219881,2423.966940536852,-155.0716659557471,1.0092389175185372
21,95,3,95.3,2.4017771198288433,187.54622942224069,2389.3211865556923,2396.670465603146,85.51185501309807,0.9978738017847131
21,96,1,96.1,2.4017771198288433,-2197.663519752848,-1021.2202114440037,2423.348028310051,-155.0764363855847,1.0089812282343438
21,98,1,98.1,2.4017771198288433,1846.3245995781401,-1362.5300764194874,2294.6465383921495,-36.42617082759526,0.9553952860353969
21,98,2,98.2,2.4017771198288433,-2193.1964985291684,-1041.3455713060785,2427.861503471602,-154.60129385517564,1.0108604513830233
21,98,3,98.3,2.4017771198288433,182.75280812381732,2375.1277487245884,2382.1482765853752,85.60007942601196,0.9918273668770452
21,99,1,99.1,2.4017771198288433,1847.143937336065,-1362.4647179257192,2295.267050438748,-36.41271348738344,0.9556536414179491
21,99,2,99.2,2.4017771198288433,-2191.63597376293,-1040.0624175211108,2425.901497141144,-154.61286208455147,1.010044386347564
21,99,3,99.3,2.4017771198288433,184.25589257056626,2374.336325970532,2381.4750098983236,85.56256260646812,0.9915470466585316
21,100,1,100.1,2.4017771198288433,1847.4192479118733,-1362.8201370535605,2295.6995891261463,-36.41577342704884,0.9558337325195868
21,100,2,100.2,2.4017771198288433,-2191.2937884885587,-1040.4569461422793,2425.761555521123,-154.6009781708956,1.0099861204831482
21,100,3,100.3,2.4017771198288433,184.89749041421317,2373.3932599468762,2380.584518206135,85.5454108233131,0.991176282991563
21,450,1,450.1,2.4017771198288433,1847.4193040987125,-1362.8202473570502,2295.699699822018,-36.415774809959316,0.9558337786087392
21,450,2,450.2,2.4017771198288433,-2191.2939293346394,-1040.4569521951603,2425.7616853495906,-154.60097946865284,1.0099861745383172
21,450,3,450.3,2.4017771198288433,184.8975610359645,2373.393362344098,2380.584625779153,85.54540932014159,0.9911763277804894
21,197,1,197.1,2.4017771198288433,1847.0388714615808,-1362.508113059919,2295.2082587086015,-36.41514214860526,0.9556291629891802
21,197,2,197.2,2.4017771198288433,-2193.5763885946317,-1041.9559190715488,2428.466493466217,-154.59212984519485,1.011112344029356
21,197,3,197.3,2.4017771198288433,182.43723320435288,2375.5675095283214,2382.562556657401,85.60845731092563,0.991999855851399
21,105,1,105.1,2.4017771198288433,1841.16571684433,-1363.87810519451,2291.2997801928627,-36.52989316614473,0.954001835256115
21,105,2,105.2,2.4017771198288433,-2191.2984334209823,-1036.6542113997748,2424.1371203638914,-154.682217426044,1.0093097733134544
21,105,3,105.3,2.4017771198288433,185.83457425200072,2372.0947282982224,2379.3629166244564,85.52048509198227,0.9906676589516415
21,108,1,108.1,2.4017771198288433,1837.4163280887262,-1364.793058342863,2288.8335140040053,-36.60416536778366,0.9529749846926319
21,108,2,108.2,2.4017771198288433,-2189.875172650075,-1033.246674203666,2421.394631517575,-154.7407012328516,1.0081679151353269
21,108,3,108.3,2.4017771198288433,188.03130698110047,2369.8945036445716,2377.342156865471,85.46356229484289,0.9898262987178787
21,300,1,300.1,2.4017771198288433,1880.330758274237,-1351.1642041747746,2315.445630360475,-35.700190633329704,0.964055162006656
21,300,2,300.2,2.4017771198288433,-2193.0549038179047,-1075.482544594725,2442.570882264771,-153.87649056452736,1.016984824319933
21,300,3,300.3,2.4017771198288433,165.21082532502632,2381.2681854438147,2386.9924146949975,86.03121613753946,0.9938442643108785
21,135,1,135.1,2.4017771198288433,1906.7786823596282,-1345.0127526695985,2333.4232895779905,-35.19856250620767,0.9715403108446117
21,135,2,135.2,2.4017771198288433,-2192.49557096479,-1097.6486978754187,2451.9113957579752,-153.40566863565977,1.020873825266811
21,135,3,135.3,2.4017771198288433,150.0825529386359,2386.8333814874172,2391.547273979596,86.4020150454261,0.9957407180854582
21,152,1,152.1,2.4017771198288433,1660.6411057154355,-1239.0486381369833,2071.9484572886695,-36.727601525127184,0.8626730766076753
21,152,2,152.2,2.4017771198288433,-2357.3764471418203,-1104.112804262456,2603.1305764550684,-154.9032492086037,1.083835196431788
21,152,3,152.3,2.4017771198288433,165.2005537482687,2159.9530935001517,2166.261431378865,85.62633900218827,0.9019410725060276
21,160r,1,160r.1,2.4017771198288433,1838.5948902883745,-1364.2015939810908,2289.4272558033085,-36.57469522567121,0.9532221940587305
21,160r,2,160r.2,2.4017771198288433,-2193.381767692667,-1032.2090103987675,2424.1243821213075,-154.7982485685734,1.0093044696395712
21,160r,3,160r.3,2.4017771198288433,185.7130358181002,2374.023584708237,2381.276404037071,85.52702524375583,0.9914643554464233
21,160,1,160.1,2.4017771198288433,1671.4275875314875,-1240.1921744340282,2081.2848939750493,-36.57525815812728,0.8665603801419205
21,160,2,160.2,2.4017771198288433,-2355.309039237593,-1108.3890032383413,2603.0764208555224,-154.79871147396258,1.083812648294786
21,160,3,160.3,2.4017771198288433,168.84727067735778,2158.1908450350447,2164.78569941883,85.52654476514307,0.9013266391567166
21,61s,1,61s.1,2.4017771198288433,1671.427580152809,-1240.19214663435,2081.2848714841975,-36.575257664574785,0.8665603707776661
21,61s,2,61s.2,2.4017771198288433,-2355.309023138878,-1108.3890001130226,2603.076404958364,-154.79871138532545,1.083812641675871
21,61s,3,61s.3,2.4017771198288433,168.84725196861208,2158.1908350036047,2164.78568795872,85.52654523809382,0.9013266343852039
21,610,1,610.1,0.24017771198288432,212.6660319023782,-135.77638576906753,252.3134321783404,-32.55614975656884,1.0505280864542539
21,610,2,610.2,0.24017771198288432,-251.95741817538047,-120.56833250601437,279.3192857231387,-154.42764403209478,1.1629692173228952
21,610,3,610.3,0.24017771198288432,39.29137856230634,256.3447232076662,259.3384459461063,81.28577772649695,1.0797773190735842
21,x1,1,x1.1,0.24017771198288432,195.09469123280306,-131.3141763762827,235.1708984219864,-33.943676333471366,0.9791537128088942
21,x2,1,x2.1,0.24017771198288432,-214.15242492313334,-110.5282328724857,240.99325999366184,-152.70086109105142,1.0033956023814385
21,x4,1,x4.1,0.24017771198288432,13.624602931884557,237.4689532789685,237.8594828390503,86.71629760574105,0.990347858988684
21,x5,1,x5.1,0.24017771198288432,13.653562476806473,237.33568328863336,237.72809327126348,86.70748958106324,0.9898008075295704
21,x6,1,x6.1,0.24017771198288432,13.674949681115802,237.22850706870327,237.62232389829632,86.70085696155269,0.9893604278952823
21,x7,1,x7.1,0.24017771198288432,192.9341906121572,-131.74966289910677,233.62700096777445,-34.328136845169254,0.9727255665772322
21,x9,1,x9.1,0.24017771198288432,191.17926223538325,-131.93228072137703,232.28352719297524,-34.60944971380175,0.9671319011046635
21,x10,1,x10.1,0.24017771198288432,190.8846404924693,-131.8218737215113,231.97834460869257,-34.62833671759672,0.965861247879753
21,x11,1,x11.1,0.24017771198288432,190.98088226766777,-131.82611331916218,232.05995247903797,-34.61569517932862,0.9662010290762332
21,x12,1,x12.1,0.24017771198288432,-214.84773255451157,-109.18473709556012,240.99969916670335,-153.06050927426705,1.0034224124171756
21,x16,1,x16.1,0.24017771198288432,15.70492753891305,235.3024897686515,235.82600882924015,86.18153860784396,0.9818813198039197
21,x17,1,x17.1,0.24017771198288432,15.671208387615133,235.43234605703503,235.9533350945639,86.19180826763807,0.9824114533632435
21,x19,1,x19.1,0.24017771198288432,184.9907833681128,-133.5091370950042,228.13653722935453,-35.818246340797394,0.9498655614040162
21,x20,1,x20.1,0.24017771198288432,185.05488589758858,-133.49146888577607,228.17818269907326,-35.80522911827525,0.9500389558017516
21,x22,1,x22.1,0.24017771198288432,-216.11187202887214,-105.67189044965275,240.56369148944114,-153.94282493379995,1.0016070579712422
21,x24,1,x24.1,0.24017771198288432,16.95690860446983,233.71156487013116,234.3259104398527,85.85018468375928,0.9756355346434117
21,x28,1,x28.1,0.24017771198288432,185.2531375422197,-133.84340216455868,228.54492178173714,-35.84770692422803,0.9515659046582301
21,x29,1,x29.1,0.24017771198288432,185.47565704839124,-133.92755252434026,228.77458049943476,-35.832153093322226,0.9525221079453776
21,x30,1,x30.1,0.24017771198288432,16.88709188521174,233.50138271864878,234.11123339955404,85.86350425430706,0.9747417088236623
21,x31,1,x31.1,0.24017771198288432,16.80846625862673,230.27284417349748,230.8854852556116,85.82517331772372,0.9613110365214284
21,x32,1,x32.1,0.24017771198288432,16.833696383569873,230.17313659001655,230.78788127113745,85.81712420548187,0.9609046541653457
21,x33,1,x33.1,0.24017771198288432,187.15620991424305,-135.45479768190074,231.03127304438433,-35.89523805958281,0.9619180361783454
21,x34,1,x34.1,0.24017771198288432,15.55463505318401,235.79424113556038,236.30673038306068,86.22583846298768,0.9838828442162049
21,x52,1,x52.1,0.24017771198288432,161.36725054340192,-122.9958181187938,202.89741452923556,-37.31503138436253,0.8447803622331724
21,x53,1,x53.1,0.24017771198288432,161.43919394393896,-122.9928530134336,202.95283992507427,-37.3020535368656,0.8450111305063028
21,x55,1,x55.1,0.24017771198288432,161.88277096295562,-123.04668689967434,203.33843387719705,-37.23837426754525,0.8466165831893988
21,x56,1,x56.1,0.24017771198288432,-234.0370622482165,-108.33736270276003,257.89596868343045,-155.1602578286586,1.0737714442954174
21,x58,1,x58.1,0.24017771198288432,-233.78685103942007,-108.27608865059956,257.643170086848,-155.14924897000608,1.0727188961863718
21,x59,1,x59.1,0.24017771198288432,-232.25469092817104,-106.40629785652521,255.46925780154413,-155.38535888725153,1.0636676304908323
21,x60,1,x60.1,0.24017771198288432,162.41978460173522,-123.11811679535921,203.80936463595037,-37.16300556845662,0.8485773428072059
21,x62,1,x62.1,0.24017771198288432,18.52866783927436,211.1149915046449,211.92652304490923,84.98424447675126,0.8823738110221138
21,x63,1,x63.1,0.24017771198288432,162.27367582003956,-122.93385063338746,203.58162366898273,-37.14651794137189,0.8476291242356846
21,x64,1,x64.1,0.24017771198288432,-231.59806940699514,-106.7705130833994,255.02472079612144,-155.24952243084041,1.0618167634734366
21,x65,1,x65.1,0.24017771198288432,97.74374104508252,-220.9411106028696,241.59638504728832,-66.13553299650847,1.0059067640069164
21,x65,2,x65.2,0.24017771198288432,-264.1427572828082,9.559005314849419,264.3156650816857,177.92743982894794,1.1005003873986505
21,x65,3,x65.3,0.24017771198288432,166.39901623772565,211.3821052880202,269.0186369768432,51.79034230682511,1.120081604391394
21,x66,1,x66.1,0.24017771198288432,18.561554833177,209.42923145866285,210.25017076614043,84.93515230977845,0.8753941780456439
21,x68,1,x68.1,0.24017771198288432,178.58865202532883,-135.33955347841012,224.07744502283006,-37.155882790375586,0.9329651913696239
21,x69,1,x69.1,0.24017771198288432,178.16820751968055,-135.19315185755923,223.65397040955258,-37.19104639092649,0.9312020193842581
21,x70,1,x70.1,0.24017771198288432,177.87034353736843,-135.08935380255733,223.35396262635228,-37.216022434465124,0.9299529118766402
21,x71,1,x71.1,0.24017771198288432,177.70236914880093,-135.03080103782537,223.18478718320722,-37.23013311117248,0.9292485357638511
21,x73,1,x73.1,0.24017771198288432,20.505018186354835,232.31915109109622,233.22230539661152,84.95601464733764,0.9710405827049912
21,x74,1,x74.1,0.24017771198288432,20.45173390672284,232.39030935311968,233.2885108637587,84.9705871590679,0.9713162347070049
21,x75,1,x75.1,0.24017771198288432,20.560661214269008,232.1234220206317,233.032237770091,84.93815555347315,0.9702492202386268
21,x76,1,x76.1,0.24017771198288432,107.03921665195573,-246.4515123561118,268.6926531263537,-66.52365229020178,1.1187243433541472
21,x76,2,x76.2,0.24017771198288432,-264.722227038788,22.43947936148416,265.67157868765355,175.15484084864408,1.1061458471491559
21,x76,3,x76.3,0.24017771198288432,157.68301038683228,224.01203299462762,273.94401378938727,54.85812476604796,1.1405888228667498
21,x77,1,x77.1,0.24017771198288432,-216.8352219926826,-99.22097540075808,238.45820484121273,-155.4117841895293,0.992840688140979
21,x79,1,x79.1,0.24017771198288432,179.47721161067926,-136.15006297689993,225.27518535373213,-37.183680533251184,0.9379520834547121
21,x80,1,x80.1,0.24017771198288432,-217.4328419791702,-99.14667109163571,238.97092534384134,-155.4876042570736,0.9949754428540439
21,x82,1,x82.1,0.24017771198288432,179.35826472141395,-136.91309115938822,225.64259716351376,-37.35629601590522,0.9394818332668338
21,x83,1,x83.1,0.24017771198288432,21.82252466822074,233.7458505150738,234.76231643070474,84.66632349767366,0.977452547501304
21,x84,1,x84.1,0.24017771198288432,21.67040382030349,232.72183979802136,233.72860569624535,84.68011850542099,0.9731486063656958
21,x85,1,x85.1,0.24017771198288432,21.743027361373233,232.4082550759313,233.42312710242868,84.65523263820386,0.9718767206803228
21,x86,1,x86.1,0.24017771198288432,-216.48145445795868,-98.78880624655042,237.95682037683164,-155.47096374018187,0.9907531319716671
21,x87,1,x87.1,0.24017771198288432,-216.51324564790656,-98.45214998118365,237.84619268953668,-155.54792263948883,0.9902925243391701
21,x88,1,x88.1,0.24017771198288432,178.8218130780279,-135.63317725359383,224.4406371502673,-37.17967278247189,0.9344773721812352
21,x90,1,x90.1,0.24017771198288432,-216.65071194331082,-98.17150657173798,237.8553671627114,-155.62316875810373,0.99033072302588
21,x92,1,x92.1,0.24017771198288432,20.914527796079476,233.84138152971252,234.7748052680644,84.88912450415613,0.9775045458206174
21,x94,1,x94.1,0.24017771198288432,178.7132787989867,-135.33941193398263,224.17669914984606,-37.13661550625837,0.9333784442322502
21,x95,1,x95.1,0.24017771198288432,-216.5041237733108,-98.11875049850487,237.70007322303653,-155.62016794187042,0.9896841437142829
21,x96,1,x96.1,0.24017771198288432,-216.45528159891828,-98.07358716594642,237.63694458493507,-155.6252251027957,0.9894213023474455
21,x98,1,x98.1,0.24017771198288432,179.36501028293185,-135.26182410741944,224.64987864377477,-37.0204898060193,0.9353485666471163
21,x99,1,x99.1,0.24017771198288432,-215.88900802482007,-99.93554487410954,237.8974083827438,-155.16046741749219,0.9905057651631596
21,x100,1,x100.1,0.24017771198288432,20.324310498862953,232.64592791654783,233.5320221584307,85.00722742560998,0.9723301143574588
22,sourcebus,1,sourcebus.1,66.39528095680697,66347.5747237079,-80.91901689118586,66347.62406902977,-0.06987920614599634,0.9992822247742548
22,sourcebus,2,sourcebus.2,66.39528095680697,-33262.37255722759,-57438.358643560525,66374.32087639082,-120.07499701746005,0.9996843137025088
22,sourcebus,3,sourcebus.3,66.39528095680697,-33085.20216000172,57519.27767167297,66355.8430421858,119.90759801338588,0.9994060132881007
22,150,1,150.1,2.4017771198288433,1982.7442328820791,-1271.3511219324555,2355.336147615889,-32.66831051449813,0.9806639126380453
22,150,2,150.2,2.4017771198288433,-2104.198513634675,-1128.9246602307728,2387.9116971235644,-151.7859734568911,0.994227015241836
22,150,3,150.3,2.4017771198288433,92.08639285076688,2375.3587634598384,2377.143066559882,87.77990553377299,0.9897434058033174
22,150r,1,150r.1,2.4017771198288433,2044.6940537172743,-1311.0909038129012,2428.936625638411,-32.668649515433785,1.0113080874929408
22,150r,2,150r.2,2.4017771198288433,-2169.9587541352043,-1164.1951369569242,2462.5335148099325,-151.78619047223157,1.025296433411531
22,150r,3,150r.3,2.4017771198288433,94.97569758963152,2449.5867700757553,2451.427283698786,87.77963273151614,1.0206722611603032
22,40,1,40.1,2.4017771198288433,1910.4103071991372,-1349.7250684668734,2339.1078004873157,-35.24160955953348,0.9739071045251719
22,40,2,40.2,2.4017771198288433,-2196.805485301944,-1091.3710800467163,2452.9666069098957,-153.58185311672673,1.0213131712590802
22,40,3,40.3,2.4017771198288433,152.1529665186273,2399.265475405567,2404.08513715582,86.37136261599082,1.0009609623257387
22,401,1,401.1,2.4017771198288433,1910.4103071991372,-1349.7250684668734,2339.1078004873157,-35.24160955953348,0.9739071045251719
22,401,2,401.2,2.4017771198288433,-2196.805485301944,-1091.3710800467163,2452.9666069098957,-153.58185311672673,1.0213131712590802
22,401,3,401.3,2.4017771198288433,152.1529665186273,2399.265475405567,2404.08513715582,86.37136261599082,1.0009609623257387
22,101,1,101.1,2.4017771198288433,1872.1322197000225,-1364.4916256467789,2316.6174575227396,-36.08619791651479,0.9645430620505818
22,101,2,101.2,2.4017771198288433,-2200.8447519014235,-1053.5158171045791,2440.0027046832483,-154.4201667228718,1.0159155420954002
22,101,3,101.3,2.4017771198288433,172.96808123729858,2394.763908601211,2401.002318838085,85.86883649073476,0.9996774051245798
22,1011,1,1011.1,2.4017771198288433,1872.1322197000225,-1364.4916256467789,2316.6174575227396,-36.08619791651479,0.9645430620505818
22,1011,2,1011.2,2.4017771198288433,-2200.8447519014235,-1053.5158171045791,2440.0027046832483,-154.4201667228718,1.0159155420954002
22,1011,3,1011.3,2.4017771198288433,172.96808123729858,2394.763908601211,2401.002318838085,85.86883649073476,0.9996774051245798
22,30,1,30.1,2.4017771198288433,1927.9529355105342,-1347.0497684253403,2351.923808323401,-34.9417814352207,0.9792431566218788
22,30,2,30.2,2.4017771198288433,-2200.7218679721504,-1114.167669161926,2466.687320106979,-153.14810445073638,1.0270259050026929
22,30,3,30.3,2.4017771198288433,139.12598520201598,2402.4209220652497,2406.445994934288,86.68566046988286,1.0019439252155826
22,301,1,301.1,2.4017771198288433,1932.095334088312,-1344.9573118755404,2354.1245826789427,-34.84229080694207,0.9801594674391367
22,301,2,301.2,2.4017771198288433,-2200.831191952938,-1118.5917185006185,2468.7862135412124,-153.05764733071138,1.0278997968459056
22,301,3,301.3,2.4017771198288433,135.2615794341846,2404.79620291793,2408.5972001228274,86.7807000228968,1.0028395974954039
22,93,1,93.1,2.4017771198288433,1871.5831635544066,-1365.9049385243475,2317.006654972213,-36.1224382750762,0.9647051076651644
22,93,2,93.2,2.4017771198288433,-2208.930778074112,-1040.2572570044647,2441.6204338663197,-154.78273054824678,1.0165890971766423
22,93,3,93.3,2.4017771198288433,175.20831566544754,2410.480043523276,2416.839256984688,85.8427061651103,1.006271246832811
22,931,1,931.1,2.4017771198288433,1875.8306254827307,-1363.8678765627435,2319.24041880498,-36.01992947225947,0.9656351539272948
22,931,2,931.2,2.4017771198288433,-2209.1685265530054,-1044.7217177776547,2443.7407895087135,-154.6904074973733,1.0174719249898012
22,931,3,931.3,2.4017771198288433,171.39573066022874,2412.901542431358,2418.9812628369364,85.93693112366196,1.0071630888919947
22,77,1,77.1,2.4017771198288433,1872.9996345160712,-1371.050253008056,2321.18642662988,-36.20441693844374,0.9664453905678365
22,77,2,77.2,2.4017771198288433,-2210.758012414298,-1048.5357159567643,2446.8097876808856,-154.62558173172914,1.018749728057719
22,77,3,77.3,2.4017771198288433,177.3775879242576,2403.211030308069,2409.748133082003,85.77873431012452,1.0033187980630474
22,771,1,771.1,2.4017771198288433,1877.242379886143,-1369.0229483786488,2323.4161887246887,-36.10227664961727,0.9673737706728845
22,771,2,771.2,2.4017771198288433,-2210.983067875122,-1052.9913536615295,2448.9256659434204,-154.53364960663782,1.0196306916763105
22,771,3,771.3,2.4017771198288433,173.55649089689652,2405.643875465441,2411.8964138405345,85.8735142178771,1.0042132527319656
22,149,1,149.1,2.4017771198288433,2044.6937774835083,-1311.090609455511,2428.9362342149293,-32.66864718753434,1.011307924520499
22,149,2,149.2,2.4017771198288433,-2169.958526531062,-1164.1950250056082,2462.5332613210867,-151.7861902639331,1.0252963278693292
22,149,3,149.3,2.4017771198288433,94.97564764128494,2449.586454294289,2451.426966219257,87.77963361210753,1.020672128975045
22,1,1,1.1,2.4017771198288433,2018.1403975948087,-1318.6001434206207,2410.7254100442497,-33.1595504670479,1.0037256955033547
22,1,2,1.2,2.4017771198288433,-2175.719528694386,-1154.5667816844405,2463.0834173676067,-152.046907135107,1.0255253899425656
22,1,3,1.3,2.4017771198288433,106.04582225804918,2438.5280747329107,2440.8328266554804,87.50991091360557,1.016261170324339
22,2,1,2.1,2.4017771198288433,-2175.379894961231,-1154.2144038562585,2462.6182362418244,-152.05044507947886,1.0253317078885809
22,3,1,3.1,2.4017771198288433,106.99213505367466,2435.1312733687396,2437.4805918205384,87.48421872540983,1.014865439301978
22,7,1,7.1,2.4017771198288433,1998.637091452139,-1323.6088680916662,2397.1839017937627,-33.51474561392039,0.9980875752387016
22,7,2,7.2,2.4017771198288433,-2180.422397972178,-1146.9340100742409,2463.676004884514,-152.2549747146023,1.0257721187135307
22,7,3,7.3,2.4017771198288433,113.09992596947117,2432.1759291305193,2434.804169434619,87.33757598772577,1.0137510884474281
22,4,1,4.1,2.4017771198288433,107.29582278446897,2434.0418477770017,2436.4055718038153,87.47595937368483,1.0144178457231035
22,5,1,5.1,2.4017771198288433,107.72878010358038,2432.485684096826,2434.870036243949,87.46416855515552,1.0137785126446137
22,6,1,6.1,2.4017771198288433,108.1060779779669,2431.130264228165,2433.532676119613,87.4538821096698,1.0132216915668815
22,8,1,8.1,2.4017771198288433,1985.988538811125,-1326.9096742282193,2388.4806383660693,-33.748295796195066,0.9944638986886004
22,8,2,8.2,2.4017771198288433,-2183.4014675141098,-1141.8125525997957,2463.9354442877006,-152.3926255806563,1.02588013847983
22,8,3,8.3,2.4017771198288433,117.92746312110222,2427.9574532630613,2430.8196727469995,87.21929223781366,1.012092109912441
22,12,1,12.1,2.4017771198288433,-2182.9621969477953,-1141.3622773190748,2463.337532980434,-152.39717154639672,1.0256311931042035
22,9,1,9.1,2.4017771198288433,1982.933083003716,-1326.0511114628578,2385.4633013070024,-33.77191969156698,0.993207605157383
22,13,1,13.1,2.4017771198288433,1969.5521510121253,-1331.8138288383154,2377.575182878864,-34.06661085891588,0.989923321048331
22,13,2,13.2,2.4017771198288433,-2186.9237338190896,-1134.358976577375,2463.6163876064184,-152.58419655326813,1.0257472965609655
22,13,3,13.3,2.4017771198288433,126.01898205405743,2421.5572714992404,2424.8340980340877,87.0209879466623,1.009599965798195
22,9r,1,9r.1,2.4017771198288433,1982.9272131613914,-1326.0543446655915,2385.4602192663983,-33.772062617534544,0.9932063219239895
22,14,1,14.1,2.4017771198288433,1979.5201642467705,-1325.0963283467675,2382.0957915368654,-33.79846257657676,0.9918055142879451
22,34,1,34.1,2.4017771198288433,126.5714174972446,2419.5090627774694,2422.8174567204956,87.00542410967367,1.0087603203136317
22,18,1,18.1,2.4017771198288433,1929.4936588918779,-1344.6473416465121,2351.8125463354854,-34.872304950069626,0.9791968317622584
22,18,2,18.2,2.4017771198288433,-2197.486578062939,-1107.9254222595964,2460.98476266227,-153.24374212689202,1.0246515974961266
22,18,3,18.3,2.4017771198288433,140.6108810831605,2404.1085517327842,2408.217047608809,86.65271256392165,1.0026813178153786
22,11,1,11.1,2.4017771198288433,1978.1951076260239,-1324.7236863149312,2380.787417834561,-33.80874902206248,0.9912607619495609
22,10,1,10.1,2.4017771198288433,1978.8410574641691,-1324.905348583377,2381.4252273398697,-33.80373315779436,0.9915263192737784
22,15,1,15.1,2.4017771198288433,126.79368262317202,2418.684530501812,2422.0056763025796,86.99915432067715,1.0084223287443
22,16,1,16.1,2.4017771198288433,127.34925958772584,2416.622795635773,2419.975944158123,86.98346297206164,1.0075772327827723
22,17,1,17.1,2.4017771198288433,127.05299282402007,2417.7228810793986,2421.058940356556,86.99183461060468,1.0080281473116401
22,19,1,19.1,2.4017771198288433,1926.7384044428895,-1343.814793664459,2349.0762181816463,-34.89406808014679,0.9780575386399915
22,20,1,20.1,2.4017771198288433,1924.9828020637267,-1343.2842303678199,2347.3328080602428,-34.90796009697271,0.9773316552484769
22,21,1,21.1,2.4017771198288433,1929.493651573385,-1344.6473289477715,2351.8125330706894,-34.872304798192935,0.9791968262393496
22,21,2,21.2,2.4017771198288433,-2197.48661283046,-1107.9254210528782,2460.9847931639656,-153.24374251638727,1.0246516101957628
22,21,3,21.3,2.4017771198288433,140.61088342305817,2404.108553892921,2408.217049901882,86.65271251134705,1.0026813187701187
22,22,1,22.1,2.4017771198288433,-2198.0792063124586,-1108.4163934885653,2461.734977323393,-153.23974812105732,1.0249639556474843
22,23,1,23.1,2.4017771198288433,1928.4220467571274,-1345.268210652674,2351.2886145710813,-34.89964740267036,0.9789786883883048
22,23,2,23.2,2.4017771198288433,-2198.52938920248,-1109.4496240313995,2462.602270658103,-153.22299933823408,1.025325060484211
22,23,3,23.3,2.4017771198288433,139.95797005806412,2403.6410470795236,2407.7122993805388,86.66757365968655,1.0024711616672068
22,24,1,24.1,2.4017771198288433,139.8481297220397,2404.3376898875554,2408.401383989093,86.67114571719802,1.00275806780969
22,25,1,25.1,2.4017771198288433,1927.3012062480564,-1346.0300597914638,2350.8055771304066,-34.930506165536926,0.978777571708207
22,25,2,25.2,2.4017771198288433,-2199.6357073782087,-1111.191850927126,2464.3750880781286,-153.19842484856588,1.0260631878505637
22,25,3,25.3,2.4017771198288433,139.35069259709124,2402.938872244762,2406.976077835469,86.68103327591177,1.0021646296668012
22,25r,1,25r.1,2.4017771198288433,1951.388348005818,-1362.8575971939065,2380.188504081562,-34.93060565894284,0.9910113991972661
22,25r,2,25r.2,2.4017771198288433,137.61272690932674,2372.8998105087426,2376.886781763037,86.68093574427857,0.989636699483764
22,26,1,26.1,2.4017771198288433,1950.4419784678814,-1363.3105759953485,2379.6721702769214,-34.95259411097512,0.9907964192974338
22,26,2,26.2,2.4017771198288433,137.91405351721602,2371.845667641375,2375.851880329813,86.67220936077861,0.9892058096128096
22,28,1,28.1,2.4017771198288433,1926.9639431347368,-1346.3028730691826,2350.685317981909,-34.94066469808061,0.9787275008054972
22,28,2,28.2,2.4017771198288433,-2200.322759306745,-1112.2255449285508,2465.4545033147256,-153.18418245017241,1.0265126114160086
22,28,3,28.3,2.4017771198288433,138.80032488458207,2403.057068880969,2407.0622772348165,86.69427469790935,1.0022005195079675
22,27,1,27.1,2.4017771198288433,1949.4850088320436,-1363.3895492492945,2378.9331353913813,-34.967357401692375,0.9904887159391834
22,27,2,27.2,2.4017771198288433,137.57614362507215,2371.8103124899194,2375.796993374702,86.68029531078707,0.9891829569697989
22,31,1,31.1,2.4017771198288433,138.24665597659111,2370.5822571730178,2374.609941845656,86.66242813939391,0.9886887181333781
22,33,1,33.1,2.4017771198288433,1946.7850028729058,-1362.5696159626452,2376.2507876391014,-34.988466875401066,0.9893718980087707
22,29,1,29.1,2.4017771198288433,1926.88919117171,-1346.6825562526408,2350.8415221723294,-34.94929391567343,0.9787925377271711
22,29,2,29.2,2.4017771198288433,-2200.715057063476,-1113.1485807204954,2466.221102242447,-153.16915588048462,1.0268317912938552
22,29,3,29.3,2.4017771198288433,138.7109328680931,2402.7191133279803,2406.719730348495,86.69593533764338,1.0020578972456877
22,250,1,250.1,2.4017771198288433,1927.9529386215763,-1347.0497754869446,2351.923814918119,-34.94178153283156,0.9792431593676449
22,250,2,250.2,2.4017771198288433,-2200.721876397429,-1114.1676692973667,2466.687327684996,-153.14810453632492,1.0270259081578637
22,250,3,250.3,2.4017771198288433,139.12598894323838,2402.420929827295,2406.446002899645,86.68566039164051,1.0019439285320257
22,32,1,32.1,2.4017771198288433,138.46837214232184,2369.73981168095,2373.7818486856386,86.65590185044265,0.9883439346173805
22,35,1,35.1,2.4017771198288433,1913.3355978573686,-1349.4467006229854,2341.337119649897,-35.19473905943992,0.974835300211681
22,35,2,35.2,2.4017771198288433,-2197.2445486413153,-1093.6044946087677,2454.354171093177,-153.53972009723057,1.021890895216822
22,35,3,35.3,2.4017771198288433,150.26459810297786,2401.0864778550226,2405.783806492447,86.41899033145306,1.0016682175171563
22,42,1,42.1,2.4017771198288433,1907.4850027173338,-1350.003413991059,2336.8800254568187,-35.288569203635916,0.9729795517509762
22,42,2,42.2,2.4017771198288433,-2196.3663966342965,-1089.1376672393428,2451.5803487676844,-153.62403350722852,1.0207359910824658
22,42,3,42.3,2.4017771198288433,154.04132254452082,2397.44445082732,2402.3881084982863,86.32366784177128,1.0002543902447896
22,44,1,44.1,2.4017771198288433,1905.106315941515,-1350.241957482288,2335.0767479433844,-35.3270644911929,0.972228742069867
22,44,2,44.2,2.4017771198288433,-2196.018410974888,-1087.3188579952894,2450.4610097475233,-153.6585184248757,1.0202699449156836
22,44,3,44.3,2.4017771198288433,155.5851390342652,2395.9708057446246,2401.017042311207,86.28464852408,0.9996835353658086
22,151,1,151.1,2.4017771198288433,1904.9769148194787,-1351.6387544010495,2335.7791780033403,-35.35685381399289,0.9725212047027052
22,151,2,151.2,2.4017771198288433,-2199.1579392425842,-1087.110799507193,2453.182735170549,-153.69540936567944,1.0214031580687926
22,151,3,151.3,2.4017771198288433,155.08949147569447,2399.952532011472,2404.95840011308,86.30257896968845,1.0013245526647634
22,52,1,52.1,2.4017771198288433,1688.644827094405,-1240.5654718719338,2095.3577360616796,-36.30292056898838,0.8724197256950303
22,52,2,52.2,2.4017771198288433,-2367.115011722671,-1121.4492332824636,2619.3285134844477,-154.65018214034515,1.0905793430454145
22,52,3,52.3,2.4017771198288433,154.91961260739518,2179.5771145212216,2185.0758532634695,85.9343776850966,0.9097746144817899
22,53,1,53.1,2.4017771198288433,1689.2989244000496,-1240.5267733538194,2095.8620019903033,-36.291481212038185,0.8726296810337087
22,53,2,53.2,2.4017771198288433,-2366.8247066983754,-1121.4026876086314,2619.0462347987886,-154.64838326242142,1.090461813952757
22,53,3,53.3,2.4017771198288433,155.1506892787742,2179.595843541818,2185.1109302661152,85.92836869081923,0.9097892190853378
22,54,1,54.1,2.4017771198288433,1690.1166590207235,-1240.4783259208791,2096.492498956016,-36.27718629142476,0.87289219372088
22,54,2,54.2,2.4017771198288433,-2366.461801145463,-1121.3444600817468,2618.6933486830135,-154.64613479058258,1.090314886865784
22,54,3,54.3,2.4017771198288433,155.43957896253946,2179.619300270732,2185.1548587733378,85.92085665743751,0.9098075090868787
22,55,1,55.1,2.4017771198288433,1689.7753214535467,-1240.301924159778,2096.112950217112,-36.27881973580864,0.8727341654276757
22,55,2,55.2,2.4017771198288433,-2366.4406125932733,-1120.9557164083571,2618.507760362646,-154.65362308568464,1.0902376156157434
22,55,3,55.3,2.4017771198288433,155.3641771715888,2179.7768403477785,2185.3066378118997,85.92312240172004,0.9098707035595501
22,57,1,57.1,2.4017771198288433,1692.820444014394,-1240.5291780738603,2098.7028606560048,-36.234629796618194,0.8738124963092178
22,57,2,57.2,2.4017771198288433,-2365.7229132349707,-1121.811334070238,2618.2256532723463,-154.62997819752655,1.0901201579682496
22,57,3,57.3,2.4017771198288433,156.43229813517226,2179.475843002835,2185.0826103680315,85.89462459602711,0.9097774278588123
22,56,1,56.1,2.4017771198288433,1689.8456358343824,-1240.100829526854,2096.0506530954112,-36.27325108310981,0.8727082274998028
22,56,2,56.2,2.4017771198288433,-2366.236730714264,-1120.5375307140569,2618.1445001221923,-154.65998370228417,1.090086369175158
22,56,3,56.3,2.4017771198288433,155.43419803166842,2179.946281550498,2185.4806291439854,85.92160715626297,0.9099431463064851
22,58,1,58.1,2.4017771198288433,-2364.6928630339658,-1120.8354203593065,2616.876836233566,-154.6396219095108,1.089558566708326
22,60,1,60.1,2.4017771198288433,1698.2399277069321,-1241.4914949654976,2103.644452879267,-36.1685211600896,0.8758699695786836
22,60,2,60.2,2.4017771198288433,-2365.2498726715526,-1125.2000251646768,2619.252194196539,-154.5585662828079,1.0905475668713147
22,60,3,60.3,2.4017771198288433,158.1706982021139,2178.0524939444895,2183.7881390252937,85.84645792331185,0.9092384638841575
22,59,1,59.1,2.4017771198288433,-2364.1940039214605,-1120.3624262566213,2616.2234717901697,-154.6443029854047,1.0892865329554844
22,61,1,61.1,2.4017771198288433,1698.2399519154778,-1241.4915448194813,2103.6445018443937,-36.16852186713081,0.8758699899657237
22,61,2,61.2,2.4017771198288433,-2365.249937923962,-1125.2000215017588,2619.252251547541,-154.55856696835244,1.0905475907498843
22,61,3,61.3,2.4017771198288433,158.17072243832683,2178.052544296481,2183.7881910004544,85.84645738478456,0.9092384855244506
22,62,1,62.1,2.4017771198288433,1697.4168264439047,-1240.6712999666645,2102.4959351342086,-36.16371491160724,0.8753917746056461
22,62,2,62.2,2.4017771198288433,-2362.611574806288,-1124.7391098134133,2616.671840058,-154.54286295361527,1.0894732148353843
22,62,3,62.3,2.4017771198288433,158.02388115050982,2174.1102054457197,2179.845575364709,85.84280160036211,0.9075969445158385
22,63,1,63.1,2.4017771198288433,1696.874693570287,-1239.8487191269548,2101.572880487376,-36.15433121629505,0.8750074530800508
22,63,2,63.2,2.4017771198288433,-2360.7484890589403,-1124.1424885730232,2614.7332107137086,-154.53711904496154,1.0886660502869814
22,63,3,63.3,2.4017771198288433,157.99172418458303,2172.1381443558553,2177.8763746081904,85.83988433326859,0.9067770513041574
22,64,1,64.1,2.4017771198288433,1697.1190852814066,-1239.2098065231576,2101.3933792152193,-36.13633428580354,0.8749327162234645
22,64,2,64.2,2.4017771198288433,-2356.5497642361443,-1123.2848113539542,2610.573798753813,-154.51449600030907,1.0869342443148302
22,64,3,64.3,2.4017771198288433,158.3326559443614,2167.855619582612,2173.6299632859095,85.82273208879754,0.9050090224195357
22,65,1,65.1,2.4017771198288433,1696.1675346236261,-1239.0921709003928,2100.555572580225,-36.14904876302078,0.8745838884208856
22,65,2,65.2,2.4017771198288433,-2355.131372925465,-1123.943007651562,2609.5769136368876,-154.48805093428916,1.0865191828552572
22,65,3,65.3,2.4017771198288433,157.4972687318694,2161.9958698916175,2167.724966661225,85.83347189373958,0.9025504276665366
22,66,1,66.1,2.4017771198288433,1696.0644026571788,-1240.0268136405396,2101.023787706451,-36.17128904998749,0.8747788337063412
22,66,2,66.2,2.4017771198288433,-2355.165000573752,-1124.972566891679,2610.0508531801474,-154.46797169742095,1.0867165115496422
22,66,3,66.3,2.4017771198288433,157.30934597692774,2159.035064071285,2164.7583325214355,85.83273893118411,0.901315244720002
22,67,1,67.1,2.4017771198288433,1871.2600385916103,-1366.014061481329,2316.8099939776225,-36.129328956643526,0.9646232262145641
22,67,2,67.2,2.4017771198288433,-2204.1674037123685,-1051.7868574676045,2442.2550106673343,-154.49040916006146,1.016853308537378
22,67,3,67.3,2.4017771198288433,173.18643611769804,2397.801308815077,2404.0475573936646,85.86886095805012,1.0009453156773278
22,68,1,68.1,2.4017771198288433,1867.8972730394535,-1364.9136153177697,2313.445352695423,-36.1564210144352,0.9632223296640802
22,97,1,97.1,2.4017771198288433,1875.1364280497835,-1363.7528024932776,2318.6112934486387,-36.027717493871556,0.9653732123211619
22,97,2,97.2,2.4017771198288433,-2202.0026087778765,-1056.2683882347667,2442.236351594302,-154.37364829651932,1.0168455396761968
22,97,3,97.3,2.4017771198288433,171.19115519258128,2396.530215556256,2402.6367777278124,85.91413523426512,1.0003579257591688
22,69,1,69.1,2.4017771198288433,1864.0461622365228,-1363.6527347731112,2309.592361435865,-36.18753183505556,0.961618104514399
22,70,1,70.1,2.4017771198288433,1861.3175312865003,-1362.7587198276053,2306.862432123044,-36.209624842121976,0.9604814756031305
22,71,1,71.1,2.4017771198288433,1859.778714352224,-1362.2543866730455,2305.3229449184696,-36.22210427191371,0.9598404972243023
22,72,1,72.1,2.4017771198288433,1871.2599729203341,-1366.0141197285639,2316.8099752788557,-36.129331077677165,0.9646232184291761
22,72,2,72.2,2.4017771198288433,-2204.1674088035693,-1051.7867710166008,2442.254978031034,-154.49041104193887,1.0168532949489815
22,72,3,72.3,2.4017771198288433,173.18652440598146,2397.8012740097743,2404.0475290390414,85.86885879958041,1.0009453038716432
22,73,1,73.1,2.4017771198288433,173.8872422065461,2395.125893107044,2401.429744305257,85.84758536346833,0.9998553672941929
22,76,1,76.1,2.4017771198288433,1871.5030441183997,-1367.6909526811057,2317.9952946868093,-36.15926536493194,0.9651167360824869
22,76,2,76.2,2.4017771198288433,-2206.262423864857,-1049.5424033741012,2443.1809469292934,-154.55907214211163,1.0172388298475425
22,76,3,76.3,2.4017771198288433,174.49848992244648,2400.3927366176636,2406.727033336363,85.842151011271,1.0020609379057923
22,74,1,74.1,2.4017771198288433,174.2950745544062,2393.6703709598846,2400.0076287014504,85.83535857941446,0.9992632575634166
22,75,1,75.1,2.4017771198288433,174.2264005031929,2394.1616266201236,2400.492602157444,85.83784492166556,0.9994651803196913
22,86,1,86.1,2.4017771198288433,1872.3403117016317,-1367.4034171046835,2318.501746372542,-36.14132007362991,0.9653276014794264
22,86,2,86.2,2.4017771198288433,-2207.6154776446206,-1045.020368294129,2442.4646706320405,-154.66849928947005,1.0169406022179512
22,86,3,86.3,2.4017771198288433,174.44325187836782,2405.5340505024487,2411.8508486746473,85.85231524951706,1.0041942812938953
22,78,1,78.1,2.4017771198288433,1873.1146296960583,-1372.027938893737,2321.856817524801,-36.22220847979842,0.9667245134262343
22,78,2,78.2,2.4017771198288433,-2211.925552208577,-1048.4070927999906,2447.80964961464,-154.6400131131637,1.0191660289398865
22,78,3,78.3,2.4017771198288433,178.12658420836271,2403.604978199874,2410.19625160047,85.76166663152863,1.0035053759577104
22,79,1,79.1,2.4017771198288433,1872.3686701746442,-1372.0732334419424,2321.2818430727866,-36.23399061976732,0.9664851180022096
22,79,2,79.2,2.4017771198288433,-2212.1890969039223,-1048.428909670512,2448.0571437557355,-154.64219355084285,1.0192690751963656
22,79,3,79.3,2.4017771198288433,177.7956254596475,2403.5513707514187,2410.1183531672486,85.76941881628093,1.0034729422932465
22,80,1,80.1,2.4017771198288433,1875.235632072151,-1376.57625997862,2326.2568377824846,-36.28171301517289,0.9685564986763883
22,80,2,80.2,2.4017771198288433,-2216.914912059971,-1047.750072442168,2452.038323847414,-154.703819578596,1.0209266728388822
22,80,3,80.3,2.4017771198288433,182.38296673897065,2405.58933220654,2412.4932293754555,85.66433858539762,1.0044617418736073
22,81,1,81.1,2.4017771198288433,1875.9304077414674,-1378.4489731886529,2327.9253567015244,-36.308749435589405,0.9692512004891687
22,81,2,81.2,2.4017771198288433,-2219.0118866470034,-1048.0525870163544,2454.0635644237836,-154.71835387204814,1.0217698986984547
22,81,3,81.3,2.4017771198288433,183.86142252121212,2406.1033450608793,2413.117968480753,85.63025802730294,1.0047218572274175
22,82,1,82.1,2.4017771198288433,1876.531690328361,-1380.6743172235701,2329.7280431516865,-36.34409559900047,0.9700017640761391
22,82,2,82.2,2.4017771198288433,-2222.322199256552,-1048.0794762031107,2457.0686896679676,-154.7507533145497,1.0230211077383669
22,82,3,82.3,2.4017771198288433,185.23999367770912,2407.9134906049035,2415.0282055277967,85.60091903003033,1.0055172004052972
22,84,1,84.1,2.4017771198288433,185.23222601828556,2400.4678796807493,2407.603999609297,85.58751236852177,1.002426070151284
22,83,1,83.1,2.4017771198288433,1878.0471458948016,-1382.8462855923683,2332.2360368925397,-36.36501064968407,0.9710459882550387
22,83,2,83.2,2.4017771198288433,-2225.309505989599,-1048.0803867364134,2459.7713093922416,-154.78041555048065,1.0241463660739392
22,83,3,83.3,2.4017771198288433,187.0242458566992,2409.7883637854898,2417.0349659808844,85.56215693590443,1.0063527319109145
22,85,1,85.1,2.4017771198288433,185.8751570469877,2397.8229634319023,2405.0165359033585,85.56739309831147,1.0013487579874798
22,87,1,87.1,2.4017771198288433,1871.7625973809068,-1367.3982780691035,2318.032198184587,-36.14963930564229,0.9651321011625656
22,87,2,87.2,2.4017771198288433,-2208.240277403746,-1042.1678865694537,2441.8106041511114,-154.73526818970956,1.0166682761659087
22,87,3,87.3,2.4017771198288433,174.89117343255717,2407.543737442402,2413.8876879927006,85.8451614248013,1.005042336386617
22,88,1,88.1,2.4017771198288433,1870.978920498158,-1368.320025902481,2317.9434450033973,-36.179463998333794,0.9650951480329615
22,89,1,89.1,2.4017771198288433,1871.651011372476,-1366.592152124466,2317.466638081289,-36.13517347144942,0.9648966254814009
22,89,2,89.2,2.4017771198288433,-2208.9058047677127,-1040.8869318630086,2441.8661837331883,-154.76911428963993,1.0166914171899522
22,89,3,89.3,2.4017771198288433,175.14220028635967,2408.9435405858812,2415.302004315731,85.84162806972677,1.005631198821584
22,90,1,90.1,2.4017771198288433,-2209.6672584732823,-1039.2887875883343,2441.874398321024,-154.8106514056572,1.0166948374023306
22,91,1,91.1,2.4017771198288433,1871.8203132341862,-1366.1644223016563,2317.3511848226512,-36.12416399928796,0.964848555551146
22,91,2,91.2,2.4017771198288433,-2208.7396781189777,-1040.5095185586106,2441.5550421623093,-154.77546426928163,1.0165618707935318
22,91,3,91.3,2.4017771198288433,175.637519774004,2409.8423084794467,2416.23436158207,85.83145899258439,1.0060193935706478
22,92,1,92.1,2.4017771198288433,177.74293897708478,2409.663763865927,2416.2102572509534,85.78135733550798,1.0060093575307016
22,94,1,94.1,2.4017771198288433,1870.0360919089271,-1365.4005015083885,2315.4596767297357,-36.134923426376695,0.9640610103300264
22,95,1,95.1,2.4017771198288433,1871.7329799807558,-1365.565810874209,2316.927778800232,-36.11348006823606,0.9646722669109872
22,95,2,95.2,2.4017771198288433,-2208.4833979618684,-1039.31997558034,2440.8164475669855,-154.7981611987137,1.0162543507537969
22,95,3,95.3,2.4017771198288433,175.36342148163942,2410.8536592437267,2417.223137379463,85.83968134815963,1.0064310786471813
22,96,1,96.1,2.4017771198288433,-2208.0725193036446,-1038.9327904439056,2440.279818701844,-154.80227885454138,1.016030920835712
22,98,1,98.1,2.4017771198288433,1874.4991214786512,-1363.7841141527763,2318.114334203494,-36.037608352227046,0.9651662991812865
22,98,2,98.2,2.4017771198288433,-2201.6773202159197,-1055.74437688056,2441.7164478432123,-154.38143360973365,1.01662907339929
22,98,3,98.3,2.4017771198288433,171.46956394192748,2396.1339155066244,2402.261341403042,85.9068383762657,1.0002016097039983
22,99,1,99.1,2.4017771198288433,1875.2197495045991,-1363.7344429478346,2318.6678804465146,-36.02613957860947,0.9653967727912025
22,99,2,99.2,2.4017771198288433,-2200.315847693578,-1054.635371197882,2440.009343382357,-154.39109193537163,1.0159183061733215
22,99,3,99.3,2.4017771198288433,172.8001516410121,2395.425175838539,2401.6497799321724,85.8739688353617,0.9999469809685422
22,100,1,100.1,2.4017771198288433,1875.4653688234187,-1364.0475858427858,2319.0507036499857,-36.02882745215417,0.9655561644351276
22,100,2,100.2,2.4017771198288433,-2200.0108430449964,-1054.982761777126,2439.884492586165,-154.38063975790192,1.0158663234996748
22,100,3,100.3,2.4017771198288433,173.3731656195232,2394.593850512503,2400.8619209503136,85.85890203756992,0.9996189492892684
22,450,1,450.1,2.4017771198288433,1875.4654264275882,-1364.0476968497228,2319.050815529114,-36.02882883303704,0.9655562110169388
22,450,2,450.2,2.4017771198288433,-2200.0109846151668,-1054.9827684179913,2439.88462310952,-154.38064105476423,1.0158663778441657
22,450,3,450.3,2.4017771198288433,173.3732363410791,2394.5939542106767,2400.8620294847647,85.8589005329365,0.9996189944784952
22,197,1,197.1,2.4017771198288433,1875.1365486254135,-1363.7528654281923,2318.611427978917,-36.027716999096924,0.965373268333969
22,197,2,197.2,2.4017771198288433,-2202.0026962379334,-1056.2684738683038,2442.2364674877826,-154.37364737256613,1.0168455879294174
22,197,3,197.3,2.4017771198288433,171.1911092748192,2396.5303119974074,2402.6368706521453,85.91413649035125,1.0003579644489924
22,105,1,105.1,2.4017771198288433,1868.8274449339779,-1365.304236862351,2314.42685737371,-36.15064292548681,0.9636309873493348
22,105,2,105.2,2.4017771198288433,-2199.5709811853408,-1050.4878931920264,2437.5473974911065,-154.4714361537819,1.0148932544018956
22,105,3,105.3,2.4017771198288433,174.92273445438187,2392.8208414648366,2399.2060233288607,85.81893557296392,0.9989295024593432
22,108,1,108.1,2.4017771198288433,1864.8659041741512,-1366.297971026875,2311.816382454158,-36.228448545100136,0.9625440942742031
22,108,2,108.2,2.4017771198288433,-2198.0592081051495,-1046.846889747277,2434.6155123364724,-154.533424669647,1.0136725394860824
22,108,3,108.3,2.4017771198288433,177.2794701341541,2390.4998496286917,2397.0643590871405,85.75870887438533,0.9980378026325613
22,300,1,300.1,2.4017771198288433,1904.97674095602,-1351.6386202549431,2335.77895858065,-35.35685359823942,0.9725211133442322
22,300,2,300.2,2.4017771198288433,-2199.157768255128,-1087.110701385391,2453.182538406694,-153.69540965037325,1.0214030761445152
22,300,3,300.3,2.4017771198288433,155.08950636719015,2399.95235559757,2404.9582250266935,86.30257834461824,1.0013244797660812
22,135,1,135.1,2.4017771198288433,1929.4934357548445,-1344.6471437115727,2351.812250098363,-34.87230410194217,0.9791967084214539
22,135,2,135.2,2.4017771198288433,-2197.4863312882985,-1107.9253116548914,2460.984492516053,-153.24374183971952,1.0246514850184887
22,135,3,135.3,2.4017771198288433,140.61086825993135,2404.108301989891,2408.2167975432626,86.65271252155739,1.002681213698496
22,152,1,152.1,2.4017771198288433,1688.6448418654506,-1240.5654980537868,2095.357763466715,-36.302920906815665,0.8724197371053461
22,152,2,152.2,2.4017771198288433,-2367.1150472645277,-1121.4492306266027,2619.328544466911,-154.65018252570675,1.0905793559452224
22,152,3,152.3,2.4017771198288433,154.9196264789254,2179.5771400697745,2185.075879731207,85.93437736977737,0.9097746255018537
22,160r,1,160r.1,2.4017771198288433,1868.0856874465755,-1365.6318486818934,2314.0212794564077,-36.16802727349194,0.9634621215899128
22,160r,2,160r.2,2.4017771198288433,-2202.6391202485306,-1047.86173955107,2439.1870201491756,-154.55816045391106,1.0155759250146401
22,160r,3,160r.3,2.4017771198288433,173.9709203471564,2395.869792285641,2402.1777500246058,85.84687952714084,1.0001668057341604
22,160,1,160.1,2.4017771198288433,1698.2399557309875,-1241.491563434825,2103.644515910669,-36.16852221510656,0.875869995822335
22,160,2,160.2,2.4017771198288433,-2365.2499442022504,-1125.2000248278275,2619.252258645832,-154.558566961649,1.090547593705317
22,160,3,160.3,2.4017771198288433,158.17073593420932,2178.052547205286,2183.7881948791196,85.84645703715245,0.9092384871393653
22,61s,1,61s.1,2.4017771198288433,1698.2399519154847,-1241.491544819471,2103.644501844393,-36.16852186713047,0.8758699899657233
22,61s,2,61s.2,2.4017771198288433,-2365.2499379239557,-1125.200021501772,2619.252251547541,-154.5585669683521,1.0905475907498843
22,61s,3,61s.3,2.4017771198288433,158.17072243831407,2178.052544296482,2183.7881910004544,85.8464573847849,0.9092384855244506
22,610,1,610.1,0.24017771198288432,215.5215034304181,-135.99367325503235,254.84072988104595,-32.25185042199105,1.0610507019036244
22,610,2,610.2,0.24017771198288432,-253.34271043374727,-122.57542267104591,281.43784957411657,-154.18079657240253,1.171790035181002
22,610,3,610.3,0.24017771198288432,37.821207662347376,258.5691019287131,261.32053922579377,81.67829221763922,1.0880299302893524
22,x1,1,x1.1,0.24017771198288432,197.25899520025013,-131.27437212806225,236.9474033726246,-33.643465465129786,0.9865503398146706
22,x2,1,x2.1,0.24017771198288432,-214.88351960727712,-111.79559480813404,242.22547763873962,-152.51378158937553,1.0085260436488845
22,x4,1,x4.1,0.24017771198288432,12.527608109514349,239.23203560466288,239.5598209727505,87.00239120592155,0.9974273590791061
22,x5,1,x5.1,0.24017771198288432,12.56676496370758,239.0837183484155,239.41375892157396,86.99117695049456,0.9968192175077227
22,x6,1,x6.1,0.24017771198288432,12.598509664854166,238.96012450053314,239.29200477050153,86.98203317990193,0.9963122839123145
22,x7,1,x7.1,0.24017771198288432,195.28609698386092,-131.74324968533986,235.56940275180844,-34.00425744931769,0.9808129189297786
22,x9,1,x9.1,0.24017771198288432,193.69552310051782,-131.96352481920053,234.37646543945274,-34.2663548943855,0.9758460246142865
22,x10,1,x10.1,0.24017771198288432,193.3937763954421,-131.86182762266856,234.06984925974686,-34.2873693668821,0.9745694024948797
22,x11,1,x11.1,0.24017771198288432,193.43882022842848,-131.85905326681782,234.10550420651748,-34.28059795183035,0.9747178548490812
22,x12,1,x12.1,0.24017771198288432,-215.62065623626674,-110.52757461149642,242.2986012036764,-152.86023315285803,1.008830499729897
22,x16,1,x16.1,0.24017771198288432,14.50904151825831,237.44563293017362,237.88850515186584,86.50330686038726,0.9904686958164477
22,x17,1,x17.1,0.24017771198288432,14.479233859985337,237.55783734114792,237.9986854908561,86.51211688568364,0.9909274408768475
22,x19,1,x19.1,0.24017771198288432,188.01681504951762,-133.63769129831024,230.6715311366077,-35.40427118416506,0.9604202206449779
22,x20,1,x20.1,0.24017771198288432,188.02132679206352,-133.61308983960691,230.66095704547575,-35.398640961450184,0.9603761945317942
22,x22,1,x22.1,0.24017771198288432,-217.02984316626797,-107.20817647887023,242.0651687639084,-153.7115970508252,1.0078585842351542
22,x24,1,x24.1,0.24017771198288432,15.744370461947458,236.1866355903288,236.71081942471875,86.18626455124267,0.9855653027521029
22,x28,1,x28.1,0.24017771198288432,188.21980932346258,-133.91242019505304,230.99617508577293,-35.43064360415377,0.9617719028909489
22,x29,1,x29.1,0.24017771198288432,188.37624101155413,-133.97667397568418,231.16089060918134,-35.4211428454413,0.9624577097547439
22,x30,1,x30.1,0.24017771198288432,15.674666024463603,235.9918632881149,236.511848948789,86.19997491916777,0.9847368725273037
22,x31,1,x31.1,0.24017771198288432,15.608677195442842,232.74869883386586,233.27148906938697,86.16335447792683,0.97124536304189
22,x32,1,x32.1,0.24017771198288432,15.63098209613693,232.66270374463457,233.18718085489465,86.15647245838176,0.9708943387366109
22,x33,1,x33.1,0.24017771198288432,190.20220008335792,-135.535516918659,233.55246361997087,-35.47315868528244,0.97241522409296
22,x34,1,x34.1,0.24017771198288432,14.404755091331692,237.80248460093947,238.23836519675268,86.5335751799058,0.991925367386838
22,x52,1,x52.1,0.24017771198288432,164.6813776769676,-123.28229403565831,205.71455995208154,-36.81893073804706,0.8565097829174978
22,x53,1,x53.1,0.24017771198288432,164.7455071107884,-123.27905062242779,205.76395805766845,-36.80750620014597,0.8567154560633491
22,x55,1,x55.1,0.24017771198288432,165.14750296925666,-123.32449170327003,206.1131436634999,-36.75066866557652,0.8581693195503005
22,x56,1,x56.1,0.24017771198288432,-235.21666302752672,-110.30795995257257,259.7974684147315,-154.87515082467567,1.081688497529052
22,x58,1,x58.1,0.24017771198288432,-234.99526154257313,-110.25225787763632,259.5733678838782,-154.8655328165819,1.0807554362178953
22,x59,1,x59.1,0.24017771198288432,-233.65151903191386,-108.5922091369688,257.65344987243617,-155.07281329075042,1.0727616969337987
22,x60,1,x60.1,0.24017771198288432,165.62057527654233,-123.381320057135,206.52633026801692,-36.68477395350055,0.8598896565503735
22,x62,1,x62.1,0.24017771198288432,17.298687529225692,213.64748770674697,214.34666685917554,85.37095267059425,0.892450282291183
22,x63,1,x63.1,0.24017771198288432,165.48848876360006,-123.21893002957889,206.32339816631182,-36.67052353499579,0.8590447317651813
22,x64,1,x64.1,0.24017771198288432,-233.06693409685033,-108.91130434911975,257.2583681521986,-154.95349210793452,1.0711167411342961
22,x65,1,x65.1,0.24017771198288432,100.47519389279479,-222.98453089618442,244.57588925890903,-65.7440221369335,1.0183121790931964
22,x65,2,x65.2,0.24017771198288432,-267.06325718313184,8.450677013856046,267.19692602883015,178.18759560293486,1.1124967584330694
22,x65,3,x65.3,0.24017771198288432,166.58806329033706,214.53385388232837,271.6180356538011,52.170240041050555,1.1309044182798997
22,x66,1,x66.1,0.24017771198288432,17.341255494299347,212.14291445991995,212.85049987648017,85.32684576769701,0.8862208658713863
22,x68,1,x68.1,0.24017771198288432,182.117555005162,-135.63866721346778,227.07851480160792,-36.67823745580943,0.9454603964991978
22,x69,1,x69.1,0.24017771198288432,181.7415124420656,-135.51162195772508,226.70107417112715,-36.709255211841025,0.9438888908529632
22,x70,1,x70.1,0.24017771198288432,181.4750751362814,-135.42154398319002,226.43364915689992,-36.731282092429,0.9427754444302315
22,x71,1,x71.1,0.24017771198288432,181.32481736439127,-135.3707296417685,226.28284034803573,-36.74372416249816,0.9421475393360448
22,x73,1,x73.1,0.24017771198288432,19.092005127420233,235.22784222064655,236.00136104600506,85.35982337413422,0.9826114134304982
22,x74,1,x74.1,0.24017771198288432,19.076393202404315,235.22317752443928,235.99544915592463,85.36350964964659,0.9825867987814884
22,x75,1,x75.1,0.24017771198288432,19.1258609433638,235.1294017012573,235.9059857257041,85.34969340761538,0.9822143103041775
22,x76,1,x76.1,0.24017771198288432,110.17826850026356,-248.388812553665,271.7282706152157,-66.07927696260661,1.1313633907653335
22,x76,2,x76.2,0.24017771198288432,-267.8472549853561,21.478390013633806,268.70703980500423,175.41532173664223,1.1187842434944713
22,x76,3,x76.3,0.24017771198288432,157.66898648509255,226.9104225400312,276.3111455524945,55.20644748210671,1.1504445740251916
22,x77,1,x77.1,0.24017771198288432,-218.24231420957318,-101.32761045000298,240.61793854793459,-155.09505372200607,1.0018329201382419
22,x79,1,x79.1,0.24017771198288432,182.99479782870267,-136.4291335890921,228.25425412078982,-36.70583954953519,0.9503556855311196
22,x80,1,x80.1,0.24017771198288432,-218.85943027644157,-101.26054447480189,241.14963837472766,-155.17125157657352,1.0040466968555042
22,x82,1,x82.1,0.24017771198288432,182.97702621842535,-137.1983123822762,228.70061006539305,-36.86299165006164,0.9522141258539878
22,x83,1,x83.1,0.24017771198288432,20.373461811809165,236.71410548509638,237.58923730212734,85.08080111571178,0.9892226690837098
22,x84,1,x84.1,0.24017771198288432,20.202715378419143,235.76564494487928,236.62964532141,85.1022991797407,0.9852273275809741
22,x85,1,x85.1,0.24017771198288432,20.2673151009506,235.49583020380427,236.36634723407695,85.08111325236678,0.9841310639636747
22,x86,1,x86.1,0.24017771198288432,-217.92021577422761,-100.97183011387567,240.17604151878115,-155.13967715684373,0.9999930448829353
22,x87,1,x87.1,0.24017771198288432,-217.9777960808033,-100.68893389654684,240.10951874814845,-155.20670388079134,0.99971607176131
22,x88,1,x88.1,0.24017771198288432,182.4160172520919,-135.97558676663672,227.5191498460001,-36.70138872279411,0.9472950173753578
22,x90,1,x90.1,0.24017771198288432,-218.1145958416722,-100.40322646798148,240.11410788280807,-155.28228388306871,0.9997351790074477
22,x92,1,x92.1,0.24017771198288432,19.462208146056902,236.70658790406245,237.5053395254601,85.29966721607259,0.9888733536706577
22,x94,1,x94.1,0.24017771198288432,182.3266179259522,-135.68828736839356,227.27583886828776,-36.65678843240957,0.9462819717613266
22,x95,1,x95.1,0.24017771198288432,-217.99703860687322,-100.4058092527139,240.0084068799652,-155.2699890055406,0.9992950840378928
22,x96,1,x96.1,0.24017771198288432,-217.9550501009702,-100.36650755323147,239.9538282731686,-155.27431846671234,0.9990678414417917
22,x98,1,x98.1,0.24017771198288432,182.76554960954692,-135.53352065156918,227.53589023336315,-36.55953714678616,0.9473647173788463
22,x99,1,x99.1,0.24017771198288432,-217.20444951382166,-101.91599627432173,239.9263286619246,-154.86323723138597,0.9989533445094287
22,x100,1,x100.1,0.24017771198288432,18.986491748317714,235.31472777049683,236.0794526734844,85.38705310780206,0.9829365544555942
23,sourcebus,1,sourcebus.1,66.39528095680697,66352.68686999918,-79.50035438150762,66352.73449658656,-0.0686488040055868,0.9993591945149223
23,sourcebus,2,sourcebus.2,66.39528095680697,-33261.77254986463,-57442.497133017416,66377.60156886993,-120.072758652748,0.9997337252334464
23,sourcebus,3,sourcebus.3,66.39528095680697,-33090.91431365594,57521.997498620185,66361.04886411145,119.91070222543303,0.9994844197930606
23,150,1,150.1,2.4017771198288433,1989.4214800449993,-1270.9448920509274,2360.7411429241406,-32.57253574093462,0.9829143276593346
23,150,2,150.2,2.4017771198288433,-2106.075692017926,-1131.4432617710522,2390.7569251423083,-151.75405390313108,0.9954116497340435
23,150,3,150.3,2.4017771198288433,88.77443693921325,2379.8201939061423,2381.4753947873037,87.86368597075806,0.9915472069102789
23,150r,1,150r.1,2.4017771198288433,2051.5807783553328,-1310.671830007314,2434.5111082292874,-32.57286054933863,1.0136290699624855
23,150r,2,150r.2,2.4017771198288433,-2171.8947858544843,-1166.7927761384321,2465.4679765250908,-151.75426597766366,1.0265182210998771
23,150r,3,150r.3,2.4017771198288433,91.55977589083962,2454.188122569532,2455.8954646976617,87.86342504462826,1.0225326257053673
23,40,1,40.1,2.4017771198288433,1923.482557513537,-1350.7903913281866,2350.408439051258,-35.07894329553831,0.9786122199460182
23,40,2,40.2,2.4017771198288433,-2199.731737681746,-1094.6675938712087,2457.054508723023,-153.5433695567038,1.0230152033832842
23,40,3,40.3,2.4017771198288433,149.180675140862,2408.5646155795885,2413.180138584257,86.45576537719766,1.0047477422702011
23,401,1,401.1,2.4017771198288433,1923.482557513537,-1350.7903913281866,2350.408439051258,-35.07894329553831,0.9786122199460182
23,401,2,401.2,2.4017771198288433,-2199.731737681746,-1094.6675938712087,2457.054508723023,-153.5433695567038,1.0230152033832842
23,401,3,401.3,2.4017771198288433,149.180675140862,2408.5646155795885,2413.180138584257,86.45576537719766,1.0047477422702011
23,101,1,101.1,2.4017771198288433,1887.7197236233528,-1366.4386764070682,2330.3734488999244,-35.899153333779196,0.9702704841596596
23,101,2,101.2,2.4017771198288433,-2205.013759842504,-1058.262151913312,2445.8136607818205,-154.36204489396349,1.0183349822884962
23,101,3,101.3,2.4017771198288433,169.6650515445415,2405.5225907523172,2411.498530859049,85.96552550997075,1.0040475908234558
23,1011,1,1011.1,2.4017771198288433,1887.7197236233528,-1366.4386764070682,2330.3734488999244,-35.899153333779196,0.9702704841596596
23,1011,2,1011.2,2.4017771198288433,-2205.013759842504,-1058.262151913312,2445.8136607818205,-154.36204489396349,1.0183349822884962
23,1011,3,1011.3,2.4017771198288433,169.6650515445415,2405.5225907523172,2411.498530859049,85.96552550997075,1.0040475908234558
23,30,1,30.1,2.4017771198288433,1941.182601916652,-1347.405177755803,2362.9834123469955,-34.765119106376716,0.983847915295066
23,30,2,30.2,2.4017771198288433,-2203.2549124368707,-1117.217333773387,2470.3252377087756,-153.11153505731204,1.0285405824354
23,30,3,30.3,2.4017771198288433,135.806751068191,2412.1779374990183,2415.9979047575175,86.77762252673944,1.005920942793263
23,301,1,301.1,2.4017771198288433,1945.2995139259547,-1345.3097273520646,2365.174086909596,-34.66655033677627,0.9847600209790259
23,301,2,301.2,2.4017771198288433,-2203.361275213302,-1121.634953963786,2472.4210561841874,-153.02134378742082,1.0294131939937783
23,301,3,301.3,2.4017771198288433,131.95358038495476,2414.5378661768345,2418.140784689384,86.87191895142982,1.0068131487828091
23,93,1,93.1,2.4017771198288433,1889.1214075158666,-1368.1684112981925,2332.5232033163034,-35.91338269728734,0.9711655523983528
23,93,2,93.2,2.4017771198288433,-2214.2609051533595,-1047.4041137723848,2449.491117280871,-154.6846094416071,1.0198661220719047
23,93,3,93.3,2.4017771198288433,171.24107439092174,2421.8050988236405,2427.8516104257155,85.9554595755172,1.0108563323305912
23,931,1,931.1,2.4017771198288433,1893.3337031188526,-1366.129414948123,2334.742403296828,-35.81222263813399,0.9720895348787433
23,931,2,931.2,2.4017771198288433,-2214.490314876605,-1051.8546706324464,2451.604699541421,-154.5928778109114,1.0207461297308589
23,931,3,931.3,2.4017771198288433,167.44073953341825,2424.2084083856766,2429.984116932313,86.04884009365549,1.0117442192577302
23,77,1,77.1,2.4017771198288433,1890.062250664082,-1373.0078395695027,2336.126246354141,-35.995976728416515,0.9726657095145529
23,77,2,77.2,2.4017771198288433,-2215.6896021513016,-1054.59011618749,2453.862409802501,-154.54719907918658,1.021686146288782
23,77,3,77.3,2.4017771198288433,173.47022237529524,2414.8173269657595,2421.0399915459866,85.89117250118711,1.008020257815811
23,771,1,771.1,2.4017771198288433,1894.2709888786246,-1370.9780760430967,2338.3420332145665,-35.89512850522887,0.9735882709138318
23,771,2,771.2,2.4017771198288433,-2215.907973796149,-1059.0332877949884,2455.9722419016093,-154.45579381971714,1.0225645925366413
23,771,3,771.3,2.4017771198288433,169.66188721137323,2417.231634311357,2423.178476688764,85.9850790279629,1.008910633998148
23,149,1,149.1,2.4017771198288433,2051.5805063966886,-1310.6715577082612,2434.510732449601,-32.572858594686295,1.0136289135034688
23,149,2,149.2,2.4017771198288433,-2171.8945673033486,-1166.7926590746872,2465.4677285968232,-151.7542659705589,1.0265181178728686
23,149,3,149.3,2.4017771198288433,91.55973946188853,2454.187819615133,2455.895160595747,87.86342563041846,1.0225324990899904
23,1,1,1.1,2.4017771198288433,2026.4586490058348,-1318.3369324409744,2417.5497768543323,-33.04649693173092,1.0065670777256022
23,1,2,1.2,2.4017771198288433,-2177.742453909451,-1157.2134068135263,2466.1113244272906,-152.01462210617555,1.0267860843819812
23,1,3,1.3,2.4017771198288433,102.48806388480733,2444.307595210272,2446.4552771799204,87.5990354278781,1.0186021246443804
23,2,1,2.1,2.4017771198288433,-2177.4361182535345,-1156.8950204671708,2465.69141164436,-152.0178151248076,1.026611250181312
23,3,1,3.1,2.4017771198288433,103.35083764464511,2441.2339492084966,2443.420674057163,87.57580264747367,1.0173386422430768
23,7,1,7.1,2.4017771198288433,2007.9845158300932,-1323.5203046249271,2404.934055762834,-33.390024684843176,1.001314416690844
23,7,2,7.2,2.4017771198288433,-2182.4769208819907,-1149.6558631528553,2466.7618680902847,-152.2212382808985,1.0270569436793004
23,7,3,7.3,2.4017771198288433,109.5489510041853,2438.6535586542345,2441.1128920644123,87.42789394946125,1.0163777779007122
23,4,1,4.1,2.4017771198288433,103.62656714163658,2440.2522248223904,2442.451511528568,87.56836619207644,1.0169351233151156
23,5,1,5.1,2.4017771198288433,104.02431401252547,2438.8334471818575,2441.0509296200107,87.55762589633007,1.0163519793185332
23,6,1,6.1,2.4017771198288433,104.36973266603798,2437.601899684638,2439.835253135534,87.54828918332572,1.015845822242408
23,8,1,8.1,2.4017771198288433,1995.9869371739132,-1326.9405251407009,2396.817684061426,-33.616127350284145,0.9979350974216248
23,8,2,8.2,2.4017771198288433,-2185.492608740801,-1144.5874626039079,2467.0748676136127,-152.35802356048282,1.027187263649769
23,8,3,8.3,2.4017771198288433,114.36860233294696,2434.8991605375127,2437.5836599357726,87.31076109221122,1.0149083525741476
23,12,1,12.1,2.4017771198288433,-2185.0964383392065,-1144.180622633785,2466.5351694336982,-152.36212592874233,1.0269625557967967
23,9,1,9.1,2.4017771198288433,1993.2188035736126,-1326.1708776203818,2394.0865472175055,-33.637464705284614,0.9967979657446792
23,13,1,13.1,2.4017771198288433,1980.2864108955284,-1332.0212842567798,2386.5906584269064,-33.926383384291746,0.9936769897270822
23,13,2,13.2,2.4017771198288433,-2189.1591330615956,-1137.1879473822942,2466.9037552240566,-152.5497767022008,1.027116019574645
23,13,3,13.3,2.4017771198288433,122.36779171426579,2429.2046592570864,2432.284759851396,87.11624266467484,1.0127021111870391
23,9r,1,9r.1,2.4017771198288433,1993.2134785024696,-1326.1738297833163,2394.0837490961053,-33.63759412123434,0.9967968007234217
23,14,1,14.1,2.4017771198288433,1990.1155810117766,-1325.311880865293,2391.027312129358,-33.66151910286215,0.9955242276184847
23,34,1,34.1,2.4017771198288433,122.87119509934796,2427.3533737024422,2430.4612178370116,87.10219480860553,1.0119428642114021
23,18,1,18.1,2.4017771198288433,1942.2693488768173,-1345.2941389919213,2362.673600815904,-34.708036352224006,0.9837189226718398
23,18,2,18.2,2.4017771198288433,-2200.132407971577,-1111.2223099317541,2464.8321717100484,-153.20299897706673,1.0262534984452256
23,18,3,18.3,2.4017771198288433,137.42200718082447,2413.2142345665275,2417.1238590465564,86.74077565361792,1.0063897432825935
23,11,1,11.1,2.4017771198288433,1988.9085895642568,-1324.9759805071985,2389.836548085139,-33.67085581586649,0.9950284430453084
23,10,1,10.1,2.4017771198288433,1989.500262572496,-1325.1406693945123,2390.420274441163,-33.66627832885009,0.9952714823977966
23,15,1,15.1,2.4017771198288433,123.07298558241557,2426.6109663802386,2429.729973049887,87.09655739462632,1.0116384043258084
23,16,1,16.1,2.4017771198288433,123.57738021759006,2424.7546099332694,2427.9016222438017,87.08245051991422,1.0108771551695106
23,17,1,17.1,2.4017771198288433,123.30840457810191,2425.7450674047327,2428.8771263030144,87.08997648863692,1.0112833144468052
23,19,1,19.1,2.4017771198288433,1939.7806469775244,-1344.5511776405044,2360.2048274848967,-34.72760971033234,0.9826910282387447
23,20,1,20.1,2.4017771198288433,1938.1895821259402,-1344.076076954346,2358.626582760084,-34.74014244533498,0.9820339128420733
23,21,1,21.1,2.4017771198288433,1942.2693434733346,-1345.294130031309,2362.673591271768,-34.70803624820232,0.9837189186980589
23,21,2,21.2,2.4017771198288433,-2200.1324441846386,-1111.222308731356,2464.832203492992,-153.2029993814758,1.0262535116783202
23,21,3,21.3,2.4017771198288433,137.42201193883778,2413.214240801801,2417.123865542255,86.7407755494189,1.0063897459871318
23,22,1,22.1,2.4017771198288433,-2200.9239796926404,-1111.9109982966247,2465.849231506072,-153.1970073032533,1.026676959801247
23,23,1,23.1,2.4017771198288433,1941.3473876696503,-1345.8142729517322,2362.2120431689395,-34.73114042577752,0.9835267492835791
23,23,2,23.2,2.4017771198288433,-2201.1405695524572,-1112.6605868696383,2466.3806252285563,-153.18373353238883,1.026898210023883
23,23,3,23.3,2.4017771198288433,136.71714225747556,2412.976994239072,2416.8470269576596,86.7571389815528,1.0062744819260707
23,24,1,24.1,2.4017771198288433,136.5231834256677,2413.9916575108336,2417.8491065706685,86.76308802236031,1.0066917061575515
23,25,1,25.1,2.4017771198288433,1940.4218004420225,-1346.4991577563885,2361.841812118103,-34.75758736177286,0.9833726004877645
23,25,2,25.2,2.4017771198288433,-2202.186760106996,-1114.3367947814925,2468.070707778535,-153.15996213189584,1.0276018900348323
23,25,3,25.3,2.4017771198288433,136.1131370644712,2412.446217884811,2416.283000864812,86.77072647041342,1.0060396449429923
23,25r,1,25r.1,2.4017771198288433,1964.6733466387595,-1363.3323673855348,2391.362896541173,-34.75767704239838,0.9956639509962472
23,25r,2,25r.2,2.4017771198288433,134.415253944655,2382.2885537036736,2386.077579124482,86.77063899225453,0.9934633648664785
23,26,1,26.1,2.4017771198288433,1963.8160761294403,-1363.7440027191979,2390.893407456094,-34.77749357355743,0.9954684752873635
23,26,2,26.2,2.4017771198288433,134.68624985041546,2381.339391109764,2385.1452118371726,86.76285505049393,0.9930751659450999
23,28,1,28.1,2.4017771198288433,1940.1818535183459,-1346.7420429200718,2361.783172708793,-34.76574687924528,0.9833481854790503
23,28,2,28.2,2.4017771198288433,-2202.840879356448,-1115.3450179948545,2469.109647004327,-153.1459399719042,1.0280344610745074
23,28,3,28.3,2.4017771198288433,135.57639602063853,2412.6268003096206,2416.433122751421,86.7836740689056,1.0061021494465823
23,27,1,27.1,2.4017771198288433,1962.9499072089293,-1363.8185239594588,2390.2245301449193,-34.79080375550121,0.995189982622223
23,27,2,27.2,2.4017771198288433,134.38042624612692,2381.306316520654,2385.094939841862,86.77014508826858,0.9930542347792163
23,31,1,31.1,2.4017771198288433,134.98795387346763,2380.2027076134755,2384.02740693589,86.75407308917855,0.9926097585215492
23,33,1,33.1,2.4017771198288433,1960.5027928876589,-1363.0846844140751,2387.796276444984,-34.80984686559155,0.9941789588765607
23,29,1,29.1,2.4017771198288433,1940.159891308714,-1347.081599968019,2361.958772039732,-34.77281718912249,0.9834212977297624
23,29,2,29.2,2.4017771198288433,-2203.221473402323,-1116.234104741721,2469.850893768621,-153.131527337026,1.028343085366984
23,29,3,29.3,2.4017771198288433,135.464477741414,2412.3784901567183,2416.1789264250615,86.78599348209931,1.00599631267919
23,250,1,250.1,2.4017771198288433,1941.1826050693967,-1347.40518483764,2362.9834189751236,-34.765119203849736,0.9838479180547427
23,250,2,250.2,2.4017771198288433,-2203.25492087024,-1117.217333911816,2470.3252452930064,-153.11153514290976,1.0285405855931578
23,250,3,250.3,2.4017771198288433,135.8067548165435,2412.177945300455,2415.99791275732,86.77762244838702,1.0059209461240477
23,32,1,32.1,2.4017771198288433,135.18907336869495,2379.4447787195368,2383.282094199919,86.74821407756885,0.9922994413277438
23,35,1,35.1,2.4017771198288433,1926.607254241024,-1350.4676160340919,2352.7809702670884,-35.028779267093185,0.9796000431691819
23,35,2,35.2,2.4017771198288433,-2200.1933816882624,-1097.0710074858569,2458.539345280214,-153.49801754442208,1.0236334275078014
23,35,3,35.3,2.4017771198288433,147.13772707124335,2410.4999280116904,2414.9864210119395,86.5069802691004,1.0054998030725006
23,42,1,42.1,2.4017771198288433,1920.3578468245025,-1351.1131442389913,2348.03768887891,-35.12920840940059,0.9776251382752107
23,42,2,42.2,2.4017771198288433,-2199.2700683160615,-1092.264182007641,2455.571191533195,-153.58877608771513,1.0223976118600817
23,42,3,42.3,2.4017771198288433,151.2236107940131,2406.6292809128026,2411.375764207738,86.40447406080983,1.003996475900969
23,44,1,44.1,2.4017771198288433,1917.8657011104551,-1351.3681578033188,2346.1467868444706,-35.16932273232871,0.9768378453916086
23,44,2,44.2,2.4017771198288433,-2198.900063841265,-1090.3478653789234,2454.387898906262,-153.62499975276185,1.0219049380740073
23,44,3,44.3,2.4017771198288433,152.8513359270775,2405.0843320490153,2409.9365500283093,86.36354789060833,1.003397247035165
23,151,1,151.1,2.4017771198288433,1918.7667810573107,-1352.8869397840886,2347.7582992990124,-35.18695535277715,0.9775088120859106
23,151,2,151.2,2.4017771198288433,-2202.284502913106,-1090.8927757910508,2457.662320182398,-153.64867025253903,1.0232682707700778
23,151,3,151.3,2.4017771198288433,151.870484333227,2409.7044949654296,2414.4855346570635,86.3937303999818,1.0052912548476296
23,52,1,52.1,2.4017771198288433,1704.8149397179063,-1242.4615708629815,2109.5271351079314,-36.08439977641267,0.8783192735461905
23,52,2,52.2,2.4017771198288433,-2372.0976346586663,-1128.1871440398806,2626.719136171605,-154.56389458806007,1.0936564906400605
23,52,3,52.3,2.4017771198288433,151.73112482050018,2189.880608423248,2195.1308419744523,86.03645918581701,0.9139610931637498
23,53,1,53.1,2.4017771198288433,1705.4125504806575,-1242.4236753398409,2109.9878095339554,-36.07401033842032,0.8785110791980225
23,53,2,53.2,2.4017771198288433,-2371.832508576285,-1128.1434860826546,2626.4609599097407,-154.5622705437841,1.09354899679322
23,53,3,53.3,2.4017771198288433,151.94222557738212,2189.8986142213253,2195.1634063280776,86.0309949257161,0.9139746516048544
23,54,1,54.1,2.4017771198288433,1706.159658682799,-1242.3762463191315,2110.563791581439,-36.06102709701578,0.8787508941428517
23,54,2,54.2,2.4017771198288433,-2371.5010842839215,-1128.0888755634992,2626.1382111248327,-154.56024063309235,1.0934146176361186
23,54,3,54.3,2.4017771198288433,152.20613900945833,2189.921161687269,2195.204182566598,86.02416392538609,0.9139916291329454
23,55,1,55.1,2.4017771198288433,1705.8477490110288,-1242.217424179438,2110.2181573811254,-36.062526252277586,0.8786069864515592
23,55,2,55.2,2.4017771198288433,-2371.482702391983,-1127.736033903546,2625.970062645209,-154.56702048690138,1.0933446076096947
23,55,3,55.3,2.4017771198288433,152.13696810408456,2190.0638793661155,2195.3417621791973,86.02622311723451,0.9140489115558078
23,57,1,57.1,2.4017771198288433,1708.6300058607442,-1242.4112089439654,2112.5818585411766,-36.02235501090603,0.8795911332071165
23,57,2,57.2,2.4017771198288433,-2370.82470550757,-1128.5094223669746,2625.708152216483,-154.54561361501305,1.0932355590112366
23,57,3,57.3,2.4017771198288433,153.11332078331714,2189.7952823616024,2195.141696486681,86.00031458937451,0.9139656125307383
23,56,1,56.1,2.4017771198288433,1705.9115239561238,-1242.034523406879,2110.162051810443,-36.05749235798965,0.8785836264277588
23,56,2,56.2,2.4017771198288433,-2371.2976550152353,-1127.3556349033822,2625.6395975512637,-154.57278280565242,1.0932070157027616
23,56,3,56.3,2.4017771198288433,152.20050116014573,2190.2180012229715,2195.4999169743887,86.02484781792079,0.9141147606280993
23,58,1,58.1,2.4017771198288433,-2369.889224345189,-1127.620816385407,2624.481594756026,-154.5543523313477,1.0927248715497186
23,60,1,60.1,2.4017771198288433,1713.5842134929503,-1243.2625046808603,2117.090577249254,-35.96213729410965,0.8814683759665939
23,60,2,60.2,2.4017771198288433,-2370.382088106595,-1131.58352813235,2626.6314025300617,-154.4809165864564,1.0936199620043188
23,60,3,60.3,2.4017771198288433,154.70499777873093,2188.5103487616625,2193.971554732333,85.95650844905039,0.9134784142205006
23,59,1,59.1,2.4017771198288433,-2369.43632076104,-1127.189936004054,2623.8875032993387,-154.55859925604202,1.0924775166008425
23,61,1,61.1,2.4017771198288433,1713.5842380609638,-1243.2625547506618,2117.090626538249,-35.96213800044359,0.8814683964884795
23,61,2,61.2,2.4017771198288433,-2370.382153517159,-1131.5835245273308,2626.6314600062074,-154.48091727211627,1.0936199859349929
23,61,3,61.3,2.4017771198288433,154.7050220650133,2188.510399401102,2193.971606958237,85.9565079096416,0.9134784359651926
23,62,1,62.1,2.4017771198288433,1712.8273558776632,-1242.5181386366678,2116.040849294738,-35.95785836856348,0.8810313129494433
23,62,2,62.2,2.4017771198288433,-2367.9839571445577,-1131.1630137089394,2624.2861476746566,-154.46664544392937,1.092643495522045
23,62,3,62.3,2.4017771198288433,154.5784724368721,2184.9141764654223,2190.3754159185796,85.95317673612996,0.9119811317357671
23,63,1,63.1,2.4017771198288433,1712.3280680316118,-1241.7706268460158,2115.1977927055473,-35.949409835698326,0.8806802992845071
23,63,2,63.2,2.4017771198288433,-2366.2909737425643,-1130.6190037876759,2622.524033091283,-154.46142696269746,1.091909824371285
23,63,3,63.3,2.4017771198288433,154.55262268852672,2183.1145479500024,2188.578452477965,85.95052691742089,0.9112329509717074
23,64,1,64.1,2.4017771198288433,1712.5470212061757,-1241.190010937752,2115.034265229243,-35.933194707712566,0.8806122132514801
23,64,2,64.2,2.4017771198288433,-2362.472018451199,-1129.8358720636668,2618.740753829357,-154.44086480365607,1.0903346243951124
23,64,3,64.3,2.4017771198288433,154.8723440696084,2179.2075846365533,2184.7039021101,85.9349271251466,0.9096197495068933
23,65,1,65.1,2.4017771198288433,1711.6784872391834,-1241.085154976032,2114.269520562433,-35.94470632481199,0.8802938054106791
23,65,2,65.2,2.4017771198288433,-2361.179281462017,-1130.4356973401545,2617.833544178546,-154.41681418567669,1.089956900066189
23,65,3,65.3,2.4017771198288433,154.12510631775297,2173.861872490254,2179.318698369812,85.9445601244678,0.9073775748705257
23,66,1,66.1,2.4017771198288433,1711.5863332575723,-1241.9381943748663,2114.6957830480496,-35.96488334799156,0.8804712833631908
23,66,2,66.2,2.4017771198288433,-2361.207838358337,-1131.3751450090874,2618.2651077897335,-154.39854152536267,1.0901365851866878
23,66,3,66.3,2.4017771198288433,153.9598551682101,2171.1599629607017,2176.6118675057646,85.94386923475797,0.9062505631916734
23,67,1,67.1,2.4017771198288433,1887.8651418064576,-1367.9109027486775,2331.3547631166343,-35.92636677606506,0.970679062544643
23,67,2,67.2,2.4017771198288433,-2208.8001945109118,-1057.3709959390244,2448.8429354134832,-154.4191745967409,1.019596246127948
23,67,3,67.3,2.4017771198288433,169.44294790384248,2409.1392080554842,2415.090606247424,85.97681832087412,1.0055431814670337
23,68,1,68.1,2.4017771198288433,1884.8019031474246,-1366.9223603079815,2328.294430096438,-35.950897649837586,0.9694048672852534
23,97,1,97.1,2.4017771198288433,1891.0025713021885,-1365.600900242569,2332.542934956354,-35.83520006008196,0.9711737678317867
23,97,2,97.2,2.4017771198288433,-2206.2740817588046,-1061.302039885957,2448.26619134986,-154.31066965969868,1.0193561139113232
23,97,3,97.3,2.4017771198288433,167.6929667818267,2407.4473307020785,2413.280667724468,86.0154455392828,1.004789598418876
23,69,1,69.1,2.4017771198288433,1881.2906623560618,-1365.7887130305726,2324.7867353608626,-35.97908507125309,0.967944409232499
23,70,1,70.1,2.4017771198288433,1878.7995326950693,-1364.9838780928885,2322.298144405389,-35.99912407166709,0.9669082635656392
23,71,1,71.1,2.4017771198288433,1877.3940165098188,-1364.529650630907,2320.8941080277177,-36.01044655239944,0.9663236812719369
23,72,1,72.1,2.4017771198288433,1887.8650797194966,-1367.910970515571,2331.3547526022617,-35.92636901999093,0.9706790581668959
23,72,2,72.2,2.4017771198288433,-2208.8002110541033,-1057.3709078788972,2448.8429123121177,-154.41917662225677,1.019596236509501
23,72,3,72.3,2.4017771198288433,169.44304336545275,2409.1391838471154,2415.0905887963067,85.97681602142261,1.005543174201115
23,73,1,73.1,2.4017771198288433,170.03836140815943,2406.9144678832254,2412.913239230943,85.95900839958993,1.0046366164912477
23,76,1,76.1,2.4017771198288433,1888.3901094765138,-1369.6542032400087,2332.8030011172705,-35.95347351196512,0.9712820485539108
23,76,2,76.2,2.4017771198288433,-2211.0985140957832,-1055.4421090993642,2450.0846280683236,-154.4830674670951,1.0201132352542865
23,76,3,76.3,2.4017771198288433,170.65096223708073,2411.82736146317,2417.8571033902804,85.95273190203775,1.006695035700308
23,74,1,74.1,2.4017771198288433,170.35658202036996,2405.835615921682,2411.859526563461,85.94966150867974,1.0041978944055125
23,75,1,75.1,2.4017771198288433,170.22842842190627,2406.564958702018,2412.5780025307863,85.9539208306459,1.0044970378861435
23,86,1,86.1,2.4017771198288433,1889.5310036739318,-1369.54712817211,2333.6638040063717,-35.9348993524897,0.9716404510393015
23,86,2,86.2,2.4017771198288433,-2212.71347530848,-1051.5751848815942,2449.8798528234993,-154.58095282855217,1.0200279753677077
23,86,3,86.3,2.4017771198288433,170.52555780004315,2416.8297267788557,2422.8381898312928,85.96403942865612,1.00876895271779
23,78,1,78.1,2.4017771198288433,1890.2279983640271,-1373.9737384484936,2336.8281322650596,-36.012748778410455,0.9729579455863864
23,78,2,78.2,2.4017771198288433,-2216.866119370253,-1054.4700038871133,2454.8731902706118,-154.5615315344712,1.0221069931940863
23,78,3,78.3,2.4017771198288433,174.20997290048766,2415.2673551347425,2421.541969786517,85.87447729553621,1.00822926065641
23,79,1,79.1,2.4017771198288433,1889.547385689751,-1374.0177892682973,2336.303535072597,-36.02343660172998,0.9727395251558928
23,79,2,79.2,2.4017771198288433,-2217.106557230152,-1054.4908730050577,2455.0992825879575,-154.5635019687016,1.0222011286221737
23,79,3,79.3,2.4017771198288433,173.90812874058108,2415.2172289398936,2421.4702765489706,85.88151556724176,1.0081994105770857
23,80,1,80.1,2.4017771198288433,1892.45212026948,-1378.4686966020167,2341.271230554912,-36.06972476466286,0.9748078667356765
23,80,2,80.2,2.4017771198288433,-2221.9469028956028,-1053.8554107872044,2459.1989073950135,-154.62530933856783,1.0239080417129889
23,80,3,80.3,2.4017771198288433,178.36097384711124,2417.5107407187647,2424.0814380878955,85.78043279621512,1.0092865895319387
23,81,1,81.1,2.4017771198288433,1893.1937446876282,-1380.3024206409273,2342.9505601594688,-36.095293343731285,0.9755070696678272
23,81,2,81.2,2.4017771198288433,-2224.051166880806,-1054.12016342799,2461.2137070659523,-154.6407329836782,1.0247469204142243
23,81,3,81.3,2.4017771198288433,179.80979257145773,2418.1414867948847,2424.8174800720913,85.74738819659329,1.009593046770672
23,82,1,82.1,2.4017771198288433,1893.9003696280097,-1382.5183214170813,2344.8273964475543,-36.1288728230454,0.9762885061602438
23,82,2,82.2,2.4017771198288433,-2227.341096448271,-1054.1346842600306,2464.193233593376,-154.67319025736006,1.0259874712142236
23,82,3,82.3,2.4017771198288433,181.21751476985668,2420.008253371938,2426.7838251578282,85.71751197383074,1.010411750999929
23,84,1,84.1,2.4017771198288433,181.0552623308329,2413.0772891128936,2419.860122248829,85.70908846295174,1.0075290093617324
23,83,1,83.1,2.4017771198288433,1895.4275659467996,-1384.6828171998388,2347.3372493102675,-36.149566823454045,0.9773335044000855
23,83,2,83.2,2.4017771198288433,-2230.3411164160884,-1054.1246509024525,2466.9009455623427,-154.7032077655009,1.0271148497484814
23,83,3,83.3,2.4017771198288433,182.98922328764945,2421.9346765754794,2428.8377124538783,85.6792278997137,1.0112669041609337
23,85,1,85.1,2.4017771198288433,181.63941391319293,2410.7005817247878,2417.5339028470644,85.6910683154409,1.0065604684498553
23,87,1,87.1,2.4017771198288433,1889.162154531858,-1369.6285319719782,2333.4129428172732,-35.941832959657205,0.9715360028842136
23,87,2,87.2,2.4017771198288433,-2213.466202810176,-1049.076311023381,2449.4884644213626,-154.64130284916234,1.0198650175316515
23,87,3,87.3,2.4017771198288433,170.9621182200682,2418.826666038822,2424.860921002847,85.957070726149,1.0096111337656712
23,88,1,88.1,2.4017771198288433,1888.4800716725733,-1370.5931755779093,2333.4272292156843,-35.970840142377334,0.9715419511457292
23,89,1,89.1,2.4017771198288433,1889.0851178937253,-1368.8423613065156,2332.88919427279,-35.92731120280926,0.971317935795407
23,89,2,89.2,2.4017771198288433,-2214.205837207752,-1047.9271078067698,2449.6650205285505,-154.67300097313424,1.0199385281441602
23,89,3,89.3,2.4017771198288433,171.17288098780375,2420.248598371951,2426.2941769511503,85.95447344670461,1.0102078818720923
23,90,1,90.1,2.4017771198288433,-2215.073147129373,-1046.4196567415702,2449.8047157169017,-154.71354571139963,1.0199966914046883
23,91,1,91.1,2.4017771198288433,1889.2949619423505,-1368.40638813885,2332.803355690308,-35.915616222463,0.9712821961833616
23,91,2,91.2,2.4017771198288433,-2214.0639507524093,-1047.589703767997,2449.3924482332523,-154.67871504571934,1.0198250403883447
23,91,3,91.3,2.4017771198288433,171.64804377230308,2421.192573258645,2427.2693562383383,85.94485717433622,1.0106139059278372
23,92,1,92.1,2.4017771198288433,173.720715796454,2421.1918227049996,2427.4160602233787,85.89605585551894,1.010674987359511
23,94,1,94.1,2.4017771198288433,1887.7214925355415,-1367.7183614708197,2331.125468456178,-35.92460623666767,0.9705835937942069
23,95,1,95.1,2.4017771198288433,1889.255740630554,-1367.862614719167,2332.452654664583,-35.90536331860816,0.9711361788769141
23,95,2,95.2,2.4017771198288433,-2213.859623908072,-1046.5588859291302,2448.767023644269,-154.69847195357065,1.0195646396276663
23,95,3,95.3,2.4017771198288433,171.38010824860544,2422.141978665846,2428.1974603229046,85.95274776099525,1.0110003298290826
23,96,1,96.1,2.4017771198288433,-2213.4901986768664,-1046.2093062341619,2448.2836379981627,-154.70217326349768,1.0193633779693236
23,98,1,98.1,2.4017771198288433,1890.4298758868447,-1365.6346891233788,2332.098458423799,-35.84411052084329,0.9709887063084314
23,98,2,98.2,2.4017771198288433,-2205.9788743719887,-1060.8327556401061,2447.7967500620816,-154.31757309436975,1.0191606581032455
23,98,3,98.3,2.4017771198288433,167.94973812873545,2407.0828367414824,2412.934913642084,86.00876175816992,1.0046456408136806
23,99,1,99.1,2.4017771198288433,1891.0840573857179,-1365.594024510478,2332.604971245057,-35.833891326420954,0.9711995971596584
23,99,2,99.2,2.4017771198288433,-2204.747341390593,-1059.836703227512,2446.25523543171,-154.32609693845356,1.018518835588723
23,99,3,99.3,2.4017771198288433,169.1610254663591,2406.432181851313,2412.3704728723783,85.97898683107911,1.0044106311764223
23,100,1,100.1,2.4017771198288433,1891.3083990451173,-1365.8787697133782,2332.953551584844,-35.836335225108265,0.9713447315007714
23,100,2,100.2,2.4017771198288433,-2204.4688585861422,-1060.1525162108935,2446.1411051091018,-154.3166039439969,1.0184713164739532
23,100,3,100.3,2.4017771198288433,169.68459314113258,2405.676123436346,2411.653057971067,85.9653190273464,1.0041119294795045
23,450,1,450.1,2.4017771198288433,1891.3084574515572,-1365.878881171145,2332.95366418991,-35.83633660442576,0.9713447783848328
23,450,2,450.2,2.4017771198288433,-2204.469000446844,-1060.1525230367429,2446.1412359126525,-154.31660524000281,1.018471370935106
23,450,3,450.3,2.4017771198288433,169.68466405053633,2405.6762277575326,2411.6531670229147,85.9653175212486,1.0041119748841538
23,197,1,197.1,2.4017771198288433,1891.0026838071597,-1365.6009426246326,2332.5430509774446,-35.83519928614579,0.9711738161381384
23,197,2,197.2,2.4017771198288433,-2206.2741492726395,-1061.3021273321497,2448.266290097639,-154.31066850042413,1.019356155025787
23,197,3,197.3,2.4017771198288433,167.6929097914079,2407.4474111892114,2413.280744056925,86.01544702185566,1.004789630200533
23,105,1,105.1,2.4017771198288433,1884.108454294765,-1367.3601584410492,2327.990221293238,-35.969640059602185,0.969278207404664
23,105,2,105.2,2.4017771198288433,-2203.6272994640594,-1054.9181774417564,2443.118015168383,-154.41867772519817,1.0172126276823246
23,105,3,105.3,2.4017771198288433,171.83439148621227,2403.4052647363483,2409.540189467657,85.91052693762347,1.003232218999308
23,108,1,108.1,2.4017771198288433,1879.8516472064587,-1368.442478168315,2325.183225373922,-36.05283477401875,0.9681094911669491
23,108,2,108.2,2.4017771198288433,-2201.9899846485796,-1050.978694612351,2439.9418249256955,-154.4855164914774,1.0158901942989498
23,108,3,108.3,2.4017771198288433,174.38881103594392,2400.9078140810216,2407.232807422215,85.84564354141018,1.0022715211783517
23,300,1,300.1,2.4017771198288433,1918.7666094287472,-1352.8868197890986,2347.758089884422,-35.18695537306405,0.9775087248943938
23,300,2,300.2,2.4017771198288433,-2202.2843435398295,-1090.8926740140917,2457.662132193576,-153.648670729515,1.0232681924993585
23,300,3,300.3,2.4017771198288433,151.87050785493517,2409.704326377285,2414.4853678822574,86.39372959127991,1.0052911854095437
23,135,1,135.1,2.4017771198288433,1942.2691238875927,-1345.2939511583356,2362.673308908848,-34.708035714352036,0.9837188011338945
23,135,2,135.2,2.4017771198288433,-2200.132167287254,-1111.222194207928,2464.8319047010878,-153.20299885591837,1.0262533872738109
23,135,3,135.3,2.4017771198288433,137.4220015794943,2413.213987158688,2417.123611720436,86.74077545275546,1.006389640306294
23,152,1,152.1,2.4017771198288433,1704.8149547020494,-1242.4615971614435,2109.5271627065426,-36.084400113957834,0.8783192850371032
23,152,2,152.2,2.4017771198288433,-2372.0976702857006,-1128.1871414215047,2626.719167220522,-154.56389497341434,1.093656503567537
23,152,3,152.3,2.4017771198288433,151.73113873004428,2189.8806341141235,2195.1308685653325,86.0364588699787,0.9139611042350854
23,160r,1,160r.1,2.4017771198288433,1884.9624819187006,-1367.5806452830366,2328.810936850365,-35.96168904251636,0.9696199191939684
23,160r,2,160r.2,2.4017771198288433,-2207.418453797576,-1053.8046394595397,2446.0581449165375,-154.4805484629689,1.0184367753036343
23,160r,3,160r.3,2.4017771198288433,170.160109141121,2407.372325462528,2413.37853975413,85.95689119175341,1.004830348257341
23,160,1,160.1,2.4017771198288433,1713.5842393284975,-1243.2625671097833,2117.090634822098,-35.9621382510289,0.8814683999375292
23,160,2,160.2,2.4017771198288433,-2370.382153170136,-1131.5835279232324,2626.6314611560333,-154.48091720200568,1.0936199864137326
23,160,3,160.3,2.4017771198288433,154.70503204254877,2188.5103974083872,2193.971605674035,85.95650764605637,0.9134784354305044
23,61s,1,61s.1,2.4017771198288433,1713.5842380609708,-1243.2625547506511,2117.0906265382487,-35.96213800044325,0.8814683964884793
23,61s,2,61s.2,2.4017771198288433,-2370.382153517153,-1131.583524527344,2626.6314600062074,-154.48091727211593,1.0936199859349929
23,61s,3,61s.3,2.4017771198288433,154.7050220650005,2188.5103994011033,2193.971606958237,85.95650790964194,0.9134784359651926
23,610,1,610.1,0.24017771198288432,217.03252289476677,-136.28661306921998,256.2755487672336,-32.12696336646445,1.0670246903904907
23,610,2,610.2,0.24017771198288432,-254.19436422326433,-123.40057323207083,282.5641100296944,-154.1053951877086,1.176479314824311
23,610,3,610.3,0.24017771198288432,37.16184408053937,259.68718498129056,262.3326832458612,81.85613028024423,1.0922440766050585
23,x1,1,x1.1,0.24017771198288432,198.53929023801197,-131.315474438622,238.0369794701108,-33.48096896943204,0.9910868810636098
23,x2,1,x2.1,0.24017771198288432,-215.35006649802074,-112.41408110862857,242.92504352618582,-152.43515955351154,1.011438744755372
23,x4,1,x4.1,0.24017771198288432,11.991142708203288,240.26664638479556,240.56568514325747,87.14287310284952,1.0016153587157197
23,x5,1,x5.1,0.24017771198288432,12.033929620345269,240.11580479202547,240.4171690479478,87.13089701515085,1.000996999526253
23,x6,1,x6.1,0.24017771198288432,12.069760077616495,239.98794413337401,240.29126583730562,87.12083816959449,1.0004727909741657
23,x7,1,x7.1,0.24017771198288432,196.67311808357053,-131.80616987113007,236.75553170477616,-33.829158295528615,0.9857514660712896
23,x9,1,x9.1,0.24017771198288432,195.17989685499538,-132.05069721053627,235.65351423247515,-34.08066667328963,0.9811631241173137
23,x10,1,x10.1,0.24017771198288432,194.88305091402196,-131.95605304481023,235.3546334124783,-34.10207797315696,0.9799187088152888
23,x11,1,x11.1,0.24017771198288432,194.90202547656696,-131.9501920419937,235.36705953634925,-34.0983068295977,0.9799704460217445
23,x12,1,x12.1,0.24017771198288432,-216.09730307239627,-111.15821442978117,243.01068501277942,-152.7791795197644,1.0117953202506025
23,x16,1,x16.1,0.24017771198288432,13.963952735127005,238.68004462007735,239.08817552491166,86.65173270238715,0.9954636237934922
23,x17,1,x17.1,0.24017771198288432,13.936903661489747,238.78085988825904,239.18724115772991,86.65961153644986,0.9958760918447546
23,x19,1,x19.1,0.24017771198288432,189.78710224176373,-133.80017460192204,232.21031609476464,-35.183890570476485,0.9668270805715418
23,x20,1,x20.1,0.24017771198288432,189.7634978621462,-133.77336194964167,232.17557470196257,-35.1818390416126,0.9666824318757271
23,x22,1,x22.1,0.24017771198288432,-217.57262830411096,-107.88825166328539,242.85329611541044,-153.6244583169845,1.0111400184073567
23,x24,1,x24.1,0.24017771198288432,15.244018975382742,237.57860624454463,238.06716333762247,86.32870027293399,0.9912125541215404
23,x28,1,x28.1,0.24017771198288432,189.96297945244484,-134.03815835579067,232.49120726999976,-35.20685038239658,0.967996594482371
23,x29,1,x29.1,0.24017771198288432,190.08481978644213,-134.09142254682195,232.6214700191591,-35.200268202853714,0.9685389543378459
23,x30,1,x30.1,0.24017771198288432,15.174567011762568,237.39465997231557,237.87915433548565,86.34255721767144,0.9904297629100469
23,x31,1,x31.1,0.24017771198288432,15.112565145859376,234.14409442605643,234.63129923325633,86.30703137052355,0.9769070464372512
23,x32,1,x32.1,0.24017771198288432,15.132788744390266,234.06689395718516,234.55556301641303,86.30088688895756,0.9765917123614204
23,x33,1,x33.1,0.24017771198288432,191.9952508369296,-135.6693842356143,235.09223331026115,-35.246130128236764,0.9788261840341557
23,x34,1,x34.1,0.24017771198288432,13.884326856448228,238.96503508320018,239.36804825325325,86.6747437948743,0.9966288973154646
23,x52,1,x52.1,0.24017771198288432,166.65567533325498,-123.55474854525276,207.46057458915882,-36.55240151449075,0.8637794609515765
23,x53,1,x53.1,0.24017771198288432,166.7143775672961,-123.55148381986895,207.5057898993238,-36.542024181474645,0.8639677186787056
23,x55,1,x55.1,0.24017771198288432,167.08588629503103,-123.59182588800894,207.828373484777,-36.489977266008815,0.8653108224279669
23,x56,1,x56.1,0.24017771198288432,-235.85181980028096,-111.14707752894213,260.7292728987846,-154.76746312098567,1.0855681434643896
23,x58,1,x58.1,0.24017771198288432,-235.65014279000877,-111.09574570856789,260.5249594789227,-154.75876742089457,1.0847174674454738
23,x59,1,x59.1,0.24017771198288432,-234.43197939611255,-109.58293911541375,258.7793915843219,-154.94672143037937,1.0774496494610757
23,x60,1,x60.1,0.24017771198288432,167.51580368796985,-123.64026391468428,208.2029282842084,-36.43033711629501,0.866870312675164
23,x62,1,x62.1,0.24017771198288432,16.82885311995933,215.06537191793,215.72279549350068,85.52572572239873,0.8981799090036866
23,x63,1,x63.1,0.24017771198288432,167.3938739998552,-123.49261544508342,208.0171510288194,-36.41756022046676,0.8660968135279898
23,x64,1,x64.1,0.24017771198288432,-233.89799486396578,-109.87231262401609,258.4186469330982,-154.838463842485,1.0759476589214647
23,x65,1,x65.1,0.24017771198288432,101.90173887467165,-224.23084454681768,246.2994844327955,-65.5605713420736,1.025488511816398
23,x65,2,x65.2,0.24017771198288432,-268.74995545727086,8.084342394959606,268.87152164229667,178.27698925273788,1.1194690773865692
23,x65,3,x65.3,0.24017771198288432,166.8482165825993,216.14650215185807,273.0524450893585,52.334663651669686,1.1368767019848076
23,x66,1,x66.1,0.24017771198288432,16.873156524605868,213.68808440526828,214.35321510977369,85.48520025716039,0.8924775464804539
23,x68,1,x68.1,0.24017771198288432,184.2457102953993,-135.93711542626096,228.96589508629623,-36.42003318114929,0.9533186622354572
23,x69,1,x69.1,0.24017771198288432,183.8884435129004,-135.82045205178562,228.60917491025717,-36.4496653836553,0.9518334279350136
23,x70,1,x70.1,0.24017771198288432,183.6349625517508,-135.7376189099992,228.35608303423646,-36.47073339530632,0.9507796587324876
23,x71,1,x71.1,0.24017771198288432,183.49194280584408,-135.69086692639098,228.21328717210727,-36.48263791276424,0.9501851162124916
23,x73,1,x73.1,0.24017771198288432,18.544965654340913,236.84079572322466,237.56573462924092,85.52279546945772,0.9891248137386306
23,x74,1,x74.1,0.24017771198288432,18.54506457628753,236.81099191055281,237.53602949826072,85.52221049494851,0.9890011339403056
23,x75,1,x75.1,0.24017771198288432,18.56385413417364,236.8051394492355,237.53166262603128,85.51758182458126,0.9889829521023932
23,x76,1,x76.1,0.24017771198288432,111.82407495649267,-249.53559691227028,273.4458591133505,-65.86147697740688,1.1385147141914522
23,x76,2,x76.2,0.24017771198288432,-269.6520076063384,21.19610552966223,270.48378897034354,175.50548370797472,1.1261818873085896
23,x76,3,x76.3,0.24017771198288432,157.8279326498457,228.33949138260812,277.57625916023943,55.34782677324901,1.1557119803856748
23,x77,1,x77.1,0.24017771198288432,-219.02064958800372,-102.27689200315936,241.72423871795945,-154.9686605620015,1.0064390934625331
23,x79,1,x79.1,0.24017771198288432,185.08050976990853,-136.7070171575095,230.09477098967898,-36.45088761546121,0.9580188315145417
23,x80,1,x80.1,0.24017771198288432,-219.6477075706468,-102.21388362282777,242.26595602003462,-155.04490977088304,1.008694578776315
23,x82,1,x82.1,0.24017771198288432,185.18832829487062,-137.48930919577035,230.64697500678156,-36.59128868945828,0.9603179791437852
23,x83,1,x83.1,0.24017771198288432,19.81121834331314,238.36112624123305,239.1830070787544,85.24882162600206,0.995858462902666
23,x84,1,x84.1,0.24017771198288432,19.625468126728407,237.46165177932173,238.27126361556293,85.27541931793995,0.9920623427062323
23,x85,1,x85.1,0.24017771198288432,19.68414562290485,237.21971321069776,238.03499306755177,85.2565468288759,0.991078610510349
23,x86,1,x86.1,0.24017771198288432,-218.71691875787067,-101.97165923350914,241.31993253308337,-155.00381193172097,1.004755730832678
23,x87,1,x87.1,0.24017771198288432,-218.7884162462958,-101.72394539349585,241.2801942762425,-155.06430011342565,1.00459027727534
23,x88,1,x88.1,0.24017771198288432,184.6232644602759,-136.30448829996752,229.48782824081314,-36.43787593166921,0.9554917745955005
23,x90,1,x90.1,0.24017771198288432,-218.93154956663386,-101.44477317182177,241.29248931437928,-155.13874026889144,1.0046414686953733
23,x92,1,x92.1,0.24017771198288432,18.899743923926565,238.29034010218783,239.03867157095388,85.46513966649974,0.995257509939092
23,x94,1,x94.1,0.24017771198288432,184.5425482091848,-136.01962797203117,229.25377051029946,-36.39258263261226,0.9545172556504189
23,x95,1,x95.1,0.24017771198288432,-218.82380739546366,-101.47380323189208,241.20694729918483,-155.12172376372763,1.0042853073576363
23,x96,1,x96.1,0.24017771198288432,-218.7861405886509,-101.43837300677593,241.15787117972891,-155.12559554135018,1.0040809748279826
23,x98,1,x98.1,0.24017771198288432,184.81414981063233,-135.8175379608488,229.35272744829842,-36.31168703884958,0.9549292711417064
23,x99,1,x99.1,0.24017771198288432,-217.9306599148859,-102.78169348122537,240.95196418748327,-154.75023195343888,1.0032236638371097
23,x100,1,x100.1,0.24017771198288432,18.47876728009347,236.79577820391827,237.51569509274773,85.53786801361518,0.9889164699415312
