Hour,Line,P_Loss_kW,Q_Loss_kVAR,S_Loss_kVA
0,l115,5.819948583180085,12.485466776081953,13.775292451614455
0,l1,0.001842251449936157,0.0009518867241567932,0.0020736390091859827
0,l2,0.06783319781009049,0.06747908141262451,0.09568055786540165
0,l3,3.9210049120899058,8.41884751276796,9.287156344321572
0,l4,0.008564426445242133,0.007653050386817995,0.011485581420160578
0,l5,0.03203697906472371,0.03080668118337053,0.04444569307736557
0,l6,0.01099809701218328,0.009865440999499696,0.014774473391766097
0,l7,2.557339503717143,5.480572369053072,6.047863989021269
0,l8,0.0023656394247918797,0.0012190769097132942,0.0026612775879125746
0,l9,0.06102699844975723,0.06074863608911255,0.08610860193078332
0,l10,3.412988525715307,7.264249822435249,8.026071028804498
0,l11,0.04085434154020186,0.03930996932219932,0.05669524592764119
0,l12,0.04071591793792322,0.04051058178757375,0.05743599228963839
0,l13,8.896437629042367,17.767895109087622,19.870699511969395
0,l14,0.010592798716712423,0.00950158609056598,0.014229811063019116
0,l15,0.0027148768353927153,0.0015150684952159282,0.003109017332944257
0,l16,0.01621012756188429,0.014520811944574235,0.02176286321011669
0,l17,0.003779465594989233,0.002045684972370509,0.004297579224387824
0,l18,0.04447663660370017,0.04387557266035583,0.06247589198924467
0,l20,0.014115313279362454,0.012736569934506406,0.019012161441327984
0,l21,0.005959474339759254,0.003292296472673115,0.006808417618670643
0,l22,0.024054103000915348,0.050337566954216525,0.05578951978686388
0,l23,0.006020044262955707,0.0033211174491543714,0.006875373010900831
0,l24,0.025292677360766902,0.05261611294254908,0.05837957578861747
0,l25,0.008809981900027197,0.01584237103090527,0.01812723092365939
0,l26,0.01767395608618972,0.03474479073005568,0.03898165217909479
0,l27,0.0041123493666036,0.006257578315410173,0.007487903824602494
0,l28,0.010065934215501329,0.00909574523839001,0.01356670973642817
0,l29,0.02171930734057969,0.019537136177634237,0.029213490058156065
0,l30,0.005724477289370043,0.005980829354686194,0.008278886398930079
0,l31,0.011905298191346446,0.01758599477742837,0.021236839155971746
0,l32,8.738359155906812e-08,-0.004641438048155281,0.004641438048977859
0,l33,0.0033563515509413265,0.0019246004222241027,0.003869002780915444
0,l34,0.00972318480710237,0.009346639904539189,0.01348703081846374
0,l36,0.32257956570832175,0.6575119662420766,0.7323793839016027
0,l41,0.3225812459589506,0.6575243636243322,0.7323912540466414
0,l43,0.24240529743093067,0.4939899800760395,0.5502603280612768
0,l45,1.2198152137619909,2.547075251731614,2.8241001210489824
0,l52,0.002756267882475295,0.0021691344485147983,0.003507443070913403
0,l53,0.006892161309093602,0.013532403352792528,0.015186435658614475
0,l54,0.0015441328619569805,-0.002677050083161717,0.0030904600698167272
0,l55,0.02867455157031196,0.05830137885756935,0.06497138358117606
0,l56,0.001050690303709416,-0.0035842165970025237,0.0037350446755744886
0,l57,0.011252416998238915,0.009913677397475113,0.014996595875179973
0,l58,0.07582406635285306,0.157483808476012,0.1747868386646749
0,l59,0.0026415013590394667,0.0011846553894247335,0.0028949849432251657
0,l60,3.843863424482395e-07,-0.01179531454855208,0.011795314554815282
0,l61,0.26841736213240075,0.0764011736750981,0.27907887708146034
0,l62,0.14423532783611154,0.031908807526822784,0.14772271928777372
0,l63,0.27131749147275697,0.055155372815119334,0.27686692891973275
0,l64,0.21356760942851544,0.01682925696795428,0.21422966108152333
0,l65,0.054615532573625385,-0.04060837992011875,0.0680580408036952
0,l66,0.0840622325137956,0.08426362730115215,0.11902444211652878
0,l68,0.42677574294088116,0.8945211195493757,0.9911132972988556
0,l69,0.08032648076654005,0.0801241821336298,0.11345584196029929
0,l70,0.034212047795132094,0.033145629196460503,0.047635039090627995
0,l71,0.012871049757035508,0.011750651041285892,0.01742818756331699
0,l72,0.026857880094714345,0.025826529586884136,0.037260640811508525
0,l73,0.3172619779218003,0.6620468022346904,0.7341397217042762
0,l74,0.0037926743326370345,0.002069091251059035,0.004320360771816726
0,l75,0.004370363065181664,0.0024086639722409016,0.004990163870322836
0,l76,0.45005591511904275,0.910918576798751,1.0160329622067883
0,l77,0.10290491689388727,0.2216783587529062,0.2443986838350813
0,l78,0.10421857230104069,0.2101519567494979,0.2345748403774584
0,l79,0.003167541026748114,0.0022524910905096234,0.0038867765910787474
0,l80,0.5060696323375887,1.0376408155158279,1.1544717124289596
0,l81,0.19666207555475557,0.4035069119246327,0.4488806076591611
0,l82,0.2925968162659665,0.5875255801974272,0.6563529570858222
0,l83,0.06570429991587298,0.06316305689450746,0.09114069773539027
0,l84,0.3032004484959616,0.6180268030665756,0.6883949747614694
0,l85,0.020562618282026962,0.018426734345741352,0.027610972624318643
0,l86,0.04469718256397209,0.0842600379118594,0.09538129857610995
0,l87,0.01532029840134055,0.014696193553994817,0.02122945237359166
0,l88,0.021863809893109647,0.04381339422328892,0.04896569918225784
0,l89,0.023417141631154662,0.022465205737658835,0.032450700932474416
0,l90,0.00990105154718276,0.01698947733872046,0.01966400676319214
0,l91,0.027688089101251534,0.026537407452429763,0.03835184835669747
0,l92,0.004437567984001362,0.004388239649921161,0.006240885901678872
0,l93,0.01275814689841718,0.011624872393211262,0.01726001073116808
0,l94,0.004417210657837938,0.0032557924588789283,0.005487434239333531
0,l95,0.002121029249183266,0.0011099903153735794,0.002393918038721056
0,l96,0.008375640116642899,0.010841370251977423,0.013699877966754991
0,l97,0.013686287102238567,0.01627834283540142,0.021267320003041438
0,l98,0.004564364625461167,0.0033508795107209154,0.00566231559783897
0,l99,4.2568527696268986e-07,-0.018406525138501252,0.018406525143423638
0,l118,0.282801205407246,0.5738087988925618,0.6397132634753759
0,l101,0.31108310812385753,0.6312030590163631,0.7036973794690542
0,l105,0.34375320711595125,0.6973253087826597,0.7774502258481464
0,l108,4.864338714713755,10.121549196285283,11.229761763469709
0,l114,3.9676842303819724,8.22855933992094,9.135190581625647
0,l116,2.8742516615343214e-07,-0.00864590135166257,0.008645901356440165
0,l117,0.20656955978128827,0.41922292719198595,0.46735302043707
0,sw1,0.0002448275104397908,8.608389180153608e-09,0.0002448275105911307
0,sw2,0.0,0.0,0.0
0,sw3,0.00018081454501952976,8.357339538633824e-09,0.00018081454521267
0,sw4,1.069839643605519e-05,1.2794771464541555e-10,1.0698396436820286e-05
0,sw5,3.1792850611964243e-05,8.027913281694054e-09,3.1792851625515865e-05
0,sw6,5.559788740505667e-19,1.0408340855860843e-20,5.560762914833788e-19
0,sw7,8.28278237604536e-05,1.140925451181829e-08,8.282782454624684e-05
0,sw8,1.5756025932205375e-06,1.5504701877944171e-10,1.5756026008492307e-06
0,sw9,2.841832062767935e-05,5.910493200644851e-09,2.841832124231682e-05
1,l115,5.376846516289516,11.534131576199343,12.725826875956368
1,l1,0.0016331234456520179,0.0007382096328192347,0.0017922180812405138
1,l2,0.06036145833079354,0.05990172693980276,0.08503953517153545
1,l3,3.6363397259253545,7.806862680874445,8.612204800187522
1,l4,0.007585923250302585,0.006658142079759273,0.010093418029277419
1,l5,0.02859504960330378,0.0273127315697966,0.039543168406428526
1,l6,0.00983150061327251,0.008678940295514621,0.013114206379414852
1,l7,2.3733079955523135,5.085727690785468,5.6122381441430855
1,l8,0.0020962485453310366,0.0009436230477413119,0.002298843713702845
1,l9,0.05430884821982181,0.05393721889200242,0.07654197917984239
1,l10,3.1784548260545127,6.764390775881998,7.473925183603773
1,l11,0.03650502586044604,0.034893716080576266,0.05049938945159338
1,l12,0.03618940821151773,0.03591926527830219,0.0509888898176153
1,l13,8.307764569224732,16.583735094921458,18.54829431069594
1,l14,0.009484485145381768,0.008372823044401229,0.0126514672748193
1,l15,0.0024161243075868696,0.0012065062298042904,0.0027006136251357194
1,l16,0.014344968654091645,0.01262255324700891,0.019107772663511755
1,l17,0.0033447564953512482,0.0015979681354983768,0.0037068717505819543
1,l18,0.039433708377167934,0.038761565380984395,0.05529445096173623
1,l20,0.012562691125353012,0.01115451422041042,0.016800130827001367
1,l21,0.007382439278968377,0.004723668676768284,0.00876432858098879
1,l22,0.02361864754655835,0.04906564705701021,0.0544543683560065
1,l23,0.007636225483498492,0.0049435727467152905,0.009096749481924736
1,l24,0.024083551383115263,0.04958653861401399,0.05512569508806446
1,l25,0.00781618595150212,0.013541954035319577,0.015635769310243974
1,l26,0.017848820891340437,0.03486377329112656,0.039167117526136906
1,l27,0.0036598285817932993,0.005174294104587961,0.0063377965199969055
1,l28,0.008899044848327322,0.00790705206718485,0.011904388753972765
1,l29,0.019330556595687085,0.017102440189490153,0.025810150691814054
1,l30,0.005707331370005704,0.005814501044926147,0.008147518258248854
1,l31,0.01173474722404626,0.017011065105236412,0.020665929169211176
1,l32,9.130727047640013e-08,-0.004662459377891883,0.004662459378785941
1,l33,0.0029672253353710404,0.0015226151252509226,0.0033350836586974347
1,l34,0.008604523110494483,0.008210692702599772,0.011893413833528151
1,l36,0.31039661632973004,0.6323644167301172,0.7044365230277083
1,l41,0.31039826703103607,0.6323766045674493,0.7044481912675526
1,l43,0.23301862011125196,0.47455043419518916,0.5286736156773804
1,l45,1.1628731889997725,2.4269198265762824,2.691136172385848
1,l52,0.0024789613825378855,0.001493196192690867,0.002893939254023941
1,l53,0.006198759197608014,0.011888670903834825,0.01340765122792276
1,l54,0.0013829429850150264,-0.0030528475648333455,0.003351478711540797
1,l55,0.02577673914521591,0.05162508311170201,0.05770259515178366
1,l56,0.0009399860644461808,-0.0038670309922068245,0.003979635975317481
1,l57,0.0100666887640582,0.008705323310181484,0.013308676741404636
1,l58,0.06805561342736124,0.13963586746095036,0.15533750995991447
1,l59,0.002362802429095609,0.0008963878637778179,0.00252712218170556
1,l60,2.416513344205575e-07,-0.011863057220158959,0.011863057222620186
1,l61,0.24065607824438484,0.06279618144345295,0.2487141097723379
1,l62,0.129298814798065,0.024610354728036327,0.13162010890446826
1,l63,0.24317432747536805,0.04143543926383427,0.24667924349260606
1,l64,0.19159338753801422,0.005469241674065415,0.19167143436824652
1,l65,0.04903167997255514,-0.043774909917330664,0.06572935705756963
1,l66,0.07410734843093086,0.07418281659670174,0.10485699485338724
1,l68,0.40457348424180234,0.8467475282697414,0.9384354430553379
1,l69,0.0708112029615877,0.07048523198698968,0.09991193318681667
1,l70,0.030157658955788064,0.029030316451000543,0.04185980968588912
1,l71,0.011345574374612625,0.010196115493148682,0.015253944704223012
1,l72,0.020862452077803028,0.01974705644500864,0.02872608822901206
1,l73,0.32945688068197526,0.6850881036024657,0.7601891514131994
1,l74,0.002216276850036593,0.0004634663765737059,0.0022642182223059867
1,l75,0.005570476691882504,0.003610819284487661,0.0066383903530927
1,l76,0.45894412597554035,0.9288394641705964,1.0360369013544706
1,l77,0.10411415697393386,0.2211240594018891,0.2444086891433345
1,l78,0.10551245208046749,0.21281393604574259,0.2375345215317436
1,l79,0.002845062451981877,0.0014640949569399563,0.003199680358819322
1,l80,0.512526917367104,1.0501560530012648,1.1685510586538448
1,l81,0.19840234452501318,0.4068096214800607,0.452611929186331
1,l82,0.29511835401345343,0.5929618127049471,0.662343229905724
1,l83,0.058035988508963784,0.0553685597760923,0.08021130452680147
1,l84,0.3053693553839803,0.6222391226526525,0.6931319996704598
1,l85,0.01816212344881569,0.01597819114910817,0.024190190585596044
1,l86,0.04296417788983126,0.0798044990219496,0.09063486440599677
1,l87,0.015145077543991647,0.014533118932740762,0.02099011480975528
1,l88,0.022035890483093682,0.04401044663333596,0.04921889761309787
1,l89,0.02323889075640909,0.02225442037310131,0.03217615995937089
1,l90,0.01031145989788547,0.017855993041601324,0.020619473628766937
1,l91,0.027475239436087578,0.02632967329823441,0.03805444097687023
1,l92,0.004397090016573202,0.004161842423916823,0.006054364787107032
1,l93,0.01124600921246747,0.010083691815099882,0.015104753021112778
1,l94,0.003901604768348005,0.002022576752028046,0.004394694128860416
1,l95,0.0018731652512833535,0.0008541127900944048,0.0020587026781005257
1,l96,0.007429518850065506,0.008865054972293365,0.011566630883937725
1,l97,0.012174431028463004,0.013030108007136732,0.017832568114112213
1,l98,0.004090274913229223,0.0022485485545985285,0.004667581758060533
1,l99,4.5007472413989103e-07,-0.018506167110978525,0.01850616711645149
1,l118,0.312241426392342,0.6344031553054738,0.7070799614025739
1,l101,0.3434674519296677,0.6978575867727195,0.7778014540686474
1,l105,0.38091062521439745,0.7736562022852522,0.8623437967166356
1,l108,4.636080396578938,9.645283686742623,10.70162318722197
1,l114,3.767159171690233,7.81334035234576,8.674086446793368
1,l116,1.7135432122664107e-07,-0.008695695448495439,0.008695695450183763
1,l117,0.18519949710051878,0.3749947897686725,0.4182343195864442
1,sw1,0.0002261969269020483,2.255095387226902e-08,0.0002261969280261695
1,sw2,0.0,0.0,0.0
1,sw3,0.00017172152164857834,1.953566970769316e-08,0.00017172152275980303
1,sw4,9.596412084647455e-06,3.448440111242235e-10,9.596412090843385e-06
1,sw5,2.9381910717347637e-05,6.222515366971493e-09,2.9381911376251297e-05
1,sw6,5.572799166575492e-19,0.0,5.572799166575492e-19
1,sw7,7.896944868844002e-05,1.4725679648108781e-08,7.896945006141175e-05
1,sw8,1.6608946716587524e-06,2.7470377972349525e-11,1.6608946718859256e-06
1,sw9,3.0007369001396e-05,2.1334562916308643e-09,3.0007369077237965e-05
2,l115,4.88197186339926,10.482807936099919,11.563862308942522
2,l1,0.0014842944687643467,0.0005854211082105394,0.0015955713534476891
2,l2,0.05504154265466787,0.05450435596323223,0.07746157910068933
2,l3,3.307705907592899,7.109135159320132,7.8409642955829515
2,l4,0.006887354606235021,0.005946754537622837,0.009099425421572759
2,l5,0.026149248752910352,0.024827951809707885,0.03605843037913271
2,l6,0.009003434587644733,0.007835390677451868,0.011935458995878506
2,l7,2.1591248104618863,4.631658021154974,5.110193339990306
2,l8,0.0019047124847056693,0.0007466674007182519,0.0020458352467119622
2,l9,0.04951817438280705,0.049074839916880594,0.0697164937950378
2,l10,2.893744502804242,6.163505964839744,6.809006023357952
2,l11,0.03341770596052811,0.031753652828203485,0.04609812945877946
2,l12,0.03296160751113348,0.03264364828854741,0.04639046608199141
2,l13,7.578195045345172,15.11832522646642,16.91132158639605
2,l14,0.008699610362778913,0.007571165145904161,0.011532812412014868
2,l15,0.002203107306842867,0.0009846466966737352,0.002413133009747894
2,l16,0.013009450790712435,0.011260615750874422,0.017206024438109157
2,l17,0.003033466302635134,0.0012750114027785457,0.0032905276000116126
2,l18,0.035818535987964424,0.03508826973631949,0.050141342158041766
2,l20,0.011455154352577665,0.010021570355889707,0.015220132510573829
2,l21,0.008561967343539437,0.005911027128307978,0.010404207154004029
2,l22,0.023536785393647734,0.04862620604149197,0.05402303379722634
2,l23,0.00902527909548735,0.006337422660184529,0.01102808182438185
2,l24,0.02335424317595425,0.04767985642869462,0.05309227235090374
2,l25,0.007104556688052981,0.01188566681417069,0.01384715860208284
2,l26,0.018009037508127223,0.03500824791739069,0.039368805598019134
2,l27,0.003337215978979472,0.004394653959601947,0.005518151313166483
2,l28,0.008060494482255308,0.007050978617111468,0.010709242305477611
2,l29,0.017626514743195,0.015358892830261539,0.0233792559967919
2,l30,0.0057152221478145296,0.0057293276619648165,0.008092524924708293
2,l31,0.011609827403804956,0.016591424387488587,0.02025002359386012
2,l32,8.684664745397843e-08,-0.004685316666667206,0.004685316667472098
2,l33,0.002687589206962002,0.0012312102090581902,0.0029561823902235387
2,l34,0.007803515729036007,0.0073964945895786515,0.010751883088416589
2,l36,0.29834683378800403,0.6074490420541042,0.6767607937253575
2,l41,0.2983484546176042,0.607461018609254,0.6767722582246595
2,l43,0.2237202851274924,0.4553293445919044,0.5073219668258212
2,l45,1.068376043136348,2.230038366831228,2.4727511979750347
2,l52,0.0022853183694600903,0.0010089359509183016,0.0024981256579377957
2,l53,0.005714490887010816,0.010729959152092239,0.012156785327680079
2,l54,0.0012700247744995184,-0.003330815310409937,0.0035647291004933033
2,l55,0.02375165636697127,0.04692550332994068,0.05259414456898183
2,l56,0.0008624164189912493,-0.004079653975188762,0.004169812782010621
2,l57,0.009234886533584358,0.007854864442184407,0.012123614341163722
2,l58,0.0626224606199212,0.12708132028976202,0.14167298451251267
2,l59,0.002167371028199341,0.0006910135799162163,0.0022748619609784
2,l60,2.363988999859795e-07,-0.011939185324221365,0.011939185326561744
2,l61,0.2211665293457627,0.05312290177621617,0.2274569770219758
2,l62,0.11881414097256493,0.019401172865851548,0.12038773028684936
2,l63,0.2234151544165652,0.03163457667810144,0.22564369626599445
2,l64,0.1761665436334006,-0.002717594721907517,0.17618750357732915
2,l65,0.04511440060261521,-0.04615765468696918,0.06454330505896591
2,l66,0.06689917755688657,0.06686492724243726,0.09458550868354128
2,l68,0.393890144547142,0.8233015780716377,0.9126746048984915
2,l69,0.06392116599310248,0.06348682755469781,0.09009157971130098
2,l70,0.027221705017043858,0.026039644169686654,0.037670735226682885
2,l71,0.010240854137922724,0.009064490739991016,0.013676259936458938
2,l72,0.016788620924584392,0.01560764937832937,0.022922838211405193
2,l73,0.34027608911297647,0.706071716986713,0.7837889297193392
2,l74,0.001296182122265236,-0.00048098388295147743,0.0013825460533881293
2,l75,0.006617880172583682,0.004659404436170007,0.008093601650592705
2,l76,0.466768578966592,0.9447561913233076,1.053772825306391
2,l77,0.10558527411529212,0.22210716248910467,0.2459264966183248
2,l78,0.10677342798080644,0.21539353375934298,0.24040578052141276
2,l79,0.0026191223150186763,0.0008978507594331335,0.002768742979628742
2,l80,0.51874997705844,1.0622996247296979,1.1821937368295388
2,l81,0.2002456446581491,0.41030507620424034,0.4565616867012881
2,l82,0.29771209422763967,0.5984207928225805,0.6683860683256443
2,l83,0.05249437801507156,0.04972697300909931,0.07230789422903229
2,l84,0.30767027465512004,0.6267568143491516,0.6982013335990228
2,l85,0.016427445417572017,0.014202978599076233,0.021716020906996873
2,l86,0.04200913187203696,0.07729200201395725,0.08797056744143329
2,l87,0.015094911694141046,0.014473102248899522,0.020912365905392354
2,l88,0.022263332837972483,0.04439405276419711,0.04966374844778292
2,l89,0.023186557625598653,0.0221953121626284,0.03209748177850916
2,l90,0.010661307561956164,0.018590577704191674,0.021430656973275744
2,l91,0.027437170685258024,0.026278484840047894,0.0379915398569288
2,l92,0.004379879863910901,0.004015313011757826,0.005941892476701667
2,l93,0.01015160702079811,0.008962499318351547,0.013541843269517241
2,l94,0.003535528623197024,0.0011319423650365933,0.0037123114313335945
2,l95,0.0016973984728447249,0.000670613832348863,0.0018250710911504881
2,l96,0.006756270467776631,0.00744054946851611,0.010050321737496069
2,l97,0.01111422537551698,0.01070517391866997,0.015431356205037758
2,l98,0.0037573776278622974,0.0014579673223743157,0.004030329434608471
2,l99,4.274272733786007e-07,-0.01861999867586105,0.018619998680766907
2,l118,0.2997913317091879,0.6088287031605505,0.6786363034498862
2,l101,0.3297723149304511,0.6697254432951595,0.7465131941844608
2,l105,0.3653087132634828,0.7416160981431458,0.8267072595612582
2,l108,4.258751827842439,8.86230980452246,9.832471825664504
2,l114,3.4778055116262405,7.214843910419251,8.009313567866576
2,l116,1.6792902265092e-07,-0.008751504890958405,0.008751504892569565
2,l117,0.17021298315393504,0.3439443427485239,0.38375795827953313
2,sw1,0.00020523322909139096,1.9133611203869805e-08,0.00020523322998329107
2,sw2,0.0,0.0,0.0
2,sw3,0.00015850246412446722,1.6946927644312383e-08,0.00015850246503044163
2,sw4,8.823292315355501e-06,2.9914372134953735e-10,8.823292320426566e-06
2,sw5,2.8045413346262647e-05,5.432229954749346e-09,2.804541387235798e-05
2,sw6,5.533767888366015e-19,3.469446951953614e-21,5.533876647389794e-19
2,sw7,7.251580408774316e-05,1.3224955182522535e-08,7.25158052936833e-05
2,sw8,1.7386786385031882e-06,3.409877535887062e-11,1.7386786388375589e-06
2,sw9,3.137794652502635e-05,1.7447746358811856e-09,3.137794657353555e-05
3,l115,4.546663361173356,9.769984565193147,10.776119251564939
3,l1,0.0013891968415155134,0.00048773605003498235,0.001472329555154146
3,l2,0.051629600281768946,0.05104234129916949,0.07260121369891924
3,l3,3.084109634849476,6.634034520699934,7.315883149805618
3,l4,0.006441446223409002,0.005492547072297384,0.008465240858385108
3,l5,0.024575498573991352,0.023228828313247504,0.033816173570742444
3,l6,0.008469717932242929,0.007291539704548995,0.011175986449292602
3,l7,2.0132649105509044,4.322178702619669,4.76806714900646
3,l8,0.0017823424495491053,0.0006207444246138039,0.0018873442314940397
3,l9,0.04644478532021458,0.04595458645912731,0.06533714181130229
3,l10,2.698989456473384,5.752100851009963,6.353834140607074
3,l11,0.03142884559898084,0.029730059402856567,0.043262556186406245
3,l12,0.030893622064642842,0.03054472676047226,0.0434441735695927
3,l13,7.077681441839028,14.112275789282489,15.787650317413332
3,l14,0.008192913173406851,0.0070533492150261735,0.010810807620899275
3,l15,0.0020664272367939703,0.0008420750016539387,0.0022314147604993663
3,l16,0.012157585205732175,0.010391573103001065,0.015993488349626953
3,l17,0.002834896056927391,0.001068743609507692,0.0030296614590488487
3,l18,0.03350697707021027,0.03273846206320013,0.046845751255019816
3,l20,0.010744309282508767,0.009293835447069796,0.014206180319685341
3,l21,0.009400705665291753,0.006754981219295587,0.011575968135688891
3,l22,0.023587084520200734,0.04855948356421868,0.05398494234679442
3,l23,0.010015087483821844,0.007330155715160799,0.012411009633269547
3,l24,0.022945117442966876,0.04657381958314727,0.05191915913258895
3,l25,0.0066492125258664605,0.010825144912048928,0.012704164261414375
3,l26,0.01813363506978931,0.03514279575657929,0.039545477800033466
3,l27,0.003130174561170861,0.0038934875497725445,0.0049957219782164625
3,l28,0.007525999458266597,0.0065050052356746164,0.009947651027352301
3,l29,0.01653281552687986,0.014238969111855113,0.021819308664900536
3,l30,0.005732205232687192,0.0056985356478853645,0.008082789454134426
3,l31,0.011536102738056797,0.0163354950257326,0.019998251526539414
3,l32,5.4774877647964054e-08,-0.004700783214870934,0.004700783215190059
3,l33,0.0025093446073151428,0.0010451394219753638,0.0027182948275763954
3,l34,0.007292587684190948,0.006877044719938567,0.010023750755662694
3,l36,0.29346562856435776,0.5973666851788294,0.6655591872329735
3,l41,0.29346724737482144,0.5973786235318185,0.6655706161892401
3,l43,0.22289912962942618,0.4535714898747465,0.5053821508687787
3,l45,0.9977749165924034,2.082796930805518,2.309458343238488
3,l52,0.002159830056600734,0.0006937183918022862,0.0022685041504305605
3,l53,0.005400725345102515,0.00997772615787872,0.011345609438670535
3,l54,0.0011971099494919645,-0.003511888356212799,0.0037103142801756957
3,l55,0.022440134466288196,0.04387687487220683,0.04928224612795556
3,l56,0.0008123766441169518,-0.00421838509656437,0.004295896720688605
3,l57,0.008698684800194315,0.007306330550938583,0.011359999268165034
3,l58,0.059109256265644596,0.11895247908721812,0.1328292003185772
3,l59,0.0020413532597976882,0.0005582574250120161,0.0021163115280760755
3,l60,1.4956018002661707e-07,-0.011991638152465778,0.01199163815339844
3,l61,0.20857086298362992,0.04685478285136924,0.21376897707989598
3,l62,0.11203951208332728,0.016023996190495382,0.11317959498859788
3,l63,0.21065017888296278,0.025280916097886803,0.2121617839814056
3,l64,0.1661894727049803,-0.008038743802797399,0.16638377997835727
3,l65,0.04257853340734437,-0.047718882266493894,0.06395328945319267
3,l66,0.062309898430816246,0.06220303132990375,0.08804396940783409
3,l68,0.38930766290864266,0.8128199459116441,0.9012417660490427
3,l69,0.059534551267628556,0.05902839946409949,0.08383743041107113
3,l70,0.02535256245785422,0.024134042439192854,0.03500292027297381
3,l71,0.00953754574035338,0.008343136852814495,0.012671728820256701
3,l72,0.014315974480057775,0.013094956999708302,0.019401675807462482
3,l73,0.3480725303075378,0.7212432448755717,0.8008409983469476
3,l74,0.000818965285199738,-0.0009726956095037167,0.0012715505837795425
3,l75,0.007367261747378507,0.005409140534231483,0.009139767336943138
3,l76,0.4721762464471831,0.9557043171924597,1.0659836535375469
3,l77,0.10684179233885516,0.22336637537239584,0.24760393017313173
3,l78,0.1076632128205747,0.21719142869266217,0.24241180683375987
3,l79,0.0024728340959745956,0.0005297462710212002,0.0025289404061534077
3,l80,0.5231023751255125,1.0706980935714674,1.191650327251886
3,l81,0.20154804408585186,0.4127520882964309,0.4593320155050126
3,l82,0.29951026022941735,0.602172852816002,0.6725463111572731
3,l83,0.048962772877021055,0.0461303169134444,0.06727079058805213
3,l84,0.3092571360591228,0.6298602272632706,0.7016864556848947
3,l85,0.015321969633303524,0.013070820016002472,0.020139739058255102
3,l86,0.04153489316707783,0.07595784479264694,0.0865721752986744
3,l87,0.01508863312333051,0.014455147614280578,0.020895409593523363
3,l88,0.022453360415280257,0.04472775510711654,0.05004723239961091
3,l89,0.02317858408431857,0.022181379726906016,0.03208208794238653
3,l90,0.010908152381452964,0.019106850606985974,0.022001352878736304
3,l91,0.02745054219184749,0.02627774688871432,0.038000687469751576
3,l92,0.004379272959289665,0.003942739446123596,0.005892641681961042
3,l93,0.009454954505170463,0.008247908323693992,0.012546878353236068
3,l94,0.0033018228354635497,0.0005612174075268581,0.003349178856869206
3,l95,0.0015852093893954588,0.0005532054311088359,0.0016789654723179499
3,l96,0.0063253154164776785,0.006527000422272977,0.009089078590829865
3,l97,0.010432497619593051,0.009208800536855051,0.013915423597950461
3,l98,0.0035422704133743536,0.0009453036415234237,0.0036662349428459653
3,l99,2.699602650550765e-07,-0.01869842565125577,0.018698425653204558
3,l118,0.2844587239334651,0.5773969858681812,0.6436645437737859
3,l101,0.3129064114138018,0.6351502644694192,0.7080439822210458
3,l105,0.35077012757689224,0.7117526943903649,0.7934932768286405
3,l108,3.9768968396253186,8.276412095443781,9.182303940004925
3,l114,3.2748285593707114,6.7944909246020835,7.542520070756863
3,l116,1.0622191512288381e-07,-0.008789958321079368,0.008789958321721185
3,l117,0.1605316204516712,0.3238761003477921,0.36147770268902135
3,sw1,0.00019100744475144892,1.1226264177821576e-08,0.00019100744508135492
3,sw2,0.0,0.0,0.0
3,sw3,0.00014921585092088208,1.0023111826740206e-08,0.0001492158512575178
3,sw4,8.323449146701022e-06,1.803855411708355e-10,8.323449148655678e-06
3,sw5,2.7354823614587077e-05,3.2881798688322304e-09,2.7354823812214507e-05
3,sw6,5.512083844916304e-19,6.938893903907229e-21,5.512520579394537e-19
3,sw7,6.768104172078892e-05,8.004921255633236e-09,6.768104219417677e-05
3,sw8,1.7967750318348408e-06,2.310480340383947e-11,1.7967750319833937e-06
3,sw9,3.2352789838114405e-05,1.0115909390151501e-09,3.235278985392937e-05
4,l115,4.803647706625634,10.30896333451294,11.373203432705399
4,l1,0.00143689347851614,0.0005373016513131006,0.0015340651658603025
4,l2,0.05331256024258619,0.0527493384600748,0.07499814522769818
4,l3,3.2581101762361357,6.998502752371707,7.719735921354294
4,l4,0.006664048497670592,0.005719811244538505,0.008782128617394237
4,l5,0.02534508843961521,0.024011124464181195,0.03491285731713056
4,l6,0.008729408366038114,0.007556730249751126,0.011545853909025522
4,l7,2.127258651974029,4.560693488104618,5.0324104030611645
4,l8,0.0018439185231181909,0.0006849891264091638,0.0019670398123060855
4,l9,0.0479550299259281,0.047485534699048,0.06748748699463591
4,l10,2.854408804199891,6.076132469332093,6.713198597268336
4,l11,0.0323953897797619,0.03071328578465909,0.04464042117490429
4,l12,0.03191439320758946,0.031580369185077874,0.04489819831211992
4,l13,7.479903007529618,14.916871729315433,16.68718104387019
4,l14,0.008437532813568396,0.0073039692055263,0.011159745791697942
4,l15,0.0021336180512953433,0.0009131734743295965,0.002320821359569177
4,l16,0.012583449378267688,0.010827316881201114,0.0166004213531274
4,l17,0.0029341545430143015,0.0011733208649493464,0.003160054546114188
4,l18,0.03465210208492499,0.0339001182054526,0.0484766561681777
4,l20,0.01109287475963356,0.00965154972370874,0.014703886646126511
4,l21,0.008968102443323005,0.0063203508889528165,0.01097149473834002
4,l22,0.0235471875785297,0.048585904356776156,0.05399129693778677
4,l23,0.009486969013778435,0.006799341546906362,0.011671916146883473
4,l24,0.023146627147514663,0.04714343185843063,0.05251922996100147
4,l25,0.006874451011342899,0.011356009086881386,0.013274675856256756
4,l26,0.018084271073654234,0.03510975285097447,0.03949348814072919
4,l27,0.003231806295822025,0.004142905912847709,0.005254354511871405
4,l28,0.007793893552014197,0.006779483238251487,0.010329867844162448
4,l29,0.01706911393422706,0.01478972550684557,0.022585186097693836
4,l30,0.005725843781229742,0.005732165356649602,0.008102037193386683
4,l31,0.01157878847795655,0.01648791691401857,0.02014745013099273
4,l32,-4.88287445432971e-08,-0.004687822299537877,0.004687822299792178
4,l33,0.0025986515301083275,0.0011399053245258984,0.0028376705100869
4,l34,0.007548037139888038,0.0071369751266465754,0.010387939094137062
4,l36,0.2885170673680259,0.5874069146349139,0.6544379126575378
4,l41,0.2885186813238543,0.5874187952711364,0.6544492879594637
4,l43,0.2234640156972746,0.4547629130543646,0.50670057568671
4,l45,1.0745456371376059,2.2407706585095437,2.485095867432232
4,l52,0.002218480556699844,0.0008476034887706732,0.0023748868719649504
4,l53,0.005547592249491978,0.01033113029848898,0.01172638192329503
4,l54,0.001231191583178343,-0.00341640891030936,0.0036314848969712633
4,l55,0.023054519859924825,0.04530424864966916,0.05083292074711739
4,l56,0.0008357011218870041,-0.004142543349990366,0.004225998316572381
4,l57,0.00895066036775097,0.007566866309140096,0.011720571093561413
4,l58,0.0607577006116845,0.12276377488355436,0.1369760658191025
4,l59,0.0021005435662009406,0.0006232575366930177,0.0021910575598447462
4,l60,-1.3817251167290108e-07,-0.011945864571522198,0.011945864572321288
4,l61,0.21448643335499218,0.04988371160325187,0.22021084164196347
4,l62,0.11521946147359267,0.01767001991930738,0.11656652137819601
4,l63,0.21664583388918254,0.028390006288216682,0.21849807733383894
4,l64,0.17087208593303513,-0.005391927376345848,0.17095713682656927
4,l65,0.04376621449134109,-0.04686829490694072,0.06412580290636555
4,l66,0.06461852876085322,0.06453808322716213,0.09132753388684774
4,l68,0.3908683835693373,0.8161193765170465,0.9048916675495908
4,l69,0.06174069654333289,0.06126167689838258,0.08697647191084346
4,l70,0.026292221506912027,0.025089994396432305,0.036342657175577185
4,l71,0.009891027846773795,0.008706263984910038,0.013176929249282486
4,l72,0.015553975596878445,0.014356395023723963,0.02116677195383123
4,l73,0.34367763299946635,0.7124779994613492,0.7910367975894435
4,l74,0.0010492718318309926,-0.0007323702442322428,0.001279584913833686
4,l75,0.006958719088670478,0.004999753148511445,0.00856862316250849
4,l76,0.46878084299219336,0.9486095071344461,1.0581188382135196
4,l77,0.10613652088545496,0.22258024391172512,0.24659060413055414
4,l78,0.10706621444017947,0.21589142047561471,0.24098190743192563
4,l79,0.0025412467901490027,0.0007106719552848292,0.0026387477856875544
4,l80,0.520188311621212,1.0645186143803003,1.184818872195021
4,l81,0.2006140933464485,0.4107962232003047,0.4571646874429958
4,l82,0.29816296176750623,0.5992537918918533,0.6693326966962962
4,l83,0.050742954185239796,0.04794704351164182,0.06981236553041745
4,l84,0.30798233393594454,0.6272557881493412,0.6987867641730794
4,l85,0.015879078009191288,0.013644656736574688,0.02093613564822638
4,l86,0.04173314803737503,0.07651903083777142,0.08715972536361777
4,l87,0.01507769722847297,0.014427645396797743,0.020868490731465
4,l88,0.022331820586645335,0.04449936071366392,0.049788586188391534
4,l89,0.023147744687910744,0.02215000422821322,0.03203811435535125
4,l90,0.010771834895411303,0.018825334204244426,0.02168929770452459
4,l91,0.027414561156696438,0.026224788393003108,0.037938077042359956
4,l92,0.0043828418437915385,0.003993838053473155,0.005929590628792198
4,l93,0.00980559977790108,0.008608316308873327,0.013048099351169434
4,l94,0.0034212752966780243,0.0008646275161190395,0.003528839100510178
4,l95,0.0016426519667493266,0.0006149674735897861,0.0017539927244543617
4,l96,0.006539558925629535,0.006991557403347543,0.00957328083083771
4,l97,0.010765519532993494,0.009968654206264546,0.014672098605834828
4,l98,0.003643544481292338,0.0011988760175881906,0.0038357163728179864
4,l99,-2.3991329186359944e-07,-0.018628881582195802,0.01862888158374067
4,l118,0.32136266702765715,0.6532287384332157,0.7279984536207336
4,l101,0.3535008747399261,0.7185661058449623,0.8008121608161843
4,l105,0.40514491173869466,0.8232064300563652,0.9175027117092897
4,l108,4.283726240223914,8.907133295515756,9.883690305005933
4,l114,3.4496609164384426,7.15324645623815,7.941605335326514
4,l116,-9.848855029354064e-08,-0.008756442499569375,0.008756442500123253
4,l117,0.16507985432703573,0.33328275826810566,0.37192573890957303
4,sw1,0.0002019407404586673,-9.662264346843586e-09,0.0002019407406898226
4,sw2,0.0,0.0,0.0
4,sw3,0.0001571821776451543,-8.773422450758516e-09,0.00015718217789000694
4,sw4,8.55745212174952e-06,-1.5841942513361573e-10,8.557452123215887e-06
4,sw5,2.7635106365778485e-05,-2.8509239200502632e-09,2.7635106512833593e-05
4,sw6,5.561957144850638e-19,3.469446951953614e-21,5.562065352669842e-19
4,sw7,7.292288704775273e-05,-7.249240297824144e-09,7.292288740807503e-05
4,sw8,1.7674826958682389e-06,-2.336309989914298e-11,1.767482696022649e-06
4,sw9,3.181497436889913e-05,-8.725910447537899e-10,3.1814974380865426e-05
5,l115,5.4030008821974045,11.591090598308234,12.788502640700964
5,l1,0.001734350258120685,0.0008413401725365474,0.0019276472975539674
5,l2,0.06401992087929102,0.06360820367797715,0.09024718192015588
5,l3,3.640831836748519,7.817504770229119,8.62374844809591
5,l4,0.008057689161785675,0.007137157073722846,0.010764077560244091
5,l5,0.03029837762941315,0.029039525650801805,0.04196767490579028
5,l6,0.010411591680534911,0.00926787416404659,0.013938964554183572
5,l7,2.37422843170329,5.088113943045427,5.614789768399308
5,l8,0.002226176123107507,0.001075988716480424,0.0024725719097909286
5,l9,0.05758806022097997,0.0572554993891099,0.08120700025435972
5,l10,3.165787302122102,6.736719233550379,7.443493485854955
5,l11,0.038664453563404096,0.03708143119351371,0.0535721243625444
5,l12,0.0383905439129594,0.03814904597825807,0.05412193243948439
5,l13,8.257778107379039,16.46913560395481,18.423445031051074
5,l14,0.010039204108310515,0.008936074438204742,0.013440202583795191
5,l15,0.002562139031726474,0.001356328546802615,0.002898996989437548
5,l16,0.01523692634998224,0.013528508859515568,0.020376076083406598
5,l17,0.0035526445898922247,0.0018110351485274806,0.003987622335589524
5,l18,0.04184999272572168,0.041204250534283345,0.0587299936423881
5,l20,0.01331987435479823,0.011922767226456927,0.01787656094342217
5,l21,0.00665851938583728,0.003989284981620585,0.007762105067322551
5,l22,0.023775609463464208,0.04963084479250574,0.055031812255975754
5,l23,0.0068549157278212074,0.004150208218674379,0.008013369946151426
5,l24,0.024631273440043514,0.05101713271580502,0.0566519855064256
5,l25,0.008291801807674347,0.014643312904217965,0.016827970466713683
5,l26,0.017729809311465942,0.034745647442396145,0.039007770436314794
5,l27,0.0038807089681435303,0.005698878031365039,0.006894716303939176
5,l28,0.009451893120323802,0.008468316359501842,0.012690573884684291
5,l29,0.020495543946439283,0.018285022406727875,0.027466513540581817
5,l30,0.005698689719754839,0.005867216687971904,0.008179198994134785
5,l31,0.011794982727581555,0.017237055117178896,0.02088630380552314
5,l32,-1.254385547239906e-07,-0.004655839621838518,0.004655839623528313
5,l33,0.0031515242465447956,0.0017115904826123368,0.0035863138536286632
5,l34,0.009139553315573722,0.008753188095095538,0.012655028116773855
5,l36,0.2632337572961114,0.535530542948778,0.5967285592388226
5,l41,0.2632353104211215,0.5355419219954856,0.5967394564356566
5,l43,0.20916564638333512,0.42551547253071476,0.4741452150871037
5,l45,1.2194493134496152,2.54168284256036,2.8190793355701165
5,l52,0.002619440411182006,0.001831322182086292,0.0031961240592840974
5,l53,0.006550461966735338,0.01271575557925458,0.014303810398945805
5,l54,0.0014631229804563568,-0.0028691312734793807,0.0032206588022323794
5,l55,0.027244352716071972,0.05498108443140848,0.06136101694212219
5,l56,0.000994639059925977,-0.003729906488587917,0.0038602473072512694
5,l57,0.010656039716919622,0.00930537688806362,0.01414712767587389
5,l58,0.07197182008810107,0.14857245080696554,0.16508699532544102
5,l59,0.0025011934349531656,0.0010391113532905365,0.002708453618504497
5,l60,-3.3455795582538527e-07,-0.011836330302747763,0.01183633030747596
5,l61,0.25454459690177467,0.06955400761057536,0.2638763191091215
5,l62,0.13676715709344717,0.028228479246223286,0.1396499276762366
5,l63,0.2572373924021085,0.04823385971666721,0.2617204257848506
5,l64,0.20260226220067123,0.011088359801600745,0.2029054665895409
5,l65,0.051833904890096164,-0.042231539923490345,0.0668599780172331
5,l66,0.07877101754353498,0.07888484832706308,0.11147956090883944
5,l68,0.41527067440972315,0.8687417465784528,0.962892494140902
5,l69,0.07526774711588223,0.07497967969553429,0.10624116962432838
5,l70,0.032055757485301,0.030947881102394603,0.04455718721692813
5,l71,0.012059587850053503,0.010919985378108323,0.016268980907581693
5,l72,0.023679444297289593,0.022606283704204543,0.032737748015760404
5,l73,0.32358594402333984,0.6734598043014411,0.7471652904004652
5,l74,0.0029324464035489655,0.001193625596095444,0.0031660675882459405
5,l75,0.004987556885942468,0.003019833469239529,0.005830533240832383
5,l76,0.4550246233641301,0.9203285729789932,1.0266703901979537
5,l77,0.10344261004793225,0.2210661050078197,0.24407088387773118
5,l78,0.10501303005644877,0.21157751597851165,0.2362049570802314
5,l79,0.0030071596852880556,0.0018563744518416358,0.0035339970965285314
5,l80,0.5100526640242388,1.0444470799418633,1.1623353315103642
5,l81,0.19777079037189105,0.4053512911728467,0.4510243394538884
5,l82,0.29414988527776587,0.5905877815241692,0.6597863917167152
5,l83,0.061660685724782525,0.059046402332678556,0.08537281647270954
5,l84,0.30453414373836496,0.6204981071716175,0.6912010891962044
5,l85,0.019296465589828584,0.017132575757632367,0.025804626258685685
5,l86,0.04382406237496616,0.08184088625082223,0.0928357641502721
5,l87,0.015249487957014935,0.01458980822826561,0.02110472428364584
5,l88,0.02196229521587884,0.043890755397456814,0.049078924402525356
5,l89,0.02333635858730486,0.022346686500997748,0.03231037031185425
5,l90,0.010111146585907591,0.017421909088458053,0.020143440658641414
5,l91,0.027604266750204262,0.02640535451861069,0.038199977618710024
5,l92,0.004405923647653253,0.0042454955433095165,0.006118528875245349
5,l93,0.011954777908737014,0.010802605454791774,0.01611251065039597
5,l94,0.004146569737976468,0.0026052258676391923,0.004897064673181131
5,l95,0.0019909664131573662,0.0009753112566277196,0.0022170203665337514
5,l96,0.007884282115686802,0.009809503952239538,0.012585240254708762
5,l97,0.012902020499906939,0.014609501109225676,0.01949101474116946
5,l98,0.004327363826789224,0.0027954175073700753,0.005151741135763228
5,l99,-6.195349886121773e-07,-0.018467550104875358,0.018467550115267198
5,l118,0.31629129862238187,0.6426839828897646,0.7162980437271094
5,l101,0.34792236336087806,0.7069667843848729,0.7879416254711425
5,l105,0.40863956444262295,0.8303127575068574,0.9254218329532203
5,l108,4.862644030904339,10.102942554438442,11.212259149233608
5,l114,3.7091030408065997,7.687856361884464,8.535840954955065
5,l116,-2.3701270662135343e-07,-0.008675949780112836,0.008675949783350234
5,l117,0.1959117011264607,0.3970906177332363,0.44278928773179105
5,sw1,0.0002269605667097494,-5.211139432503842e-08,0.00022696057269228068
5,sw2,0.0,0.0,0.0
5,sw3,0.00016888477851171045,-4.396631265990436e-08,0.00016888478423465552
5,sw4,1.0148105284315534e-05,-5.018955562263727e-10,1.0148105296726676e-05
5,sw5,3.0515415361151098e-05,-1.060767681337893e-08,3.051541720485538e-05
5,sw6,5.5359362927109855e-19,-2.0816681711721686e-20,5.539848739875788e-19
5,sw7,8.275343879358843e-05,-2.8581212973222137e-08,8.275344372924864e-05
5,sw8,1.6155767298187128e-06,-4.1272869566455486e-11,1.6155767303459083e-06
5,sw9,2.920992199688044e-05,-3.672408638522029e-09,2.9209922227736673e-05
6,l115,6.6322842722676,14.227869599441547,15.697753597469962
6,l1,0.002297909831719153,0.0014169186420867844,0.002699638500430123
6,l2,0.08408118039634428,0.08395691564479785,0.11882090969787384
6,l3,4.432934615244973,9.517038853577894,10.498806496147472
6,l4,0.01071345340077096,0.009837649834198601,0.014545014198370471
6,l5,0.03947082986858732,0.038352179595662166,0.05503486249871885
6,l6,0.013508794425866654,0.01241832688372233,0.018349451474943514
6,l7,2.8865419920460553,6.185388068691431,6.825771035725965
6,l8,0.0029508369117938857,0.0018166092992032644,0.003465185107026326
6,l9,0.075663841806454,0.07559629099660378,0.1069570762939755
6,l10,3.8210750345246636,8.133052100867689,8.985941847958731
6,l11,0.05023056638593698,0.04883416679443326,0.07005630339918421
6,l12,0.05059119790718251,0.050526495996964516,0.07150102169490292
6,l13,9.90484207379492,19.781817382236355,22.12297890092938
6,l14,0.01296965823539722,0.01192258671725176,0.01761704029550353
6,l15,0.0033654468894528692,0.0021860114930359487,0.004013088463193062
6,l16,0.020318347223088496,0.018700146168443097,0.027613958437701848
6,l17,0.004736876186236259,0.0030301034261738095,0.005623123933992779
6,l18,0.05557001844588376,0.055135790355048814,0.07828143028938443
6,l20,0.017497262126355054,0.01618390395838469,0.02383428054824812
6,l21,0.003593222040888577,0.0009013151064027624,0.00370453958760833
6,l22,0.025897319493789837,0.054972042634804895,0.060766739491322344
6,l23,0.0033504476313701162,0.0006361184884308386,0.003410299995876779
6,l24,0.02842187348715106,0.060179533138053104,0.06655358067928166
6,l25,0.01098671548962011,0.020881421616497392,0.02359537424953847
6,l26,0.01748149378402013,0.034847441947324115,0.03898649554900849
6,l27,0.005097546614171733,0.008614521642148248,0.010009743483561116
6,l28,0.012643181079904024,0.011718423737411285,0.017238662439666465
6,l29,0.026922747932632773,0.024842052741762016,0.036632798701007926
6,l30,0.005874275427324165,0.006545507781753486,0.008794929443552117
6,l31,0.012361570642359083,0.01897131844408091,0.02264330700787229
6,l32,-2.6521669912199157e-08,-0.004600751525491438,0.004600751525567882
6,l33,0.004215821114319624,0.002810119572637632,0.005066549089909646
6,l34,0.012187089674967864,0.011848144822779431,0.016997167131238763
6,l36,0.2569314437879366,0.5229194374332364,0.5826306762027263
6,l41,0.2569329741199035,0.522930606025846,0.5826413750401336
6,l43,0.20413233697877148,0.41544117508520867,0.4628837661406951
6,l45,1.4694140862789937,3.0653358310580225,3.3993325100853706
6,l52,0.0033385135292461677,0.003593717214548808,0.004905147908381983
6,l53,0.008348643505138541,0.01699698760755733,0.018936669086915717
6,l54,0.0018875997697567841,-0.0018753510226871268,0.0026608221190225242
6,l55,0.03477311871373328,0.07239654414628925,0.08031456523822435
6,l56,0.0012874450154063874,-0.0029798205525335577,0.003246050707089486
6,l57,0.013791551308146154,0.012499844424055481,0.018613247919447556
6,l58,0.09226330717195777,0.19534591487992362,0.21603829362078703
6,l59,0.0032373724228746143,0.001801366061114095,0.0037047941765397385
6,l60,-6.332852606051295e-08,-0.011652746889264511,0.011652746889436596
6,l61,0.3275203570518206,0.10532794306689175,0.34404005562442064
6,l62,0.17604689130689075,0.04743070129478292,0.18232437951117544
6,l63,0.3312938100417814,0.0843357182544496,0.3418597694164872
6,l64,0.2602768106361182,0.04093803379882593,0.26347664178485264
6,l65,0.06645269335192279,-0.0339168395572633,0.07460772385804183
6,l66,0.10642502288620745,0.10695019245235017,0.15087951869595992
6,l68,0.4950282264261623,1.0383066308507114,1.1502754472852088
6,l69,0.10170584008777223,0.10182001619147195,0.14391453576755583
6,l70,0.04332438259914488,0.042409835739417756,0.06062669622403552
6,l71,0.01630005978826739,0.015249414936566608,0.022321214236879508
6,l72,0.04124476958339801,0.04043481525349853,0.05775902788804665
6,l73,0.2982769436653398,0.6261168177586806,0.6935354386061271
6,l74,0.008229801936100557,0.006592379660985899,0.010544624673359647
6,l75,0.0023766733955071684,0.0004086269365725457,0.002411545645888594
6,l76,0.43335302976610185,0.876416357270442,0.9777016312242969
6,l77,0.10345838500039099,0.22863295472347817,0.2509515200441654
6,l78,0.10183353322451875,0.20513106427379535,0.2290170780074908
6,l79,0.0038488525472060104,0.003921596491948284,0.005494777973293851
6,l80,0.4937219492009535,1.0132882072492793,1.1271709515744481
6,l81,0.19328851004131867,0.39721887125549254,0.4417502459484098
6,l82,0.2874701126876262,0.5765190940888715,0.6442152835331443
6,l83,0.08279068162711337,0.08052549530228861,0.11549308359361157
6,l84,0.2987127300444972,0.6092543694512278,0.6785426897300197
6,l85,0.025911641670707468,0.02388000725601523,0.0352373086460712
6,l86,0.04977602900808256,0.09623883932313038,0.10834928360666157
6,l87,0.015861101443122607,0.01525159275344413,0.022004218243462673
6,l88,0.02190746455411113,0.04410491472336434,0.04924612173506535
6,l89,0.024010526863654378,0.02305100936974486,0.033284447317543576
6,l90,0.009215409296964482,0.015508217450318626,0.018039639048410768
6,l91,0.028403631242232222,0.02726640001674241,0.03937286930892541
6,l92,0.004648523890267825,0.005144091236306849,0.0069332855851926105
6,l93,0.016154768543965473,0.015090968547548982,0.022106874008149795
6,l94,0.005534331445084496,0.005919168138403206,0.00810341755031411
6,l95,0.0026572688088726862,0.0016628006740202182,0.0031346425002111095
6,l96,0.010436905008729808,0.015157802417599668,0.01840347685336224
6,l97,0.01689759653629153,0.023255120329928103,0.028745945631736085
6,l98,0.005574930486262019,0.005699600608912079,0.007972784772447117
6,l99,-1.3043456640663927e-07,-0.018196723776713906,0.018196723777181387
6,l118,0.2895297606800159,0.5879282236601794,0.6553526367503538
6,l101,0.31848457729551594,0.6467347184797035,0.7209009793738145
6,l105,0.3739414506900357,0.7593147035396615,0.8463988584324132
6,l108,5.860817541702184,12.181953736387456,13.518475472205004
6,l114,4.270764939840068,8.856560965542958,9.832502494672775
6,l116,-4.407276271803373e-08,-0.008541182849756874,0.008541182849870581
6,l117,0.2520511387926381,0.5133551778291585,0.5718944965381925
6,sw1,0.00027864285674877463,-1.2165692169219255e-08,0.00027864285701435483
6,sw2,0.0,0.0,0.0
6,sw3,0.00019448253710288555,-9.677634807303548e-09,0.0001944825373436697
6,sw4,1.3040820238529704e-05,-1.464068191125989e-10,1.3040820239351545e-05
6,sw5,3.8498015579534695e-05,-2.9038928914815188e-09,3.8498015689054544e-05
6,sw6,5.397158414632841e-19,-3.469446951953614e-21,5.39726992644034e-19
6,sw7,9.980419819476082e-05,-6.451547960750758e-09,9.980419840328147e-05
6,sw8,1.4640205008618068e-06,-4.4165062718093394e-12,1.4640205008684683e-06
6,sw9,2.5789828396227676e-05,-1.0078365448862314e-09,2.5789828415920216e-05
7,l115,8.189305044997251,17.54039957807216,19.357952745020622
7,l1,0.002948413022812019,0.002081321889078026,0.0036090220502295123
7,l2,0.10686575222908869,0.10706510268350394,0.15127202389112873
7,l3,5.443034095609444,11.664065939596608,12.871559905824336
7,l4,0.013793458852087498,0.01296874820489029,0.018932721333872634
7,l5,0.04973617976349488,0.04877293440869835,0.06965979262316152
7,l6,0.016949346837012855,0.015917453068937902,0.023251788542028296
7,l7,3.5416363046251935,7.575508922164932,8.36250698917733
7,l8,0.0037885723512517872,0.0026729912138907823,0.004636611099737265
7,l9,0.09620792575468659,0.09643806214293726,0.13622138161061323
7,l10,4.672401341034216,9.930916394379135,10.975173562356389
7,l11,0.06312652039252134,0.061934953046969894,0.08843582976258987
7,l12,0.06453007635036193,0.06466495135371224,0.09135472996709863
7,l13,12.04730130609672,24.088047906397865,26.93272211828575
7,l14,0.01620566797041829,0.015219202070737082,0.022231684282513757
7,l15,0.004277397325036873,0.0031263973829336465,0.005298158970080734
7,l16,0.0262413906888396,0.024726188721360814,0.03605544333340901
7,l17,0.0061169764505393685,0.004449407244283066,0.0075640350159112725
7,l18,0.07142200293221686,0.07122718234738568,0.10086830031282039
7,l20,0.02223904218460666,0.021017502289567346,0.03059918952816697
7,l21,0.0014847973425630699,-0.0012137998061225517,0.0019177938152537407
7,l22,0.030223679696800503,0.06500173176677664,0.07168469813771117
7,l23,0.0010485953369852722,-0.0016580150153672549,0.0019617762288116694
7,l24,0.033849406576333424,0.07279037407520741,0.08027590475091859
7,l25,0.014096194530793582,0.028076397010045183,0.03141634557544287
7,l26,0.017650709711266244,0.035830669247778134,0.0399422634818692
7,l27,0.006478833755028002,0.011920762901026666,0.013567603877169465
7,l28,0.016383852528582793,0.015526134184558033,0.022571917649930637
7,l29,0.03421829444685136,0.032279971895037306,0.04704134628596228
7,l30,0.006318540052057415,0.007808074449610217,0.010044400181200947
7,l31,0.013180097154066971,0.02131859814230802,0.025063870166912833
7,l32,-2.069193198375899e-08,-0.00454043963608172,0.004540439636128869
7,l33,0.005463392463945638,0.004096149511140538,0.0068284037690162155
7,l34,0.015739200285468543,0.015454679460974148,0.022058321397321903
7,l36,0.2605675951298908,0.5307133973856034,0.5912293817092855
7,l41,0.26056912699755047,0.530724565322751,0.5912400816768841
7,l43,0.207021273056831,0.4216338787837667,0.46971580262571005
7,l45,1.7988703475085785,3.7488493205974884,4.158101219990908
7,l52,0.004114102530169239,0.005494669078183092,0.006864198999700282
7,l53,0.010288450387472208,0.021613773084549266,0.02393757294142126
7,l54,0.002353005170502272,-0.000785552996096682,0.0024806706436137187
7,l55,0.04291193433124486,0.09121712701874479,0.10080673771927595
7,l56,0.0016097782611405058,-0.002154860228959012,0.002689759962597004
7,l57,0.017241072920580337,0.016015733277508843,0.023532069774439154
7,l58,0.11432433909845893,0.24619065001013282,0.27144039983523294
7,l59,0.004046430333030003,0.0026406177610442685,0.004831817525528851
7,l60,-6.220233528940554e-08,-0.011452763758920383,0.0114527637590893
7,l61,0.40709052953126956,0.14431433229640242,0.4319135628111323
7,l62,0.2189049000991363,0.06837063421605126,0.22933359743072518
7,l63,0.41213020433754716,0.12371996367951943,0.4302998195911427
7,l64,0.3230069528615568,0.07338902146172768,0.3312392489848054
7,l65,0.08228480726897397,-0.024909249386622832,0.08597243867831807
7,l66,0.133433551856142,0.1343567289477578,0.18935744869026672
7,l68,0.6181133798680676,1.2960534732924425,1.4359034633307806
7,l69,0.12728089018817992,0.12778126037026233,0.18035652333339178
7,l70,0.05407063635114173,0.05334073092110703,0.07595305978441785
7,l71,0.02032410849921871,0.01935905968615771,0.02806853359582988
7,l72,0.06394738673562825,0.06347276085413614,0.09010027547550763
7,l73,0.2834883255268214,0.6007044969993877,0.6642375504480972
7,l74,0.016251426802318746,0.014755698858891265,0.02195084330784148
7,l75,0.0006894434179284872,-0.0012655186395068086,0.0014411348491602297
7,l76,0.41319128461315996,0.8354751047264727,0.9320652811353848
7,l77,0.10963222427337678,0.24987296728926595,0.2728657625666338
7,l78,0.09899368041577691,0.19932021993023227,0.2225495424288649
7,l79,0.004763329335427508,0.006165572992768519,0.007791251291474356
7,l80,0.4784181092376093,0.9838560994696454,1.094009466005717
7,l81,0.18919531007981277,0.3898366304113588,0.433321432387874
7,l82,0.2806376408536926,0.5621344800146763,0.6282934498188698
7,l83,0.10771703871389764,0.10585330352637538,0.1510227873426334
7,l84,0.29252907543669426,0.5972655617824348,0.665055945967807
7,l85,0.033716414731650726,0.031835598044272044,0.046371348106272824
7,l86,0.058755459497644096,0.11727851803464728,0.1311733769222337
7,l87,0.01680060993873485,0.01623153697932503,0.02336072102964102
7,l88,0.022550439254008778,0.0458172626580199,0.051066073552043574
7,l89,0.025103288400357998,0.024173391793563495,0.03485007832583266
7,l90,0.008615617103407658,0.01423970353117329,0.016643257335276638
7,l91,0.02987579424180876,0.02878044122036954,0.04148345306767555
7,l92,0.005122641822657897,0.006568003436757863,0.008329473476067195
7,l93,0.020522898260256627,0.019549619998546406,0.028343905783931932
7,l94,0.007161957169926315,0.009796618177270526,0.012135376311226869
7,l95,0.0034388246812595753,0.002469311386843401,0.0042335580678236244
7,l96,0.013267803755916248,0.021087489521232784,0.024914189346908477
7,l97,0.021416669199883474,0.0330458336108386,0.03937893902395629
7,l98,0.006938335362145154,0.008873357440301334,0.01126396776721884
7,l99,-1.1205161625322484e-07,-0.017899569194678253,0.017899569195028976
7,l118,0.28410055688107966,0.576851091183511,0.6430165688532037
7,l101,0.3125124188142945,0.6345496297300924,0.7073310713546793
7,l105,0.3668858849651588,0.744919166128173,0.8303672781677758
7,l108,7.176772922289208,14.906080171336274,16.543799311295093
7,l114,5.021396421569749,10.4074550052673,11.555498332361822
7,l116,-4.817215302233002e-08,-0.008394475526155111,0.00839447552629333
7,l117,0.3133299723289092,0.640260494118018,0.7128177690601459
7,sw1,0.0003444395385449752,-1.0336487321183085e-08,0.00034443953870007206
7,sw2,0.0,0.0,0.0
7,sw3,0.00022875755350105465,-7.87099270382896e-09,0.00022875755363646554
7,sw4,1.6192500814213417e-05,-1.1095835361629725e-10,1.6192500814593586e-05
7,sw5,4.999446464353241e-05,-2.2952008293941616e-09,4.999446469621771e-05
7,sw6,5.342948306008566e-19,-3.469446951953614e-21,5.343060949202718e-19
7,sw7,0.00012234828463988378,-5.178488208912313e-09,0.0001223482847494756
7,sw8,1.4425400402728883e-06,-8.788902050582693e-12,1.4425400402996622e-06
7,sw9,2.354265289613977e-05,-1.8534192349761724e-09,2.3542652969095924e-05
8,l115,9.252074694512295,19.795934049252626,21.85131325653436
8,l1,0.0034563324775626824,0.0025996671821867496,0.004324870362634398
8,l2,0.12445020895787456,0.12489922978950926,0.17631696490035006
8,l3,6.12303490180627,13.10501767517146,14.464890067860665
8,l4,0.01620912209431117,0.0154237784638608,0.02237473086252755
8,l5,0.05756795763321861,0.05672260542937511,0.08081784278707659
8,l6,0.019559329673837056,0.018571236032497836,0.02697143275883928
8,l7,3.9817115590506003,8.506437728404416,9.392204734070656
8,l8,0.004443386574796023,0.003341787368275618,0.005559786602725325
8,l9,0.11207052094308892,0.1125282036275239,0.15881561093322286
8,l10,5.238763822965789,11.123330580717054,12.295248252911787
8,l11,0.07295927928691526,0.07192040082444874,0.10244803799397756
8,l12,0.07534074936411343,0.0756304222614126,0.10675293572631027
8,l13,13.453543822765,26.918441306481604,30.093193977402155
8,l14,0.018657926825617323,0.01771552704291753,0.025728547021517417
8,l15,0.004980705425114138,0.00384965067590565,0.006295016827480466
8,l16,0.030904537261259975,0.029468585837508728,0.04270231814076639
8,l17,0.0072033318692811005,0.005564682903699577,0.009102400004269593
8,l18,0.0837841113901668,0.08377252604545356,0.11848043484675465
8,l20,0.02589575690428319,0.024741289493857038,0.03581510339876979
8,l21,0.0005653319972934696,-0.0021302518884904202,0.0022039903301922232
8,l22,0.03462523046561728,0.07492546898982437,0.0825392784566369
8,l23,0.0002107483630848037,-0.0024802789164164096,0.002489216418024492
8,l24,0.03865303022568878,0.08372159576692502,0.09221367763725946
8,l25,0.016527388387919926,0.03369200288653883,0.037527398330175925
8,l26,0.018010606450581692,0.0370272074642271,0.041175187155818124
8,l27,0.007544066600202952,0.014464564182383897,0.016313692342771483
8,l28,0.019339794110739602,0.018533670820248517,0.026786649479155274
8,l29,0.039844298271753356,0.03800987006991272,0.055066490059745905
8,l30,0.00679088143037552,0.009034781819570981,0.01130236051135644
8,l31,0.013897162305231177,0.02330741193697713,0.02713607509088008
8,l32,-1.4505784124444603e-08,-0.004500211978942925,0.0045002119789663035
8,l33,0.0064493226455415425,0.005110261261130291,0.008228519474565514
8,l34,0.018535575970017818,0.01829352571315394,0.026042669977522012
8,l36,0.26207117655556067,0.5339898545687684,0.5948331416150165
8,l41,0.2620727380696335,0.5340011186502961,0.5948439415166656
8,l43,0.21694943351039547,0.44223227985082486,0.4925814105734602
8,l45,2.0115687804931657,4.187735983857477,4.645809039247041
8,l52,0.004696019000100085,0.006913940208024026,0.008357940155889627
8,l53,0.011743913502533433,0.025072936423836345,0.027687030271748656
8,l54,0.002704523871331368,2.7956573414918973e-05,0.0027046683605570416
8,l55,0.049024873865272746,0.10533910192439179,0.11618848760416543
8,l56,0.0018534750747289644,-0.0015409700425766187,0.002410385555208985
8,l57,0.019846207358161335,0.01866991240358766,0.027247707713875188
8,l58,0.13092584516431244,0.28442354029801487,0.31311072675276713
8,l59,0.004656893408635369,0.003272753004241167,0.005691886194062661
8,l60,-4.7181775259724776e-08,-0.011321083519153742,0.011321083519252059
8,l61,0.46684001247337437,0.17350591657058975,0.49804005896226944
8,l62,0.25110785879884495,0.08404568033688702,0.26479960939138647
8,l63,0.47285319357523986,0.15318778486415977,0.49704792536121845
8,l64,0.3700233230489102,0.09757718332536751,0.38267292340309444
8,l65,0.09410829260000901,-0.01827995650236335,0.09586723916863991
8,l66,0.1523783095954568,0.15357608111669105,0.21634408225400886
8,l68,0.7280452770373377,1.524728332404644,1.6896290755825136
8,l69,0.1453405711381929,0.14610836355514767,0.20608623321206906
8,l70,0.06173541755262704,0.06113281917807763,0.08688200827016343
8,l71,0.023204199667612557,0.022297199244894726,0.032180739214333856
8,l72,0.08293086898795446,0.08273336655758612,0.117142387601795
8,l73,0.2796937806472415,0.5967671920847206,0.6590597032753779
8,l74,0.023486099209359963,0.022110854338890932,0.032256576626597415
8,l75,0.00011103950736151091,-0.0018271266431997902,0.0018304976215460158
8,l76,0.4008839600962528,0.8109610555631225,0.9046357184538469
8,l77,0.1176722961252599,0.2730283382146736,0.2973066476613953
8,l78,0.09734354131272994,0.1960409419169009,0.2188785415315281
8,l79,0.005452723527628503,0.007848634488873815,0.009556843475159199
8,l80,0.4694812210912787,0.9675074436452996,1.0753991214737069
8,l81,0.18698102556864615,0.386239832520776,0.42911899532458336
8,l82,0.2762842719290056,0.5531447005791997,0.6183057970730933
8,l83,0.12750153038376447,0.12595198555500975,0.17922204918885232
8,l84,0.28844625353878656,0.589431836508913,0.6562249089076335
8,l85,0.03991214767159545,0.03814669384697845,0.05521005146904271
8,l86,0.06667926328961948,0.13564982219866942,0.1511522358927483
8,l87,0.017539590548381966,0.01699235552008395,0.024420839107733735
8,l88,0.023426648231616127,0.047950480708641406,0.05336718511930037
8,l89,0.026141112831784993,0.025237687685526908,0.03633591418688004
8,l90,0.008377455274377098,0.013753834309536615,0.016104338393376338
8,l91,0.03134685503721994,0.030291152888010403,0.043591045686118865
8,l92,0.005564063414094562,0.007800854709264968,0.009581864947447708
8,l93,0.023433487938084,0.02251872487190485,0.032499558870865836
8,l94,0.008448738978106121,0.012846379780479766,0.01537565165397841
8,l95,0.00405674661077137,0.0031056853248228435,0.005109058073737758
8,l96,0.015338873279935796,0.02540878883986443,0.029679750400007535
8,l97,0.02490166733708611,0.040574101503982093,0.04760620494244782
8,l98,0.007963432855955034,0.011249652210131899,0.013782994511361805
8,l99,-8.077140821261996e-08,-0.017703754385904946,0.0177037543860892
8,l118,0.2658811056225386,0.5394939840443185,0.6014536733174675
8,l101,0.2924709890595987,0.5934564352725938,0.6616115325536234
8,l105,0.3576606880706968,0.7260220865306037,0.8093387658585592
8,l108,8.026538614930061,16.661085850961122,18.49370443880999
8,l114,5.486359600282624,11.36461939821668,12.619616306763694
8,l116,-3.724225659249014e-08,-0.008297821629679198,0.008297821629762772
8,l117,0.3594428089388821,0.7357776763877483,0.8188821172601265
8,sw1,0.00038942777505144476,-1.0572519386187196e-08,0.00038942777519496066
8,sw2,0.0,0.0,0.0
8,sw3,0.00025004757451824845,-8.138005796354264e-09,0.0002500475746506775
8,sw4,1.856233860598877e-05,-8.167990017682315e-11,1.856233860616848e-05
8,sw5,5.996141763171181e-05,-2.3376342142000793e-09,5.9961417677278896e-05
8,sw6,5.208507236620364e-19,-6.938893903907229e-21,5.2089694238676105e-19
8,sw7,0.0001369573482661508,-5.053872882854194e-09,0.00013695734835939745
8,sw8,1.5071099314809545e-06,-7.987182470969856e-12,1.5071099315021193e-06
8,sw9,2.2720555105479435e-05,-1.8804275896400214e-09,2.272055518329461e-05
9,l115,11.226825939431787,23.914689988888277,26.41881938957401
9,l1,0.0037053723647513834,0.0028578569593410066,0.00467943701330802
9,l2,0.13240986436356617,0.13297700129818257,0.18765728084738637
9,l3,7.474080065469723,15.917585116118833,17.58497622272887
9,l4,0.017401412289982546,0.016640032763651107,0.02407695661958417
9,l5,0.06087750764493831,0.06008984836860691,0.08553865099486718
9,l6,0.02062215261343954,0.01965826433386974,0.028490709626688596
9,l7,4.870281181110535,10.355048924566145,11.443193479673315
9,l8,0.004769703444842889,0.0036814189233646175,0.006025190141485431
9,l9,0.1192763904187741,0.11984416799102474,0.16908424501647923
9,l10,6.477450956940185,13.696841122281752,15.151264885434276
9,l11,0.0770385137500707,0.07607629484400968,0.10827065732696245
9,l12,0.08037321114147199,0.08073887457209639,0.11392374175895185
9,l13,16.66057445069449,33.3879651499333,37.3139512499051
9,l14,0.019625498668094224,0.018708497859137425,0.02711398329491109
9,l15,0.005298344854487368,0.004183715734303405,0.006750995152015046
9,l16,0.033275188156920196,0.03189079352845511,0.04608970447673749
9,l17,0.00775552254721697,0.006142439662789911,0.00989331567228123
9,l18,0.08812162070488558,0.08818570105456457,0.12466811102339181
9,l20,0.02721099018870882,0.026094994384620804,0.03770128272331592
9,l21,0.000305726012089508,-0.0023642673049771475,0.002383952240262388
9,l22,0.0367844220586303,0.07979935321607536,0.08786939444363666
9,l23,3.146833189879317e-05,-0.002625519789829468,0.002625708365888845
9,l24,0.04082077505239795,0.08867962011328018,0.09762382239655523
9,l25,0.017729179937225125,0.03650362924439105,0.040581261306894684
9,l26,0.018259823847874942,0.03774555295458413,0.041930274680745144
9,l27,0.008025108637871136,0.015642777232036425,0.01758120724469031
9,l28,0.020896020850232164,0.020125508861176058,0.029011718223755954
9,l29,0.04238499198926729,0.04061765361720609,0.058705036677423064
9,l30,0.00706959385997834,0.009787818636184966,0.012073961694485087
9,l31,0.014367226203431529,0.02459914313798481,0.028487453938596106
9,l32,-2.5672301994269842e-08,-0.004443273514041863,0.004443273514116028
9,l33,0.006968416013081878,0.005655931882132791,0.008974875329869608
9,l34,0.019957132085888587,0.019739518279238838,0.02807019242880262
9,l36,0.35730853905336696,0.7301981624658147,0.8129321918517582
9,l41,0.3573103627952805,0.7302112713357491,0.8129447682017924
9,l43,0.29960794044964134,0.6125312009388435,0.6818793075787369
9,l45,2.4102617780125,5.006115299497589,5.556127449079242
9,l52,0.004890902684890598,0.007440449721179917,0.008904000287874903
9,l53,0.012231421008206598,0.026263676894201754,0.028972200190579674
9,l54,0.0028283922213370497,0.0003837808812141359,0.0028543108314452066
9,l55,0.051090456879642414,0.11020026526974182,0.12146741641153015
9,l56,0.001939869721614435,-0.0012543379815062121,0.0023100775546906526
9,l57,0.02076895874899492,0.019627369355035625,0.028575921250529164
9,l58,0.13660763863935835,0.2977017489324994,0.327548436497704
9,l59,0.0048728799303717095,0.0035138371247885516,0.006007662619968075
9,l60,-9.173245351978788e-08,-0.011136911018986093,0.011136911019363885
9,l61,0.4875153326112777,0.18420005912071793,0.5211533951833767
9,l62,0.2622676926905988,0.08989531792909838,0.27724629991187266
9,l63,0.49391096803864637,0.1642449839188921,0.5205040432997518
9,l64,0.38613923896705094,0.10690172966226237,0.4006638137826234
9,l65,0.09806901521390682,-0.015255387459550547,0.09924846896333717
9,l66,0.15875661770260194,0.16005852314845107,0.2254382276740867
9,l68,0.7705557440565317,1.6120823879429809,1.786775246138825
9,l69,0.1514191581129853,0.15229277004032338,0.21475765236703456
9,l70,0.06431416937013273,0.06377267062732062,0.09057188250616656
9,l71,0.024173041123242003,0.023300906175543788,0.03357481415804775
9,l72,0.09305272262290236,0.09301470666085515,0.131569543750595
9,l73,0.2767162694890576,0.5925441517909349,0.6539728324797439
9,l74,0.027375411457047447,0.026081767591032985,0.03781100042468201
9,l75,1.1943006664893119e-05,-0.0018948495794538758,0.001894887216740017
9,l76,0.39117724049546815,0.7919722619899258,0.8833117780506999
9,l77,0.12227642721303346,0.2858667171844863,0.3109200936668766
9,l78,0.09554572086322878,0.19253577357559698,0.2149395470396911
9,l79,0.005694031872323525,0.008499285568973626,0.010230339884187596
9,l80,0.46055049992473507,0.9506176288547576,1.0563051828285068
9,l81,0.1841400252124149,0.38106739146640756,0.42322559672619176
9,l82,0.27121039931170526,0.5429620345639414,0.6069290334731313
9,l83,0.1382470719749981,0.13689740547852125,0.19455886650680038
9,l84,0.28336463692090547,0.5793864980117651,0.6449683957649814
9,l85,0.04327771209077764,0.04159697118870463,0.06002723028664711
9,l86,0.07036522967864767,0.1443913228189922,0.16062415650563663
9,l87,0.017682795760410954,0.017151206225189525,0.024634227020212906
9,l88,0.023714104894352203,0.048741149821391445,0.054203860165597674
9,l89,0.026462988243671135,0.025580371861637103,0.03680550463401245
9,l90,0.008240526600953672,0.013549513393154484,0.01585861254499579
9,l91,0.03203231644201151,0.031004733061057776,0.04457984711535706
9,l92,0.005810555597825441,0.008494588676567218,0.01029177308045045
9,l93,0.02441532648057182,0.02353566818701438,0.03391217840484672
9,l94,0.009145750954752386,0.014564347406086897,0.017197818928327634
9,l95,0.004391427130885858,0.0034607223616349076,0.005591174430314288
9,l96,0.01620478136278689,0.02729120162635445,0.031739638076481856
9,l97,0.02648261289719085,0.044145128240103075,0.05147932724111306
9,l98,0.008322515042789747,0.01216234745865222,0.014737264072494791
9,l99,-1.4153759379876352e-07,-0.017420115493027338,0.017420115493602333
9,l118,0.384530944825412,0.782368436399338,0.8717593806792497
9,l101,0.42298617040953834,0.8606209121752764,0.9589502879874074
9,l105,0.5232629397239361,1.0650566004711872,1.1866548218819901
9,l108,9.61943709965836,19.933923225924268,22.13356874277907
9,l114,6.836171731652575,14.136622310098966,15.702781100271174
9,l116,-7.185209502058587e-08,-0.00816325303201469,0.008163253032330908
9,l117,0.37544684528608924,0.7690786187843187,0.8558284030729946
9,sw1,0.0004745393603807315,-1.8494552932679652e-08,0.00047453936074113207
9,sw2,0.0,0.0,0.0
9,sw3,0.0003121092427754775,-1.512090238975361e-08,0.00031210924314176223
9,sw4,1.9381593680009246e-05,-1.3429962564259766e-10,1.9381593680474545e-05
9,sw5,6.395943847019226e-05,-3.897075657732785e-09,6.395943858891749e-05
9,sw6,5.152128723651117e-19,-1.3877787807814457e-20,5.153997447080738e-19
9,sw7,0.00016450004052603618,-9.298877557739616e-09,0.0001645000407888602
9,sw8,1.5521592376899206e-06,-1.675016392255202e-11,1.5521592377803005e-06
9,sw9,2.2304419966530985e-05,-3.0340743251144886e-09,2.2304420172893825e-05
10,l115,14.169780857548815,30.01198594447729,33.18888352871273
10,l1,0.0038956274739284707,0.0030586210426226897,0.004952885633446489
10,l2,0.13787265995798226,0.13852576126300117,0.195443743561628
10,l3,9.520008327005431,20.14848036025427,22.28434022747375
10,l4,0.01831734026164486,0.01757826311322424,0.02538740412761052
10,l5,0.06291911514206731,0.0621751025694939,0.0884565341271509
10,l6,0.021236582951140007,0.02029342666126104,0.02937372331007138
10,l7,6.220784118907992,13.146876806241227,14.544364022278232
10,l8,0.005024578252989158,0.003952157004032415,0.006392646682316648
10,l9,0.12424207203413243,0.1248918076143891,0.17616485481651592
10,l10,8.394336813275354,17.657948415300517,19.55167595814036
10,l11,0.07951550655728351,0.07861234546184642,0.11181510024175663
10,l12,0.08396764019933471,0.08439102955701673,0.11904793349881468
10,l13,21.666012286992625,43.51723210428788,48.612401488083044
10,l14,0.020167079125269084,0.019272060555074858,0.027894863299240888
10,l15,0.005515313178060751,0.00441806558803728,0.007066681186546467
10,l16,0.035161108627187784,0.03382683786085181,0.04879096760218286
10,l17,0.008194746931083501,0.006610833281310988,0.010528864798153287
10,l18,0.09005015781488328,0.09016039749332412,0.12742812954226232
10,l20,0.02781912494093558,0.026735993116653846,0.03858389612795921
10,l21,0.00017793296513195854,-0.0024523033074867725,0.0024587500181985186
10,l22,0.0381892377930435,0.08301392050362665,0.0913768509010683
10,l23,3.8833213288626214e-05,-0.002570763412720794,0.002571056697670859
10,l24,0.04208848442526869,0.09164157364674339,0.10084452658259434
10,l25,0.018438537578666002,0.038196361680478734,0.04241393301340755
10,l26,0.018471672167564974,0.03832637128411443,0.04254542758597903
10,l27,0.008313880618568492,0.0163797822049336,0.0183689378032827
10,l28,0.02177590436505125,0.021035959090815595,0.030277080205764976
10,l29,0.04391050666294177,0.04220277639667256,0.06090325878788258
10,l30,0.007309950471749289,0.010469305752787933,0.012768779849491733
10,l31,0.014809653167078978,0.025814338745175518,0.029760811678780575
10,l32,-5.0787916675172746e-08,-0.004369465209940296,0.00436946521023546
10,l33,0.007255219785671216,0.005971774786117748,0.009396824369674404
10,l34,0.021087978227995335,0.020892081063804652,0.029684707795782497
10,l36,0.5274890492252889,1.0804669356077794,1.2023533157912714
10,l41,0.5274912469805276,1.0804827355890738,1.2023684782740773
10,l43,0.4430838219089201,0.9078703423478437,1.0102236543222527
10,l45,3.0235062471280107,6.259598121191746,6.951558002724953
10,l52,0.00496784804321764,0.007709259484528289,0.009171270139969202
10,l53,0.012424007134497412,0.026772738743546527,0.029515004541897667
10,l54,0.0028787222267483968,0.0006097358898908933,0.0029425872143738216
10,l55,0.051917653806400364,0.11225537107906597,0.12367987351570198
10,l56,0.0019742875151765246,-0.0010572789124860082,0.002239564665592287
10,l57,0.021342871213899342,0.020239567441352847,0.029413572409113506
10,l58,0.13910217498693175,0.303717835289672,0.33405678942230665
10,l59,0.005059039016803581,0.003733507195913262,0.0062875234993976
10,l60,-2.1147615827375297e-07,-0.010898606957042428,0.010898606959094165
10,l61,0.49682737945139527,0.18963783954326938,0.5317893898520161
10,l62,0.2675648888985161,0.09310168839407561,0.2833000073298672
10,l63,0.5040864350917109,0.17046224750702094,0.5321282851612142
10,l64,0.3922670819539926,0.11171037286346837,0.4078635445709698
10,l65,0.09947427699639956,-0.01318084799611097,0.10034374189680695
10,l66,0.1613132183903217,0.16267181617582538,0.22909402917881808
10,l68,0.7906758760132361,1.6525205023154559,1.8319367760603054
10,l69,0.15385412945135613,0.15478944027088437,0.2182449632147517
10,l70,0.06534624309036735,0.06484989399877304,0.09206324042568502
10,l71,0.024560677966182994,0.023719434903920047,0.034144377199179475
10,l72,0.10138370186105021,0.10148462400739663,0.14344958666016777
10,l73,0.2728271920351835,0.5860934650341223,0.6464829668827375
10,l74,0.03052570332977484,0.029311078306647687,0.04231971024565101
10,l75,6.921276107118501e-05,-0.0017946506246856017,0.0017959847635710938
10,l76,0.38056041330937296,0.771429198189202,0.8601913949796498
10,l77,0.12605503529785347,0.29629621148088336,0.32199583360948547
10,l78,0.09333889175279182,0.18827467696083477,0.2101416253347872
10,l79,0.005800668643183729,0.008857351416426353,0.010587749091383157
10,l80,0.4499895316183829,0.9305812817081168,1.0336692413106106
10,l81,0.18052587327253422,0.3743755398829526,0.41562800168355274
10,l82,0.26486825039650286,0.5303465073252446,0.5928090821674296
10,l83,0.14744259300320844,0.14628359400455884,0.2076973955214662
10,l84,0.2769675431521209,0.566705642720568,0.6307664428701435
10,l85,0.046158156456425785,0.04456543356662587,0.06416115083473195
10,l86,0.0729348944948306,0.1506537376397464,0.16737994951545904
10,l87,0.017613668547564885,0.01709787064948978,0.024547474421010414
10,l88,0.023773407176906403,0.04903222067456954,0.0544915915814419
10,l89,0.02652028079018055,0.025657726713106968,0.036900463862592596
10,l90,0.008096003463921989,0.01336856341548264,0.01562893981950208
10,l91,0.03253004472363682,0.0315335998118062,0.045305316760982435
10,l92,0.006018718070277828,0.009087282671618596,0.010899709792622392
10,l93,0.02481169630827935,0.02396312168066288,0.03449422378278048
10,l94,0.009748793737904634,0.016095796440738924,0.018817907492755734
10,l95,0.004680825996256317,0.003775770572985493,0.006013865265122934
10,l96,0.01675141164370143,0.028555013497600156,0.03310586938754007
10,l97,0.027594537553202826,0.04679862950345705,0.054328355636600684
10,l98,0.008469001034849499,0.012629748955980177,0.01520639790415088
10,l99,-2.6651378508118513e-07,-0.0170495139380197,0.017049513940102737
10,l118,0.631626412488753,1.2872853151393937,1.4338951870785188
10,l101,0.6947917657279759,1.4160336991865625,1.5773037231159315
10,l105,0.8589323411330115,1.7511058789636735,1.9504195871620484
10,l108,12.068904018782545,24.952715380796455,27.718160997613488
10,l114,9.017992250408046,18.605077140804745,20.675422115248697
10,l116,-1.6310068231911724e-07,-0.007989081183484681,0.007989081185149568
10,l117,0.38317976185726,0.7855307712298236,0.8740053331907695
10,sw1,0.0006019875055644662,-3.9290811400860546e-08,0.000601987506846692
10,sw2,0.0,0.0,0.0
10,sw3,0.00041253834113013,-3.5734788980334996e-08,0.0004125383426778348
10,sw4,1.9759915448958055e-05,-2.700689947232604e-10,1.975991545080364e-05
10,sw5,6.604826881084591e-05,-7.912545697763562e-09,6.604826928480519e-05
10,sw6,4.9916668021232625e-19,0.0,4.9916668021232625e-19
10,sw7,0.00020691332791466266,-2.130067878169939e-08,0.00020691332901106113
10,sw8,1.5822953409951878e-06,-3.087916411459446e-11,1.5822953412964978e-06
10,sw9,2.1888560397201216e-05,-4.614266799762845e-09,2.1888560883561612e-05
11,l115,11.11847478236456,23.72518479344729,26.20123804268224
11,l1,0.00409997237097923,0.00325783731723277,0.005236723921341229
11,l2,0.14622497920693422,0.14698880210296192,0.20733415658721563
11,l3,7.346938242475968,15.675932294494386,17.312202483806846
11,l4,0.01928523689348367,0.01855178418716605,0.026759840406193905
11,l5,0.06706674176585511,0.0663684472526329,0.09435421899318233
11,l6,0.022691930885957844,0.021758907115912735,0.03143841227244158
11,l7,4.779335602719686,10.17978029510891,11.245887055279882
11,l8,0.005276777531020343,0.004195123689763932,0.006741175259871212
11,l9,0.13171590964094504,0.13245631300757668,0.18679870371098062
11,l10,6.303013333325624,13.348899427578639,14.762150690454623
11,l11,0.08485248802809656,0.08400077328624685,0.11939880500761182
11,l12,0.08885099505881953,0.08933916695863445,0.12599994474524637
11,l13,16.13490647190076,32.33206605438627,36.13443928169056
11,l14,0.02158872564972262,0.020700676303647924,0.02990971538827145
11,l15,0.005849962331994902,0.004744906130810704,0.007532343159732185
11,l16,0.03689494692691369,0.035565382139015125,0.05124581461381948
11,l17,0.008598646252987237,0.007000187328509128,0.01108780140597004
11,l18,0.0969007824146829,0.09708700972508813,0.13717014649673986
11,l20,0.02992485812638188,0.028848519730196132,0.04156602247638808
11,l21,5.887996228227621e-05,-0.0026165424615564917,0.0026172048645618988
11,l22,0.04097558386523815,0.08902986584062637,0.09800671142680534
11,l23,7.976309238347312e-05,-0.0025719200474228787,0.002573156598662871
11,l24,0.04501025326599483,0.0980109049212424,0.10785203003444031
11,l25,0.019620809703272242,0.04083707780137775,0.045306104409536266
11,l26,0.018645491759467406,0.038847192077528236,0.04309012294320752
11,l27,0.008860493380886824,0.017615205782153254,0.019718108877383365
11,l28,0.023174206285184483,0.022438802592499998,0.03225745958276114
11,l29,0.04679663334893121,0.045093781829538784,0.06498749150786129
11,l30,0.00751595835432272,0.010856549953447939,0.013204329096005748
11,l31,0.014921858545290888,0.026098435530549524,0.030063103625339826
11,l32,2.758996445538532e-08,-0.004439928355933659,0.0044399283560193825
11,l33,0.0077283730309100065,0.006429221818410952,0.010052991738543734
11,l34,0.022127645635308,0.021941964219735384,0.031162196571838656
11,l36,0.2769057785451587,0.5648344253031974,0.629058612689862
11,l41,0.2769074006555602,0.5648460176258668,0.6290697355346385
11,l43,0.23676684696701705,0.4832471472186735,0.5381322747407827
11,l45,2.4502334981092138,5.0910573912010655,5.650000845642372
11,l52,0.005368967141864754,0.008572111304711364,0.010114687360011863
11,l53,0.013427032404631922,0.029083294532263732,0.032033158134118424
11,l54,0.0031154123963315224,0.0010015052878010943,0.0032724313958751943
11,l55,0.05610711002659569,0.12172766192181474,0.13403593351220464
11,l56,0.0021386211102743494,-0.0008000115083078277,0.0022833568855384952
11,l57,0.022890262727356458,0.02177838200768383,0.03159528525903843
11,l58,0.15020691709525255,0.32888643262604694,0.36156383047637297
11,l59,0.005369616524847515,0.004017628829236855,0.00670627489992996
11,l60,1.0774131660728397e-07,-0.01112158861934651,0.011121588619868387
11,l61,0.5361548489615088,0.20757664267481596,0.5749348525259941
11,l62,0.2884907092294452,0.10238426093962334,0.30611995393940133
11,l63,0.5433245130552677,0.18767362922715256,0.5748242493093297
11,l64,0.4244153446494747,0.12592183818218472,0.442701585839844
11,l65,0.10770298080097564,-0.010374652007176337,0.10820150404539362
11,l66,0.1743123822267371,0.17582878327377693,0.2475895143682319
11,l68,0.8740947658021468,1.8276816224022332,2.0259471297320593
11,l69,0.16624657448027574,0.1673257979864138,0.2358725210748722
11,l70,0.07060612149567169,0.070154602655708,0.09953337463605776
11,l71,0.02653714743707678,0.025700886192811596,0.036942600682586015
11,l72,0.10845013510428543,0.10863590962602757,0.15350307053740714
11,l73,0.28046048642334065,0.6035148054752499,0.6654984634637751
11,l74,0.033601124731721936,0.032398618607057866,0.04667661160455343
11,l75,0.0001049568734993045,-0.0017956291737943957,0.001798693991505029
11,l76,0.38610080805989855,0.782193379842036,0.8722960033458907
11,l77,0.1305061674071403,0.307972954953053,0.33448348346938706
11,l78,0.09524647208870737,0.1920191571881587,0.21434375935071148
11,l79,0.006257786924999833,0.009834080091685477,0.01165628707815587
11,l80,0.45816751960160035,0.9473711829933164,1.0523448267483613
11,l81,0.1840817402904213,0.3816493561651732,0.42372434219624594
11,l82,0.27013459163260994,0.5406548725424509,0.6043843055543474
11,l83,0.15347070969748894,0.15235586333228276,0.21625348049632903
11,l84,0.2825085059899502,0.5780223776175407,0.6433668665569502
11,l85,0.048046169552355425,0.046442167375389545,0.0668229699966814
11,l86,0.07746903817531348,0.16068336835030642,0.17838328604498918
11,l87,0.018452595857415873,0.017933480536750722,0.025731459695072456
11,l88,0.024778270425609664,0.05121469996509404,0.056893832511083715
11,l89,0.027518756513032712,0.026667604227084668,0.03832026976987511
11,l90,0.008232331785991847,0.013503519351514115,0.015815066282231255
11,l91,0.03347577989212004,0.03250579175629173,0.04666105803653697
11,l92,0.0062060229046983295,0.009546244059758464,0.011386197606844615
11,l93,0.026803637235600034,0.025960111856576987,0.03731437225337757
11,l94,0.010134836080287864,0.016859931808733814,0.019671609058982922
11,l95,0.004866629955973621,0.003943402448221604,0.006263745684254746
11,l96,0.017860628937953153,0.03069707506085251,0.035514961401511655
11,l97,0.02923804267028754,0.04997305468930426,0.05789792167400959
11,l98,0.00915606860069238,0.014043058432958788,0.016764279953880506
11,l99,1.4822546189300878e-07,-0.017402727432256175,0.01740272743288742
11,l118,0.3111851288117177,0.6321031125945447,0.7045498771167851
11,l101,0.3423055766011821,0.6953275398804181,0.7750183839680335
11,l105,0.43100554953029496,0.8759349303407798,0.9762314202672533
11,l108,9.779551597073034,20.273584759891936,22.509061918621494
11,l114,6.4819985471095425,13.411637483082355,14.895916391493
11,l116,8.360307869045846e-08,-0.008151591369474976,0.008151591369903694
11,l117,0.4130564157799236,0.8469453993351781,0.9423014974369835
11,sw1,0.00046929999510757626,2.052614581771195e-08,0.0004692999955564604
11,sw2,0.0,0.0,0.0
11,sw3,0.0002958535336656496,1.7158701666630804e-08,0.0002958535341632286
11,sw4,2.1315466408850626e-05,1.466250978410244e-10,2.131546640935493e-05
11,sw5,7.306284684455023e-05,5.088513717055321e-09,7.30628470217468e-05
11,sw6,5.169475958410885e-19,3.469446951953614e-21,5.169592381494249e-19
11,sw7,0.00016725045390194283,1.0952382581308485e-08,0.00016725045426055078
11,sw8,1.658092838624725e-06,2.0524566934909672e-11,1.6580928387517558e-06
11,sw9,2.240911497210618e-05,3.808119799941778e-09,2.2409115295674878e-05
12,l115,10.807961919437512,23.09170514260739,25.49586019817986
12,l1,0.004258875789935701,0.0034180512941038616,0.00546086967828619
12,l2,0.15192079138221742,0.1527605480373022,0.2154430595095979
12,l3,7.110567757929326,15.192474736661708,16.77413075137452
12,l4,0.020042637866739824,0.019318872615382135,0.027837495788713373
12,l5,0.06966437751974444,0.06900039762827874,0.09805192689628313
12,l6,0.023568061181766096,0.022646369632715505,0.032685035802474637
12,l7,4.6204152108390115,9.854200120353024,10.88363435312479
12,l8,0.005479492325739557,0.004399151725650882,0.007026903446976899
12,l9,0.13685611359833275,0.13766653012480673,0.19411766881416043
12,l10,6.059231915535405,12.846831753544844,14.204062007402353
12,l11,0.08814511814647995,0.08733780750957885,0.12408647981805736
12,l12,0.09231475364898506,0.09284828369989555,0.1309305828570586
12,l13,15.471236398348585,30.98882507963991,34.636201228051924
12,l14,0.022423955052036034,0.021546893522063328,0.03109826973686586
12,l15,0.006078260504567879,0.004975763603331871,0.007855155899002382
12,l16,0.0383335573294753,0.03702165567661723,0.05329225653479288
12,l17,0.00893373947381042,0.0073384790485943084,0.01156135700221112
12,l18,0.10068982442561537,0.10092677063379961,0.1425645600190624
12,l20,0.031094898464376457,0.030033293949032668,0.04323067725514931
12,l21,2.1481357813115664e-05,-0.0026595171572006394,0.002659603910017066
12,l22,0.04279650347291681,0.09305273182676502,0.1024224175165341
12,l23,0.00016821925804697457,-0.002485740746375825,0.00249142625356861
12,l24,0.046819996578902644,0.10203173550659085,0.1122612450052794
12,l25,0.020377495847424144,0.042569828343977864,0.04719568436041085
12,l26,0.01882336445498004,0.03933634983864067,0.04360811241079957
12,l27,0.009206433836924235,0.018426568564668705,0.020598467250310164
12,l28,0.024067674745114346,0.023342567021671128,0.03352802414097531
12,l29,0.04862374402267596,0.04694396444423182,0.06758701266163505
12,l30,0.007705158609549471,0.011295587077523123,0.01367332280845522
12,l31,0.015136901453714017,0.026665833364218086,0.030662557861791243
12,l32,1.3478986130584957e-08,-0.004445847548179859,0.004445847548200292
12,l33,0.008026394811986392,0.006729503192165794,0.010474217244799331
12,l34,0.022990313690570474,0.022815639141896098,0.03238993536646922
12,l36,0.23706931929831626,0.4827743568555743,0.5378410004730769
12,l41,0.23707082440075464,0.48278510381629897,0.5378513105394167
12,l43,0.2037545429172169,0.4152647890837106,0.4625589246919171
12,l45,2.3985892823216273,4.98497211405879,5.5320138759055855
12,l52,0.005578510347407957,0.009059253413446856,0.010639071862958073
12,l53,0.013951193838607913,0.030313815329388497,0.033370094536076464
12,l54,0.003240793952299178,0.0012594201703755243,0.003476907333652659
12,l55,0.058304191889312636,0.12676155188972243,0.1395273085433693
12,l56,0.0022255550900955614,-0.0006134728901128468,0.0023085589544028697
12,l57,0.023818783375172643,0.022716588111659802,0.0329147051772943
12,l58,0.1561644415806359,0.34251865128723574,0.3764390512338204
12,l59,0.005586927672233287,0.004234889758627105,0.007010567172668043
12,l60,5.6262342457340327e-08,-0.01113946437098914,0.011139464371131225
12,l61,0.5574760298872424,0.2177047996570327,0.5984771538601539
12,l62,0.2999844744419243,0.10777804455702426,0.3187582027097239
12,l63,0.5649878345739562,0.19778328464902006,0.5986062820444865
12,l64,0.44121512432124294,0.13407214704451326,0.4611356921156022
12,l65,0.11194719515301403,-0.008371668093353947,0.11225978500465912
12,l66,0.18112858154569403,0.1827363436325395,0.25729386766292095
12,l68,0.9212146851851721,1.9254214888393326,2.1344517811103367
12,l69,0.17274348347441992,0.17390948492848837,0.24512205129479744
12,l70,0.07336297286192713,0.0729474710120412,0.10345752420289424
12,l71,0.027572986574705284,0.026749694970952986,0.03841634768803387
12,l72,0.11462097968609306,0.11488618670708092,0.1622861820374551
12,l73,0.28332229621859734,0.610370764811727,0.6729219821579848
12,l74,0.036165290548204214,0.03499485183203069,0.05032462513702224
12,l75,0.00019014514233367663,-0.001712131513408849,0.0017226576834533233
12,l76,0.38522490269720583,0.7802178705530532,0.8701368577346972
12,l77,0.13414996807829813,0.31734127458924194,0.34453112848236667
12,l78,0.09539614637110208,0.19226886420865777,0.21463396955408529
12,l79,0.006503196216836947,0.010404658412872166,0.012269819791799468
12,l80,0.45843657403088584,0.9481087861017732,1.0531259956399108
12,l81,0.18448719225671084,0.38263817677029877,0.4247911232933934
12,l82,0.27034277507900695,0.5409600315064891,0.6047503383421295
12,l83,0.15934907805168042,0.1583041799165876,0.22461598797722276
12,l84,0.2828148201952936,0.5787335130345891,0.6441402810191683
12,l85,0.04988718220064038,0.04830356310287607,0.06944037122851102
12,l86,0.08054950928623293,0.1675577162153495,0.18591345220170735
12,l87,0.01882018515387608,0.018305559899672516,0.026254388061173244
12,l88,0.025304371987878767,0.05236602313887124,0.05815936400169573
12,l89,0.02800884872561437,0.027157833279517946,0.03901337610836112
12,l90,0.008266517612231837,0.013537998647443601,0.015862305028321828
12,l91,0.03410457224667334,0.033128804212788965,0.0475461829876791
12,l92,0.006375144396624819,0.009979469701211201,0.01184197118706211
12,l93,0.027849600436711627,0.027019199868504075,0.03880254380860434
12,l94,0.010514911838894688,0.017726656985757164,0.020610621991352444
12,l95,0.005049096294580523,0.004126321394740444,0.006520728613018601
12,l96,0.018553162260293903,0.0321068082648635,0.03708189540481313
12,l97,0.030358176794623434,0.0523277305863412,0.06049636589589759
12,l98,0.009521099122284795,0.014850996074874273,0.01764095838984672
12,l99,6.895864439475115e-08,-0.017433344040689906,0.01743334404082629
12,l118,0.2588953803558543,0.5249598748285789,0.5853287009447253
12,l101,0.28478668786006167,0.5774687640050106,0.6438739247583947
12,l105,0.36069281129550657,0.7319056462136286,0.8159566036742673
12,l108,9.572932936928643,19.84954450941665,22.03736513846984
12,l114,6.142905103173573,12.713722431584312,14.119986585474011
12,l116,4.2599477733107346e-08,-0.00816443949692554,0.008164439497036675
12,l117,0.42953518847122907,0.8810144105195359,0.9801463511527754
12,sw1,0.00045553477562498303,6.505142664536833e-09,0.0004555347756714305
12,sw2,0.0,0.0,0.0
12,sw3,0.0002802058728411794,6.3990955823101104e-09,0.00028020587291424783
12,sw4,2.216243656584993e-05,4.109460860490799e-11,2.216243656588803e-05
12,sw5,7.712619018275291e-05,2.1441883291117846e-09,7.712619021255824e-05
12,sw6,5.152128723651117e-19,0.0,5.152128723651117e-19
12,sw7,0.00016363013064255938,4.222492862027139e-09,0.00016363013069704033
12,sw8,1.7100103868870065e-06,9.064024197869002e-12,1.7100103869110287e-06
12,sw9,2.257582571473904e-05,1.5235564205795526e-09,2.2575825766148545e-05
13,l115,10.69496169222379,22.85112557794785,25.230064323684886
13,l1,0.00417523219278155,0.0033329241801166062,0.005342372829936656
13,l2,0.1490569215681462,0.1498572601297419,0.21136500249796705
13,l3,7.041877445075195,15.046448702089052,16.61275583688799
13,l4,0.019644274810394564,0.018914496566409072,0.027270051580204298
13,l5,0.06839998374769493,0.0677178075836091,0.09625102202374598
13,l6,0.023148562704285724,0.02222032779084111,0.032087363905541906
13,l7,4.57642562155961,9.760903726414647,10.780487606133713
13,l8,0.005371556250112917,0.00428925418025392,0.006873959410045484
13,l9,0.13426781680315616,0.13504261127953943,0.19043201802817375
13,l10,6.005531916611246,12.733694295995345,14.078827508897918
13,l11,0.08655444293934124,0.08572394349160459,0.12182063076626838
13,l12,0.09054808521670929,0.09105736374793924,0.1284149493989581
13,l13,15.344421305764117,30.733129381938888,34.35078611641636
13,l14,0.022028896015370263,0.021145455473713808,0.03053526726339249
13,l15,0.0059635801577314854,0.004858502462018805,0.007692160585370763
13,l16,0.037563393962067496,0.03623963460363666,0.05219501587464639
13,l17,0.008754341868178016,0.007155192922957213,0.011306426814412745
13,l18,0.09894960363037535,0.0991622835375747,0.14008633957311736
13,l20,0.030556225820859255,0.029485864088212112,0.0424629146131523
13,l21,3.58857960358705e-05,-0.002646332111101856,0.002646575416005736
13,l22,0.041882883227644926,0.0910310646964499,0.10020394526778768
13,l23,0.00011152288465473248,-0.0025458688685797595,0.0025483103519401435
13,l24,0.045932430810218645,0.10005424313182994,0.11009377715756173
13,l25,0.019978282893142022,0.04164875469269464,0.04619253786934276
13,l26,0.018727166656739427,0.03907772782268512,0.04333330800634948
13,l27,0.009032497387893247,0.01801360972152771,0.020151331079157425
13,l28,0.023578577691310783,0.022845948173169744,0.032831184472637234
13,l29,0.04770536211758736,0.04601082213189511,0.06627818138741458
13,l30,0.007602130076880712,0.011047405864107532,0.013410352643839453
13,l31,0.015004519011841693,0.026313796035275117,0.03029111177495437
13,l32,1.7498072236645562e-08,-0.004449801255367615,0.004449801255402019
13,l33,0.007863254627583955,0.006562696744333152,0.010242058479441592
13,l34,0.02252848074936628,0.022347240550720016,0.03173218563393187
13,l36,0.23684230707393727,0.4822926252094767,0.5373085284560016
13,l41,0.23684381177340402,0.4823033720892854,0.5373188382181024
13,l43,0.2035578218626324,0.41484815119247653,0.46209823132021943
13,l45,2.383888341875281,4.954916724028466,5.498556480439741
13,l52,0.005484714128794286,0.008833936312236512,0.010398101742301163
13,l53,0.013716578039408841,0.029758855826566816,0.032767880816701934
13,l54,0.003183854507046641,0.0011321270729649862,0.003379148003769808
13,l55,0.05731816997564455,0.12449149375576489,0.13705292637115973
13,l56,0.0021860579836559995,-0.0007085378060108981,0.002298015520063533
13,l57,0.023397254704068473,0.02228795220849861,0.03231384132744624
13,l58,0.15348369188163985,0.3363603737118282,0.36972360578840363
13,l59,0.005488275282237737,0.004133638857256301,0.0068708176933928965
13,l60,5.761363511168436e-08,-0.011151947795846367,0.01115194779599519
13,l61,0.5478715044368874,0.2130532153460372,0.5878391429151543
13,l62,0.29480369219784913,0.10528431901447766,0.3130399411637858
13,l63,0.5552234106681863,0.1931004036532977,0.5878441984446898
13,l64,0.4336724553386885,0.13025980462503503,0.4528127816442895
13,l65,0.110056488858987,-0.009381926141897565,0.11045565299295619
13,l66,0.17807422880941887,0.1796412826139931,0.2529454909368218
13,l68,0.8995545908769127,1.8806344032690832,2.0847024297791257
13,l69,0.16983244810497855,0.1709591123175487,0.2409773402495232
13,l70,0.07212788276325591,0.07169438239619921,0.10169816094247933
13,l71,0.02710894788524456,0.026277922285542446,0.03775479115410273
13,l72,0.1112817353316932,0.11150021540693705,0.15753070384603243
13,l73,0.2823367580670747,0.6077619913355448,0.6701407934665466
13,l74,0.03479724856805842,0.03360591325994028,0.048375674816397894
13,l75,0.00013512369704631055,-0.0017702622863205305,0.0017754117764260365
13,l76,0.38646100368494807,0.7826943804761395,0.8729046915890103
13,l77,0.1322509361272605,0.3123558733366081,0.33919979615915435
13,l78,0.0955159231616999,0.1925090497985948,0.2149023634858156
13,l79,0.006391651030007246,0.010136476777970293,0.011983378670463672
13,l80,0.4591982533276023,0.9494315377047751,1.0546484156568836
13,l81,0.18460970971760982,0.38276693694826097,0.4249603192567209
13,l82,0.2707827537191479,0.5418783557410642,0.605768480636261
13,l83,0.15607533934579987,0.1549835688956955,0.21995321816139307
13,l84,0.2832228322514675,0.5794992736642598,0.6450074270006103
13,l85,0.04886185753205791,0.04726181518290105,0.06797911661580945
13,l86,0.07901962275336337,0.1640659209768637,0.18210361667487648
13,l87,0.01867118189966277,0.018154111750896845,0.026041981625720145
13,l88,0.025074825535652052,0.051835653692411145,0.05758195784586492
13,l89,0.027793721213558456,0.026937121356022543,0.03870528963650957
13,l90,0.008261689603015838,0.013530190540710463,0.015853124965271387
13,l91,0.03379067434911849,0.032814561288498224,0.04710207113837756
13,l92,0.006286735569723532,0.00974465166312075,0.011596606407013607
13,l93,0.027380597636867607,0.026542400680198624,0.0381339240155042
13,l94,0.01030132848216574,0.01722554121496188,0.0200707906831253
13,l95,0.004946476151017123,0.004021265462599331,0.006374809976248342
13,l96,0.018215197819648893,0.031406295656306614,0.03630631953889413
13,l97,0.029787240347242915,0.05110629531039376,0.05915347080144657
13,l98,0.00935611823448562,0.014473623119123659,0.017234346944752656
13,l99,9.584345375770793e-08,-0.017451611573882097,0.01745161157414528
13,l118,0.26889462457204355,0.5454827493422927,0.6081576678409694
13,l101,0.2957858901495638,0.6000441750746831,0.6689860273971548
13,l105,0.37412856982645465,0.759487093608288,0.8466361863976479
13,l108,9.514125185581738,19.72875506197813,21.9030215801941
13,l114,6.110768410802935,12.648215979752386,14.047023102455931
13,l116,4.419595845209234e-08,-0.008173637502836653,0.00817363750295614
13,l117,0.42209902370965574,0.8656146901806787,0.9630453663629959
13,sw1,0.0004507752552162856,1.0773743269965052e-08,0.0004507752553450344
13,sw2,0.0,0.0,0.0
13,sw3,0.00027873776969499886,8.126655302476139e-09,0.000278737769813466
13,sw4,2.1780628972919658e-05,9.957875590771437e-11,2.178062897314729e-05
13,sw5,7.522857771255076e-05,3.4281256375834347e-09,7.522857779065968e-05
13,sw6,5.19983361924048e-19,2.7755575615628914e-20,5.207236010164993e-19
13,sw7,0.00016262140002800153,5.883164703845978e-09,0.00016262140013441933
13,sw8,1.6838708143041004e-06,1.3249518815428018e-11,1.6838708143562272e-06
13,sw9,2.252561366185546e-05,2.790824510157108e-09,2.2525613834740906e-05
14,l115,12.260417338213419,26.08246715753127,28.820356110410252
14,l1,0.004032362810889026,0.0031922150425161815,0.005142974500841652
14,l2,0.1434056745665148,0.1441305181193311,0.20331943771126257
14,l3,8.155982052590465,17.34408198075209,19.166043488347487
14,l4,0.018966143138328333,0.01823096714072017,0.026307465640566317
14,l5,0.06564841146575781,0.06493419802939752,0.09233722977054519
14,l6,0.022191330815410765,0.021254962266266376,0.0307283026589398
14,l7,5.315491657748469,11.285290839152353,12.474463551105098
14,l8,0.005193659950207803,0.004115528890961287,0.0066265889966655965
14,l9,0.12920389085408532,0.12991451822104863,0.1832250732199105
14,l10,7.077100315900403,14.946089444401528,16.536956750302288
14,l11,0.0830176481390372,0.0821493480456702,0.11679231689998124
14,l12,0.08721168759159627,0.08767656055886619,0.12366510309706097
14,l13,18.17547272113268,36.45003260189506,40.73024288309426
14,l14,0.021095337298247613,0.02020545139297974,0.029210845960377523
14,l15,0.005737308087809652,0.004635570486143479,0.0073759892778155894
14,l16,0.03633001440211956,0.03499923382563793,0.050446172449848885
14,l17,0.008467046291996667,0.006874304332221072,0.01090627951974494
14,l18,0.09449299118467025,0.09465336135064717,0.13374671658774415
14,l20,0.029185390882797948,0.028107626412005628,0.04051944845995046
14,l21,9.024139880307302e-05,-0.0025686052564833518,0.0025701899684054176
14,l22,0.040030485170493194,0.08702042814490688,0.09578619241575466
14,l23,6.63982991982266e-05,-0.0025693999250036227,0.0025702577125154276
14,l24,0.04401724894925428,0.09586845554387946,0.10549065822824986
14,l25,0.019303963549711624,0.04014242304852087,0.04454275627905187
14,l26,0.01857224893452076,0.03864101363274676,0.042872559581297785
14,l27,0.008689882595188686,0.017233591834970044,0.019300537480922895
14,l28,0.022857774967960723,0.022122795395742287,0.03181031204826208
14,l29,0.04589596774846723,0.04419447026374837,0.06371492021074564
14,l30,0.00744345332998273,0.010725725977533785,0.013055504403154021
14,l31,0.014894177297188435,0.02602799217417487,0.029988212583930234
14,l32,-1.8817360696100052e-08,-0.004412988076404211,0.0044129880764443305
14,l33,0.007622804251815978,0.006330476219673074,0.009908686786317854
14,l34,0.0217889096820727,0.021599663534343564,0.030680646178501074
14,l36,0.3482926520320179,0.7117554025504287,0.79240363737127
14,l41,0.34829444748233074,0.711768300663076,0.7924160119380633
14,l43,0.2922759267554793,0.5975273428957444,0.6651797823662583
14,l45,2.704549578894395,5.610493197727563,6.228340256155335
14,l52,0.0052253418899618626,0.008265989198086807,0.009779098899687946
14,l53,0.013067937694922692,0.028257966409739328,0.0311333207546567
14,l54,0.0030317135951818987,0.0008674482677455504,0.0031533718176620894
14,l55,0.054609802683266116,0.11834797553711698,0.1303398398911066
14,l56,0.0020806525944132253,-0.000886362747512338,0.0022615822202201948
14,l57,0.022271961754609947,0.02116290547760582,0.030723099593837965
14,l58,0.14616613081277066,0.31975041464804965,0.35157483622178604
14,l59,0.005224706136763416,0.0038824467186204855,0.006509296946557306
14,l60,-7.396935676342622e-08,-0.011034252810448533,0.011034252810696464
14,l61,0.5218632777052117,0.20109332656257903,0.5592672050149472
14,l62,0.2808127851108875,0.09900046618987107,0.2977531067638846
14,l63,0.5288676906606706,0.18137061997290585,0.5591031532857841
14,l64,0.4130079914538219,0.12093174812418875,0.4303487988935166
14,l65,0.10477399203369714,-0.011331516944719624,0.10538497370567447
14,l66,0.1696614924663445,0.17112275800071075,0.24097306972289928
14,l68,0.8439778451463208,1.7640112997020625,1.955513863048377
14,l69,0.16181272359599824,0.16284203101516323,0.22956673230827307
14,l70,0.06872418702459254,0.06825806956654924,0.09686164330189247
14,l71,0.02582998405424587,0.02499304942213712,0.035942184069140605
14,l72,0.10617546455294359,0.1063316760818052,0.15026528079166965
14,l73,0.2775659814408136,0.596806208731432,0.658194898820697
14,l74,0.03259135194520059,0.03138611434321501,0.04524692691422587
14,l75,9.609669548081001e-05,-0.0017902369451006166,0.0017928142387000166
14,l76,0.38384262805097386,0.7776442618175934,0.8672172513545311
14,l77,0.12900530636736948,0.30397097987700544,0.3302131518857565
14,l78,0.09450864155951422,0.19053771406546002,0.2126887486697774
14,l79,0.006094965921039195,0.009489849354137598,0.011278557103763538
14,l80,0.45497816263674756,0.940683475716185,1.0449356582880083
14,l81,0.18271046767255758,0.3788258749728557,0.4205854949306673
14,l82,0.2680635004156466,0.5365752454872709,0.5998091649223228
14,l83,0.15160430925069524,0.15047313500511883,0.21360250687117216
14,l84,0.28033159610644,0.5735586769839865,0.6384006263461881
14,l85,0.04746150881084031,0.04586228662599751,0.0659995769165729
14,l86,0.0759209352566104,0.1572142521765636,0.17458610912004013
14,l87,0.01814300722781627,0.01762569539805918,0.0252949372312674
14,l88,0.02442202547510533,0.05042576568121149,0.05602850321794381
14,l89,0.02716771223010437,0.026306613789594847,0.037816960704063256
14,l90,0.008177131328913675,0.013441894134943141,0.015733721578359023
14,l91,0.03316053351861774,0.032169059724648834,0.046200318037946386
14,l92,0.006141463980187837,0.009388482568861945,0.011218787134346084
14,l93,0.02609117709626298,0.02524699905162561,0.0363064799089824
14,l94,0.010012948966495254,0.016627703462463964,0.019409782828287248
14,l95,0.004807872453795426,0.003891653462922477,0.0061855156783764895
14,l96,0.017474629411910428,0.029957208144056495,0.03468136376888789
14,l97,0.02867248366388958,0.04890420884428022,0.056689795926083475
14,l98,0.008912708048264904,0.013546648674582685,0.01621567313022123
14,l99,-1.0017294641063011e-07,-0.01726476144605642,0.017264761446347032
14,l118,0.4353119829740899,0.8860078795298468,0.9871709502967609
14,l101,0.4788454394413857,0.9746252250709658,1.0859039019261532
14,l105,0.5908806010396511,1.2030514415478393,1.3403255782440748
14,l108,10.795131814558408,22.34967843335129,24.820213475469927
14,l114,7.407843928140472,15.308023948101749,17.00622676725629
14,l116,-5.714947362686629e-08,-0.00808797456445084,0.008087974564652748
14,l117,0.40205232280906056,0.824264647058575,0.9170922956097486
14,sw1,0.0005188777896109969,-1.38309842441231e-08,0.0005188777897953332
14,sw2,0.0,0.0,0.0
14,sw3,0.00033841882820706814,-1.177706872113049e-08,0.00033841882841199075
14,sw4,2.0747334085172043e-05,-9.937502909451723e-11,2.0747334085410035e-05
14,sw5,7.054135907674208e-05,-3.2424723030999303e-09,7.054135915126309e-05
14,sw6,5.165139149720943e-19,2.0816681711721686e-20,5.169332245051454e-19
14,sw7,0.0001848186139250174,-7.475187885574997e-09,0.00018481861407618842
14,sw8,1.6320357499353122e-06,-1.3754288374911993e-11,1.6320357499932706e-06
14,sw9,2.2199558516149408e-05,-2.170301740989089e-09,2.219955862223732e-05
15,l115,11.628785971484497,24.76861018769152,27.36261525878714
15,l1,0.0038670288349603654,0.0030229671636498095,0.004908384915929057
15,l2,0.13788906068107462,0.1385427738852377,0.19546737132146935
15,l3,7.7348222780941285,16.47070943456475,18.19647616852124
15,l4,0.018176741400056925,0.01742920455087369,0.025182754003498894
15,l5,0.06326513872369105,0.06251701136138944,0.08894298447481942
15,l6,0.021409645853163965,0.020460118267088545,0.029614006400032256
15,l7,5.0399270594691625,10.71449932141372,11.840665541824267
15,l8,0.004979494042054285,0.003895921840003211,0.0063224653338921615
15,l9,0.1241924276623031,0.12483172757431749,0.1760872491063592
15,l10,6.702049244608381,14.171502830026176,15.676382125305432
15,l11,0.08003363731682475,0.07911816160300077,0.11253917805635327
15,l12,0.0837828201494267,0.08420544305280782,0.11878601597793757
15,l13,17.222334502065323,34.534967938254994,38.591097628822766
15,l14,0.020366642886328917,0.019462846600363265,0.02817095206499994
15,l15,0.005515701189186074,0.004406864826867605,0.007059987054568268
15,l16,0.03478917549693142,0.03343406038335161,0.048250628239162804
15,l17,0.008108156196078199,0.006505006081166357,0.010395061376250386
15,l18,0.09136659446696285,0.09147832943668618,0.1292909097385324
15,l20,0.02821552991727367,0.02711776875198848,0.039134249840758265
15,l21,0.00018012333404931268,-0.00248619248620048,0.0024927088666566667
15,l22,0.0384226850756786,0.08337692391064956,0.09180421651115499
15,l23,1.732759675928719e-05,-0.0026299609456195867,0.0026300180267621216
15,l24,0.042440008623516406,0.09229401161167061,0.10158414694891785
15,l25,0.018514364072885654,0.03830044996415018,0.04254064109154598
15,l26,0.018419248979676922,0.038205865783427724,0.0424141121943702
15,l27,0.008353698690458173,0.016426694588119267,0.018428797489318437
15,l28,0.021867135037384286,0.021117183173391823,0.0303991286046456
15,l29,0.044120224059559406,0.04238394822305418,0.06118000684897201
15,l30,0.007253655495831481,0.010247474856520057,0.012554929668748329
15,l31,0.01461119749694535,0.025283049254611795,0.029201364213095733
15,l32,8.110994309023962e-08,-0.004431414419077348,0.004431414419819642
15,l33,0.007292421075428137,0.00599008558809146,0.00943718869653508
15,l34,0.020864907445597054,0.020663336024659657,0.029365248481518575
15,l36,0.31920285579224583,0.6519545995135558,0.7259030672016796
15,l41,0.3192045671217202,0.6519669228603452,0.7259148876936965
15,l43,0.2635059138178767,0.5383149933321911,0.599348311637925
15,l45,2.6039757497432294,5.4077885734682205,6.002071888988357
15,l52,0.005061416400096469,0.007857880148248932,0.009346882710262825
15,l53,0.012657650848794359,0.027276972451190575,0.030070739118169248
15,l54,0.0029314018046468398,0.0006249842879977918,0.0029972857555680033
15,l55,0.05288180493723902,0.11433846761534344,0.12597527721757606
15,l56,0.0020111322085656766,-0.0010718899732011906,0.00227894731728917
15,l57,0.02152803742975084,0.020403001307717203,0.0296603920732593
15,l58,0.1414649059228756,0.3088857582097772,0.33973921061984735
15,l59,0.0050507145388110075,0.0036994723139505367,0.006260655936420994
15,l60,2.824489801763522e-07,-0.011092187971420277,0.011092187975016387
15,l61,0.5048666763433721,0.192732709721633,0.5404037918803369
15,l62,0.2716229057784512,0.09448086540172516,0.2875858773837622
15,l63,0.511530949407359,0.17286110627738527,0.5399489552402482
15,l64,0.3997598985384975,0.11399006551901403,0.41569425244587993
15,l65,0.1014721015867617,-0.013295836014207453,0.10233946773239923
15,l66,0.16430724770687813,0.16568512683264272,0.2333418798727702
15,l68,0.8069173585224199,1.688467961295668,1.8713737413479832
15,l69,0.15670971751579782,0.15765742042314376,0.22229214511169992
15,l70,0.06655909072247596,0.06605313007984295,0.09377168309861691
15,l71,0.025016528626954825,0.024160775554068096,0.034778869733177134
15,l72,0.0995491667742317,0.09962079052567424,0.14083443652176858
15,l73,0.27684502691151286,0.5947498877776379,0.6560263698489179
15,l74,0.02994410699105356,0.028695427886559627,0.041473812521691404
15,l75,2.8443334554822287e-05,-0.0018684024045164734,0.0018686188933229636
15,l76,0.38740383153774016,0.7852537217872742,0.8756170031874024
15,l77,0.12548897979178947,0.2948463201002232,0.32044006697950156
15,l78,0.09501613046416606,0.19165505290191504,0.21391522702047014
15,l79,0.0058971255660677045,0.00899767260263437,0.010757983184880263
15,l80,0.4576968483655219,0.946245077771513,1.051126135252353
15,l81,0.18345263886469185,0.38016401166346625,0.4221131915380982
15,l82,0.26975953767641475,0.5400981690941844,0.6037186765591099
15,l83,0.14490264716942328,0.1436908028865655,0.20406818466113769
15,l84,0.28197638661468954,0.5768311412960465,0.6420629627826047
15,l85,0.04536277949425858,0.04373090084448632,0.06300931242376019
15,l86,0.07306437540737169,0.15084310589195957,0.16760681832432195
15,l87,0.0179204090748608,0.0173970254575288,0.024975939545495752
15,l88,0.024049135633011247,0.049594361241433946,0.05511770669794614
15,l89,0.026808197457547065,0.02596119610599635,0.037318402352952265
15,l90,0.008203829501412655,0.013490941539319465,0.0157895003754262
15,l91,0.03256719657944632,0.031615037444356855,0.04538868675840254
15,l92,0.005976566291836207,0.008941866903700428,0.010755293039439041
15,l93,0.025268355111198616,0.024405054838774958,0.03512970924601071
15,l94,0.00958064707458703,0.015597703531141918,0.0183051127779424
15,l95,0.004600528338301956,0.0036769900305389457,0.005889407158297188
15,l96,0.01684707393009012,0.028634745458806718,0.033223072517402336
15,l97,0.027601258688300732,0.04653202085756129,0.05410229612749366
15,l98,0.008620965098889427,0.012860476713907701,0.015482664516976134
15,l99,4.4038620648954427e-07,-0.017352990644034432,0.017352990649622518
15,l118,0.429292580445006,0.8740118331687118,0.97374986733969
15,l101,0.4722240741641435,0.9614294297745073,1.0711405718469993
15,l105,0.5735509891737601,1.1678767951792688,1.301113732884408
15,l108,10.394076451457106,21.537929340255133,23.91483275175802
15,l114,7.036024912175489,14.552398783220509,16.16409468267963
15,l116,2.166197333501041e-07,-0.008130413679501217,0.008130413682386931
15,l117,0.38887178149397367,0.7969561556601839,0.8867696298853248
15,sw1,0.0004918910540873184,5.055370274931192e-08,0.0004918910566851263
15,sw2,0.0,0.0,0.0
15,sw3,0.00032143083924893287,4.0939441532827914e-08,0.0003214308418560845
15,sw4,2.0072523184353486e-05,4.046596586704254e-10,2.007252318843243e-05
15,sw5,6.725503684720025e-05,1.3365453924052417e-08,6.72550381752447e-05
15,sw6,5.130444680201407e-19,1.734723475976807e-20,5.133376595574103e-19
15,sw7,0.00017794831871287896,2.799459616653621e-08,0.00017794832091491553
15,sw8,1.5907936212897767e-06,5.517631507245824e-11,1.5907936222466656e-06
15,sw9,2.224098610167857e-05,1.0614166967570781e-08,2.224098863440202e-05
16,l115,14.329774169241311,30.38859651801974,33.59775626550763
16,l1,0.004386063355534133,0.003555868334535262,0.005646392775153879
16,l2,0.15484723208958168,0.1557370660763554,0.2196171647114038
16,l3,9.564193305661437,20.267613562507496,22.410933784811306
16,l4,0.020661457849106227,0.019956491201846803,0.028725552762998003
16,l5,0.07045577216586389,0.06981888502709989,0.09919018367719415
16,l6,0.02374572774983244,0.02283962117937699,0.032947046635269275
16,l7,6.241062054362032,13.205426625512134,14.605962752526189
16,l8,0.005656070140703378,0.0045921752056892725,0.007285547512459419
16,l9,0.13955325068108504,0.14041669190525863,0.19796958640476595
16,l10,8.364670934974566,17.612997692062724,19.49834371301868
16,l11,0.089005164695649,0.0882377845845731,0.12533086599434765
16,l12,0.09442309982138977,0.09499267337929632,0.13393778322648844
16,l13,21.49459190522693,43.16365948169114,48.21948756492164
16,l14,0.0225358099063742,0.02167644790331906,0.03126869235899606
16,l15,0.006193438453203271,0.005108480441103893,0.008028402848061248
16,l16,0.03968493553079316,0.03841719550440757,0.05523382132812361
16,l17,0.009248393275498529,0.00768268923965843,0.012023164813452813
16,l18,0.10055274554723291,0.10081141029129503,0.1423860775567836
16,l20,0.031067970867065014,0.030033823205511,0.043211680714092704
16,l21,1.5479191962697313e-05,-0.002617677673376079,0.00261772343976124
16,l22,0.04335522462386143,0.09444844395236578,0.10392393404412989
16,l23,0.0003928711291819127,-0.0022057529678711487,0.0022404673350479923
16,l24,0.04710231270082295,0.10284042818969283,0.11311402005059087
16,l25,0.02058576380996237,0.04312996711551386,0.04779087501840559
16,l26,0.018948881873155188,0.03967890830655051,0.04397130756120896
16,l27,0.00928403505457044,0.018673169925379797,0.02085379058964104
16,l28,0.024318033340576223,0.023615819773840484,0.03389798945577587
16,l29,0.04903450619228533,0.04740415757204755,0.06820217703737017
16,l30,0.007882561361238914,0.011841520577049777,0.014225202395410407
16,l31,0.015533920745416253,0.027749936904071546,0.03180191333716928
16,l32,-4.0673056079843166e-08,-0.0043626319757551595,0.004362631975944758
16,l33,0.00810197843181595,0.0068336485599793375,0.010599094638265975
16,l34,0.023800587497316884,0.023643224202853162,0.03354802551453391
16,l36,0.4072323762801243,0.8330962746381556,0.9273012515395037
16,l41,0.40723425403286817,0.8331099532977241,0.9273143652189599
16,l43,0.3239547262216802,0.6627220953782962,0.7376633651903579
16,l45,3.206171938668005,6.637217790505543,7.371037816949893
16,l52,0.005532248564568141,0.009050663720422722,0.01060755805830646
16,l53,0.013835713176627417,0.030106288366027304,0.03313329983995395
16,l54,0.0032191575761221936,0.001349094339140123,0.0034904198939103076
16,l55,0.05784600069857062,0.12589154827378277,0.13854545002846252
16,l56,0.0022101782212099177,-0.0005115822787307475,0.002268612835505869
16,l57,0.023971924615478202,0.02290641501522623,0.033156553177614095
16,l58,0.15532007699550845,0.34093524212457776,0.37464805570086057
16,l59,0.005702448550327972,0.004387731778509988,0.0071951448650658875
16,l60,-1.8805871530932053e-07,-0.010867787435122905,0.01086778743675001
16,l61,0.5550923842972842,0.21765045351249865,0.5962375994677291
16,l62,0.2990862471947039,0.10812865714152577,0.3180320577492797
16,l63,0.5635942264726619,0.19871138206451724,0.597599084232321
16,l64,0.4376609008399973,0.1343437181757472,0.4578157912712956
16,l65,0.11088256865557196,-0.007335128927003097,0.11112492136345198
16,l66,0.17969605877131106,0.18131423146078304,0.2552753886847631
16,l68,0.9186682402550941,1.9183497412655997,2.1269736870650715
16,l69,0.17137536302258377,0.17255988447980053,0.24320038812223238
16,l70,0.07278075765639369,0.07239445018952756,0.10265473736405299
16,l71,0.027354022177612933,0.026557349486141902,0.03812525856990903
16,l72,0.12022833770615397,0.1205959784923034,0.17028870548601016
16,l73,0.2788134704260592,0.6019868086590432,0.6634192257468293
16,l74,0.03817205116329569,0.03706944782433857,0.05320948648516186
16,l75,0.00039390683301098763,-0.0014582496909679322,0.0015105147315735837
16,l76,0.3746229724272271,0.759693986230268,0.847040332088529
16,l77,0.13701227447011116,0.32497517107574825,0.3526772251949152
16,l78,0.09298790742034907,0.1875994527286093,0.20938076700234226
16,l79,0.006469606716087931,0.010447552397098143,0.012288497147778537
16,l80,0.4471823436470004,0.926433746124123,1.0287135337046946
16,l81,0.18042921982395638,0.3749745265391248,0.41612570086396056
16,l82,0.2633191126387646,0.5270262620826252,0.5891465318625327
16,l83,0.16640817272212008,0.16552488269429158,0.23471294540283444
16,l84,0.2756571853511523,0.5644393124474445,0.628154934129999
16,l85,0.052049297791178104,0.050547340920278655,0.0725545524048327
16,l86,0.08198908181222941,0.17119591444305843,0.18981636035496893
16,l87,0.01853123328921356,0.01803219581436133,0.025856656649820894
16,l88,0.02517382406285469,0.05220775689027505,0.05796008365644087
16,l89,0.027851119990584264,0.027008817011348583,0.038796405517553235
16,l90,0.008126875204845419,0.013393725397028901,0.015666460372596877
16,l91,0.03444712926881766,0.03348842960838374,0.04804247737677885
16,l92,0.0065217935656910414,0.010407400893043813,0.012282010611541508
16,l93,0.027634637959061365,0.02683108757143418,0.03851727502555659
16,l94,0.01100045991151754,0.019003641715492025,0.021957880515106488
16,l95,0.005281826744263526,0.0043868906676507325,0.006866039869265144
16,l96,0.01876202307604399,0.032700203503816735,0.0377003556892642
16,l97,0.030969200225321403,0.053985256734402354,0.06223744296864535
16,l98,0.009461147276233532,0.014873945692019334,0.01762803358947678
16,l99,-2.0037145575751826e-07,-0.017009462173490465,0.017009462174670652
16,l118,0.5711886948161992,1.1635303442228615,1.2961710485168243
16,l101,0.6283100754251354,1.2799019956065167,1.4258059718062215
16,l105,0.7389851588986639,1.5053331918532349,1.6769397972400595
16,l108,12.798184615888516,26.460432050884055,29.39299225634943
16,l114,8.777942120655789,18.113478462533415,20.128347420646456
16,l116,-1.4310915928350543e-07,-0.007965979625823263,0.007965979627108743
16,l117,0.42842700422304913,0.8792857618627313,0.978106921027584
16,sw1,0.0006082054635044188,-2.1379586542025208e-08,0.0006082054638801855
16,sw2,0.0,0.0,0.0
16,sw3,0.0004014707319438458,-2.007241710089147e-08,0.0004014707324456282
16,sw4,2.2077191300923005e-05,-2.2180029191076757e-10,2.207719130203717e-05
16,sw5,7.726096798432991e-05,-5.620531737804413e-09,7.726096818876935e-05
16,sw6,5.03069808033274e-19,-2.42861286636753e-20,5.03655683776232e-19
16,sw7,0.0002194492262788117,-1.3454860891215503e-08,0.0002194492266912836
16,sw8,1.7208505341841374e-06,-2.9594957595691084e-11,1.7208505344386223e-06
16,sw9,2.216714946553111e-05,-2.243818016722798e-09,2.2167149579093733e-05
17,l115,14.666853399727959,31.137534204891125,34.418928295487014
17,l1,0.0051828318139669136,0.004364421910946476,0.006775686255178678
17,l2,0.18213145841240475,0.18339592004412406,0.2584684344987996
17,l3,9.695501496670767,20.56817894350036,22.73879359868937
17,l4,0.02447451563674258,0.02382451540530019,0.03415566497596765
17,l5,0.08246513747336576,0.08199758209648281,0.11629317421143234
17,l6,0.02772619313908217,0.026878951484563002,0.038616315449498534
17,l7,6.313987143814564,13.37289504857178,14.788534600573893
17,l8,0.006682701067333255,0.0056338147804799515,0.008740615684040307
17,l9,0.16405773952817254,0.1652588768004207,0.2328635614698666
17,l10,8.379409841231187,17.657192873091,19.544589262628612
17,l11,0.10400970601180598,0.10345505231987044,0.14670026174199363
17,l12,0.11128306736590457,0.11208293947670608,0.1579446308175856
17,l13,21.390701374999246,42.93428924495526,47.96785692819594
17,l14,0.02628376546024083,0.025480770331050735,0.03660745803019795
17,l15,0.007264308953232103,0.006199558452413839,0.009550115683744568
17,l16,0.04705805047883769,0.045896982754497,0.06573426154476393
17,l17,0.010965495062828267,0.00943009741844071,0.01446266985359872
17,l18,0.11707937246098299,0.11757073264491918,0.16592304430223262
17,l20,0.03618411027138063,0.03522774969200691,0.05050033845920368
17,l21,0.0003495991562713243,-0.0022759482989936257,0.0023026420107688473
17,l22,0.05247099247578444,0.1144633211357741,0.12591686518026557
17,l23,0.0017559561653370111,-0.0008124773113336232,0.001934813023528882
17,l24,0.0555900928271185,0.12159649129406352,0.13370102885002388
17,l25,0.02396880837353092,0.05090242628086344,0.056263316433763325
17,l26,0.019948145939226378,0.042281463302917474,0.04675094293646526
17,l27,0.010811773815070546,0.02228749682120466,0.024771495061530965
17,l28,0.02832467670695041,0.027681187791618867,0.039604740475202314
17,l29,0.05710255677864916,0.055595004633509235,0.07969633950727452
17,l30,0.00894432152338959,0.014329441898499681,0.016891826207851193
17,l31,0.01683163803719981,0.031130413181563198,0.03538935805959406
17,l32,-1.176269596314423e-07,-0.004346133380155202,0.004346133381746973
17,l33,0.009436457655901904,0.008192875689108405,0.01249679739568555
17,l34,0.028221594549380825,0.028125506444019264,0.03984347514515031
17,l36,0.32432447296599276,0.6624550878921,0.7375859998934353
17,l41,0.32432614187485886,0.6624672685124606,0.7375976736363745
17,l43,0.25782286536874016,0.5266077763677022,0.5863346996706602
17,l45,3.3019731133087773,6.8324256268825705,7.588482482545226
17,l52,0.006418065078461237,0.01115891521090121,0.012872954130091742
17,l53,0.01605163722450147,0.035340307604817274,0.038814847664136294
17,l54,0.0037582944505422425,0.002522931729714352,0.004526583887411794
17,l55,0.06716076227236413,0.1473192781297566,0.16190595324964918
17,l56,0.002584739546635312,0.00035830505873570283,0.00260945608107439
17,l57,0.028197915473421743,0.02719245932332342,0.039173361881472926
17,l58,0.1809499444476786,0.39971393328884347,0.438764299893298
17,l59,0.0067487998632095696,0.005452507302945378,0.008676182079828095
17,l60,-4.341517395941071e-07,-0.010811486775756073,0.010811486784473086
17,l61,0.6474232892889995,0.26204876379153574,0.6984457531680321
17,l62,0.3490873815998057,0.13197201959112134,0.37320050100069224
17,l63,0.6580651164829469,0.24358105005331163,0.7016989564455602
17,l64,0.5093190574825276,0.17010651164979207,0.53697497857959
17,l65,0.12887168217428552,0.0019211479601508473,0.12888600108590093
17,l66,0.20856943880622567,0.21059526581625687,0.29639766663751554
17,l68,1.1382242389298627,2.373253627610924,2.6320879922707516
17,l69,0.19889163601095788,0.20046768046164654,0.28239187981382924
17,l70,0.0844539003887694,0.08424095525429584,0.1192853714125603
17,l71,0.0317395977252454,0.031013495200568286,0.04437610785452094
17,l72,0.14974756216416427,0.1505255499961786,0.21232586647830334
17,l73,0.2949129194031411,0.6404704190868943,0.7051070753837502
17,l74,0.050769214698899306,0.049850395386474705,0.07115177496964353
17,l75,0.0013478629858063868,-0.0004796409770610808,0.0014306607198714223
17,l76,0.36708824674606877,0.7442358261438203,0.829843808083833
17,l77,0.1574816226298026,0.37685867819462876,0.4084396219721078
17,l78,0.09262628170082463,0.1867861273972667,0.20849145174272363
17,l79,0.007525130197690935,0.012958608314891876,0.014985096394450883
17,l80,0.4434509691671119,0.9204428514526517,1.021696532658078
17,l81,0.18039648199516523,0.3758796419616265,0.4169273269497125
17,l82,0.2608764009448714,0.5217659544899943,0.5833491303111749
17,l83,0.19373517244575486,0.19323565137118567,0.27362992161573413
17,l84,0.2734838990879434,0.5605588923546311,0.6237144497750515
17,l85,0.06052338876838621,0.05914858695139992,0.0846264493309068
17,l86,0.09757624823359219,0.20628187260380218,0.2281958263953898
17,l87,0.020056594208646857,0.019580142097609495,0.028029429816050597
17,l88,0.02777036018291983,0.058039942005947524,0.06434149339845051
17,l89,0.030127546095500293,0.02930420992551808,0.042028630159634366
17,l90,0.008360550782734209,0.013831915384835157,0.016162323242774137
17,l91,0.037790330829499,0.03685698809911264,0.05278775119230894
17,l92,0.007415306920891453,0.012724426633601979,0.014727450895689317
17,l93,0.03206709394213976,0.03133496265120266,0.044835013084042724
17,l94,0.013039270666014737,0.02374185184187,0.027086862283824942
17,l95,0.006260656170456059,0.005382774076342685,0.008256516967923967
17,l96,0.021972601543828206,0.03932649401823437,0.04504851107828166
17,l97,0.036387048728436636,0.06556084412025302,0.07498160839116308
17,l98,0.01103306869246444,0.01843381648225113,0.021483346919741172
17,l99,-5.559365376531696e-07,-0.01693277597570166,0.016932775984827907
17,l118,0.41973250459399425,0.8533587968965439,0.9509976927697902
17,l101,0.4617078967751586,0.9387105911635881,1.0461126879582494
17,l105,0.5425946974071557,1.103135396496218,1.2293562171548291
17,l108,13.179855141384062,27.25232428462203,30.272062375432363
17,l114,8.491967762811925,17.521052488010202,19.47051095303473
17,l116,-3.176267687167722e-07,-0.007923878121362625,0.007923878127728622
17,l117,0.5002411855369865,1.028070946930122,1.1433158424640355
17,sw1,0.0006216086929198355,-6.393453804776072e-08,0.0006216086962077763
17,sw2,0.0,0.0,0.0
17,sw3,0.00038813818444032223,-5.1296170568093655e-08,0.0003881381878299618
17,sw4,2.574744273442775e-05,-7.639901014044881e-10,2.5747442745762483e-05
17,sw5,9.622427396243438e-05,-2.2024032659828663e-08,9.622427648288992e-05
17,sw6,4.969982758673552e-19,1.0408340855860843e-20,4.971072517822441e-19
17,sw7,0.00022587159415706992,-3.7484685890376566e-08,0.00022587159726746917
17,sw8,2.010309290199075e-06,-1.0763324098661541e-10,2.010309293080451e-06
17,sw9,2.3310594871873036e-05,-1.3272539945319295e-08,2.331059865041887e-05
18,l115,16.013712056510382,33.95312988196453,37.54003200065736
18,l1,0.005678824659265956,0.004871015489956335,0.007481700436002611
18,l2,0.19834800650834222,0.1998493334032173,0.28157004057169094
18,l3,10.578055172002758,22.407946182840853,24.779251468820163
18,l4,0.02685574818281748,0.026244866307515623,0.037550289186080485
18,l5,0.08933624846040038,0.0889740837727295,0.12608470514767078
18,l6,0.02996099548584607,0.029151692397907027,0.04180289966216553
18,l7,6.889580138007878,14.571337015495635,16.118007845176958
18,l8,0.007328574124690931,0.006294320463977783,0.009660562551132255
18,l9,0.1769477870479459,0.17833785611830535,0.2512268104045398
18,l10,9.155629091340117,19.269776145046606,21.33424047718598
18,l11,0.11221390276792226,0.11178839772549691,0.158393831446943
18,l12,0.12147804041477503,0.12243013426974357,0.17247043827949518
18,l13,23.344179726531262,46.89886771371553,52.387541648116894
18,l14,0.02836196749539522,0.027596210918167344,0.03957211211509734
18,l15,0.007834703702170372,0.006785664529634233,0.010364739514794297
18,l16,0.05173701396292017,0.05065634560630497,0.0724070712291611
18,l17,0.012054763573847594,0.010546468885417198,0.016017032520802218
18,l18,0.12598021047246585,0.1266048653970356,0.1786051661427751
18,l20,0.03894530794909951,0.03804018606105092,0.054440727096628366
18,l21,0.000826818000109597,-0.0017740147991753474,0.0019572318495769433
18,l22,0.05789667397765152,0.12640791422732217,0.13903591491760864
18,l23,0.00298480969731645,0.00045609981277448244,0.0030194562372068312
18,l24,0.06040973382318407,0.13234382417459348,0.14547928972105845
18,l25,0.025791152262368996,0.055121751862712697,0.0608571365037427
18,l26,0.020677489188878097,0.044127896453503124,0.04873222552446445
18,l27,0.011636080503961746,0.024256975307418563,0.02690351688087252
18,l28,0.03046877752870205,0.029865841048333095,0.04266514813776975
18,l29,0.06145666915550828,0.06003004620889624,0.08591000309353865
18,l30,0.009590980801171099,0.015879667376467295,0.018551300458880836
18,l31,0.017601813342747845,0.033185643852684736,0.037564754636096966
18,l32,-1.8478894724236217e-08,-0.004311858968396806,0.004311858968436403
18,l33,0.010150553860556102,0.008929132317256517,0.013518992107961493
18,l34,0.031026779218009323,0.030974829956867324,0.043841773681044666
18,l36,0.3593725533349498,0.7345876001250581,0.8177821068890989
18,l41,0.3593743040789559,0.7346003725766059,0.817794349345801
18,l43,0.28576796154124895,0.5841224533735003,0.650278685163921
18,l45,3.5581721834719646,7.357334102800211,8.172573302666708
18,l52,0.006880276598995842,0.012288122348710875,0.014083187030483457
18,l53,0.017207644212494412,0.03808869418746614,0.041795354338133195
18,l54,0.0040840791126151256,0.0032672198111262066,0.005230146029731361
18,l55,0.07204567359571361,0.1585888253733994,0.17418666601429247
18,l56,0.0028305521412735134,0.000966860705734395,0.0029911277219071214
18,l57,0.030885299211382517,0.029933574627764754,0.04301070328851398
18,l58,0.19515321828932283,0.4324440528420507,0.4744392874195163
18,l59,0.0074449219183807145,0.006173053260468805,0.009671269251105055
18,l60,-1.0927687793368988e-07,-0.010701241130420596,0.010701241130978542
18,l61,0.6973674206860887,0.28638017475957167,0.7538799134674508
18,l62,0.3763403662037745,0.14519654188615094,0.40337836705763963
18,l63,0.7098143974136474,0.2686239774601563,0.7589435552412405
18,l64,0.5470078808582184,0.18955771782869124,0.5789211950770334
18,l65,0.13831568734032043,0.007258550825237763,0.1385060140373256
18,l66,0.22366410469441325,0.22590474110387732,0.3178971276717726
18,l68,1.2641600167765865,2.637303560977336,2.9246317068582015
18,l69,0.21327399762577262,0.2150588212471048,0.30287967026440094
18,l70,0.09055354488173907,0.09043917892410536,0.12798120789832965
18,l71,0.03403102016745106,0.03334935798736842,0.04764756039722406
18,l72,0.16617353368140175,0.16719587623114057,0.23572887885208896
18,l73,0.3058217148744734,0.6678339636553429,0.7345264626277052
18,l74,0.05805527504769998,0.05725165233050211,0.08153629041989084
18,l75,0.0020987727657447975,0.0002995048595721528,0.002120035443840362
18,l76,0.36071660321145466,0.7319747624540177,0.8160291175577167
18,l77,0.1722657380970195,0.4141847126274224,0.4485804952250726
18,l78,0.09174679651198676,0.18505369603837607,0.20654865065566416
18,l79,0.00808351996856389,0.0143243778787093,0.016447829543566758
18,l80,0.43813349755674424,0.9108362773594563,1.0107342310594503
18,l81,0.1791272187668801,0.37385435448487986,0.41455233550236326
18,l82,0.2576163734420188,0.5151554770133225,0.5759786118965197
18,l83,0.2080167707865621,0.20776516656712193,0.2940022812277705
18,l84,0.27028502472387117,0.5544417082352447,0.6168140744347521
18,l85,0.06498200933171756,0.06369694588282801,0.09099429900596712
18,l86,0.10763596030217741,0.22937974500166455,0.25337830879378875
18,l87,0.02083215180476691,0.020379250443467754,0.02914262166405819
18,l88,0.029532822204555487,0.06212192696538114,0.06878460145452639
18,l89,0.031426180636692155,0.030654255541729073,0.04390089079082146
18,l90,0.008599780619282684,0.014374682986861445,0.0167507533464186
18,l91,0.0394561875063082,0.03860336127812843,0.05519973038432939
18,l92,0.008015921813195746,0.01425250666073407,0.01635203194191891
18,l93,0.034384714573418025,0.03369728870047402,0.04814370012845419
18,l94,0.014400143104319588,0.02695209255961203,0.03055780448210861
18,l95,0.006914578132273164,0.00605662174205645,0.009192064929800112
18,l96,0.023841921990366246,0.04323767399393546,0.04937543616618037
18,l97,0.03969902092799748,0.07271124273591704,0.08284284569498462
18,l98,0.011872697211059859,0.020383152224476363,0.023588849774240462
18,l99,-8.14079837119272e-08,-0.016766269701915533,0.01676626970211317
18,l118,0.42092271041683854,0.8555291128480312,0.953470498272074
18,l101,0.46301712226562086,0.9410978869198879,1.0488327265470958
18,l105,0.544123217877408,1.1059187921034317,1.2325284787625714
18,l108,14.201826363997533,29.376348068777457,32.629154109953575
18,l114,9.220254195133922,19.01620707372748,21.133604020463896
18,l116,-8.260476379459702e-08,-0.007842522191776953,0.007842522192211989
18,l117,0.5402777431133144,1.111552523913182,1.2359000983580275
18,sw1,0.0006797542450949549,-9.923533070832492e-09,0.0006797542451673903
18,sw2,0.0,0.0,0.0
18,sw3,0.00042163262877147647,-1.1029507732018828e-08,0.0004216326289157372
18,sw4,2.7767631778260692e-05,-1.1229712981730699e-10,2.7767631778487768e-05
18,sw5,0.0001071373982122168,-5.200454324949533e-09,0.00010713739833843194
18,sw6,4.961309141293668e-19,-1.0408340855860843e-20,4.962400805197146e-19
18,sw7,0.00024350977723952382,-8.22496076580137e-09,0.0002435097773784299
18,sw8,2.1958307916065677e-06,-1.0393705451861025e-11,2.1958307916311664e-06
18,sw9,2.4125984811689703e-05,-2.0804873201996088e-09,2.4125984901394385e-05
19,l115,14.156911523849121,30.099442271931302,33.26250996204912
19,l1,0.00527212597043399,0.004454321875477035,0.006901905216567219
19,l2,0.18535198173846584,0.1866683643373035,0.2630597562888342
19,l3,9.326397183508147,19.81719389568074,21.90211995044212
19,l4,0.02490279165955144,0.024259314063063357,0.03476583597800243
19,l5,0.08393386659058161,0.08348804685904906,0.11838559004027611
19,l6,0.028222833755862667,0.027382180578388215,0.03932317584375049
19,l7,6.068400162996608,12.872959934288927,14.231604899239763
19,l8,0.006796552882129618,0.005748162657979264,0.0089013765801797
19,l9,0.16700485860166372,0.16824693213778663,0.23706044159736706
19,l10,8.018394483295385,16.920532402534416,18.72429082435324
19,l11,0.10589753398778703,0.10536761980882148,0.14938749281272132
19,l12,0.11324624971857702,0.1140811108897833,0.16074580223809684
19,l13,20.428359630042802,41.008257915042165,45.81479121856806
19,l14,0.026760483868856683,0.02596305011528602,0.03728543238564081
19,l15,0.007396345341363486,0.006332116135952674,0.009736612304487715
19,l16,0.04786720464242535,0.04671962342560801,0.06688790991883696
19,l17,0.01115376177876169,0.009619717366937038,0.014729065280496084
19,l18,0.11928551588962728,0.11980219953029882,0.16906093964411784
19,l20,0.036863995321466066,0.03591393625046476,0.05146615361636732
19,l21,0.0004308529307527351,-0.0021998138873323115,0.0022416099988263605
19,l22,0.053726949351599614,0.11717346658596034,0.12890386479233473
19,l23,0.001924825859237899,-0.0006450033045180135,0.002030020652907274
19,l24,0.05677303190967359,0.12420726840140196,0.1365672825970947
19,l25,0.02441710261782282,0.051926719190381845,0.0573809991732983
19,l26,0.020102791766919835,0.04266658109858872,0.04716523486071694
19,l27,0.01101484701530896,0.022759191531872218,0.025284533888428808
19,l28,0.028863440727182024,0.028228401311207563,0.04037252594522833
19,l29,0.05817425080167595,0.05667674777833963,0.08121882291110738
19,l30,0.009074536790358252,0.014621407238719257,0.017208508581513893
19,l31,0.01694108905612666,0.031451982771472105,0.03572432950615858
19,l32,1.691917973595124e-08,-0.004354846628018496,0.0043548466280513625
19,l33,0.009615931310829183,0.008373126511311056,0.012750505187991772
19,l34,0.028706583600185694,0.02861939275381883,0.04053563350426126
19,l36,0.30115264708845646,0.6149024809398689,0.6846882340995719
19,l41,0.3011542925038375,0.6149143467865142,0.6846996142669955
19,l43,0.24889508359821047,0.508333685546102,0.5659963767554025
19,l45,3.149159048511181,6.523235465941507,7.24360432774575
19,l52,0.006544307086682124,0.011443462892228355,0.013182594517415956
19,l53,0.016367044078810147,0.03607247317691595,0.03961191049390366
19,l54,0.0038340253795953777,0.002669468960504627,0.004671810692063532
19,l55,0.06848169929904932,0.15031848867549316,0.16518290219199377
19,l56,0.0026374854214808617,0.00046241287903002606,0.0026777145141364334
19,l57,0.02871562270996219,0.027717615742167256,0.03991056514322159
19,l58,0.18445259594204577,0.4077944067876082,0.447570149090639
19,l59,0.006859554846763785,0.005561364095054159,0.008830756665966858
19,l60,9.946367657528641e-08,-0.010841405114297783,0.010841405114754045
19,l61,0.6600151898160984,0.26796869928159867,0.7123392973735566
19,l62,0.35584581037542373,0.13510193512486876,0.38062944399537235
19,l63,0.6707782379748533,0.2494123564075562,0.7156465385016675
19,l64,0.5193604431439599,0.17486178941208344,0.5480072219406293
19,l65,0.13140897446029703,0.003017187306053529,0.13144360763440271
19,l66,0.2126583703981014,0.21472224686152186,0.30220725636165063
19,l68,1.1690635062159271,2.438933038446936,2.704644865337015
19,l69,0.20278858660469995,0.20440010031222483,0.2879281366327012
19,l70,0.0861072210278362,0.08590733327807538,0.12163273993496551
19,l71,0.032360763742210114,0.03163812280965794,0.04525693145693971
19,l72,0.15374579646332132,0.15458640992168513,0.21802460425974013
19,l73,0.29761694126135263,0.6475991623056762,0.7127134899416293
19,l74,0.05245642306117224,0.051557143254838594,0.0735514468992462
19,l75,0.0014967229424073594,-0.00033390014767337563,0.0015335152020586056
19,l76,0.36724313388115115,0.7452105343653821,0.8307865308922548
19,l77,0.15983155356105636,0.3833350464621617,0.41532142174451886
19,l78,0.0928770628041093,0.18739814860795742,0.20915117713464718
19,l79,0.007670974339501859,0.013288272844571413,0.015343469050676578
19,l80,0.4443781337321125,0.9230350815351412,1.0244343256079524
19,l81,0.1809759344376216,0.37723202152727753,0.4183972835847846
19,l82,0.2614827246487439,0.5230312764300906,0.5847520255747907
19,l83,0.19754037854127818,0.19711339800667338,0.2790625249437278
19,l84,0.2741398589218261,0.5620268484622065,0.6253213898804668
19,l85,0.06171177827770589,0.0603564854266624,0.0863206169536319
19,l86,0.09942253732253266,0.2107915173488291,0.23306201902899604
19,l87,0.020306495716162318,0.01983381462784746,0.028385453509893663
19,l88,0.02812774635513779,0.058915267533746374,0.06528536484995605
19,l89,0.03044452071712294,0.029666487084403344,0.04250846148267893
19,l90,0.008420182714540715,0.013935737142790458,0.01628202219195146
19,l91,0.03816005193180899,0.037272031999727916,0.053342234044208355
19,l92,0.007526899970442173,0.013002427321269352,0.01502389228562073
19,l93,0.032694193163901215,0.03196519830068064,0.04572399992389469
19,l94,0.013253424933551658,0.024229574929037618,0.02761748673777426
19,l95,0.0063646191931984505,0.005486788500118564,0.008403167588443266
19,l96,0.022379011574135802,0.040142522091671705,0.0459591366206509
19,l97,0.03706085377906129,0.06689714290318079,0.07647702015273315
19,l98,0.01125008263552445,0.018904925622460725,0.021999103893043024
19,l99,7.402179831405112e-08,-0.01698076587908194,0.016980765879243277
19,l118,0.34552082588136546,0.70163369111879,0.7820962074008021
19,l101,0.38007489423450896,0.7718116478438315,0.8603197922719108
19,l105,0.46320012883434536,0.9408121255857114,1.048657148452848
19,l108,12.570763187925913,26.0170081505363,28.894788461450716
19,l114,8.045014663254028,16.611647124259267,18.457223006532793
19,l116,7.410823015138734e-08,-0.007945640486822786,0.007945640487168386
19,l117,0.50986949950282,1.0480757351357024,1.1655169038257227
19,sw1,0.0005995366571005434,1.4086428564041852e-08,0.0005995366572660274
19,sw2,0.0,0.0,0.0
19,sw3,0.0003676860419800505,1.4227305655367672e-08,0.0003676860422553074
19,sw4,2.6247197296470405e-05,8.255301509052515e-11,2.6247197296600228e-05
19,sw5,9.890072152484209e-05,4.980418452760205e-09,9.890072165024343e-05
19,sw6,5.035034889022683e-19,3.469446951953614e-21,5.035154420659897e-19
19,sw7,0.00021542235242668538,9.417330147698522e-09,0.00021542235263252778
19,sw8,2.054634642263409e-06,1.0772055247798562e-11,2.054634642291647e-06
19,sw9,2.3577873012982307e-05,2.355343895033002e-09,2.357787313062746e-05
20,l115,11.603226630463848,24.76418336289699,27.347753945600168
20,l1,0.004521618391212541,0.003686569193345349,0.0058340230795802025
20,l2,0.16071264113490177,0.16167939963005484,0.22796662318262886
20,l3,7.63359008986794,16.289894548374722,17.989784936382605
20,l4,0.021304103572227177,0.020601396596437553,0.02963582917247114
20,l5,0.07345498950657202,0.07284941215271828,0.10345372073737717
20,l6,0.024811031651108352,0.023910986345323182,0.03445754720810134
20,l7,4.961657869099523,10.569321128837473,11.67598381013298
20,l8,0.005820147975122382,0.004747747299092225,0.007511007047550859
20,l9,0.14479054199234814,0.14571460362495417,0.20541919764232222
20,l10,6.517399947199505,13.804051248487143,15.265265570654693
20,l11,0.09288811190680281,0.09215444821952405,0.13084587750577265
20,l12,0.09779741350241239,0.09841152049239463,0.13874134730997403
20,l13,16.62637555884151,33.32319174050121,37.240723301217585
20,l14,0.023585486385811236,0.02272948065655146,0.03275522033160263
20,l15,0.006428807980704733,0.005336305975635696,0.008354982556437691
20,l16,0.04079998845505179,0.03953135719657803,0.05680992219441777
20,l17,0.009508109283167868,0.007928787690188984,0.012380218753186688
20,l18,0.10570901999062335,0.1060214303090761,0.14971620016604845
20,l20,0.03265094440023677,0.03161900931922719,0.045451577756517196
20,l21,3.067574047145172e-05,-0.0026398688094386104,0.0026400470321758093
20,l22,0.04566732399669127,0.0993854867269074,0.10937540606993448
20,l23,0.0004460065405360183,-0.002188420929142012,0.002233407261855234
20,l24,0.04952363785639318,0.10806274710482285,0.1188702991431084
20,l25,0.02162302717818966,0.04545075467583956,0.05033216074193597
20,l26,0.01913303657076176,0.04016047941319812,0.04448524693778846
20,l27,0.009737270919780713,0.019695589244649453,0.021971132894303795
20,l28,0.025612976310469094,0.02491592517140816,0.035732728452048855
20,l29,0.051427140575280646,0.04979897233918018,0.07158692921049283
20,l30,0.008042010771687274,0.012117569178997655,0.014543363436967669
20,l31,0.015585111142521783,0.027866050587960673,0.03192823929839445
20,l32,2.5702908287846438e-08,-0.004423125320647139,0.004423125320721819
20,l33,0.0085333607277571,0.007251939288056747,0.011198610125711501
20,l34,0.024469174786077928,0.024317619199675393,0.03449763931419153
20,l36,0.2614229566511931,0.5330484175340972,0.5937024319470627
20,l41,0.26142452117518405,0.5330596256989302,0.5937131839718214
20,l43,0.22098208189962315,0.45082046633577555,0.5020678971891132
20,l45,2.5386974303560566,5.272848775128514,5.852172147867039
20,l52,0.005843123725363385,0.009709156037139824,0.011331805055834362
20,l53,0.01461305186338721,0.03188960531850865,0.035078315411836695
20,l54,0.0034033819706931583,0.001641361213195966,0.003778501749453529
20,l55,0.06109186582689378,0.13320872312072587,0.14654958200440354
20,l56,0.00233849817282393,-0.0003232840252226305,0.0023607384999751683
20,l57,0.02502320126361883,0.023945882433508814,0.034634749703137756
20,l58,0.1637661695030414,0.36004084237684014,0.39553604949880805
20,l59,0.005868681755706348,0.004528746320620485,0.007412892066278459
20,l60,1.0955480075022176e-07,-0.011066968313184097,0.011066968313726352
20,l61,0.5847217665962234,0.23106723756185965,0.628722206229331
20,l62,0.31469158670971226,0.11497216446563835,0.3350364060035717
20,l63,0.5927035969430581,0.21130564457068976,0.629243696239123
20,l64,0.46254773243752423,0.14514372855967667,0.48478562965840954
20,l65,0.11725800688362506,-0.00531431490054456,0.11737837160730426
20,l66,0.18976007047353777,0.19149344974017005,0.26958973578293566
20,l68,0.9849608982105856,2.057318270587406,2.2809441986810106
20,l69,0.1809692767256347,0.18225772650404543,0.2568418929789741
20,l70,0.07685257785631984,0.07649571240919613,0.10843390954932938
20,l71,0.02888402455313917,0.02808770066800207,0.04028902832287756
20,l72,0.125442208051958,0.12586951011484052,0.17770447697652597
20,l73,0.286016135419035,0.6180078983598796,0.6809838413319621
20,l74,0.040588977088242245,0.039492355173664694,0.056631362143539636
20,l75,0.0004466403650003485,-0.001438193973140187,0.0015059513670847412
20,l76,0.38024394513355947,0.7706432245891484,0.8593465176608874
20,l77,0.14031086210069407,0.33350875613108655,0.36182209501292834
20,l78,0.09473197438189528,0.1910221632202738,0.21322198247752266
20,l79,0.006821322379864062,0.011186259923862758,0.013102017023888054
20,l80,0.4547229296297446,0.9417105876258575,1.0457493837328786
20,l81,0.1836037953725463,0.3813671577758505,0.4232626403372194
20,l82,0.26812788010087024,0.5364799204251031,0.5997526699454631
20,l83,0.17010255880920158,0.16923584838913666,0.23994927150010006
20,l84,0.2806596283298822,0.574614713803574,0.6394934685310171
20,l85,0.0532557886603754,0.051737375835135026,0.07424914197581399
20,l86,0.08528441123977246,0.17847856434228743,0.1978080603266678
20,l87,0.019218274729508267,0.01871429798388999,0.026824746645750172
20,l88,0.025980395026039334,0.05396414029245352,0.05989248169188396
20,l89,0.028631555160245625,0.027802913064690075,0.039909496686589545
20,l90,0.00827409272678051,0.01357435432789498,0.015897286116523263
20,l91,0.03509080078957777,0.03414938580201851,0.04896473068147047
20,l92,0.0066629759336283316,0.010745047927706764,0.012643231519703566
20,l93,0.02917561172425485,0.028372362336394872,0.040696526436935075
20,l94,0.011210694289198346,0.019377732223199443,0.022386964344454707
20,l95,0.005383386107776459,0.004471483236487984,0.0069982146522948
20,l96,0.019564926827632008,0.034226206113198716,0.03942359124526526
20,l97,0.032109357815141265,0.05611556013616064,0.06465266389481437
20,l98,0.00999010947276838,0.015946337704775944,0.018817225445656314
20,l99,1.3457843018908224e-07,-0.0173236602970903,0.017323660297613036
20,l118,0.2628524948639679,0.5329473253860487,0.5942426151769622
20,l101,0.28913951100307167,0.5862549752708582,0.6536792430947537
20,l105,0.3611845478057512,0.732698950175778,0.8168855667486923
20,l108,10.132843871022516,21.001577173188743,23.31824969151675
20,l114,6.576101865429082,13.60340102792091,15.109521344865282
20,l116,8.433378166322614e-08,-0.00811129805128138,0.008111298051719793
20,l117,0.4506663353078766,0.9248453922141779,1.028804716785274
20,sw1,0.000489631230593659,2.018274972215295e-08,0.0004896312310096286
20,sw2,0.0,0.0,0.0
20,sw3,0.0003001502148108557,1.7504135030321777e-08,0.000300150215321258
20,sw4,2.324671341921203e-05,1.3233511708676814e-10,2.3246713419588698e-05
20,sw5,8.276591636240482e-05,5.4989723139442505e-09,8.276591654508084e-05
20,sw6,5.230191280070073e-19,1.0408340855860843e-20,5.231226833359284e-19
20,sw7,0.00017332489596446975,1.1158852430526168e-08,0.0001733248963236795
20,sw8,1.7955513249034994e-06,1.6858393792063e-11,1.795551324982641e-06
20,sw9,2.2735091915819796e-05,3.970868419855833e-09,2.2735092262592e-05
21,l115,9.296342905419994,19.89558852310345,21.960337750039237
21,l1,0.00353270217660247,0.0026775005318340843,0.004432718552597676
21,l2,0.12709162562970597,0.12758194929164166,0.18008174557754697
21,l3,6.143918057419709,13.153182591438991,14.517366888662066
21,l4,0.016574960892350644,0.01579594792279022,0.022896316283683146
21,l5,0.0587374893209053,0.0579111251534232,0.08248509603715637
21,l6,0.019948212970004535,0.018966945767460858,0.027525919284239326
21,l7,3.994142248103162,8.535235622474545,9.423556623124892
21,l8,0.00454198197335063,0.0034423070476805153,0.005699041854272788
21,l9,0.11443825220421422,0.11492957775255491,0.1621879200493548
21,l10,5.247580643428606,11.145239314938692,12.318825512058432
21,l11,0.07443075836449134,0.07341392349164017,0.10454444965252672
21,l12,0.07697327788118855,0.07728984029400453,0.10908072662229289
21,l13,13.463827298929333,26.94449590660791,30.12109734383203
21,l14,0.019025619107436796,0.018089361957499932,0.02625260365088975
21,l15,0.005085603060135327,0.003957092127810029,0.006443751748262335
21,l16,0.03161332606511132,0.030190532222819456,0.043713506159951836
21,l17,0.007368430929134775,0.0057339935323907415,0.009336619098310095
21,l18,0.08561618033284321,0.08563098317489494,0.12109003102768233
21,l20,0.026440323877053744,0.025294994582785876,0.03659135796423337
21,l21,0.00047055070133274055,-0.002224684206965776,0.002273903644231144
21,l22,0.03537648628869647,0.07656098394423498,0.08433907780290069
21,l23,0.00014433837886326727,-0.002543699682398028,0.0025477915224454105
21,l24,0.0394292358251314,0.08545157255221693,0.09410970135645219
21,l25,0.016897273809678155,0.034536298872182666,0.038448326387346965
21,l26,0.018081695257151295,0.037239783896757216,0.041397454125219654
21,l27,0.007702756170987474,0.014841845673245053,0.016721627780156706
21,l28,0.01978961161657935,0.01899252221790448,0.027428901329303142
21,l29,0.040682187101687306,0.03886191648874228,0.05626090028212019
21,l30,0.0068715904373984815,0.009234614576984313,0.01151072810576279
21,l31,0.014005025836238928,0.023608822517588578,0.02745026865698617
21,l32,2.616924744863009e-08,-0.004496091935905502,0.004496091935981661
21,l33,0.0065993968948350815,0.005264494582523184,0.00844197504053257
21,l34,0.018960564539098414,0.018725841991832567,0.026648830479861517
21,l36,0.23427807705543818,0.4768568201960006,0.531299015956396
21,l41,0.23427958160734852,0.47686756759354465,0.5313093255164059
21,l43,0.20136282858558116,0.4101817536151284,0.45694207481339255
21,l45,2.078317467281071,4.326780968635659,4.800045525341748
21,l52,0.00478260927322026,0.007123971705829375,0.00858046177811835
21,l53,0.011960390427962181,0.025586565852610467,0.028243995668447153
21,l54,0.002756820388835765,0.00014744187311333334,0.002760760359438636
21,l55,0.04993420558727562,0.1074367437444772,0.1184739582948454
21,l56,0.0018896917254810246,-0.001451192750845165,0.0023826235996180787
21,l57,0.020232255356975655,0.01906317278210554,0.027798358105296066
21,l58,0.1333937542278906,0.2900988524693387,0.31929803925335654
21,l59,0.004747360767280042,0.003366263366680869,0.005819721927082717
21,l60,9.312799802981865e-08,-0.011304135149258421,0.011304135149642035
21,l61,0.4756943762272422,0.17783354080002756,0.5078483118094419
21,l62,0.2558793560376362,0.08636582504764374,0.2700616607043576
21,l63,0.48184654833134843,0.1575472893483966,0.5069489565231019
21,l64,0.37698673976326247,0.10115535399656801,0.3903221843548029
21,l65,0.09585671734737844,-0.01730859474936733,0.09740686686683352
21,l66,0.15519565750285982,0.1564332110489704,0.22035662374168988
21,l68,0.7455268862650846,1.5615244366714032,1.730366696531708
21,l69,0.14802611807454377,0.1488325460984779,0.20991154901618522
21,l70,0.06287508714299474,0.06229062427698227,0.08850648821445439
21,l71,0.023632421038942995,0.02273352228170552,0.03279183373181007
21,l72,0.08590382751944707,0.08575559090695606,0.12138158408215027
21,l73,0.27949864003581754,0.5972686535151152,0.659431068614173
21,l74,0.024645370238664328,0.023289921231178595,0.03390891778213137
21,l75,6.920396237910609e-05,-0.0018654995625174706,0.0018667827420891386
21,l76,0.3991349775805793,0.8078024828366178,0.9010291791086756
21,l77,0.11904401724861237,0.2769657999050032,0.30146564042972823
21,l78,0.09711096216962324,0.19565400706150105,0.21842854541641735
21,l79,0.005555382138282379,0.008097770926133514,0.00982019168216589
21,l80,0.4681999579810217,0.9655620417216559,1.07308958482837
21,l81,0.1866883952823264,0.385872014568944,0.42866043503055595
21,l82,0.2756951575317253,0.5519698118959786,0.6169914854606381
21,l83,0.13056521265265475,0.12907671124349873,0.1835975820659698
21,l84,0.2878919662917251,0.5884247212623596,0.6550766648629772
21,l85,0.04087192933046754,0.03912775242585485,0.056581760463012484
21,l86,0.06791886006163986,0.1386104818955646,0.15435620247788315
21,l87,0.01765915322503133,0.017114959173813987,0.02459202147336518
21,l88,0.023573284842763314,0.048334870463200785,0.053776941722009954
21,l89,0.026306151511802454,0.025416895553309587,0.03657912228211272
21,l90,0.008351691371104607,0.013710185533498589,0.016053658029282207
21,l91,0.03158023172690446,0.030563889735472912,0.04394840601986754
21,l92,0.00563681772675045,0.008002700249075134,0.009788612024243035
21,l93,0.023866222314434707,0.022959593313709774,0.03311705742805311
21,l94,0.008647667216812885,0.013316449827697174,0.01587797166851977
21,l95,0.004152338613119355,0.0032040720016793785,0.005244806321490591
21,l96,0.01565160672635102,0.026059692160870326,0.03039868991643691
21,l97,0.025436950674258697,0.04171237714315794,0.048856533509221825
21,l98,0.008115369748877128,0.011601703685173562,0.014158345756463213
21,l99,1.5014203477001355e-07,-0.017678731534140957,0.01767873153477852
21,l118,0.2773589616359386,0.5630833109132218,0.6276868714803282
21,l101,0.30509669950648094,0.6194050761139369,0.6904684238728517
21,l105,0.38536455406629827,0.7828234867562933,0.8725356445143072
21,l108,8.293608878608909,17.216545683779838,19.110033843848072
21,l114,5.467528995480156,11.328367391562285,12.578782972713533
21,l116,7.386372279319375e-08,-0.008285345686736412,0.008285345687065659
21,l117,0.3662773632395547,0.7499497936238185,0.834615959455682
21,sw1,0.00039128513482864944,1.896746107377112e-08,0.0003912851352883712
21,sw2,0.0,0.0,0.0
21,sw3,0.0002492297466378659,1.5265301044564694e-08,0.0002492297471053651
21,sw4,1.891398782026954e-05,1.3773387763649225e-10,1.8913987820771036e-05
21,sw5,6.154551397776231e-05,5.018053343519569e-09,6.154551418233334e-05
21,sw6,5.277896175659436e-19,-3.469446951953614e-21,5.278010207195107e-19
21,sw7,0.00014158716349629686,1.0036470484919846e-08,0.00014158716385201674
21,sw8,1.5222071033349493e-06,1.634998625377193e-11,1.5222071034227565e-06
21,sw9,2.2654133266769348e-05,4.057830665260553e-09,2.265413363019066e-05
22,l115,7.830150567974895,16.76695141948921,18.5051862411776
22,l1,0.0026814409748549223,0.001809835831505552,0.0032350628183440747
22,l2,0.0974360513312422,0.09750570575025631,0.1378446471680349
22,l3,5.223975943507044,11.191929208336369,12.35108108882591
22,l4,0.012530034551295102,0.011686117910183385,0.01713380044436604
22,l5,0.045459886358519726,0.044435393705396564,0.06356968995899795
22,l6,0.01551132450845762,0.014457180039058585,0.021204038358021145
22,l7,3.401759496201645,7.274792825892626,8.030851656559028
22,l8,0.003445557489671046,0.002324149608490188,0.004156144585703599
22,l9,0.08770421346796502,0.0878146857065367,0.12411062841582986
22,l10,4.50507936203538,9.573934818432587,10.580924721678768
22,l11,0.057736819608100634,0.05646478631717036,0.080757739148035
22,l12,0.05878001692739781,0.058836125727495525,0.08316718151174077
22,l13,11.64709060729132,23.28920865956514,26.039238844544162
22,l14,0.014846367089972773,0.013837266903879935,0.020294939545104283
22,l15,0.0038997344256385988,0.0027395889009112578,0.004765844724338694
22,l16,0.023822372745198665,0.022269595413563367,0.03261043273394247
22,l17,0.0055533584621662154,0.0038733160963456614,0.006770699209943055
22,l18,0.06492027566301113,0.06463223668650607,0.0916076864202011
22,l20,0.020275308994183432,0.019020664999934524,0.02780060883954432
22,l21,0.002209698336395377,-0.00048206811930413097,0.0022616711541508234
22,l22,0.028225349791659027,0.06040506867523618,0.06667415310689372
22,l23,0.0017692645693423402,-0.0009354762333441613,0.002001352767375586
22,l24,0.031481433762203095,0.06733470418354807,0.07433063338361855
22,l25,0.012823315196896147,0.025138439118385578,0.028220179552010755
22,l26,0.017560765721264034,0.03539636358647112,0.03951307439143126
22,l27,0.005906742314331287,0.010560921608245434,0.012100523541707485
22,l28,0.014863910444604698,0.013982557747651298,0.02040705159673077
22,l29,0.031196858867260743,0.029207246993577428,0.04273531654413739
22,l30,0.006120394457404814,0.007273130781701809,0.009505664610219
22,l31,0.012854819407821424,0.0203989969888803,0.024111521315753802
22,l32,1.7734030158542917e-08,-0.004553677969171374,0.004553677969205906
22,l33,0.004956488499101397,0.003577513917682154,0.006112723130727739
22,l34,0.014288484989920107,0.01398324154879083,0.019992294703685277
22,l36,0.26872959457038087,0.5474573016970098,0.6098566160822821
22,l41,0.26873118539727875,0.5474687785445858,0.6098676196406293
22,l43,0.22234047736300272,0.4531012250523854,0.5047137882186105
22,l45,1.7410138738268288,3.629395962423376,4.025375058415377
22,l52,0.0037817440475276585,0.004695823952324507,0.006029291055525137
22,l53,0.009457104409889493,0.01964567785962282,0.02180342822547926
22,l54,0.0021551052666323677,-0.0012280454321665915,0.002480438326935745
22,l55,0.039427246535405185,0.08318879309186598,0.09205912809409456
22,l56,0.0014730004441439392,-0.0024841751969874436,0.0028880541403816943
22,l57,0.01577702873975795,0.014528186979881867,0.021447210839117457
22,l58,0.10490145590555282,0.22453799742707675,0.2478338712518258
22,l59,0.0037031637520012735,0.0022891970000091535,0.004353601345895954
22,l60,5.6895712590794916e-08,-0.011495970715839196,0.011495970715979992
22,l61,0.37326355666948074,0.12793099543836434,0.3945782841609526
22,l62,0.2006832062061585,0.05959910353558371,0.2093461305957881
22,l63,0.3777800493307004,0.10724620595539454,0.3927079250080565
22,l64,0.29632332747201146,0.05990684504831006,0.30231828341621547
22,l65,0.0755424285715344,-0.02850283555160422,0.08074075890755035
22,l66,0.12262515513946709,0.12339636460302426,0.17396433965103558
22,l68,0.5621785769430572,1.1794794768266148,1.3066049856895947
22,l69,0.11697619025026507,0.11732947116388823,0.1656793103832337
22,l70,0.04969639015850407,0.048898706362913796,0.06971954301881737
22,l71,0.01868035609096114,0.017685869459855893,0.025724418015499833
22,l72,0.05450359649960592,0.05389637149994451,0.07665155505436198
22,l73,0.28711358778468277,0.6063092962180381,0.6708540638402702
22,l74,0.012793918738054345,0.01124364251785846,0.017032435343935188
22,l75,0.0012030011099441254,-0.0007522787232273913,0.001418849868008392
22,l76,0.41945164617199043,0.8484135486373853,0.9464381823383256
22,l77,0.10634608538747853,0.23969770429600612,0.2622298215726359
22,l78,0.0997071430401702,0.2008475691320491,0.22423483315374132
22,l79,0.004372999173320512,0.005226500397510236,0.0068146480595138986
22,l80,0.48249542717081206,0.991730860140553,1.1028743972891317
22,l81,0.19009146279946434,0.3913494374457223,0.43507372526771076
22,l82,0.2823729586167028,0.5658974767230975,0.6324353262741724
22,l83,0.09765044010989368,0.09564196793303927,0.13668575084389903
22,l84,0.29401221140270356,0.6000875252065307,0.6682426343495352
22,l85,0.030564485710448935,0.02863235124422863,0.04188077511838956
22,l86,0.05480273984349105,0.10816454758322652,0.12125555512320842
22,l87,0.01638586641593429,0.015806627612273586,0.02276721534737907
22,l88,0.022149787171957543,0.04485281769608991,0.05002387756903388
22,l89,0.02455568811964622,0.02362121736789413,0.0340726243334827
22,l90,0.008788695707606622,0.014620562436677574,0.01705878126378583
22,l91,0.029149374758198975,0.02806474107572285,0.04046375835783538
22,l92,0.004925539495350677,0.0060012307217730265,0.0077637432657328255
22,l93,0.018862569390621503,0.017859542295838766,0.02597613857048166
22,l94,0.006503458933899017,0.008250165569827573,0.010505246785986478
22,l95,0.0031226139015561784,0.0021460298311012592,0.003788952574811197
22,l96,0.012135407472153019,0.018741785333360895,0.02232762038366312
22,l97,0.019550509268468887,0.029040945733180706,0.03500855526487825
22,l98,0.006359130740333057,0.007549985018496954,0.009871211554423161
22,l99,9.95028877179975e-08,-0.01796128346627293,0.017961283466548548
22,l118,0.3247097437393677,0.6601622591793567,0.7356973740092307
22,l101,0.35718269349855836,0.7261930082486214,0.8092810153241379
22,l105,0.4353313961818058,0.8852820026574846,0.9865280780245673
22,l108,6.945922721596202,14.430086739413259,16.01478210158904
22,l114,4.9297303387083815,10.219336407705494,11.346236284611601
22,l116,4.479023806433502e-08,-0.008426332082145896,0.008426332082264938
22,l117,0.2872429116621497,0.586278545872381,0.6528637098586375
22,sw1,0.0003295239133294672,1.2183576473034919e-08,0.0003295239135547005
22,sw2,0.0,0.0,0.0
22,sw3,0.0002246507441159338,9.699386282591149e-09,0.00022465074432532125
22,sw4,1.4850464387563988e-05,8.233473636209965e-11,1.4850464387792232e-05
22,sw5,4.489217197988182e-05,2.1546147763729094e-09,4.489217203158755e-05
22,sw6,5.264885749589609e-19,3.469446951953614e-21,5.265000062910444e-19
22,sw7,0.00011843886895803734,5.82393113290891e-09,0.00011843886910122586
22,sw8,1.4352551661431789e-06,9.19681042432785e-12,1.4352551661726444e-06
22,sw9,2.4210894320276567e-05,1.758598955348134e-09,2.421089438414596e-05
23,l115,7.184443085088161,15.37463382468099,16.970432748928232
23,l1,0.0021859418044641644,0.001305275035928389,0.0025459938122316607
23,l2,0.07988150811599917,0.07970677926523058,0.11284602784202301
23,l3,4.834744845583918,10.351326266000626,11.424741274405068
23,l4,0.010190684949258866,0.009309971745018629,0.013803102318975122
23,l5,0.03746928587440197,0.0363281320594142,0.05218889309866513
23,l6,0.012819271602293156,0.011722089269165735,0.017370696625283923
23,l7,3.1541031231994276,6.741220921979118,7.4426088188689175
23,l8,0.0028085616413245588,0.0016753887897721143,0.0032703128428353406
23,l9,0.0718949080802704,0.07178528197728155,0.1015972662842281
23,l10,4.21567637282121,8.954708627705172,9.89741046372537
23,l11,0.0476631185310398,0.04624028108581842,0.0664073524769618
23,l12,0.04809018652915256,0.047997005421741054,0.06794393696175786
23,l13,10.961805577318882,21.924410414433435,24.5120573093214
23,l14,0.012299154129210364,0.01124655990643987,0.0166659623791491
23,l15,0.00319735937123005,0.002018622719571795,0.003781262306791748
23,l16,0.0193460084260405,0.01772050055834734,0.026235170707636313
23,l17,0.004510279779280609,0.0028048295876260455,0.005311279761320244
23,l18,0.05288916733281803,0.0524311398423888,0.0744734076454875
23,l20,0.016624559939460597,0.01530681936451947,0.022598113023851046
23,l21,0.004106960599425292,0.0014331830573073602,0.0043498435651164085
23,l22,0.025295088377213688,0.05347401439566966,0.059154980446276345
23,l23,0.003787542399561062,0.00109231182082749,0.0039419059530121
23,l24,0.027550891491108814,0.05810358648798774,0.06430457514611168
23,l25,0.010460867822068395,0.019684881612278333,0.02229179938183994
23,l26,0.017575434419079102,0.034928709227115176,0.03910128672168873
23,l27,0.004842997523554805,0.0080281646486366,0.00937582277129727
23,l28,0.012053256436407537,0.011125653853103358,0.016403083989935348
23,l29,0.025579942554406442,0.023492310475407067,0.03473070849492786
23,l30,0.005851607482296458,0.006462518087666012,0.008718110469607404
23,l31,0.012311408351748923,0.018801690581231014,0.022473859132687117
23,l32,1.3753263243295513e-07,-0.004584741933039824,0.00458474193510267
23,l33,0.004019153957036906,0.002616063629702694,0.004795559137891915
23,l34,0.011603869844548172,0.011259120990333032,0.016168413677419696
23,l36,0.30908287362215925,0.6302723912969741,0.7019797076823073
23,l41,0.30908455658980527,0.6302846193798323,0.7019914276891824
23,l43,0.2457135995432327,0.5010348967146784,0.5580422391955474
23,l45,1.5960549640178796,3.3289798826351324,3.6918150694686123
23,l52,0.0031575402797507763,0.0031885564236098433,0.004487421607648674
23,l53,0.007895739852261848,0.01594780810600084,0.017795372746880634
23,l54,0.0017855416136086607,-0.0020655378404641363,0.0027303123309096833
23,l55,0.03288703909439988,0.06812225667613017,0.07564521924778292
23,l56,0.0012179809695268451,-0.0031101091364272543,0.0033400982743952063
23,l57,0.013045025353196252,0.01175005172334204,0.017556662609013885
23,l58,0.08724978894360044,0.18398668418170913,0.2036261909158122
23,l59,0.0030622069022974755,0.00163081307977518,0.0034693893430464253
23,l60,3.772180733140635e-07,-0.011599970917728422,0.011599970923861776
23,l61,0.30990900954857353,0.09713701370704803,0.3247756050433916
23,l62,0.16656954496455728,0.04310359589325526,0.17205619224145557
23,l63,0.3134698219369311,0.07625201852307509,0.32261075554608326
23,l64,0.246304142581037,0.03445274754952698,0.2487020757176973
23,l65,0.06288465984112554,-0.035384762882295036,0.07215650966870772
23,l66,0.10154457603808259,0.10203346959817282,0.14395183166946918
23,l68,0.4717395995615807,0.9902034608878312,1.0968323225310053
23,l69,0.0970377557030879,0.09711879963414685,0.13728942885113088
23,l70,0.04133333834898804,0.04040868417828824,0.05780403633045505
23,l71,0.015550682571087236,0.014499182855757681,0.02126146824448899
23,l72,0.03784029715080396,0.03699198368930229,0.052917813123094466
23,l73,0.2999663242053648,0.6291940928442636,0.697040172534836
23,l74,0.007097012358815846,0.0054514501217799985,0.008949072178245074
23,l75,0.0026736226466509833,0.0007213696681910732,0.002769229541744618
23,l76,0.4336976554116991,0.8777855664225644,0.9790817927677887
23,l77,0.10283753538112797,0.22602316766163857,0.24831840649268416
23,l78,0.10150099051499274,0.20467476723220898,0.2284605248551346
23,l79,0.00364175660207585,0.0034580905452490135,0.005022029606434401
23,l80,0.49221224055499624,1.010790055481426,1.1242639485513684
23,l81,0.19245238972893275,0.39564207231407633,0.43996655747608115
23,l82,0.2863706750402598,0.5746352908332774,0.6420388469509142
23,l83,0.07902852472889936,0.07673658691884339,0.1101544892084724
23,l84,0.2974616367774197,0.606735920305975,0.6757306433364111
23,l85,0.02473420395170251,0.022699519629226415,0.033571550999649265
23,l86,0.048211633513309156,0.09278241370985052,0.10456069003142382
23,l87,0.0156139142232023,0.0150400941765256,0.021679454564362967
23,l88,0.021721020366078845,0.04370271795456938,0.04880297411388217
23,l89,0.02369687920592696,0.022749116254148247,0.03284911527644307
23,l90,0.009302932472256543,0.015737518830792396,0.018281522133917365
23,l91,0.02803132032297435,0.026955958068036124,0.0388893120846193
23,l92,0.004619965770129056,0.005045484647573176,0.006841125568651753
23,l93,0.015416135392271827,0.01435162520891754,0.021062439948165868
23,l94,0.00528096062463618,0.005364409816997928,0.007527644904195568
23,l95,0.0025355076674895825,0.0015441952230958122,0.0029687266662544714
23,l96,0.009934611364787998,0.014164043106216924,0.01730076934948692
23,l97,0.01606363185076407,0.021539939858908837,0.026870230318370766
23,l98,0.005275218841434253,0.005059064912222311,0.007309040402891606
23,l99,7.008319931996768e-07,-0.01811196960284921,0.01811196961640835
23,l118,0.392177947144286,0.7985963256719988,0.8896963715802844
23,l101,0.4313978927352291,0.87847184264307,0.9786812147850326
23,l105,0.5069761099088937,1.0323458777999186,1.1501142497286254
23,l108,6.3665947160242355,13.234918072905842,14.686612430190884
23,l114,4.791899313643924,9.93620225758473,11.03133783073173
23,l116,2.754439024371391e-07,-0.008502908223247172,0.008502908227708548
23,l117,0.23842543322585696,0.4852777145920845,0.5406858121762159
23,sw1,0.00030284963292069735,6.434271926991641e-08,0.00030284963975574854
23,sw2,0.0,0.0,0.0
23,sw3,0.00021857488923706115,5.208588117966428e-08,0.00021857489544303244
23,sw4,1.2337968655629084e-05,6.3022889662534e-10,1.233796867172527e-05
23,sw5,3.639076056424529e-05,1.2571719707921148e-08,3.6390762735787306e-05
23,sw6,5.377642775528102e-19,-3.469446951953614e-21,5.377754692007142e-19
23,sw7,0.00010863766534021124,3.3706659451127054e-08,0.00010863767056923959
23,sw8,1.4838022962067044e-06,4.5751221477985384e-11,1.4838022969120456e-06
23,sw9,2.6171251258347184e-05,7.060065399855375e-09,2.6171252210623446e-05
