Hour,Load,Bus,P_kW,Q_kVAR,S_kVA
0,s1a,x1,28.000104273468956,13.999906820762199,31.305003279270846
0,s2b,x2,14.000019415907577,7.000683583249416,15.652798927941515
0,s4c,x4,27.999842756611667,14.000205766946683,31.304903065044396
0,s5c,x5,14.095560535175935,7.047904589269923,15.759371367547036
0,s6c,x6,28.35237869304646,14.176419495779154,31.699025967278903
0,s7a,x7,14.000092169753614,6.999924377052826,15.652524462400782
0,s9a,x9,28.000238613373064,13.999810342085937,31.305080290908126
0,s10a,x10,13.826550321096631,6.913119931682889,15.458483786311275
0,s11a,x11,27.30737767925496,13.65338038074864,30.530438443279582
0,s12b,x12,14.000079703703038,7.000890140849172,15.652945233222944
0,s16c,x16,27.999611508347225,14.00019663073621,31.30469214539009
0,s17c,x17,13.99980399740856,7.000096488140103,15.652343684225952
0,s19a,x19,28.000491354037745,13.999569653071433,31.305198714250977
0,s20a,x20,27.334392973912934,13.666536058034563,30.560485059597134
0,s22b,x22,28.98426351525699,14.494437936996093,32.4064231693547
0,s24c,x24,27.99939218256712,14.000211856173465,31.304502784918032
0,s28a,x28,27.369183613881155,13.68395171913205,30.59939127404135
0,s29a,x29,26.773374527141154,13.386067359632795,29.93326549054074
0,s30c,x30,27.99940474758727,14.000200496191008,31.30450894284655
0,s31c,x31,13.99970005763786,7.000096611313797,15.65225077334095
0,s32c,x32,13.999701663339387,7.000098113920093,15.652252881518853
0,s33a,x33,27.678029103447372,13.838361937674259,30.944685426892796
0,s34c,x34,28.19981954099028,14.100239603342343,31.52850423055431
0,s52a,x52,23.530421273503098,11.76431590925031,26.30741063124927
0,s53a,x53,23.540462074867474,11.769335842285864,26.318636379318527
0,s55a,x55,10.753263924727559,5.376219949692884,12.02233030582353
0,s56b,x56,15.200182099954931,7.601736296198228,16.995056063124
0,s58b,x58,15.93707010959523,7.970253407487574,17.818954600585325
0,s59b,x59,14.991222377913234,7.497248457128433,16.761428423972735
0,s60a,x60,11.84768844161213,5.923393303326006,13.245916715554156
0,s62c,x62,23.05590121593698,11.528412192540017,25.777487630879577
0,s63a,x63,23.65398529100496,11.826094197358964,26.44555773871836
0,s64b,x64,58.876000892770335,27.481673366023063,64.97403983224588
0,s65a,x65,20.787445581203272,14.84901579813341,25.546255380479995
0,s65b,x65,25.223254119804498,18.018435804997573,30.9980092465799
0,s65c,x65,42.91541644289306,30.654495302208876,52.73927427164771
0,s66c,x66,47.06603805545021,21.965003727799424,51.93913098040176
0,s68a,x68,14.000377100211175,6.999648102834798,15.652655765448758
0,s69a,x69,28.000749414305226,13.999291742117062,31.305305253960093
0,s70a,x70,14.000372924201297,6.99964420040051,15.65265028514051
0,s71a,x71,28.000743799598165,13.999286478558927,31.305297878146725
0,s73c,x73,27.998937379171636,14.000084071860968,31.3040388509526
0,s74c,x74,27.95957123327073,13.980360605403575,31.260008096695376
0,s75c,x75,27.99895353419942,14.000119074243301,31.30406895442267
0,s76a,x76,72.40140286205929,55.16541964034806,91.02300072228945
0,s76b,x76,48.92331532846485,34.94852520195502,60.12395692667017
0,s76c,x76,49.425735862803464,35.30480506608964,60.73987673953747
0,s77b,x77,28.000727033224432,14.003812270459731,31.30730701442435
0,s79a,x79,26.351744039744947,13.174829340831517,29.461679213790045
0,s80b,x80,28.000754963478613,14.003858743625326,31.307352782312716
0,s82a,x82,28.000768422468294,13.999239144513082,31.30529873478234
0,s83c,x83,13.999437777797839,7.000050608445501,15.651995611270518
0,s84c,x84,13.999452276535372,7.00005951506724,15.6520125625261
0,s85c,x85,27.998914472901784,14.000129493335008,31.304038676998495
0,s86b,x86,14.000367691787591,7.001915116944518,15.653661258956193
0,s87b,x87,28.00076102669726,14.003877340215313,31.30736652345585
0,s88a,x88,28.000777610244082,13.99925800705391,31.3053153877486
0,s90b,x90,28.37996033540018,14.193298259370378,31.73124428884461
0,s92c,x92,27.998871123470007,14.000081567919104,31.303978470748266
0,s94a,x94,28.00077646370175,13.999250868478036,31.30531116997205
0,s95b,x95,14.000389062246073,7.001954924779375,15.653698178478518
0,s96b,x96,14.000393661345303,7.001959764682756,15.653704456737195
0,s98a,x98,28.000764632397434,13.99930627278795,31.30532536355818
0,s99b,x99,28.000712853582815,14.003799930524018,31.307288812718074
0,s100c,x100,27.93544416559792,13.968272368269183,31.233022166985236
0,add44,44,580.001410733407,174.0138082931658,605.5430966739139
0,add108,108,540.0016138013152,162.01518595070536,563.7824610491767
1,s1a,x1,26.400158577911707,13.200879839587683,29.516632624303835
1,s2b,x2,13.199995105432713,6.600066160196496,14.758073861531473
1,s4c,x4,26.400114697051453,13.200586908231282,29.51646236829948
1,s5c,x5,13.32136035084918,6.6609278262404645,14.893844403093551
1,s6c,x6,26.857941874082403,13.4294433581243,30.02830315919729
1,s7a,x7,13.200094755766088,6.6005048734906175,14.758359195594094
1,s9a,x9,26.400216759275786,13.20110347626215,29.516784681393172
1,s10a,x10,13.078177041247127,6.539551573004633,14.622053532188659
1,s11a,x11,25.910083861102656,12.955914351089076,28.968744576907852
1,s12b,x12,13.199973550746028,6.600051145029357,14.758047867431452
1,s16c,x16,26.400258096280723,13.200766376289083,29.516670890728857
1,s17c,x17,13.200126809338716,6.600380792929791,14.758332371724768
1,s19a,x19,26.400291469946577,13.201537218723214,29.517045492993844
1,s20a,x20,25.8739405084268,12.938254457203628,28.928519247153986
1,s22b,x22,27.442733689328104,13.721460041037805,30.681950687679247
1,s24c,x24,26.4004206772242,13.200936326379734,29.516892313174488
1,s28a,x28,25.905688069394273,12.95411243928691,28.964007033531196
1,s29a,x29,25.437433828919513,12.71990377692677,28.440446408151452
1,s30c,x30,26.40040177375977,13.20092833095312,29.516871829767105
1,s31c,x31,13.200211046379303,6.600468865876144,14.758447103891198
1,s32c,x32,13.20021323206007,6.600471139229026,14.758450075521111
1,s33a,x33,26.199569090457906,13.10108135662188,29.292588708383267
1,s34c,x34,26.734259160549176,13.367680019906611,29.890056573683793
1,s52a,x52,22.42257373541108,11.212635045126767,25.069802503712545
1,s53a,x53,22.431608456678987,11.217153370998348,25.07990406086618
1,s55a,x55,10.239151057158594,5.1202031816806715,11.447999606612713
1,s56b,x56,14.397508858593266,7.198811507130135,16.096929783299075
1,s58b,x58,15.09668735210449,7.5484022358165905,16.878635765987504
1,s59b,x59,14.210710642523756,7.105413400208689,15.888083476410966
1,s60a,x60,11.285454376294425,5.6434087410887495,12.617826385650575
1,s62c,x62,21.90191830978335,10.95150623041925,24.487333753664053
1,s63a,x63,22.533666107942306,11.268192163032463,25.194012441198286
1,s64b,x64,55.81836736567532,26.04878668952613,61.5973166896572
1,s65a,x65,19.766008208280198,14.119302744604365,24.29094050224471
1,s65b,x65,23.94016307172404,17.10049831676864,29.420374752585097
1,s65c,x65,40.750394801639175,29.109408145717637,50.07946005183596
1,s66c,x66,44.75984683274107,20.88898457143424,49.39426651865638
1,s68a,x68,13.200215370994231,6.601020433215508,14.758697659358734
1,s69a,x69,26.40046518185936,13.20207492267343,29.517441353925836
1,s70a,x70,13.200244951788358,6.6010496829272,14.758737198815057
1,s71a,x71,26.4005039181136,13.202113225608853,29.5174931312286
1,s73c,x73,26.400574280616592,13.201091820651051,29.517099241009685
1,s74c,x74,26.56276751045669,13.282061728855446,29.698380117166323
1,s75c,x75,26.400599814235445,13.201122899289459,29.51713597816619
1,s76a,x76,68.55323646072927,52.234069717194544,86.18552238317872
1,s76b,x76,46.2788555798398,33.05711949555954,56.87271422328437
1,s76c,x76,46.74364755949816,33.3907008181121,57.444821248666535
1,s77b,x77,26.39984781146029,13.20007281237887,29.51599374441539
1,s79a,x79,25.085373894514937,12.544237604986881,28.04699414407859
1,s80b,x80,26.399846978144264,13.200068323989756,29.515990991790034
1,s82a,x82,26.400396615530422,13.202041559244051,29.517365105803687
1,s83c,x83,13.200296257685638,6.600553178088269,14.758561025636633
1,s84c,x84,13.200309844045261,6.600570502621656,14.758580925647198
1,s85c,x85,26.40063601748203,13.201158277136253,29.51718418117779
1,s86b,x86,13.199923419189382,6.6000434349264925,14.757999580409962
1,s87b,x87,26.39984577970523,13.200094057903058,29.516001428542243
1,s88a,x88,26.40043215837507,13.20204176102199,29.51739698565463
1,s90b,x90,26.83677603173934,13.418530237484719,30.004491355662587
1,s92c,x92,26.40055105632465,13.201055971368914,29.517062435764498
1,s94a,x94,26.400441582032308,13.202049697359788,29.51740896382774
1,s95b,x95,13.199924400260622,6.600051089989911,14.758003881388321
1,s96b,x96,13.19992517190407,6.600051963411218,14.758004962175441
1,s98a,x98,26.400395759500935,13.202002875775174,29.517347038483166
1,s99b,x99,26.399837924080334,13.20006554780532,29.51598165204856
1,s100c,x100,26.528365169682953,13.26484390412391,29.65990968254659
1,add44,44,570.0042149899747,171.01495824641614,595.1058066011126
1,add108,108,570.0054387833485,171.01739773001805,595.1076798100869
2,s1a,x1,25.20012143378227,12.600757862090221,28.1749040633043
2,s2b,x2,12.599989746012186,6.300075898904396,14.087253030011501
2,s4c,x4,25.200076375245516,12.600489523389761,28.174743753000882
2,s5c,x5,12.743462021929684,6.371943205701497,14.247718572496078
2,s6c,x6,25.74852172123143,12.874667253472257,28.78790419110703
2,s7a,x7,12.600074833757052,6.300435029340768,14.087489747120387
2,s9a,x9,25.20017386480487,12.600950601602662,28.17503715845686
2,s10a,x10,12.521282269932016,6.261045115150411,13.999399830609264
2,s11a,x11,24.879738368547944,12.440633369394375,27.816734889614303
2,s12b,x12,12.599971485924444,6.300069421313182,14.087233800838064
2,s16c,x16,25.200188256012368,12.600636780229426,28.174909678750243
2,s17c,x17,12.600092318802298,6.300316451511581,14.087452354188395
2,s19a,x19,25.200244120957514,12.601324891007424,28.175267394730735
2,s20a,x20,24.791955486406835,12.397093276228068,27.718747780869847
2,s22b,x22,26.31107767372542,13.155701241382538,29.416751749731418
2,s24c,x24,25.200318403015025,12.600778482644914,28.175089458279007
2,s28a,x28,24.821446964704545,12.411825034529643,27.751714003092086
2,s29a,x29,24.46198055100235,12.232024955190642,27.34978842664096
2,s30c,x30,25.2003023239658,12.600770942456153,28.175071704674036
2,s31c,x31,12.600159925473186,6.3003893761580265,14.087545436970395
2,s32c,x32,12.600161725628178,6.3003912480853685,14.087547884246426
2,s33a,x33,25.104170619933228,12.5532115864932,28.067819716714475
2,s34c,x34,25.653197226692622,12.827071940499664,28.681358101009508
2,s52a,x52,21.628556916444946,10.815450379147963,24.181985881885517
2,s53a,x53,21.636886007343186,10.819615752792545,24.19129845900877
2,s55a,x55,9.869593731494994,4.935342391207192,11.034785224154207
2,s56b,x56,13.816403755270015,6.908309991945361,15.447257351175693
2,s58b,x58,14.488230164526142,7.244227026022263,16.198383823852197
2,s59b,x59,13.645159130365133,6.822688488893241,15.25580040212454
2,s60a,x60,10.882616758812976,5.441900716860703,12.16740033578932
2,s62c,x62,21.067572525600475,10.534257286794931,23.554472796176697
2,s63a,x63,21.73090011488711,10.866631388423441,24.296413264823066
2,s64b,x64,53.60263764208061,25.014972322910502,59.15227470270417
2,s65a,x65,19.030563519557106,13.59393662226455,23.387121686134083
2,s65b,x65,23.012343866847893,16.437782811221293,28.280181647134697
2,s65c,x65,39.18289914592226,27.98952042594583,48.153014850100035
2,s66c,x66,43.095468816903434,20.112126327929897,47.55751316016542
2,s68a,x68,12.60018427665648,6.300878209757462,14.087785845188646
2,s69a,x69,25.20039758836066,12.601785271691446,28.17561056384179
2,s70a,x70,12.60020920715544,6.30090298100827,14.087819222298519
2,s71a,x71,25.20043021654933,12.601817689593052,28.175654245836295
2,s73c,x73,25.200434738479718,12.60090358987362,28.175249462776105
2,s74c,x74,25.55289070404149,12.777029664731439,28.569261635298123
2,s75c,x75,25.200455545630387,12.600930087913301,28.17527992385829
2,s76a,x76,65.71893073605048,50.07433959178703,82.62213591189355
2,s76b,x76,44.3288568910691,31.66426758584045,54.47635629350214
2,s76c,x76,44.76670826203599,31.978291672992746,55.015173424622034
2,s77b,x77,25.19986020621385,12.60017640085395,28.174410370855274
2,s79a,x79,24.17526700125521,12.088979419391226,27.029372134484433
2,s80b,x80,25.199859827039223,12.600173967543784,28.174408943486167
2,s82a,x82,25.200339762177343,12.60175435482333,28.17554501599721
2,s83c,x83,12.60022382102798,6.300457263131275,14.087632947537516
2,s84c,x84,12.600235195599918,6.300471816186082,14.08764962976401
2,s85c,x85,25.200483943590434,12.600958056260403,28.175317831868256
2,s86b,x86,12.59992970143101,6.300093922114399,14.087207385016598
2,s87b,x87,25.19985887455784,12.600194769579188,28.17441739466785
2,s88a,x88,25.20036791386133,12.60175241313244,28.175569326561284
2,s90b,x90,25.69775040188955,12.849112458889932,28.731064489486204
2,s92c,x92,25.200412517177167,12.600872708414276,28.175215776450752
2,s94a,x94,25.20037528204239,12.601758002823757,28.175578416733625
2,s95b,x95,12.599930831227516,6.300100990524421,14.087211556675243
2,s96b,x96,12.599931580588267,6.300101836596657,14.087212605302517
2,s98a,x98,25.20034033009204,12.601726344391102,28.175532996047902
2,s99b,x99,25.199852437792416,12.60017130598675,28.174401144065587
2,s100c,x100,25.511396551483926,12.756267300763778,28.522862925302594
2,add44,44,560.0033506526518,168.0137423138591,584.6643227942891
2,add108,108,560.0043829229805,168.01600544223822,584.6659618771341
3,s1a,x1,24.40006507092593,12.200458803924036,27.280292712719692
3,s2b,x2,12.19999160801322,6.100044255165869,13.640026948308243
3,s4c,x4,24.40004021703587,12.200292571386473,27.28019613969804
3,s5c,x5,12.35676764255282,6.1785122348920245,13.815343644251156
3,s6c,x6,25.003338525594096,12.501915798122512,27.954692558652887
3,s7a,x7,12.200040580754504,6.100263566411232,13.640168831496954
3,s9a,x9,24.40009510943556,12.200576129932426,27.280372051197872
3,s10a,x10,12.148251614178099,6.074373785471821,13.58226910965204
3,s11a,x11,24.18625391561635,12.093597314073875,27.041264291183612
3,s12b,x12,12.19998015647936,6.10003994226816,13.640014776962563
3,s16c,x16,24.40010660738207,12.200381096469638,27.28029511113661
3,s17c,x17,12.200052227027543,6.1001893881946705,13.64014607377951
3,s19a,x19,24.40013418743269,12.20080366958485,27.280508766305598
3,s20a,x20,24.06639233263204,12.033881651736106,26.907351179857177
3,s22b,x22,25.551473709002323,12.775833605058773,28.56745933760974
3,s24c,x24,24.400184109867457,12.200466791363015,27.28040275587184
3,s28a,x28,24.09442696316944,12.047890081553348,26.9386908757775
3,s29a,x29,23.804057860531852,11.902666368510491,26.614030835399944
3,s30c,x30,24.40017417502382,12.200461977165206,27.280391716904532
3,s31c,x31,12.200092483424012,6.10023337216061,13.640201750667806
3,s32c,x32,12.20009355835012,6.1002344951377925,13.640203214328046
3,s33a,x33,24.369606200654335,12.185494946955941,27.246357435027146
3,s34c,x34,24.926115491386764,12.463345222013778,27.86837289138074
3,s52a,x52,21.091637947503465,10.546541580425597,23.581491272101815
3,s53a,x53,21.099509323461163,10.550477770676705,23.590291962592744
3,s55a,x55,9.619988091455543,4.810330301391576,10.755624039925923
3,s56b,x56,13.426928752635213,6.713528960807085,15.011791593142295
3,s58b,x58,14.080380495001746,7.040257073373198,15.742373853495124
3,s59b,x59,13.265710348847916,6.632920349954612,14.83154420242116
3,s60a,x60,10.610378041844095,5.305554177847651,11.862926591904882
3,s62c,x62,20.50557636680209,10.25307511251218,22.926059657027174
3,s63a,x63,21.188309996410762,10.594883297808153,23.689576454596533
3,s64b,x64,52.11573959885024,24.320922304788283,57.51136909942864
3,s65a,x65,18.534891445366654,13.239626188147435,22.777837967932896
3,s65b,x65,22.38879198216311,15.992235681101972,27.51380759728617
3,s65c,x65,38.12789063736028,27.235263118757914,46.85611594661342
3,s66c,x66,41.972537459797216,19.587737041764456,46.318175085287976
3,s68a,x68,12.200102830541848,6.1005322323993045,13.640344665525797
3,s69a,x69,24.40022317071047,12.201081972401365,27.280712822023798
3,s70a,x70,12.200117864875075,6.100547263316464,13.64036483488627
3,s71a,x71,24.40024284684624,12.2011016421237,27.28073921774307
3,s73c,x73,24.400253013997595,12.200541830880184,27.280497944761855
3,s74c,x74,24.872536314298205,12.436624258302091,27.808500240902436
3,s75c,x75,24.400265395552847,12.20055794782714,27.280516227001673
3,s76a,x76,63.81928192610806,48.62591993539636,80.23329006794899
3,s76b,x76,43.02372967550046,30.73172368341156,52.87230045821818
3,s76c,x76,43.443478993109615,31.03231323718719,53.38857866506337
3,s77b,x77,24.39990716761191,12.200100471190135,27.27999122608387
3,s79a,x79,23.56078645131008,11.781222411118554,26.34213088769545
3,s80b,x80,24.399906890947026,12.200099018071775,27.279990328767347
3,s82a,x82,24.400188035237885,12.201062761219898,27.280672804353507
3,s83c,x83,12.200130312197533,6.100274109629393,13.640253804354806
3,s84c,x84,12.200137106799788,6.1002828847360675,13.640263806045574
3,s85c,x85,24.400282329497156,12.200574467286984,27.280538761010316
3,s86b,x86,12.199953374711088,6.100053664141025,13.63999695932975
3,s87b,x87,24.399906435512168,12.200111491307167,27.279995499671063
3,s88a,x88,24.400204645377798,12.201060968090449,27.28068685871704
3,s90b,x90,24.93573679695833,12.468009896095882,27.87906455346604
3,s92c,x92,24.400239162686706,12.200522954659402,27.280477113926747
3,s94a,x94,24.400208937951263,12.201064067713332,27.28069208433177
3,s95b,x95,12.19995408234971,6.100057922310578,13.639999496590365
3,s96b,x96,12.199954532905254,6.100058436172961,13.64000012938711
3,s98a,x98,24.400188900324792,12.201046757810541,27.28066642070557
3,s99b,x99,24.39990236218689,12.20009734334666,27.279985529163824
3,s100c,x100,24.826724824761815,12.413708936999866,27.75727715567568
3,add44,44,560.0018867376448,168.00858990001822,584.6614400060213
3,add108,108,550.0024502641475,165.00981296793648,574.2220247189056
4,s1a,x1,24.799939633722367,12.399606601644589,27.727012996567474
4,s2b,x2,12.400008535084083,6.199942788842721,13.86360350901168
4,s4c,x4,24.799971816827608,12.399757054336602,27.727109065353602
4,s5c,x5,12.546350383265453,6.273067149089967,14.027197845494905
4,s6c,x6,25.360862644511194,12.680223951668035,28.35421368224164
4,s7a,x7,12.399961233938907,6.199774290354436,13.863485847885716
4,s9a,x9,24.799908470151642,12.399507180569756,27.72694066154613
4,s10a,x10,12.329633844466011,6.1646070823533154,13.784855864984674
4,s11a,x11,24.512841867166703,12.25602320421291,27.406012500670833
4,s12b,x12,12.400017681045327,6.199940361007755,13.863610603673552
4,s16c,x16,24.79992227834769,12.399687584753007,27.727033689371893
4,s17c,x17,12.39996199306565,6.1998447029386785,13.863518015641969
4,s19a,x19,24.79986288166904,12.3993129013425,27.72681300429215
4,s20a,x20,24.41508249094931,12.206966302709997,27.29663494563674
4,s22b,x22,25.905183285393466,12.952434203221433,28.96280498913407
4,s24c,x24,24.79986186306231,12.39961966027289,27.72694927586514
4,s28a,x28,24.443872011616364,12.221367847446164,27.328825642220206
4,s29a,x29,24.10561455460881,12.0522730656051,26.950657489257626
4,s30c,x30,24.799869462070944,12.399623493439305,27.72695778686892
4,s31c,x31,12.399930444886843,6.1998099633059285,13.863474262216492
4,s32c,x32,12.399929579169724,6.19980906921127,13.863473088048412
4,s33a,x33,24.722654368760107,12.360746461065325,27.640508173908675
4,s34c,x34,25.269280086506946,12.634399851237463,28.251806591637386
4,s52a,x52,21.32177122652237,10.660282989301635,23.838195436067533
4,s53a,x53,21.3298553437535,10.66432462110982,23.847233563033235
4,s55a,x55,9.728252796540135,4.863845811191517,10.876391798222249
4,s56b,x56,13.600534153919682,6.800158736136469,15.205810998055608
4,s58b,x58,14.262149831233693,7.130962237942895,15.945517873293635
4,s59b,x59,13.434599489529134,6.717191199791019,15.020290312061428
4,s60a,x60,10.727202741729704,5.363296769753159,11.993241050800986
4,s62c,x62,20.75570515559706,10.37761548975882,23.20547779640317
4,s63a,x63,21.421082766989848,10.709933862247402,23.949226923722254
4,s64b,x64,52.777345283462665,24.629018631845643,58.24119447553972
4,s65a,x65,18.752098758756073,13.393971076713314,23.044297972860313
4,s65b,x65,22.665102256083813,16.189101848474476,27.853076651225
4,s65c,x65,38.59697964343745,27.568355710964077,47.431435506446256
4,s66c,x66,42.467418954805055,19.81767341691359,46.86386510246865
4,s68a,x68,12.399894135611754,6.199542963885989,13.863322384459183
4,s69a,x69,24.799773606025013,12.399071383900198,27.726625147917797
4,s70a,x70,12.399881548844318,6.199530482622379,13.863305544866773
4,s71a,x71,24.799757144792988,12.399055062114709,27.72660312541122
4,s73c,x73,24.799811449715307,12.39956097638092,27.726877940879294
4,s74c,x74,25.175208872924788,12.587310090383053,28.146607559470645
4,s75c,x75,24.79980142070613,12.39954768621317,27.726863027200395
4,s76a,x76,64.71576889081082,49.30570718410913,81.35836468399515
4,s76b,x76,43.64176774707863,31.172186064899183,53.6312322826415
4,s76c,x76,44.07188545939704,31.478830705180563,54.159467044198564
4,s77b,x77,24.800075561994788,12.399805882045026,27.727223694287346
4,s79a,x79,23.82750491313944,11.913061048014937,26.639651159867217
4,s80b,x80,24.80007548120013,12.39980596592224,27.727223659532605
4,s82a,x82,24.79980220400514,12.399088305204224,27.726658294104435
4,s83c,x83,12.399903315474695,6.199778223186497,13.863435802492031
4,s84c,x84,12.399897632145668,6.199770971572892,13.863427476192518
4,s85c,x85,24.79978860344073,12.399534848701972,27.726845822046247
4,s86b,x86,12.400037998529603,6.199900238077137,13.863610832935516
4,s87b,x87,24.80007597907852,12.399796275395925,27.727219771181353
4,s88a,x88,24.799789139286528,12.39909003123549,27.72664738037683
4,s90b,x90,25.29707105721124,12.648310786469745,28.2828847507591
4,s92c,x92,24.799823814672123,12.399576466464405,27.726895927717486
4,s94a,x94,24.799785662031276,12.399087654988914,27.726643207550218
4,s95b,x95,12.400037223963249,6.199896193201576,13.863608331244416
4,s96b,x96,12.400036763467238,6.199895680368322,13.863607690020258
4,s98a,x98,24.799801932823843,12.399100299934755,27.726663415476725
4,s99b,x99,24.800078798258927,12.399807493673569,27.727227309632227
4,s100c,x100,25.13166203134367,12.565544728850178,28.097924314625367
4,add44,44,559.9983306779111,167.9923453353147,584.6533660668573
4,add108,108,589.9976549889274,176.99053064954467,615.9731169718698
5,s1a,x1,27.199573259547048,13.598631240905513,30.40953069561578
5,s2b,x2,13.5999727165619,6.799853124746782,15.205172159806565
5,s4c,x4,27.199727614333597,13.599113521457236,30.409884426998776
5,s5c,x5,13.711703313878264,6.855506241556828,15.329995877228564
5,s6c,x6,27.617999339247802,13.808349453959977,30.87757118274313
5,s7a,x7,13.599747532269289,6.7992180345604325,15.204686738731464
5,s9a,x9,27.199431662491612,13.598293958016779,30.409253218900112
5,s10a,x10,13.457741610979403,6.728217322712943,15.045920297859517
5,s11a,x11,26.63001225171162,13.313788888172468,29.772714472905147
5,s12b,x12,13.600001981841398,6.7998615280508075,15.205202093584795
5,s16c,x16,27.199497117720284,13.598868576655425,30.409568724696186
5,s17c,x17,13.599752266022596,6.7994382495540115,15.204789449600572
5,s19a,x19,27.199205130766504,13.597638004255716,30.40875727550033
5,s20a,x20,26.619307175676983,13.30786430680141,29.760490031605446
5,s22b,x22,28.23374008971517,14.116603743171488,31.56616195699618
5,s24c,x24,27.199239438776964,13.598649922624606,30.409240466772896
5,s28a,x28,26.652500909649294,13.324485883309267,29.79761280360164
5,s29a,x29,26.13493531677973,13.065836265518406,29.21901643330241
5,s30c,x30,27.199268914829872,13.59866148198207,30.409272000539133
5,s31c,x31,13.599618560293104,6.799323289893279,15.204618449206604
5,s32c,x32,13.5996149845011,6.799319564313493,15.204613584840724
5,s33a,x33,26.954093168711765,13.475239573288013,30.134784221976794
5,s34c,x34,27.485617817726734,13.742076874108843,30.729527553088975
5,s52a,x52,23.00006209823668,11.498181034201608,25.71402387060448
5,s53a,x53,23.00960415131387,11.502950630473032,25.72469157069255
5,s55a,x55,10.506374698169937,5.252323809527637,11.746097849859602
5,s56b,x56,14.806339360719154,7.40298941559267,16.553910038180057
5,s58b,x58,15.524746621331708,7.762186247556171,17.357110733019493
5,s59b,x59,14.608514269364248,7.304076340648292,16.332734625537665
5,s60a,x60,11.578383715809913,5.788255725688292,12.944607905089109
5,s62c,x62,22.49652539883989,11.24759314522378,25.15158059806845
5,s63a,x63,23.11743269371841,11.556849861954579,25.845240820707406
5,s64b,x64,57.37679014418411,26.775154665903564,63.316703598914565
5,s65a,x65,20.294471281469423,14.49504324685401,24.93936333033695
5,s65b,x65,24.59775725869225,17.569287712382945,30.227959456073737
5,s65c,x65,41.86329387149221,29.899462741641322,51.4442732090727
5,s66c,x66,45.95116237918314,21.44259321896794,50.707929635829004
5,s68a,x68,13.59943006433997,6.798419182824151,15.204045562292466
5,s69a,x69,27.19880172401481,13.59678022050952,30.408012884552484
5,s70a,x70,13.599379903221957,6.798369246986685,15.203978366550366
5,s71a,x71,27.198736044688072,13.596714834857943,30.40792490008255
5,s73c,x73,27.198990074105353,13.598446276311975,30.408926356927246
5,s74c,x74,27.282739054700073,13.64053508643444,30.502656405157662
5,s75c,x75,27.19894709122408,13.598395124844604,30.408865037067798
5,s76a,x76,70.50884376213531,53.716763059132774,88.63965073387992
5,s76b,x76,47.616926524917886,34.01101028837609,58.51598510249531
5,s76c,x76,48.10285876724372,34.35570929293795,59.11175672065802
5,s77b,x77,27.200109037738066,13.599626984545036,30.410455205136365
5,s79a,x79,25.74341074187075,12.869569938419987,28.781053264683518
5,s80b,x80,27.200109361857308,13.599631610859998,30.41045756393843
5,s82a,x82,27.1989134539007,13.596840623192758,30.40813983138866
5,s83c,x83,13.599482217395138,6.799211643143848,15.204446571628624
5,s84c,x84,13.599459012457851,6.799182437087177,15.204412755654715
5,s85c,x85,27.198890805690585,13.598336066718092,30.408788283048796
5,s86b,x86,13.600055435014472,6.799801886839134,15.20522323202549
5,s87b,x87,27.200111960728393,13.599589963522744,30.4104412636862
5,s88a,x88,27.198855600531804,13.59683675149397,30.408086352570056
5,s90b,x90,27.615939930072713,13.807559296787318,30.87537581885737
5,s92c,x92,27.1990295138496,13.598504206090587,30.40898753885642
5,s94a,x94,27.198839449062472,13.596822767401813,30.408065652783854
5,s95b,x95,13.600053337543953,6.79978768709921,15.205215005834887
5,s96b,x96,13.600051857689037,6.799786037801205,15.205212944635376
5,s98a,x98,27.19891980173882,13.59690412580652,30.408173904195472
5,s99b,x99,27.200125159537933,13.599639570570373,30.410475253503552
5,s100c,x100,27.253099999097312,13.62574216861156,30.469530833379714
5,add44,44,539.9906256735894,161.97950407203243,563.7616832978064
5,add108,108,589.9871748762858,176.97367557639043,615.9582358938945
6,s1a,x1,31.199865062420724,15.5996010010913,34.882361320680545
6,s2b,x2,15.600001742757122,7.7999955998482795,17.441329815460684
6,s4c,x4,31.199921474718852,15.599774220656645,34.88248924265707
6,s5c,x5,15.633098023808364,7.816463619357156,17.47829675153546
6,s6c,x6,31.298521107038837,15.649100385135723,34.99273876608989
6,s7a,x7,15.59992098127603,7.799770108365351,17.4411567381698
6,s9a,x9,31.19982332079841,15.599496275229923,34.88227715172776
6,s10a,x10,15.308960893492419,7.654291562571857,17.11585414063052
6,s11a,x11,30.049331085019006,15.024316268676309,33.59601729369571
6,s12b,x12,15.600015407298653,7.800006749092616,17.44134702349121
6,s16c,x16,31.199845742382784,15.59970956460534,34.882392590654106
6,s17c,x17,15.599923868875052,7.799855835055608,17.44119765848517
6,s19a,x19,31.199753400709334,15.59928911941295,34.882121972381626
6,s20a,x20,30.221184274012792,15.110064210001815,33.78807510578571
6,s22b,x22,32.03905102957433,16.01954267014706,35.82075569046988
6,s24c,x24,31.199761815272847,15.599652259221333,34.88229189629585
6,s28a,x28,30.262545131771695,15.13075219609737,33.834321330155625
6,s29a,x29,29.38552528947697,14.692286090139055,32.85380293197401
6,s30c,x30,31.19977082602999,15.599654675805805,34.88230103650248
6,s31c,x31,15.599880794026603,7.799825396948693,17.44114551887937
6,s32c,x32,15.599879774869752,7.7998243410805586,17.441144135122073
6,s33a,x33,30.600358935393384,15.299646794097757,34.21200314215839
6,s34c,x34,31.08309820656388,15.541377323310972,34.75188344859051
6,s52a,x52,25.644992331570183,12.821947930671687,28.671727893922778
6,s53a,x53,25.657151443707594,12.828027021663232,28.685321986581723
6,s55a,x55,11.738100242152868,5.868793600957872,13.12348031680138
6,s56b,x56,16.77410581663459,8.387067215336216,18.75402683218252
6,s58b,x58,17.584506365301905,8.792268451599387,19.660082620282477
6,s59b,x59,16.517686772665932,8.258857237568234,18.467341421829953
6,s60a,x60,12.922500269859095,6.460972367025892,14.44767030188537
6,s62c,x62,25.29229539195451,12.64601166576949,28.277585067410925
6,s63a,x63,25.794878286984044,12.896885560762776,28.839303095042574
6,s64b,x64,64.8525728052218,30.264587525747665,71.56676224030423
6,s65a,x65,22.75654579374421,16.254445327055905,27.965467443849867
6,s65b,x65,27.718098302771025,19.79859111748955,34.06284168650076
6,s65c,x65,47.12286008837104,33.658393212990106,57.90899219109629
6,s66c,x66,51.51520699635078,24.04017247832731,56.848451559075855
6,s68a,x68,15.599822543247083,7.799514676771432,17.44095446281461
6,s69a,x69,31.199625588501345,15.599010216865345,34.881882928083705
6,s70a,x70,15.599805779661322,7.799498222294729,17.44093211049035
6,s71a,x71,31.199603598102442,15.598988626067115,34.8818536037708
6,s73c,x73,31.199668580959287,15.599598534504311,34.88218447860465
6,s74c,x74,30.66511109450557,15.332384957600187,34.284560182776346
6,s75c,x75,31.19965588761158,15.599584270231782,34.88216674619624
6,s76a,x76,79.966431150907,60.92575624311528,100.53147708458405
6,s76b,x76,54.141807885577585,38.672611538605565,66.53500014529706
6,s76c,x76,54.7216552091011,39.08593161682963,67.24707874085851
6,s77b,x77,31.200113672727866,15.600081751903144,34.88279868154506
6,s79a,x79,28.779829997785885,14.38927707429222,32.17654284447302
6,s80b,x80,31.200115509471843,15.600085609228968,34.882802049429145
6,s82a,x82,31.199661956491617,15.599026002736844,34.88192251630363
6,s83c,x83,15.599827988116262,7.79979579250987,17.44108504834691
6,s84c,x84,15.599821236349458,7.799786974757519,17.441075065994543
6,s85c,x85,31.199634311617647,15.599565391499606,34.88213900526086
6,s86b,x86,15.600057729570588,7.800038611721482,17.44139912708499
6,s87b,x87,31.2001178126268,15.600076470368396,34.88280002240551
6,s88a,x88,31.19964367259588,15.599022030092142,34.88190438597429
6,s90b,x90,31.42970402216186,15.714874471570031,35.13948739776807
6,s92c,x92,31.199673492222434,15.599613936692487,34.882195759371825
6,s94a,x94,31.199637964134453,15.599015815771445,34.88189650110423
6,s95b,x95,15.600058852818409,7.800037353309153,17.441399568968542
6,s96b,x96,15.60005869479237,7.800037164363854,17.44139934312681
6,s98a,x98,31.199665779826027,15.599052693608911,34.88193787206833
6,s99b,x99,31.200116383913933,15.6000830815095,34.88280170112162
6,s100c,x100,30.665591216945078,15.332631376867289,34.28509981936285
6,add44,44,529.997845893209,158.9956753237933,553.332939036807
6,add108,108,559.9971434516646,167.9946386312883,584.6528878598662
7,s1a,x1,35.1999509634663,17.599884817112365,39.35470103311743
7,s2b,x2,17.599968500110965,8.799926493375606,19.677337154546905
7,s4c,x4,35.19987492773852,17.599602056233465,39.35450657124559
7,s5c,x5,17.523004844615443,8.761349709243774,19.591246706426883
7,s6c,x6,34.85795644040932,17.42869312103495,38.9722525793504
7,s7a,x7,17.599976279407272,8.799939373446927,19.677349872684587
7,s9a,x9,35.19995068467633,17.599871903587264,39.35469500868132
7,s10a,x10,17.122249757597327,8.561085864298711,19.143239745075462
7,s11a,x11,33.328582454793015,16.66422616438631,37.262458884294716
7,s12b,x12,17.599952372418453,8.799920045536542,19.677319845935163
7,s16c,x16,35.19980392650443,17.59944177097766,39.35437138507474
7,s17c,x17,17.599903743729023,8.799722729440406,19.67718810967555
7,s19a,x19,35.199980495341165,17.599874021043156,39.35472261913414
7,s20a,x20,33.730730522691054,16.865280204259165,37.712065151123426
7,s22b,x22,35.706239231715315,17.853039836410414,39.92075339310298
7,s24c,x24,35.19973729068749,17.59928294429933,39.354240756072535
7,s28a,x28,33.78132934115727,16.89057966563479,37.76863637327787
7,s29a,x29,32.47115306229801,16.235503413206718,36.30382007827044
7,s30c,x30,35.19974406391137,17.599289918417515,39.35424993310603
7,s31c,x31,17.599866801728993,8.799640141264517,19.677118133872046
7,s32c,x32,17.59986499806506,8.799638320752537,19.677115706479242
7,s33a,x33,34.15311607317775,17.0764695534909,38.184305020770694
7,s34c,x34,34.53488511207965,17.26706025599592,38.61100438461469
7,s52a,x52,28.096880724026313,14.04839077949228,31.413245453367043
7,s53a,x53,28.111859492550145,14.055880102116559,31.429992198121177
7,s55a,x55,12.88697105104011,6.443461555822012,14.408060927539903
7,s56b,x56,18.64977688628464,9.324844834042375,20.85106493892251
7,s58b,x58,19.546955936649102,9.773432762579853,21.854140897184013
7,s59b,x59,18.32894249034453,9.164427631115915,20.492361177285503
7,s60a,x60,14.171818366913241,7.0858839967191045,15.844563352763604
7,s62c,x62,27.91698528107313,13.957994830020489,31.21191578321543
7,s63a,x63,28.281875653650207,14.14088787562581,31.620075907555208
7,s64b,x64,71.93905966504389,33.571396176039904,79.38681846943717
7,s65a,x65,25.060398516779742,17.90019030348965,30.796759354207403
7,s65b,x65,30.672735426687133,21.908778643560296,37.69365039642714
7,s65c,x65,52.070164207789205,37.19236367606972,63.98885775226154
7,s66c,x66,56.69436659678723,26.45641111234204,62.56351087300136
7,s68a,x68,17.3203048895765,8.660121960350398,19.364675929021658
7,s69a,x69,34.513704579049474,17.256791807895613,38.58746774888129
7,s70a,x70,17.21196667518993,8.605953269620858,19.243550309304847
7,s71a,x71,34.37336090921548,17.186620513554065,38.43055899765316
7,s73c,x73,35.1996903907007,17.599104865192487,39.35411917013554
7,s74c,x74,33.83728209486863,16.918026488794293,37.83095663399568
7,s75c,x75,35.19966901961238,17.5990804392284,39.35408913183853
7,s76a,x76,89.13047493308531,67.90855668109467,112.05272701860851
7,s76b,x76,60.50140695954144,43.21458984613914,74.3499900447477
7,s76c,x76,61.16636026565487,43.68948083409535,75.16710958724346
7,s77b,x77,35.19970223276817,17.599707814152502,39.354399403612874
7,s79a,x79,31.61706668400315,15.808476158036282,35.34892960387773
7,s80b,x80,35.199693813549445,17.59970895185909,39.35439238201729
7,s82a,x82,35.15361334345604,17.57674674754712,39.302907746483825
7,s83c,x83,17.59984283637923,8.799534727336434,19.677049557361215
7,s84c,x84,17.599829220369,8.799522622423355,19.677031965433578
7,s85c,x85,35.19964417946979,17.599030706714466,39.35404467366932
7,s86b,x86,17.599850043552784,8.799846774910076,19.67719555265537
7,s87b,x87,35.19969361638523,17.599683945165218,39.354381022410934
7,s88a,x88,34.77425410176562,17.38707514463801,38.87877480604876
7,s90b,x90,35.140188347118354,17.569969532950672,39.287869202334804
7,s92c,x92,35.19971310782832,17.59911628772274,39.354144597262035
7,s94a,x94,34.693129963258066,17.346514675118772,38.788075977310676
7,s95b,x95,17.599844012148797,8.799837353012165,19.677185944424014
7,s96b,x96,17.599843123367368,8.799836406787469,19.67718472631092
7,s98a,x98,34.80149697744592,17.40068743998186,38.90922917837258
7,s99b,x99,35.19971848142544,17.599713049474587,39.35441627816947
7,s100c,x100,33.876338650046726,16.937570083756327,37.87463004010477
7,add44,44,529.9981474184615,158.9963333665941,553.3334169296323
7,add108,108,549.9976791925699,164.99563155288058,574.2133798064505
8,s1a,x1,37.999970187995906,18.999943025979846,42.485239428289184
8,s2b,x2,18.99995922489434,9.499917987449637,21.24257263882877
8,s4c,x4,37.999850695666765,18.99964600194619,42.48499971863288
8,s5c,x5,18.83084374972466,9.415297515776334,21.053467734250535
8,s6c,x6,37.292769341323634,18.646156751243147,41.6944817300455
8,s7a,x7,18.99998739259765,9.499972785109192,21.242622338983594
8,s9a,x9,37.99997593177152,18.999945439859978,42.48524564519865
8,s10a,x10,18.377393161492662,9.188682894327975,20.546544058419965
8,s11a,x11,35.57418156266703,17.787070155534245,39.77313488488801
8,s12b,x12,18.999940142767453,9.49990794242722,21.242551078986203
8,s16c,x16,37.99977990558412,18.999505207832282,42.48487343767521
8,s17c,x17,18.999891692527843,9.499754395273527,21.242439076017313
8,s19a,x19,38.00001415550992,18.99997184310819,42.48529164143585
8,s20a,x20,36.156830585954424,18.07839531604837,40.4245565866186
8,s22b,x22,38.21542179088465,19.107619626936923,42.72609964018394
8,s24c,x24,37.99971344168442,18.999366910758784,42.48475214308973
8,s28a,x28,36.21448805371887,18.107222207466,40.48901877131003
8,s29a,x29,34.5805603993771,17.290261935361578,38.66223370847035
8,s30c,x30,37.99971844864451,18.9993721725923,42.48475897458909
8,s31c,x31,18.999854849218607,9.499681657523185,21.24237359349605
8,s32c,x32,18.99985310965523,9.499679908797388,21.242371255537464
8,s33a,x33,36.60902937649611,18.304491698417404,40.93012885670636
8,s34c,x34,36.88646865778121,18.44292721451641,41.24018833954842
8,s52a,x52,29.76286377198136,14.881437261279695,33.275895703510734
8,s53a,x53,29.77995533331583,14.889983029260698,33.29500464433002
8,s55a,x55,13.669713248985119,6.834858599182072,15.283204911938215
8,s56b,x56,19.92723126596382,9.963560326673822,22.279297123349167
8,s58b,x58,20.883001304566957,10.441443249330893,23.347879574289887
8,s59b,x59,19.557781042333385,9.778835323627128,21.866239264822674
8,s60a,x60,15.022338919759612,7.511172144862839,16.795486703572713
8,s62c,x62,29.687723668169948,14.843462418479609,33.19170548746229
8,s63a,x63,29.974172311758572,14.987091736854122,33.51214592508029
8,s64b,x64,76.7436197229538,35.81348071418131,84.68877475230339
8,s65a,x65,26.622652250086094,19.016117378363607,32.71663694478264
8,s65b,x65,32.68581196624589,23.34670187551918,40.167534058704106
8,s65c,x65,55.41076868416845,39.57870197411018,68.0942503896317
8,s66c,x66,60.16775693530848,28.07751855819701,66.39658141058364
8,s68a,x68,18.360328417552257,9.180167773955734,20.527472809831032
8,s69a,x69,36.5758155895819,18.287915008989362,40.89300822168896
8,s70a,x70,18.236687781103523,9.118347527240923,20.389238407870735
8,s71a,x71,36.41567222309917,18.20784341822054,40.713962536243436
8,s73c,x73,37.999666874272386,18.9992162979173,42.48464313714687
8,s74c,x74,35.975530514449595,17.987271339436514,40.22164499413976
8,s75c,x75,37.99964628246664,18.99919352275383,42.484614534059645
8,s76a,x76,95.44680886056766,72.72115030322051,119.99357909108855
8,s76b,x76,64.89768635523825,46.35480803889648,79.75260448778972
8,s76c,x76,65.60983706902448,46.86362941101504,80.62785177466216
8,s77b,x77,37.9996616694207,18.999651865769813,42.4848332703671
8,s79a,x79,33.55415526885574,16.77708516179427,37.514689420713275
8,s80b,x80,37.999652453229025,18.99965074283049,42.4848245249493
8,s82a,x82,37.263992715833055,18.632004054609215,41.66241385489604
8,s83c,x83,18.99983193888837,9.499591536207763,21.242312799240874
8,s84c,x84,18.99981889368317,9.49958000224991,21.242295973173576
8,s85c,x85,37.99962416491933,18.99914621867228,42.484573596937636
8,s86b,x86,18.999829426851665,9.49981861865889,21.242412104958245
8,s87b,x87,37.99965144577083,18.999626014661885,42.48481256516368
8,s88a,x88,36.84838940675622,18.424213309728295,41.19776010846115
8,s90b,x90,37.69343358499778,18.846562545222046,42.14247091946087
8,s92c,x92,37.999690649676864,18.999225679739723,42.484668598222825
8,s94a,x94,36.75768573937275,18.378863398516035,41.09635118518187
8,s95b,x95,18.999822566573904,9.499807756128249,21.24240111109583
8,s96b,x96,18.99982153199712,9.49980666468403,21.242399697635776
8,s98a,x98,36.91543038786838,18.457722582050778,41.27270918703428
8,s99b,x99,37.9996776732359,18.99965877266748,42.484850673476814
8,s100c,x100,36.04641931972164,18.022729350146758,40.30090717343523
8,add44,44,539.9981231722537,161.99715794371355,563.7739371515829
8,add108,108,539.9977576361384,161.9967219551507,563.7734617523887
9,s1a,x1,39.19998823305501,19.599973186228894,43.82690984284134
9,s2b,x2,19.59991336319336,9.799805492201736,21.913301703067773
9,s4c,x4,39.19975547317423,19.59942059917555,43.82645453353533
9,s5c,x5,19.337326306481053,9.668459154973156,21.61969683216461
9,s6c,x6,38.127740759999675,19.063497060726363,42.62794313177758
9,s7a,x7,19.599998991834255,9.799995476066412,21.91346325460277
9,s9a,x9,39.200002935553684,19.60000148906871,43.82693565056668
9,s10a,x10,18.848502797861265,9.424256428732168,21.073269014452492
9,s11a,x11,36.28518742550905,18.1426058527296,40.568078259042764
9,s12b,x12,19.599870801967665,9.799772113265224,21.913248707705467
9,s16c,x16,39.199656877023294,19.59919066111539,43.82626351683557
9,s17c,x17,19.599831048966276,9.799597966339684,21.913135272021467
9,s19a,x19,38.70486856588164,19.352487802140452,43.27338252129324
9,s20a,x20,36.795622412670625,18.397862080517996,41.138779246224495
9,s22b,x22,38.948874497618824,19.474139742223723,43.54603246371499
9,s24c,x24,39.19956110300686,19.598959460877094,43.82607446050207
9,s28a,x28,36.917642527113756,18.45886468667577,41.275198549259144
9,s29a,x29,35.1551875386769,17.5776335619765,39.30471234494238
9,s30c,x30,39.19956620482244,19.59896752361935,43.82608262939027
9,s31c,x31,19.59977721346845,9.799476895646686,21.913032976881823
9,s32c,x32,19.599774558117492,9.799474279520917,21.91302943191611
9,s33a,x33,37.48122106033019,18.740658926670317,41.90530072889499
9,s34c,x34,37.61323119291728,18.806104302994015,42.05264224548721
9,s52a,x52,30.093088112067026,15.046629492080907,33.64513354398506
9,s53a,x53,30.110892830270192,15.055531912260314,33.665039851411215
9,s55a,x55,13.838704905687948,6.919391920817552,15.472160095493676
9,s56b,x56,20.232256166296107,10.115929915363646,22.620261440380744
9,s58b,x58,21.201420978380188,10.600504123261294,23.70381697469374
9,s59b,x59,19.84559324478679,9.922599905804473,22.18795980094155
9,s60a,x60,15.19339695227538,7.5967418567303495,16.98675359764807
9,s62c,x62,30.077667661053468,15.038163559922106,33.62755499859826
9,s63a,x63,30.31329739463824,15.156735379851018,33.891335563984626
9,s64b,x64,77.86502836518213,36.336269135336934,85.92605598412077
9,s65a,x65,26.956041719301297,19.254151288738814,33.126281515170916
9,s65b,x65,33.165854240235454,23.689253897790977,40.75726484589648
9,s65c,x65,56.15386554815355,40.109294095551626,69.0073335874062
9,s66c,x66,60.86509545274217,28.402421279567715,67.16589446298958
9,s68a,x68,18.570895152095996,9.285501129945755,20.762915931640396
9,s69a,x69,36.99087511653952,18.49554424070033,41.35710336383734
9,s70a,x70,18.44207380729539,9.221090094590066,20.618889127357896
9,s71a,x71,36.82403184973846,18.41212213748663,41.17056671065237
9,s73c,x73,39.1995117316449,19.598721674579817,43.825923963757006
9,s74c,x74,36.44226488987368,18.22030549606857,40.74332095784273
9,s75c,x75,39.19948062205053,19.59868783243227,43.825881004169716
9,s76a,x76,97.30827411651934,74.13913642027096,122.33360846749848
9,s76b,x76,66.39670353085134,47.424787424001934,81.59431782897347
9,s76c,x76,67.09811316084729,47.926476204445606,82.45667899643522
9,s77b,x77,39.19930075049901,19.599109990629454,43.825908909603505
9,s79a,x79,33.97760588099147,16.988907057162862,37.988164793799974
9,s80b,x80,39.19928430222814,19.59910436463727,43.82589168177704
9,s82a,x82,37.694513068068986,18.847370206744053,42.143797635582
9,s83c,x83,19.599756415700774,9.799336234762222,21.912951471600707
9,s84c,x84,19.599736393887447,9.799319393465208,21.912926032025467
9,s85c,x85,39.19945218751488,19.598618364201215,43.82582450549984
9,s86b,x86,19.59964777378306,9.799542230112486,21.912946419322925
9,s87b,x87,39.19928182994276,19.5990624310246,43.82587071763071
9,s88a,x88,37.267637866621214,18.633947106085202,41.666543136070224
9,s90b,x90,38.547964565171526,19.27350148846274,43.097719565465354
9,s92c,x92,39.199554113996875,19.598738693632267,43.82596948291558
9,s94a,x94,37.17464770451452,18.587454649146903,41.56257814776244
9,s95b,x95,19.599635282813242,9.799521203599271,21.91292584387328
9,s96b,x96,19.599633228198584,9.799519085982858,21.912923059155034
9,s98a,x98,37.34766639458019,18.67394183215918,41.75600901273634
9,s99b,x99,39.19932269076319,19.599122519502423,43.82593413663933
9,s100c,x100,36.52987713069069,18.26412949513521,40.8412824161831
9,add44,44,629.9961747619243,188.99410276270788,657.7339516048552
9,add108,108,647.6982613395116,194.30372927171928,676.2151853893286
10,s1a,x1,39.99998739224426,20.000070066230666,44.721379607899344
10,s2b,x2,19.999759752252675,9.999436959073192,22.36021309483219
10,s4c,x4,39.99964081939799,19.999092008530944,44.72063222771494
10,s5c,x5,19.623227457167346,9.811289363460999,21.93929020750875
10,s6c,x6,38.48621748752352,19.242516728646915,43.0286344955219
10,s7a,x7,19.99999277494791,10.00006910892669,22.360704219261038
10,s9a,x9,39.99998183447034,20.000182645996247,44.721424984353604
10,s10a,x10,19.105936831757283,9.553066337701592,21.361130556963197
10,s11a,x11,36.548273899964265,18.2743314232238,40.862299421748574
10,s12b,x12,19.999647915617505,9.999317603413921,22.360059688708507
10,s16c,x16,39.99958104774248,19.99873525338822,44.7204192257858
10,s17c,x17,19.99979444574991,9.99937153367494,22.360214867946095
10,s19a,x19,38.78718535088553,19.39404001060092,43.365591606442294
10,s20a,x20,36.89030270351791,18.445573721290472,41.2448011689321
10,s22b,x22,39.09437159737221,19.546089983141535,43.708346162060266
10,s24c,x24,39.999527032736495,19.998374829331457,44.72020973404592
10,s28a,x28,37.01599656812927,18.508412281558016,41.38532743758209
10,s29a,x29,35.26676530350252,17.633771840860902,39.42961633477896
10,s30c,x30,39.999537102597515,19.99839245661637,44.72022662365348
10,s31c,x31,19.823894724197885,9.911372096084586,22.16353083024284
10,s32c,x32,19.805887921478625,9.902369411043425,22.143398933111904
10,s33a,x33,37.82345740780639,18.912154072995662,42.288101186514275
10,s34c,x34,37.83267222260585,18.915485209813195,42.29783290223973
10,s52a,x52,30.002005211293994,15.001611105227324,33.54353369057875
10,s53a,x53,30.02009850577805,15.010658010854904,33.56376272433501
10,s55a,x55,13.816118477226468,6.9083365811932875,15.447014083498855
10,s56b,x56,20.189115320744143,10.093779373562953,22.57176908167525
10,s58b,x58,21.155240568424496,10.576806175439849,23.651913926376785
10,s59b,x59,19.99910898343847,9.998627037103718,22.3592688332725
10,s60a,x60,15.150275077976556,7.575441615765897,16.93865846554075
10,s62c,x62,29.994726822345473,14.996136876397932,33.53457556556804
10,s63a,x63,30.225926177911578,15.113576678405266,33.79388721835054
10,s64b,x64,78.19249864170055,36.48666703784428,86.28640515957804
10,s65a,x65,26.884744586825946,19.20281972772332,33.03842879124712
10,s65b,x65,33.12865142176969,23.661772649148382,40.7110185321506
10,s65c,x65,55.981281059649355,39.98603390066355,68.79525227938677
10,s66c,x66,60.59789469184707,28.27662925429291,66.87056604417911
10,s68a,x68,18.520268565055563,9.260502828610548,20.706454557950988
10,s69a,x69,36.887142685991975,18.44430602270008,41.2414078347932
10,s70a,x70,18.38933372452386,9.195033349159836,20.560064035018765
10,s71a,x71,36.7175690246349,18.359516525194493,41.051817525143974
10,s73c,x73,39.99963462664305,19.997964413332785,44.72012243880674
10,s74c,x74,36.335275205835124,18.16613991240343,40.62340290523178
10,s75c,x75,39.99958898226857,19.9979155415012,44.72005975795914
10,s76a,x76,96.98336443008812,73.89044779295273,121.92444894779042
10,s76b,x76,67.03779672230635,47.88085751885844,82.38108221019247
10,s76c,x76,67.68116574099528,48.342917540366216,83.1731800063862
10,s77b,x77,39.9981291234575,19.997209441987884,44.71843824244658
10,s79a,x79,33.92962573725324,16.965503987659,37.934783882676214
10,s80b,x80,39.99809671031758,19.99719020329285,44.71840064754765
10,s82a,x82,37.59779621341105,18.79967894058486,42.03596327401403
10,s83c,x83,19.99983028844102,9.998941855022899,22.360054780491296
10,s84c,x84,19.99979909686706,9.998918417995801,22.36001640081644
10,s85c,x85,39.999567926850304,19.997807353509515,44.719992545647756
10,s86b,x86,19.999057573813772,9.99858172370858,22.359202586997533
10,s87b,x87,39.998086095536856,19.997118094830768,44.71835890777508
10,s88a,x88,37.16664118961408,18.584121164356155,41.553926129416325
10,s90b,x90,38.87167230657223,19.43414893514611,43.459096317606225
10,s92c,x92,39.99972229627154,19.997977896543453,44.72020688379565
10,s94a,x94,37.0738097728041,18.537714362106374,41.45014143330647
10,s95b,x95,19.9990309089824,9.998538945736199,22.359159607369794
10,s96b,x96,19.999026624832222,9.998534671917914,22.359153864274308
10,s98a,x98,37.24994221293443,18.625697706160043,41.647026423361964
10,s99b,x99,39.99818500317012,19.99725711797173,44.718509543477566
10,s100c,x100,36.436024404058756,18.21654548008014,40.736057781785824
10,add44,44,758.873752892611,227.65070755882465,792.2841772251603
10,add108,108,820.6493960619168,246.17975673353428,856.7787951870488
11,s1a,x1,41.200004074632886,20.599975213817704,46.06299289624666
11,s2b,x2,20.600136062567035,10.300291867988896,23.031752394510345
11,s4c,x4,41.20026060344316,20.600610310012616,46.06350636823719
11,s5c,x5,20.289346149906578,10.144884581222529,22.684273194375336
11,s6c,x6,39.937866370920325,19.969316669833322,44.65206354158306
11,s7a,x7,20.599998907805237,10.299971053073811,23.03148624591421
11,s9a,x9,41.199994653726925,20.599920415493397,46.06295996342168
11,s10a,x10,19.772377121814337,9.886148964461787,22.10617195252891
11,s11a,x11,37.99605940467468,18.99795205279078,42.480851127110256
11,s12b,x12,20.60019847329778,10.300350801399464,23.0318345724163
11,s16c,x16,41.2003390169313,20.600849820428287,46.06368361772549
11,s17c,x17,20.600166546769987,10.300421932896617,23.0318378283271
11,s19a,x19,40.51725331549771,20.258445038146828,45.29958511505184
11,s20a,x20,38.523083870412144,19.26137051777477,43.07004045865074
11,s22b,x22,40.88534514353316,20.443157162821656,45.711422230003485
11,s24c,x24,41.20041573152984,20.601092202478448,46.06386063266853
11,s28a,x28,38.654483232131234,19.32707880127085,43.2169532583412
11,s29a,x29,36.81604411894258,18.40786997785757,41.16152064355296
11,s30c,x30,41.200411773896576,20.601085775799348,46.063854218687325
11,s31c,x31,20.600204889761226,10.300540936948481,23.031925344918385
11,s32c,x32,20.600206884878965,10.300542681992907,23.031927909824926
11,s33a,x33,39.31614596392007,19.657902940215106,43.95671144959761
11,s34c,x34,39.39871618761242,19.699895865052817,44.049344312100246
11,s52a,x52,31.45435397461258,15.72692356649743,35.16692350528659
11,s53a,x53,31.47388863714136,15.73669079442248,35.188763875737905
11,s55a,x55,14.472349415059371,7.236059587111819,16.18052706001267
11,s56b,x56,21.243689661218113,10.622183957572247,23.751318751821984
11,s58b,x58,22.259125250475524,11.129915829909597,24.88661654980904
11,s59b,x59,20.81747230739633,10.409072580061233,23.2747920559174
11,s60a,x60,15.888375651549,7.9440598984968895,17.76368679400877
11,s62c,x62,31.487637664081028,15.744553082170768,35.20457750665028
11,s63a,x63,31.69609022214017,15.847789987020363,35.437192084627036
11,s64b,x64,81.66430595598729,38.11127960493982,90.11952341418036
11,s65a,x65,28.214391988389973,20.153388713114595,34.67291438423397
11,s65b,x65,34.76439156761233,24.832522897677276,42.72255978438021
11,s65c,x65,58.80829117296852,42.00640226751877,72.27000029158194
11,s66c,x66,63.65032291662329,29.70489784219913,70.24061904059435
11,s68a,x68,19.419921581615128,9.709803611594083,21.712062094877275
11,s69a,x69,38.674249237431574,19.33681122788083,43.23898498509967
11,s70a,x70,19.27857816843884,9.639132730736405,21.55403572413669
11,s71a,x71,38.49120703242193,19.245291194435165,43.034338056619056
11,s73c,x73,41.200401501213214,20.60133558906121,46.06395675486738
11,s74c,x74,38.14530179911507,19.07355594448271,42.64814867861069
11,s75c,x75,41.20043626033834,20.60137306686632,46.06400460535762
11,s76a,x76,101.8499841857245,77.6007373134981,128.0441084557617
11,s76b,x76,69.69880004077883,49.78663702353713,85.65414148328095
11,s76c,x76,70.4389296330607,50.31411296908556,86.56299886046682
11,s77b,x77,41.2010497592369,20.60143204529028,46.06457970697039
11,s79a,x79,35.5454546296459,17.772428257427283,39.740892679878435
11,s80b,x80,41.20107279095156,20.60144647005777,46.06460675816027
11,s82a,x82,39.41635113058624,19.70783694713565,44.06866884289282
11,s83c,x83,20.600193381977547,10.300695641926099,23.031984241104084
11,s84c,x84,20.600216330528387,10.300714388773931,23.032013150909382
11,s85c,x85,41.20045567518405,20.601451598442335,46.064057092333584
11,s86b,x86,20.600530957565546,10.300734435324939,23.03230352441339
11,s87b,x87,41.201084151772896,20.601504267766067,46.06464276835603
11,s88a,x88,38.95957557169814,19.479429497353813,43.55796944612129
11,s90b,x90,40.46158008785216,20.231596903285247,45.2377826209762
11,s92c,x92,41.20033511923497,20.601320343334528,46.0638905632813
11,s94a,x94,38.85837861986875,19.42882425124039,43.44482478674139
11,s95b,x95,20.600551600967073,10.300768123440037,23.03233705460619
11,s96b,x96,20.600554848107777,10.300771444174257,23.03234144404369
11,s98a,x98,39.07408810913502,19.536732567256585,43.68601928494917
11,s99b,x99,41.20101484511796,20.60140579870269,46.064536740864455
11,s100c,x100,38.25837328077799,19.130069727250625,42.774556617933726
11,add44,44,560.0038948518429,168.0056432041679,584.6625166689585
11,add108,108,587.60929021335,176.28835489811829,613.4837096596143
12,s1a,x1,41.99997347364635,20.99999494945955,46.95740154293382
12,s2b,x2,21.000065685267902,10.500157921164584,23.478843139195803
12,s4c,x4,42.00006412651391,21.00017431861123,46.957562841818564
12,s5c,x5,20.679234673880508,10.339684469417294,23.12011724936816
12,s6c,x6,40.69716829924827,20.348706480060923,45.500872112400344
12,s7a,x7,20.999987832490902,10.499993172721407,23.47869982754501
12,s9a,x9,41.99997520845626,20.999978368644182,46.95739567942907
12,s10a,x10,20.152808931555793,10.07640008028147,22.531523393008545
12,s11a,x11,38.721486724431934,19.36073261122778,43.29193344485572
12,s12b,x12,21.00009820262961,10.500196825455264,23.478889622241255
12,s16c,x16,42.000076850059735,21.00025098323182,46.95760850777702
12,s17c,x17,21.000038319704714,10.500125533231781,23.478804178294354
12,s19a,x19,41.306366367123225,20.653136968927544,46.18190088240512
12,s20a,x20,39.27361659354367,19.636762599791215,43.909217776421706
12,s22b,x22,41.72360094993821,20.862107820626395,46.64854144503476
12,s24c,x24,42.00010336390536,21.00034318244879,46.957673455563764
12,s28a,x28,39.40882471373365,19.704371559098334,44.06038724133944
12,s29a,x29,37.53570724951665,18.767814083959536,41.96617881355755
12,s30c,x30,42.00010273755928,21.000338627720602,46.95767085838552
12,s31c,x31,21.000052288888032,10.50017145956739,23.478837211760403
12,s32c,x32,21.00005273769453,10.50017180065109,23.478837765722986
12,s33a,x33,40.080264144186664,20.04009260691365,44.81107994192341
12,s34c,x34,40.16204169697179,20.081197620837067,44.902606730082084
12,s52a,x52,32.06463708964778,16.03223921272845,35.84931862483531
12,s53a,x53,32.08492850292881,16.042384813732465,35.87200506732133
12,s55a,x55,14.754448694510451,7.377185609618721,16.495957801767883
12,s56b,x56,21.695475418218724,10.847957615067946,24.25637726538824
12,s58b,x58,22.73161654611179,11.366037543356653,25.41482245140533
12,s59b,x59,21.25194981188072,10.626192646503654,23.760499594227923
12,s60a,x60,16.199792257369058,8.099855602193175,18.11190023046435
12,s62c,x62,32.11937091787747,16.059936963753348,35.91066086052893
12,s63a,x63,32.315798409148144,16.157818726987504,36.13012500441827
12,s64b,x64,83.36298149584206,38.90354754819086,91.9938731422395
12,s65a,x65,28.77790477916193,20.55584397726203,35.365385974085605
12,s65b,x65,35.4750672350885,25.339740861819127,43.595674811593355
12,s65c,x65,59.99749469599441,42.85546969384279,73.73120541857264
12,s66c,x66,64.90768010801591,30.290733701764836,71.62775638811924
12,s68a,x68,19.800129960006387,9.90001569308303,22.137196235215352
12,s69a,x69,39.428247804213484,19.714026320946253,44.082077522428854
12,s70a,x70,19.653311480768767,9.826607299545467,21.973048563628982
12,s71a,x71,39.23812321122588,19.618965117252294,43.8695122540849
12,s73c,x73,42.00007212411575,21.00041959006322,46.95767968489964
12,s74c,x74,38.90896807774914,19.454793498581928,43.50168717357715
12,s75c,x75,42.000077338393474,21.000424446081507,46.95768652038355
12,s76a,x76,103.89131590507236,79.15591389189962,130.61035266987594
12,s76b,x76,71.09159135411362,50.780575530769816,87.36521740656576
12,s76c,x76,71.85329902622304,51.32393683342386,88.30086677396268
12,s77b,x77,42.000509858208176,21.000821905506886,46.958251128595705
12,s79a,x79,36.242921421170905,18.121356141185178,40.52077123571118
12,s80b,x80,42.000518587711746,21.000830435822948,46.958262751414765
12,s82a,x82,40.18668966306585,20.09323297914838,44.930034916856
12,s83c,x83,21.000028190007797,10.500214747784991,23.478835016472253
12,s84c,x84,21.000032426601273,10.500216716943896,23.47883968643027
12,s85c,x85,42.0000685345266,21.000436359436463,46.95768397388943
12,s86b,x86,21.00025546248688,10.500415883633687,23.479128246572035
12,s87b,x87,42.000517907339784,21.000845295484137,46.958268788463954
12,s88a,x88,39.716920154259036,19.858343864531452,44.40481468919515
12,s90b,x90,41.272170271779295,20.636593634370712,46.14391656299769
12,s92c,x92,42.00004537209714,21.000413347023596,46.95765296524162
12,s94a,x94,39.611970472498655,19.805867227135764,44.287476574456534
12,s95b,x95,21.000261318680323,10.500427993649526,23.479138900365992
12,s96b,x96,21.00026258072974,10.500429201127583,23.47914056918376
12,s98a,x98,39.84717551228305,19.923488005510766,44.55045196866605
12,s99b,x99,42.00050686876787,21.00082008198617,46.95824763925258
12,s100c,x100,39.032301721985355,19.5164550763519,43.639576034413565
12,add44,44,520.0014057240663,156.00243924000767,542.897985816707
12,add108,108,538.1310081553056,161.44180992117694,561.825987231697
13,s1a,x1,41.600028772557565,20.800121036334783,46.51029379614575
13,s2b,x2,20.800042369641666,10.400101736600352,23.255190360659835
13,s4c,x4,41.60018536497999,20.800382644452643,46.510550851998545
13,s5c,x5,20.49362342243992,10.24693722946098,22.912623672667685
13,s6c,x6,40.353489456291314,20.176969972931726,45.116673509774664
13,s7a,x7,20.8000121352337,10.400063305487107,23.25514613121166
13,s9a,x9,41.60002379441743,20.80013346408097,46.51029490144819
13,s10a,x10,19.97398771239107,9.987044964978047,22.331620009915152
13,s11a,x11,38.401599195499045,19.20089695125208,42.93433666081676
13,s12b,x12,20.80005906471223,10.400114688710737,23.25521108555788
13,s16c,x16,41.60027079359583,20.80051848340321,46.510688011239964
13,s17c,x17,20.80013327907566,10.40025708541287,23.255341147142765
13,s19a,x19,40.97747544038235,20.488884926397137,45.814276148317376
13,s20a,x20,38.95928471133803,19.4797785728949,43.55786540302581
13,s22b,x22,41.364904489878015,20.682594350841885,46.24743271294318
13,s24c,x24,41.600353724107336,20.80064508719751,46.510818806105796
13,s28a,x28,39.09256245279706,19.54642642172664,43.70687846307274
13,s29a,x29,37.23232439241721,18.61629893763436,41.62706530368856
13,s30c,x30,41.60035247116008,20.800638468478976,46.51081472540684
13,s31c,x31,20.800179938975894,10.400324626963885,23.25541308684941
13,s32c,x32,20.800181948544896,10.400326596716743,23.25541576517063
13,s33a,x33,39.729132379989665,19.86470044810032,44.41858038658485
13,s34c,x34,39.82927797416347,19.914930056844682,44.53061669359856
13,s52a,x52,31.82229155469683,15.911315312590952,35.578479376848314
13,s53a,x53,31.842243510447584,15.921291201316858,35.60078630165029
13,s55a,x55,14.640672981706492,7.320409591331941,16.36880270337862
13,s56b,x56,21.511117793700727,10.755656628049566,24.050204536239907
13,s58b,x58,22.538893893536212,11.269548781135395,25.199294983679092
13,s59b,x59,21.075448297559582,10.53782074782218,23.563110725376195
13,s60a,x60,16.075801182095024,8.037984967280314,17.973329852324863
13,s62c,x62,31.866208943616968,15.933439647499942,35.627654587957046
13,s63a,x63,32.06922548886031,16.034780981930147,35.854559327843326
13,s64b,x64,82.6734397365047,38.58130553058778,91.23275055762618
13,s65a,x65,28.552106416816628,20.394507278128124,35.08787123715034
13,s65b,x65,35.18419696615785,25.131922213658918,43.23819180200294
13,s65c,x65,59.52006429311051,42.514850699800775,73.14472355188964
13,s66c,x66,64.41297786553224,30.060024752505832,71.08190209629177
13,s68a,x68,19.64857385550675,9.824390150213011,21.967819563600433
13,s69a,x69,39.128017821936986,19.56421547894305,43.74654621773396
13,s70a,x70,19.504213888463745,9.752210271823074,21.806420260849634
13,s71a,x71,38.941073035794204,19.470743222148144,43.537535653753835
13,s73c,x73,41.60042675242359,20.80076207760176,46.51093644502071
13,s74c,x74,38.60352488918945,19.302179297429184,43.16023933553165
13,s75c,x75,41.60044968738352,20.800787197882638,46.51096819293408
13,s76a,x76,103.07936699781516,78.53718870256267,129.58952855062097
13,s76b,x76,70.45996679636701,50.32933921891707,86.58896758339347
13,s76c,x76,71.21710609186508,50.870000111933834,87.51932993052515
13,s77b,x77,41.60030148931692,20.800441549485726,46.51068105989887
13,s79a,x79,35.96087802721779,17.980619484840695,40.205564609231246
13,s80b,x80,41.6003110956985,20.80044414434899,46.51069081255489
13,s82a,x82,39.879115682831326,19.939775330136918,44.586304039031766
13,s83c,x83,20.800216886606307,10.4003958440627,23.255477983543123
13,s84c,x84,20.800231193651232,10.40040844965267,23.255496417598753
13,s85c,x85,41.60047749055632,20.80083159965702,46.51101291822801
13,s86b,x86,20.8001519105575,10.400230274135696,23.25534582106483
13,s87b,x87,41.60031161272643,20.800475457289828,46.51070527873404
13,s88a,x88,39.41506760040178,19.707747117641897,44.06748064499676
13,s90b,x90,40.90758759310665,20.454053192532193,45.73618933285358
13,s92c,x92,41.60040793021899,20.80074240867998,46.51091081362399
13,s94a,x94,39.31165024648374,19.656041852248055,43.951858054002585
13,s95b,x95,20.80015878545884,10.4002447212401,23.25535843116556
13,s96b,x96,20.800160082692223,10.400246071147427,23.255360195147276
13,s98a,x98,39.538494784389414,19.769443870205055,44.20546890094457
13,s99b,x99,41.60029061727659,20.80042930078339,46.510665857830496
13,s100c,x100,38.72135536975797,19.36108634645445,43.29197415440822
13,add44,44,520.0019105521515,156.00312958166137,542.8986677246136
13,add108,108,548.3188595978926,164.498929534948,572.462635993719
14,s1a,x1,40.79999797300661,20.40000944079443,45.61578915005029
14,s2b,x2,20.399916959924333,10.199811578432277,22.807734832887935
14,s4c,x4,40.79984172960634,20.399619987114416,45.615475233517024
14,s5c,x5,20.062567464296347,10.03114991753065,22.430572483274197
14,s6c,x6,39.43574882978906,19.717630583810642,44.09039851947173
14,s7a,x7,20.400000502673823,10.200015025764289,22.80790053983289
14,s9a,x9,40.80000244054759,20.400043573067677,45.61580841037183
14,s10a,x10,19.54353865404349,9.771791217034142,21.850350265187917
14,s11a,x11,37.48818225420335,18.744133822364116,41.91308103056922
14,s12b,x12,20.399878055309408,10.199773498365568,22.807683005721007
14,s16c,x16,40.79979605304304,20.399470588133983,45.61536756670991
14,s17c,x17,20.399899708209333,10.199736966836598,22.807686035581344
14,s19a,x19,39.900591273960586,19.950402355671503,44.61026494165712
14,s20a,x20,37.94173316876826,18.970967743988417,42.42019251480901
14,s22b,x22,40.25967305883908,20.129500424716433,45.01153254615168
14,s24c,x24,40.79974992913284,20.399317727579948,45.61525795203325
14,s28a,x28,38.07128398003201,19.03573766209061,42.56503227096365
14,s29a,x29,36.26528102647596,18.132730191336375,40.54585690451096
14,s30c,x30,40.7997519588753,20.399321889128228,45.6152616285604
14,s31c,x31,20.39987249908467,10.199656821342488,22.80762585742035
14,s32c,x32,20.399870761952666,10.199655132122766,22.80762354824828
14,s33a,x33,38.82946476908725,19.414833354217354,43.41270653191089
14,s34c,x34,38.85079151832533,19.425053757970904,43.436352460818334
14,s52a,x52,30.92419241749215,15.462248465613047,34.574366289007116
14,s53a,x53,30.943211781138878,15.471758229563852,34.59563062073719
14,s55a,x55,14.233596404817868,7.116867945812303,15.91367575305513
14,s56b,x56,20.867633265432275,10.433578071971242,23.330616568888505
14,s58b,x58,21.865518359209403,10.93251038779632,24.446281445164576
14,s59b,x59,20.45293550860163,10.226231643527436,22.866971477353516
14,s60a,x60,15.619031525335176,7.809592767296614,17.462642554333684
14,s62c,x62,30.94915468860309,15.474108924569565,34.601997383800345
14,s63a,x63,31.159515494059697,15.579914086607491,34.837467312802985
14,s64b,x64,80.27961711034963,37.46283433619152,88.59052364607217
14,s65a,x65,27.732192161729355,19.808522139110345,34.08008262065554
14,s65b,x65,34.17747751984279,24.41194100303822,42.00050991541862
14,s65c,x65,57.79472361975037,41.281634382853774,71.02396367144647
14,s66c,x66,62.545732509095,29.187099562539952,69.02068846348088
14,s68a,x68,19.09170580537492,9.545946433892134,21.345217822213115
14,s69a,x69,38.022177389139976,19.011275070658634,42.510169997583795
14,s70a,x70,18.954082109067574,9.477134000032843,21.191349590147723
14,s71a,x71,37.84394850896338,18.922159872272356,42.31090371264724
14,s73c,x73,40.799764267185225,20.399165937958426,45.61520289576982
14,s74c,x74,37.492350482650444,18.745601184636048,41.9174654349154
14,s75c,x75,40.79974431032592,20.399144501702807,45.61517545937233
14,s76a,x76,100.08229552162082,76.25262685694955,125.82101962495068
14,s76b,x76,68.7696507436329,49.1200088859856,84.51059185901228
14,s76c,x76,69.47589885483448,49.62524756858177,85.37895360058134
14,s77b,x77,40.79935219665847,20.399075199898945,45.61479374806065
14,s79a,x79,34.957772149543594,17.479064006181872,39.08405700783388
14,s80b,x80,40.79933921059787,20.399067869980776,45.61477885494471
14,s82a,x82,38.75302859633586,19.37671394018677,43.32729242069314
14,s83c,x83,20.399885944288563,10.199566647258145,22.80759755721419
14,s84c,x84,20.399872676018944,10.199556135478307,22.807580988753664
14,s85c,x85,40.79973212093134,20.399099329284418,45.615144355638826
14,s86b,x86,20.399673342921446,10.19952773436787,22.80738999758717
14,s87b,x87,40.79933496811487,20.399036629525135,45.61476108951081
14,s88a,x88,38.30548998729939,19.152953982687183,42.826933224666305
14,s90b,x90,39.907693169450724,19.953304856023458,44.61791511023832
14,s92c,x92,40.799799549590986,20.39917499638002,45.61523850447063
14,s94a,x94,38.207347780947764,19.10388583744084,42.71720822507326
14,s95b,x95,20.39966260308779,10.19950987385844,22.807372404263372
14,s96b,x96,20.399660851636405,10.199508100044348,22.80737004445399
14,s98a,x98,38.40869335439489,19.204532002070774,42.94230751380856
14,s99b,x99,40.79937190389092,20.399091512847395,45.61481867004983
14,s100c,x100,37.60145681744996,18.800166721783874,42.03945555738589
14,add44,44,619.9971570222699,185.9957604044343,647.2950622429627
14,add108,108,685.1750016633111,205.5479889800299,715.3424065984435
15,s1a,x1,40.000071140667025,20.000381851528996,44.7215939504105
15,s2b,x2,20.000212054332007,10.00053716700182,22.361109673869766
15,s4c,x4,40.00070646370371,20.00154866827806,44.72268402863231
15,s5c,x5,19.704933566694315,9.852995731267754,22.031022031404195
15,s6c,x6,38.80041994624078,19.401169859302392,43.38061756031308
15,s7a,x7,20.00002831339031,10.000191504090665,22.360790743059628
15,s9a,x9,40.00005363541619,20.000392,44.721582831892654
15,s10a,x10,19.202254210649713,9.601279891610272,21.46884119666114
15,s11a,x11,36.90997220860445,18.45527599190559,41.266733095525744
15,s12b,x12,20.000306120174482,10.000625209311629,22.361233183297564
15,s16c,x16,40.00100643653196,20.00211559653278,44.723205880980075
15,s17c,x17,20.000496112897842,10.001050705916377,22.361593413358364
15,s19a,x19,39.3380282887152,19.669408201995648,43.98142890653385
15,s20a,x20,37.40144413173367,18.701083816624145,41.81624754871719
15,s22b,x22,39.63307735480617,19.81743335126741,44.31152767896832
15,s24c,x24,40.00131077679195,20.002669512298937,44.723725822875544
15,s28a,x28,37.527193427148056,18.763993173849713,41.95685505786704
15,s29a,x29,35.74056121456919,17.870653565852706,39.95932900841919
15,s30c,x30,40.00130597523296,20.002640421869184,44.72370851763976
15,s31c,x31,20.000666195047945,10.001340580863927,22.36187518210781
15,s32c,x32,20.00067319655904,10.001347319613696,22.361884458227113
15,s33a,x33,38.172036629873254,19.086377788235428,42.67779513456186
15,s34c,x34,38.25669741146546,19.12961753517892,42.77285545617282
15,s52a,x52,30.531863756950166,15.266370118006908,34.135857409078525
15,s53a,x53,30.550286105675227,15.27558088184049,34.15645403750605
15,s55a,x55,14.046246297801915,7.023307365990094,15.704263160546079
15,s56b,x56,20.562613844541758,10.281922656586936,22.989976547090606
15,s58b,x58,21.546761725203066,10.774023105936427,24.090299183072176
15,s59b,x59,20.161791714466688,10.081504655492557,22.54184068030505
15,s60a,x60,15.417909203105014,7.709171374870046,17.237843469596363
15,s62c,x62,30.536274811858576,15.269675553987097,34.14128103790746
15,s63a,x63,30.759749267713065,15.380307260579386,34.390638645457074
15,s64b,x64,79.10033977779604,36.91580391360771,87.29055121575712
15,s65a,x65,27.363609021284645,19.546153746827134,33.62765565668138
15,s65b,x65,33.69197651880866,24.067459594302587,41.405215771293136
15,s65c,x65,57.01621065268378,40.72788057565056,70.06859876846165
15,s66c,x66,61.75465391547857,28.821771274488906,68.149334403349
15,s68a,x68,18.845519704105058,9.423025017032833,21.07005015156439
15,s69a,x69,37.534878664579885,18.767971102664657,41.965507928240186
15,s70a,x70,18.71222365095188,9.356378219549908,20.921021183262322
15,s71a,x71,37.36224713567137,18.681656928725513,41.77250072271926
15,s73c,x73,40.00153132415492,20.003195503101637,44.72415833319452
15,s74c,x74,36.99507473978761,18.499441514387854,41.362602569793985
15,s75c,x75,40.00161152526844,20.003283128818737,44.72426925674888
15,s76a,x76,98.76834287592447,75.25455693798563,124.17098652418245
15,s76b,x76,67.60360918001479,48.29216225058398,83.0805687811591
15,s76c,x76,68.31367469859272,48.7979642418707,83.95236426078803
15,s77b,x77,40.0015859132989,20.002448608382643,44.72387310944818
15,s79a,x79,34.492327521221284,17.246612369610673,38.56379514595014
15,s80b,x80,40.00162564061962,20.00246388737811,44.72391547548294
15,s82a,x82,38.25246607787833,19.12678898325105,42.76780585731569
15,s83c,x83,20.000770424587998,10.001651148084118,22.36210730823565
15,s84c,x84,20.000821516889673,10.001693778143686,22.362172072100577
15,s85c,x85,40.001696139237936,20.003438343378903,44.724414356962626
15,s86b,x86,20.000795865173018,10.001259213273011,22.361954769013384
15,s87b,x87,40.00162233252149,20.002578220452797,44.723963651481235
15,s88a,x88,37.814896778321334,18.907989827814365,42.27858202073278
15,s90b,x90,39.241202161288705,19.622095640539186,43.87366618359578
15,s92c,x92,40.001447632602535,20.003119198559258,44.7240493512787
15,s94a,x94,37.71920191481189,18.860153397667403,42.17159683097018
15,s95b,x95,20.000822157101766,10.001316074996613,22.362003715946354
15,s96b,x96,20.000827507304457,10.00132153725266,22.36201094419866
15,s98a,x98,37.90683488802575,18.953911768539378,42.38135088169821
15,s99b,x99,40.00155150393181,20.00241042499535,44.72382525602737
15,s100c,x100,37.09337346549212,18.54856132205249,41.47249066753065
15,add44,44,590.0100103506697,177.01663764941333,615.992453134534
15,add108,108,676.5524907005882,202.98488035353023,706.3470353341243
16,s1a,x1,42.39999604760785,21.20013036661494,47.40469588973892
16,s2b,x2,21.199779815162515,10.599405538147852,23.70185777472921
16,s4c,x4,42.39980718850936,21.19941551105003,47.40420727776089
16,s5c,x5,20.755413577417002,10.377498724270648,23.205164781614133
16,s6c,x6,40.620587588613056,20.30992288841661,45.415031694116585
16,s7a,x7,21.19998883063667,10.600103729528067,23.70235696077237
16,s9a,x9,42.39996143734763,21.200256612607493,47.40472139279983
16,s10a,x10,20.200672874578128,10.100479024026583,22.585102636484024
16,s11a,x11,38.55107998115911,19.275827381970853,43.10154624805546
16,s12b,x12,21.199673369783955,10.599263363265967,23.701698986135977
16,s16c,x16,42.39985854857467,21.199195101119663,47.40415464782044
16,s17c,x17,21.19993312019774,10.59960141322934,23.70208249121141
16,s19a,x19,40.88645947336007,20.44385834878055,45.712732498197035
16,s20a,x20,38.89305297197186,19.44711982025517,43.48402049930492
16,s22b,x22,41.3520327330119,20.674695210411574,46.23238727553989
16,s24c,x24,42.39992465806605,21.198975246483137,47.404115459637914
16,s28a,x28,39.03012674603141,19.515652704373245,43.637271847458415
16,s29a,x29,37.19488043307182,18.597995947252144,41.58538906496507
16,s30c,x30,42.39993240826118,21.19898378247048,47.404126208955304
16,s31c,x31,20.902263033903118,10.450737256355339,23.369264197655994
16,s32c,x32,20.882172326853446,10.440692455523298,23.346802351483277
16,s33a,x33,39.87353998472693,19.937373482100316,44.58024284678555
16,s34c,x34,39.92519381239946,19.96203142298042,44.63747080077138
16,s52a,x52,31.550340575237527,15.776011397911336,35.27472928373098
16,s53a,x53,31.57047812449046,15.786080505906353,35.29724389733407
16,s55a,x55,14.539458686899835,7.27011220137545,16.255780212855218
16,s56b,x56,21.348048504619523,10.673041888727385,23.867404511469555
16,s58b,x58,22.366945786469095,11.18244523489386,25.006546047910096
16,s59b,x59,21.199162808661995,10.598437607445037,23.700873053688618
16,s60a,x60,15.941410669061716,7.97112629423821,17.82322721951248
16,s62c,x62,31.614411077978485,15.80635851408918,35.34560732655938
16,s63a,x63,31.799789075750287,15.90074080180794,35.55362349055982
16,s64b,x64,82.72194415204129,38.59962606517389,91.28445199849035
16,s65a,x65,28.322759196600828,20.229899246841153,34.80556725648903
16,s65b,x65,34.96134577079941,24.970908656608103,42.963263112129404
16,s65c,x65,59.02224823778175,42.15870669716857,72.53262946715924
16,s66c,x66,63.785066220544365,29.76471444130183,70.38801672537359
16,s68a,x68,19.487008972360666,9.744015414268137,21.787366868953214
16,s69a,x69,38.803271908556184,19.402654231733734,43.38383226555211
16,s70a,x70,19.341272638028233,9.671144192840401,21.624427327845012
16,s71a,x71,38.614552347285354,19.308290496615577,43.17283561318316
16,s73c,x73,42.32292988091309,21.160371400722365,47.317985074611904
16,s74c,x74,38.29105717434049,19.14451017524153,42.810247948108625
16,s75c,x75,42.219056532766395,21.108428634529535,47.20184841651809
16,s76a,x76,102.16599712745891,77.83894620007497,128.4398400597965
16,s76b,x76,70.91312546211068,50.649211333703875,87.14363987997774
16,s76c,x76,71.60082732112016,51.143362949545384,87.99046565883033
16,s77b,x77,42.39823010900337,21.19681858043945,47.40163535478563
16,s79a,x79,35.72076522261368,17.86134443626349,39.93745977349996
16,s80b,x80,42.39820124900448,21.19678590710139,47.40159493036681
16,s82a,x82,39.559005309409216,19.780596730850352,44.22880179360949
16,s83c,x83,21.200152730724678,10.599398910121117,23.70218836019007
16,s84c,x84,21.200137637077326,10.599391443128654,23.7021715206791
16,s85c,x85,42.33352678700357,21.16561667266313,47.32980899348807
16,s86b,x86,21.199102099346156,10.598387123344434,23.700796177233702
16,s87b,x87,42.398169857939514,21.196723327916164,47.40153886893248
16,s88a,x88,39.09281575742916,19.54751572472453,43.707592187772754
16,s90b,x90,41.11070332678585,20.553258428125147,45.962227535622105
16,s92c,x92,42.400343119695194,21.198828866094814,47.40442428678845
16,s94a,x94,38.990511650277774,19.49637708817693,43.59321871937007
16,s95b,x95,21.199069670984205,10.598338863554991,23.700745591267427
16,s96b,x96,21.199064938398053,10.598334175628802,23.700739261903184
16,s98a,x98,39.21700054975367,19.609500743701417,43.84638698383946
16,s99b,x99,42.39828951768017,21.19689583223485,47.401723037750884
16,s100c,x100,38.422609911337666,19.210293014459516,42.95733127302272
16,add44,44,648.7141970087263,194.60663742069937,677.275315310449
16,add108,108,760.4676462066257,228.1292315026123,793.9483529758205
17,s1a,x1,45.9995355017343,22.998987502548623,51.42869522472549
17,s2b,x2,22.99959799435067,11.498858627898233,25.71391175309834
17,s4c,x4,45.99929813656909,22.99843225239437,51.42823461023081
17,s5c,x5,22.434369368952133,11.21670906782153,25.08217477203138
17,s6c,x6,43.74990080222217,21.87414105905585,48.91351415790684
17,s7a,x7,22.99971817220407,11.499485832234129,25.71429972615563
17,s9a,x9,45.97569424141346,22.98718845788968,51.40209425868245
17,s10a,x10,21.790440847154372,10.894901682368738,24.36231095322886
17,s11a,x11,41.47392041020094,20.736365430594596,46.36898667711901
17,s12b,x12,22.999476336247998,11.498614174981382,25.71369362201227
17,s16c,x16,45.99919236677581,22.998050733072965,51.427969393284855
17,s17c,x17,22.99961159351741,11.499041298774882,25.714005604798153
17,s19a,x19,43.924665862962584,21.961627987926658,49.1089541229804
17,s20a,x20,41.79442243862369,20.896578489527254,46.727301864617694
17,s22b,x22,44.648950960952476,22.321871011989096,49.91788003701097
17,s24c,x24,45.99912756161868,22.997841668104794,51.42781793758398
17,s28a,x28,41.94939890299128,20.97399158192292,46.90053721654859
17,s29a,x29,39.99314664733696,19.99591760248459,44.713404025199786
17,s30c,x30,45.99912131527159,22.99789674882108,51.4278369819936
17,s31c,x31,22.466538771188194,11.232709633724847,25.118103632099245
17,s32c,x32,22.44317073814456,11.221026636209372,25.091977832606748
17,s33a,x33,42.8429989160838,21.420792145864645,47.899612652712484
17,s34c,x34,42.98202766855256,21.489998933408927,48.05491396993792
17,s52a,x52,33.790998733619084,16.89495482802428,37.779241575982276
17,s53a,x53,33.81434248534788,16.906628020065227,37.80534127243473
17,s55a,x55,15.58935182366486,7.794467153006891,17.42933184265267
17,s56b,x56,23.048811040733504,11.522388973143592,25.76845237960285
17,s58b,x58,24.146853368918677,12.071297617355501,26.99605070722071
17,s59b,x59,22.998818232903957,11.497034932271779,25.712398805713036
17,s60a,x60,17.08837619229124,8.54391563504924,19.105263548773802
17,s62c,x62,33.98228414111464,16.99013741227488,37.99289939890656
17,s63a,x63,34.08056344049308,17.03975309061535,38.10299187479388
17,s64b,x64,89.42829396676329,41.72504399908665,98.68332715576399
17,s65a,x65,30.421809096144493,21.727812931937184,37.3842790954636
17,s65b,x65,37.64268206087553,26.88507854764616,46.25774487855266
17,s65c,x65,63.44907571614233,45.31869761379282,77.97159458830602
17,s66c,x66,68.42318183033538,31.928912351353702,75.50620673645025
17,s68a,x68,20.888596562601194,10.443952669292383,23.354006373929376
17,s69a,x69,41.57922622197924,20.788916534550765,46.48667662781503
17,s70a,x70,20.71964297706163,10.359471307976703,23.165108479730716
17,s71a,x71,41.360482439289235,20.67953872781646,46.24211099859104
17,s73c,x73,45.458593207227395,22.728037956854386,50.82368941496076
17,s74c,x74,41.14984676196458,20.573718417849033,46.006388448454715
17,s75c,x75,45.32149747348489,22.659489490404425,50.67041145683391
17,s76a,x76,109.72519198163464,83.59305661083982,137.93990310620654
17,s76b,x76,76.65824887947234,54.75089286251264,94.20269311707315
17,s76c,x76,77.40758621031023,55.28846800229529,95.12491312451981
17,s77b,x77,45.99753567409854,22.993918678278813,51.42463985555239
17,s79a,x79,38.323437484444554,19.16119649390267,42.84667211933825
17,s80b,x80,45.99748648297799,22.99384115897231,51.424561194003324
17,s82a,x82,42.40114010185495,21.199890594235033,47.40561193724501
17,s83c,x83,22.99984175403404,11.499021870555389,25.71420278153921
17,s84c,x84,22.78895014750114,11.39384684488965,25.478539886541657
17,s85c,x85,45.42799237068521,22.712739251017364,50.78947740542068
17,s86b,x86,22.99873928456335,11.496892016118416,25.712264285931816
17,s87b,x87,45.99740737490737,22.99365048889634,51.42440517904612
17,s88a,x88,41.88277364024215,20.940668582438466,46.826043271659074
17,s90b,x90,44.42253949877156,22.20683325234316,49.66392512294305
17,s92c,x92,45.99969615847041,22.998097453350724,51.428440897478254
17,s94a,x94,41.765919490928866,20.882217094355852,46.69538544330221
17,s95b,x95,22.99867388880535,11.496761832190872,25.712147581828667
17,s96b,x96,22.9986626978726,11.496750281607813,25.71213240725409
17,s98a,x98,42.07404150607572,21.0363756630521,47.03991995839314
17,s99b,x99,45.99762342104851,22.994180354190856,51.424835347773815
17,s100c,x100,41.330181392064304,20.663843945045546,46.2079900069905
17,add44,44,577.9350850947744,173.3621190736008,603.376654265968
17,add108,108,650.5870965142774,195.15092164792188,679.2256269980625
18,s1a,x1,48.00000378160638,24.000167899503793,53.66570992951271
18,s2b,x2,23.99980215176638,11.999507364173109,26.832418458028993
18,s4c,x4,48.000001730907336,23.999925057702843,53.665599492994204
18,s5c,x5,23.323391752133816,11.661669031898375,26.076332706748495
18,s6c,x6,45.3230774390191,22.661492442619572,50.67272035592944
18,s7a,x7,23.999987506735284,12.000117465400788,26.832857088034192
18,s9a,x9,47.54112683991385,23.770902099812833,53.152747133592854
18,s10a,x10,22.535142779883245,11.267730338306503,25.195126653512116
18,s11a,x11,42.904300208014185,21.452449908226654,47.96859997336153
18,s12b,x12,23.999716209403676,11.999379719490163,26.83228450550615
18,s16c,x16,48.00015637273549,23.999921264830647,53.665736112766865
18,s17c,x17,24.000079388798337,11.999961951993322,26.8328697220016
18,s19a,x19,45.320948427299356,22.661088505007136,50.6706354665273
18,s20a,x20,43.135676648175114,21.568418900522527,48.22741226485553
18,s22b,x22,46.17742108448259,23.08759648299626,51.62742807244303
18,s24c,x24,47.779699656615485,23.889614772153664,53.4192230684637
18,s28a,x28,43.300314773902485,21.65073757203714,48.41148311023179
18,s29a,x29,41.296687754714355,20.648892863659363,46.17134604931133
18,s30c,x30,47.6807985449224,23.840159860466287,53.30864631609081
18,s31c,x31,23.18334427478886,11.591557283432252,25.919715508054416
18,s32c,x32,23.15822149128191,11.578996016986753,25.89162743824085
18,s33a,x33,44.21531499866348,22.10825070762597,49.434490285450295
18,s34c,x34,44.4674999943784,22.233622145048244,49.716119211366674
18,s52a,x52,34.751523514568824,17.376575778000582,38.85374849808222
18,s53a,x53,34.77654052560954,17.38908468037149,38.88171854420138
18,s55a,x55,16.049263124159225,8.02500443489642,17.943788424092734
18,s56b,x56,23.999384099709108,11.998764223609996,26.83171220886124
18,s58b,x58,25.053654888187825,12.525899333422952,28.010422655994734
18,s59b,x59,23.99927433481789,11.99862395911405,26.831551306439113
18,s60a,x60,17.582591052008038,8.791698764702451,19.658114743571513
18,s62c,x62,35.045291658051475,17.522323156822313,39.18168291702136
18,s63a,x63,35.06228642841019,17.53195206140795,39.201189684388204
18,s64b,x64,92.7307514437007,43.270943597912805,102.32969668266955
18,s65a,x65,31.345395885058608,22.389027756191066,38.52015585454637
18,s65b,x65,38.824919941083245,27.73107273817225,47.711495508329264
18,s65c,x65,65.36527998870798,46.690041250267676,80.3279514238592
18,s66c,x66,70.45794198951955,32.87971783662128,77.75215388922891
18,s68a,x68,21.49338361467042,10.747179178903869,24.030551377586985
18,s69a,x69,42.77457872890258,21.388260006123865,47.823866965403816
18,s70a,x70,21.312302438635875,10.656635091125933,23.828094902893543
18,s71a,x71,42.54015741400814,21.271044819010168,47.56177394190561
18,s73c,x73,46.84442500955161,23.421789110417354,52.37346999778007
18,s74c,x74,42.43135938469148,21.215299217819755,47.43953182878673
18,s75c,x75,46.688655041277876,23.343905276981342,52.19931439342972
18,s76a,x76,113.02272607376621,86.11114665896669,142.08893759919405
18,s76b,x76,79.27194745912759,56.62089278987565,97.4164624398016
18,s76c,x76,80.30521193760282,57.36148195420035,98.68772302736221
18,s77b,x77,47.99848648429215,23.997245724242106,53.66304601056888
18,s79a,x79,39.46754133115465,19.734692500122733,44.126464925266795
18,s80b,x80,47.99846238596423,23.997212094507713,53.66300941734083
18,s82a,x82,43.627425152173615,21.814760905131365,48.77741299778575
18,s83c,x83,23.72102140630906,11.86026979743629,26.52080044468025
18,s84c,x84,23.476687457676558,11.738108281335991,26.24762922646151
18,s85c,x85,46.792484404538136,23.395772798536726,52.31537806027684
18,s86b,x86,23.9992283092455,11.998602468896069,26.8315005291521
18,s87b,x87,47.99842379744633,23.997156633816083,53.66295010104425
18,s88a,x88,43.083698074371725,21.542903862819898,48.16951054978992
18,s90b,x90,46.048519638958616,23.02245995202919,51.48300518794863
18,s92c,x92,47.532216550069016,23.765607419410184,53.14240967604103
18,s94a,x94,42.95949994104135,21.4808174516961,48.03065847536783
18,s95b,x95,23.99919640916182,11.99855631167258,26.831451355636794
18,s96b,x96,23.999192046563323,11.998552093052453,26.831445567049155
18,s98a,x98,43.31259594291314,21.657249920479735,48.42538013719847
18,s99b,x99,47.99855631947842,23.997327962444178,53.663145249707895
18,s100c,x100,42.63819797438247,21.318736062663508,47.67079225072878
18,add44,44,605.8660348638923,181.75669042766697,632.541814204337
18,add108,108,648.2486808824298,194.47021310446553,676.7902304634033
19,s1a,x1,46.40000575846362,23.199849569715653,51.87671495423446
19,s2b,x2,23.200215833143247,11.60045253348786,25.938783966989188
19,s4c,x4,46.400037875161836,23.200137523240148,51.87687245694085
19,s5c,x5,22.63552853312969,11.317808999240533,25.3073102584494
19,s6c,x6,44.15328817125576,22.076719907877873,49.36491079932025
19,s7a,x7,23.200014558714386,11.599892921450358,25.938353673926063
19,s9a,x9,46.40002473163259,23.199716716264994,51.876672510976086
19,s10a,x10,21.996209540042532,10.99796188693451,24.59244599050534
19,s11a,x11,41.86538269511491,20.932422212379343,46.806800444868465
19,s12b,x12,23.200302458089624,11.600566375915308,25.938912359404284
19,s16c,x16,46.39991855364818,23.20017532220424,51.876782636996666
19,s17c,x17,23.199957740299354,11.600086015892096,25.938389208425633
19,s19a,x19,44.365366426595465,22.182126441251523,49.60173859474841
19,s20a,x20,42.21260852716134,21.10577876673838,47.19489608016824
19,s22b,x22,45.12079616165844,22.56132948747338,50.44700025278279
19,s24c,x24,46.399782724696955,23.200198183950416,51.876671372339054
19,s28a,x28,42.36958593367498,21.184270396922397,47.37040346504335
19,s29a,x29,40.393041303803344,20.196027425027186,45.16057251102131
19,s30c,x30,46.39978240483505,23.200195680392188,51.87666996660955
19,s31c,x31,22.697994402703564,11.349131429823862,25.37718924775906
19,s32c,x32,22.674185878943714,11.33722700548682,25.35057043632017
19,s33a,x33,43.27076253534013,21.63484616656507,48.37794393151419
19,s34c,x34,43.3982856278879,21.69930789666488,48.52083221291659
19,s52a,x52,34.150350131155385,17.074448217524722,38.180927123544784
19,s53a,x53,34.174145078335265,17.086345358318766,38.207530534422766
19,s55a,x55,15.754168476468891,7.876753176108477,17.613547768189722
19,s56b,x56,23.31891963158661,11.660175803719548,26.071664936440907
19,s58b,x58,24.427036274838606,12.21426679003128,27.31059161553155
19,s59b,x59,23.20073169904209,11.601232408294011,25.939594151840307
19,s60a,x60,17.27178957682434,8.635530812908602,19.310285021376348
19,s62c,x62,34.352723737158875,17.176705982522705,38.407666637946
19,s63a,x63,34.44551981463263,17.222028642912623,38.51093488708827
19,s64b,x64,90.33586895944863,42.15964650425726,99.6895431528433
19,s65a,x65,30.753696548835524,21.96742501159882,37.793618681704395
19,s65b,x65,38.060383789653315,27.186862229826115,46.773050917373894
19,s65c,x65,64.15320273180164,45.82320035087314,78.83780255146577
19,s66c,x66,69.16625673424585,32.27827904198166,76.327310764494
19,s68a,x68,21.11233373267683,10.555725267835838,23.604109209414194
19,s69a,x69,42.02287701550196,21.0105586871765,46.98261134725582
19,s70a,x70,20.94011883988293,10.469620702908909,23.411568394518103
19,s71a,x71,41.79991545588468,20.899081637775883,46.73333441368728
19,s73c,x73,45.95809728457847,22.979499500546346,51.38291645395763
19,s74c,x74,41.59747025329965,20.799143548835538,46.50756824259054
19,s75c,x75,45.81660641811171,22.90875288172807,51.224724325936975
19,s76a,x76,110.93240224125648,84.5213610969635,139.4627489643712
19,s76b,x76,77.41920804380138,55.30115677600666,95.14174538494586
19,s76c,x76,78.18579619694587,55.84639272556859,96.08245577319929
19,s77b,x77,46.401541911570426,23.202510597451813,51.87927900227692
19,s79a,x79,38.73087899256732,19.36460561427068,43.30206621089964
19,s80b,x80,46.401565062692676,23.20254523742839,51.87931520136144
19,s82a,x82,42.85420406896988,21.426149689805133,47.912030816015836
19,s83c,x83,23.199672353769508,11.600069943575175,25.938126763860442
19,s84c,x84,23.03745815386949,11.518973093832484,25.756770359028412
19,s85c,x85,45.92207783402599,22.96152530078568,51.34266137173805
19,s86b,x86,23.20078449260648,11.601277289464301,25.939661443808582
19,s87b,x87,46.40160043776172,23.20260542347577,51.879373758972804
19,s88a,x88,42.327855495219715,21.162967620564704,47.3235517404735
19,s90b,x90,44.87150810745587,22.437322459918786,50.168572622787
19,s92c,x92,46.39932268087973,23.2001356264472,51.87623192108255
19,s94a,x94,42.20861546294931,21.103335134003828,47.190231754857955
19,s95b,x95,23.20081472479717,11.60132599536425,25.93971026717684
19,s96b,x96,23.20081915842937,11.601330371719603,25.939716189964898
19,s98a,x98,42.52927733111182,21.26377338982062,47.548790616379144
19,s99b,x99,46.40148193869176,23.202428186825742,51.87918850436602
19,s100c,x100,41.78434580744137,20.892571875596072,46.71649723740845
19,add44,44,568.4026706644688,170.52341359080373,593.430560892478
19,add108,108,601.9218358735081,180.58017261958068,628.4258868352354
20,s1a,x1,43.2000129277881,21.599949775286557,48.29905741581259
20,s2b,x2,21.600173720377953,10.800361314226553,24.14985112310939
20,s4c,x4,43.200254299037496,21.600572331506456,48.29955172204138
20,s5c,x5,21.21949036734088,10.609934541971876,23.72419613884948
20,s6c,x6,41.66448803300852,20.83258149491918,46.582464670680096
20,s7a,x7,21.600006565226767,10.79995309754226,24.149519053740015
20,s9a,x9,43.20001584249684,21.59987893665386,48.299028342918874
20,s10a,x10,20.669229002189887,10.334546610245244,23.108870184072156
20,s11a,x11,39.60629443933097,19.803012777627288,44.28112322746397
20,s12b,x12,21.600248241872396,10.80043904682475,24.149952540630142
20,s16c,x16,43.20029947644063,21.600789730356112,48.29968935541112
20,s17c,x17,21.600146131159086,10.80039115403834,24.149839791759625
20,s19a,x19,42.17943860706096,21.08942204576496,47.15791305211906
20,s20a,x20,40.11120544523807,20.055322797419972,44.845565831850195
20,s22b,x22,42.69753326852027,21.349392999695215,47.73757355241079
20,s24c,x24,43.20033354004775,21.6009976266443,48.299812799198996
20,s28a,x28,40.25227162390129,20.125862830025383,45.003285719348604
20,s29a,x29,38.34827037835182,19.17387945403497,42.8745553251464
20,s30c,x30,43.20032734143055,21.600988149767343,48.29980301671158
20,s31c,x31,21.59711271041483,10.798883179803697,24.14645223127839
20,s32c,x32,21.575966739145628,10.788309742594729,24.122810114720938
20,s33a,x33,41.079747430234,20.539594578631934,45.92842904331023
20,s34c,x34,41.07441992711455,20.537696897166004,45.92281531209521
20,s52a,x52,32.67839589090203,16.33879196163735,36.535375744176875
20,s53a,x53,32.69964718329074,16.3494174737995,36.559135351431316
20,s55a,x55,15.046610276030489,7.523121487396983,16.822539573824177
20,s56b,x56,22.175516929604882,11.088203865456192,24.793180837825354
20,s58b,x58,23.233227710628825,11.617077669824942,25.97574567631652
20,s59b,x59,21.709550148032854,10.855216751647172,24.272212473427192
20,s60a,x60,16.514649193866905,8.257119927289578,18.463847580884423
20,s62c,x62,32.76592357052925,16.38366500061539,36.63373071749797
20,s63a,x63,32.94151149058737,16.47034795471652,36.829547119587744
20,s64b,x64,85.1493179948083,39.73801655253017,93.9655059823026
20,s65a,x65,29.35470818455414,20.96796363504042,36.074289897386855
20,s65b,x65,36.232867387441104,25.881509067357896,44.52721853787436
20,s65c,x65,61.220600564067844,43.72925800733429,75.23436674351127
20,s66c,x66,66.14997084957922,30.871341503450115,72.99902992247789
20,s68a,x68,20.185367996051152,10.092432849876827,22.567815179260908
20,s69a,x69,40.19056884757737,20.094783638398322,44.93419804298166
20,s70a,x70,20.03159390575674,10.015547094043887,22.39589109631857
20,s71a,x71,39.991449320923316,19.995225544115893,44.71157639077426
20,s73c,x73,43.200228238940674,21.60119610934566,48.29980738316642
20,s74c,x74,39.687504323201054,19.844617097310543,44.37236557974988
20,s75c,x75,43.200254859743254,21.601223756225203,48.29984355785512
20,s76a,x76,105.95199887400398,80.72625702513442,133.2011810709087
20,s76b,x76,72.87047954046324,52.05226190511386,89.5519109673023
20,s76c,x76,73.6347274032352,52.5965564455803,90.49016979585059
20,s77b,x77,43.201306108499885,21.601839816836822,48.301059335718364
20,s79a,x79,36.9689883838172,18.484018249728585,41.33237269718629
20,s80b,x80,43.20133342949544,21.601862549211685,48.30109393876576
20,s82a,x82,40.96966942030769,20.484290910786264,45.80523972786319
20,s83c,x83,21.60010836015153,10.800636047672423,24.149915532037976
20,s84c,x84,21.60012515008077,10.800646622496988,24.149935278654628
20,s85c,x85,43.20026672582155,21.601308179412023,48.29989192787141
20,s86b,x86,21.600663831730166,10.800943740341237,24.150549965858588
20,s87b,x87,43.201358175929784,21.601934887996883,48.301148424755205
20,s88a,x88,40.48386484842112,20.24136520682645,45.26208323200945
20,s90b,x90,42.29307673121485,21.147591758256542,47.28556837520627
20,s92c,x92,43.20016130334036,21.60120904278944,48.29975329900675
20,s94a,x94,40.37486346699944,20.1868536722397,45.14021113334832
20,s95b,x95,21.600692785048942,10.800989142472579,24.150596167587167
20,s96b,x96,21.60069706317047,10.800993500313952,24.150601942988615
20,s98a,x98,40.633244422552856,20.316128050303124,45.429127344240676
20,s99b,x99,43.201254143277154,21.601792369774586,48.30099163722079
20,s100c,x100,39.82847722591512,19.9150810233839,44.52996800249451
20,add44,44,540.0037411413884,162.00514920525094,563.7816144711632
20,add108,108,536.8474524917406,161.05899868107696,560.4865638916091
21,s1a,x1,38.39999752186037,19.199986718214,42.93249701168657
21,s2b,x2,19.200091945370662,9.600187521356089,21.466418684910824
21,s4c,x4,38.40028600779633,19.20068204481439,42.93306600356672
21,s5c,x5,19.01815168517744,9.509315281486186,21.263047068638215
21,s6c,x6,37.64239690271888,18.82163657378414,42.08567509138268
21,s7a,x7,19.199989138913974,9.599979876656496,21.466233870118536
21,s9a,x9,38.39996700865975,19.199943213144486,42.93245026380547
21,s10a,x10,18.55827688617965,9.279115149355814,20.748773914116335
21,s11a,x11,35.901290123845904,17.95060080052362,40.13884280415063
21,s12b,x12,19.200138978369647,9.600217113844206,21.46647398669974
21,s16c,x16,38.40040847558493,19.200957952035647,42.933298934132885
21,s17c,x17,19.200200851392196,9.600475496011047,21.466644881846584
21,s19a,x19,38.39982935991869,19.199784012431664,42.932255950449424
21,s20a,x20,36.50855150619131,18.254170067001905,40.81775419979953
21,s22b,x22,38.58005994733458,19.290267244654185,43.13392442046177
21,s24c,x24,38.40052120896947,19.201229606373538,42.93352125690589
21,s28a,x28,36.56722600065754,18.283516711176947,40.883358481306935
21,s29a,x29,34.89206177772279,17.44595225542288,39.0104758391758
21,s30c,x30,38.40051404663945,19.20121914062306,42.933510170173406
21,s31c,x31,19.200264463006086,9.60061836650513,21.466765673213327
21,s32c,x32,19.20026732627617,9.600621108682633,21.46676946056278
21,s33a,x33,36.96504268851674,18.482423840514507,41.32813051644466
21,s34c,x34,37.22654029420547,18.613872437896028,41.620806688606706
21,s52a,x52,30.002534568165046,15.001142361803367,33.54379752909664
21,s53a,x53,30.01993996215385,15.009844962137716,33.5632573079362
21,s55a,x55,13.7822793939337,6.891081746093201,15.409030888533788
21,s56b,x56,20.108539970802756,10.05442462768452,22.482100310050242
21,s58b,x58,21.07259490600212,10.53645823503112,23.559949240416916
21,s59b,x59,19.73188911010725,9.86609851017173,22.06099153859549
21,s60a,x60,15.14477806339206,7.572325607696038,16.93234826296608
21,s62c,x62,29.941017263457677,14.97130235369392,33.47542992907472
21,s63a,x63,30.21774985632698,15.108748145589676,33.78441470421544
21,s64b,x64,77.42418320384515,36.13186729145918,85.44013096168682
21,s65a,x65,26.846537548090836,19.176216686509882,32.99187573826367
21,s65b,x65,32.972167401414836,23.552211581223737,40.52000115391969
21,s65c,x65,55.88700667165195,39.919979017603126,68.68014443405855
21,s66c,x66,60.664162394881195,28.311469597406663,66.94535017338694
21,s68a,x68,18.51002711899562,9.254935399000864,20.69480449740061
21,s69a,x69,36.87254888186393,18.43611876416424,41.224693281233925
21,s70a,x70,18.384113697784855,9.19197923789802,20.554029258591342
21,s71a,x71,36.70946512869214,18.35457759841636,41.04236042007028
21,s73c,x73,38.40059176815994,19.20151670980626,42.933712768660506
21,s74c,x74,36.281235037231774,18.141598525556372,40.56409265457966
21,s75c,x75,38.400631457462644,19.201560545210498,42.933767872191865
21,s76a,x76,96.3504561027525,73.41023415568074,121.12998336497992
21,s76b,x76,65.52434309907741,46.804569855140315,80.5239548078106
21,s76c,x76,66.24499052445967,47.31874020206527,81.40922517685756
21,s77b,x77,38.40076345030686,19.200844342692662,42.93356562223473
21,s79a,x79,33.83287935949187,16.916291397181244,37.82624274744029
21,s80b,x80,38.40078278446345,19.200848864143758,42.93358493724039
21,s82a,x82,37.56781184241625,18.78374551993273,42.002018789396104
21,s83c,x83,19.20029773382626,9.60079038015129,21.4668723616455
21,s84c,x84,19.20032312943162,9.60081244705076,21.46690494500853
21,s85c,x85,38.40067261236879,19.20165151242293,42.93384536571193
21,s86b,x86,19.200384095873957,9.600436949262868,21.466791540560067
21,s87b,x87,38.400783370671235,19.20089818204032,42.93360751763471
21,s88a,x88,37.146799197893436,18.573222162492574,41.53130472482079
21,s90b,x90,38.05669677647317,19.028753308691563,42.54886158311951
21,s92c,x92,38.40054453877388,19.20149592588533,42.93366123062587
21,s94a,x94,37.05467345420474,18.52715677540154,41.42830388729489
21,s95b,x95,19.20039785755251,9.600460225693956,21.46681425907064
21,s96b,x96,19.200400139291787,9.600462622038817,21.46681737161055
21,s98a,x98,37.219910736237466,18.609795244640328,41.61305365220056
21,s99b,x99,38.40073691516692,19.200831943501427,42.933536343404654
21,s100c,x100,36.35708187602392,18.179498002881726,40.64888129059258
21,add44,44,520.0033248839828,156.0049865087714,542.9005560008195
21,add108,108,560.0043251049958,168.0063029954913,584.6631183703267
22,s1a,x1,33.60003249385626,16.800064313439027,37.565999847253956
22,s2b,x2,16.800038071790937,8.400080221486489,18.78304093966239
22,s4c,x4,33.60014635542898,16.800368887253146,37.566237898597606
22,s5c,x5,16.758909654054285,8.379588502313872,18.73709038940851
22,s6c,x6,33.401767662943406,16.70113163654373,37.34442235395286
22,s7a,x7,16.80001393806375,8.400031347410549,18.78299749658228
22,s9a,x9,33.600026726452825,16.800063468685448,37.56599431094835
22,s10a,x10,16.384882550489763,8.192458519461667,18.318863304977302
22,s11a,x11,31.969789298417098,15.984921537590806,35.743323073661166
22,s12b,x12,16.800056708740726,8.400089308567008,18.78306167292239
22,s16c,x16,33.60021782512135,16.800514955134553,37.56636714740064
22,s17c,x17,16.800107245268464,8.400255740832547,18.78318130572966
22,s19a,x19,33.59998786203484,16.800039791487034,37.56594896078676
22,s20a,x20,32.292522159516636,16.146290646861583,36.104150579618995
22,s22b,x22,34.18051764510136,17.090349449143464,38.21502100981921
22,s24c,x24,33.60028469646064,16.80065822972977,37.566491034369896
22,s28a,x28,32.33945214563709,16.169756988722707,36.156620502396215
22,s29a,x29,31.170648732676153,15.585350312909295,34.8498563381829
22,s30c,x30,33.60027866942549,16.800650964133872,37.56648239430599
22,s31c,x31,16.800143911133503,8.400330326180097,18.78324745680941
22,s32c,x32,16.80014556865918,8.400332011683835,18.783249693135073
22,s33a,x33,32.69733192594415,16.34869841507574,36.5567429476761
22,s34c,x34,33.10815751679429,16.554412288710836,37.01619456915422
22,s52a,x52,27.03171265453228,13.515859037169092,30.222374733793274
22,s53a,x53,27.045485242460284,13.522745355657793,30.23777296617761
22,s55a,x55,12.390789363217303,6.195396623250454,13.853324523846332
22,s56b,x56,17.85558152380492,8.927843567722123,19.963170648044887
22,s58b,x58,18.716030450772916,9.358070043099836,20.925182693726278
22,s59b,x59,17.562084667179906,8.781095146530632,19.63503118993243
22,s60a,x60,13.629242065956864,6.814622488088052,15.23795652138447
22,s62c,x62,26.80045017936342,13.400659991679055,29.964008710937332
22,s63a,x63,27.201705274837334,13.600855281285309,30.41243223159864
22,s64b,x64,68.93881056085937,32.171644630975614,76.07610873203122
22,s65a,x65,24.071953788556364,17.194317766182028,29.58214871578527
22,s65b,x65,29.41552010985084,21.011406052369452,36.14902498865754
22,s65c,x65,49.967373382316254,35.691454669328984,61.40536083389277
22,s66c,x66,54.481644277352295,25.425606678325423,60.12246699965713
22,s68a,x68,16.657185764120605,8.328594382628962,18.62330051228248
22,s69a,x69,33.197700331015646,16.598853004849357,37.11615858820135
22,s70a,x70,16.55757987733796,8.27879130120431,18.511937683649517
22,s71a,x71,33.06865788693827,16.534331604219325,36.971884669863
22,s73c,x73,33.60033403574481,16.800817911924014,37.56660657849279
22,s74c,x74,32.48744379570346,16.244259505654185,36.32230679989953
22,s75c,x75,33.60035372753495,16.800840382798146,37.56663424082244
22,s76a,x76,85.34609347369299,65.02583407647097,107.29545548885598
22,s76b,x76,57.882231230922905,41.34515583000212,71.13209263670784
22,s76c,x76,58.51379080350671,41.79616616467607,71.9081582316065
22,s77b,x77,33.600324590727496,16.800328292458442,37.566379161913204
22,s79a,x79,30.391731620152918,15.195868609076845,33.978990180046985
22,s80b,x80,33.600333144757386,16.800328661141286,37.56638697773646
22,s82a,x82,33.599924915949586,16.799972020043324,37.56586235176412
22,s83c,x83,16.800168488605152,8.4004244371152,18.78331152830096
22,s84c,x84,16.80018089657657,8.400435589129005,18.783327613732386
22,s85c,x85,33.60037478447758,16.800884525888456,37.56667281660162
22,s86b,x86,16.800163094906704,8.400170762928278,18.783193255190138
22,s87b,x87,33.60033261641586,16.800351432510354,37.56639668892443
22,s88a,x88,33.450839833588304,16.72541187791781,37.3991722910865
22,s90b,x90,33.615917043029754,16.80810367242191,37.58380273078738
22,s92c,x92,33.600310590603016,16.800805513287898,37.566580063672475
22,s94a,x94,33.37545388889993,16.687716929514472,37.31488735893075
22,s95b,x95,16.80016891365404,8.400180278304402,18.78320271506757
22,s96b,x96,16.800169840215833,8.400181266383017,18.78320398569397
22,s98a,x98,33.45602272369943,16.728014264174377,37.40497183144393
22,s99b,x99,33.6003113669089,16.800323791927173,37.56636532147902
22,s100c,x100,32.51060877687614,16.255828172238257,36.34819985375384
22,add44,44,550.0022122796177,165.00347906952896,574.2199766792531
22,add108,108,600.0028954762702,180.00439422449182,626.4224265781313
23,s1a,x1,30.400497713874802,15.201403130151824,33.98930594137952
23,s2b,x2,15.200078344213287,7.600248046718471,16.99429763308474
23,s4c,x4,30.400457571299974,15.201473965372506,33.989301717809795
23,s5c,x5,15.226192470066387,7.613666808687594,17.023655876726874
23,s6c,x6,30.47273609981467,15.237438486259107,34.07003341694103
23,s7a,x7,15.200283005345813,7.6007916298978735,16.994723794275984
23,s9a,x9,30.400627490369008,15.201719960138831,33.98956371527389
23,s10a,x10,14.905543014976113,7.45339757265365,16.665183705778418
23,s11a,x11,29.2364016522147,14.619344392395318,32.68780219031379
23,s12b,x12,15.200077317442197,7.600247763590725,16.99429658809645
23,s16c,x16,30.400773593439112,15.201955639668611,33.98979979861601
23,s17c,x17,15.20038061854704,7.600971302728086,16.994891458717717
23,s19a,x19,30.400782878708075,15.202288580986188,33.989957012887395
23,s20a,x20,29.40823581047244,14.705793624957256,32.88015662408236
23,s22b,x22,31.12680588954963,15.563749456614628,34.80098191192274
23,s24c,x24,30.40110316928813,15.202406639486416,33.99029628499877
23,s28a,x28,29.448223252668637,14.725769055536512,32.92485576302515
23,s29a,x29,28.557958025371693,14.280488803182019,31.929442949050937
23,s30c,x30,30.401069507350694,15.202385968108304,33.99025693215784
23,s31c,x31,15.200555720842017,7.60120697222479,16.99515347553595
23,s32c,x32,15.200561607034125,7.601213008805141,16.995161440082537
23,s33a,x33,29.777669884355646,14.890534035313948,33.29320692871902
23,s34c,x34,30.238614278064322,15.120619706177454,33.80838555382965
23,s52a,x52,24.89768446864954,12.450492413858036,27.837195498971678
23,s53a,x53,24.909191195424444,12.45624709198804,27.850060998620293
23,s55a,x55,11.397236177492589,5.699389780219928,12.742842553858274
23,s56b,x56,16.271046179175823,8.135736732828589,18.19167820600311
23,s58b,x58,17.057835349520428,8.529139443362082,19.071338874228616
23,s59b,x59,16.028586095328507,8.01450668121635,17.920599587028885
23,s60a,x60,12.543470896966461,6.272570828958291,14.024400413113678
23,s62c,x62,24.558930439382948,12.280930413993152,27.45837424465972
23,s63a,x63,25.039512350227422,12.521421035157088,27.99577045692556
23,s64b,x64,62.936754460513896,29.371292583080884,69.45291851336384
23,s65a,x65,22.09036604951818,15.77982351062226,27.147506372189923
23,s65b,x65,26.903210507771913,19.217562661414203,33.06202429178937
23,s65c,x65,45.75040128841192,32.68247026408898,56.224932908930924
23,s66c,x66,50.02932203239408,23.34984499622537,55.2100382572657
23,s68a,x68,15.200462668373461,7.6013982880876245,16.9951558176663
23,s69a,x69,30.400917908998615,15.20277509807487,33.990295385481986
23,s70a,x70,15.200455211384739,7.601378741336972,16.995140405497185
23,s71a,x71,30.40090573451539,15.202747059314595,33.99027195578743
23,s73c,x73,30.401400531469843,15.202891780166173,33.99077923134889
23,s74c,x74,29.776593121049203,14.890109207168212,33.29205385820932
23,s75c,x75,30.401470427150386,15.202973151477877,33.99087814072265
23,s76a,x76,77.76665862385025,59.25501481675268,97.76916678816508
23,s76b,x76,52.64747365893979,37.607415501965306,64.69987776963895
23,s76c,x76,53.20725297130771,38.00960480902627,65.38915679599398
23,s77b,x77,30.400378078147966,15.200763079292617,33.98891268468477
23,s79a,x79,27.940436960395978,13.972133844057565,31.239214805979366
23,s80b,x80,30.40038773117623,15.200755941241077,33.98891812622205
23,s82a,x82,30.40097801975603,15.202950461361613,33.99042758319325
23,s83c,x83,15.200718335747963,7.601478403394347,16.99542031960419
23,s84c,x84,15.200758195173032,7.60152181520231,16.995475386558528
23,s85c,x85,30.401561140591884,15.203089983222617,33.991011529860515
23,s86b,x86,15.200189826405477,7.600403474034879,16.99446685621182
23,s87b,x87,30.400387343265212,15.200833844653312,33.98895261983395
23,s88a,x88,30.401009369311907,15.20288472074161,33.99042621835079
23,s90b,x90,30.563501404844814,15.28228546571188,34.1712725425826
23,s92c,x92,30.4013383314278,15.202815610081656,33.990689531342014
23,s94a,x94,30.400995613337955,15.202860549767774,33.99040310408041
23,s95b,x95,15.200199799196032,7.60043065675043,16.99448793296082
23,s96b,x96,15.20020244852426,7.6004335254241795,16.99449158552602
23,s98a,x98,30.40094356238722,15.20282315740396,33.99033982529082
23,s99b,x99,30.400341159759975,15.200739718146997,33.988869216386824
23,s100c,x100,29.771605617305013,14.887570133398318,33.28645738899232
23,add44,44,580.012260860778,174.0252169121499,605.5567676693508
23,add108,108,650.0170190299502,195.03307666397924,678.6457293917057
