Hour,Microgrid,Bus,Node,Voltage_pu,Angle_deg
0,FEEDER,sourcebus,1,0.9993861332374162,-0.0819183171098425
0,FEEDER,sourcebus,2,0.9995919871113822,-120.08587671868446
0,FEEDER,sourcebus,3,0.9994292748305521,119.9058820389368
0,FEEDER,150,1,0.9866243188071169,-32.63417704991206
0,FEEDER,150,2,0.9911026161688625,-152.13932726264377
0,FEEDER,150,3,0.988958438217455,87.4353095290499
0,FEEDER,150r,1,1.017455485189742,-32.63450431380772
0,FEEDER,150r,2,1.022074110758618,-152.13958942205485
0,FEEDER,150r,3,1.0198627906417803,87.43499381044774
0,MG3,40,1,0.9948577411356463,-34.383422618296336
0,MG3,40,2,1.0111633904111177,-153.30790057251633
0,MG3,40,3,0.9994704324878096,85.89915611225908
0,MG3,401,1,0.9948577411356463,-34.383422618296336
0,MG3,401,2,1.0111633904111177,-153.30790057251633
0,MG3,401,3,0.9994704324878096,85.89915611225908
0,MG4,101,1,1.0927067990990076,-35.48764218665329
0,MG4,101,2,1.005241995505346,-154.17912919053236
0,MG4,101,3,1.0984011176945927,84.77745754651149
0,MG4,1011,1,1.0927067990990076,-35.48764218665329
0,MG4,1011,2,1.005241995505346,-154.17912919053236
0,MG4,1011,3,1.0984011176945927,84.77745754651149
0,MG1,30,1,0.9974607851174039,-34.28605623894851
0,MG1,30,2,1.0138078458702993,-153.14937627546408
0,MG1,30,3,0.9999961247990531,86.01836510428656
0,MG1,301,1,0.9974607851174039,-34.28605623894851
0,MG1,301,2,1.0138078458702993,-153.14937627546408
0,MG1,301,3,0.9999961247990531,86.01836510428656
0,MG2,93,1,1.0942357597472223,-35.44622434631479
0,MG2,93,2,1.0061211721586802,-154.36088574858834
0,MG2,93,3,1.103379894081967,84.76918123118418
0,MG2,931,1,1.0942357597472223,-35.44622434631479
0,MG2,931,2,1.0061211721586802,-154.36088574858834
0,MG2,931,3,1.1033798940819668,84.76918123118418
0,MG2,77,1,1.0964746062005255,-35.463725350712124
0,MG2,77,2,1.0088369713718672,-154.2145803776966
0,MG2,77,3,1.1023225395933425,84.76519749408578
0,MG2,771,1,1.0964746062005255,-35.463725350712124
0,MG2,771,2,1.0088369713718672,-154.2145803776966
0,MG2,771,3,1.1023225395933425,84.76519749408578
0,FEEDER,149,1,1.0174553270892692,-32.634503112271766
0,FEEDER,149,2,1.022073983593976,-152.13958878948623
0,FEEDER,149,3,1.019862637816922,87.43499463846243
0,FEEDER,1,1,1.0119381327346082,-33.08401024647031
0,FEEDER,1,2,1.0201131801638972,-152.41010549120674
0,FEEDER,1,3,1.0151699281802444,87.03271602235367
0,FEEDER,2,2,1.0200224649515943,-152.41176671164084
0,FEEDER,3,3,1.014513912613637,87.02064497984811
0,FEEDER,7,1,1.007838818858836,-33.416081807737264
0,FEEDER,7,2,1.0186869503678422,-152.6197204108918
0,FEEDER,7,3,1.0120516900008798,86.74350075903405
0,FEEDER,4,3,1.0143054017278696,87.01680497366335
0,FEEDER,5,3,1.0139999414899337,87.01117796364927
0,FEEDER,6,3,1.0137358114350623,87.00630980678176
0,FEEDER,8,1,1.005177257097061,-33.636466405279904
0,FEEDER,8,2,1.0177141630021846,-152.75933480288043
0,FEEDER,8,3,1.0099918516663908,86.54835631497347
0,FEEDER,12,2,1.0175972569708804,-152.76148097934603
0,FEEDER,9,1,1.0045869935267513,-33.64743760928126
0,FEEDER,13,1,1.001618414967384,-33.95289783445712
0,FEEDER,13,2,1.016122045955502,-152.9623226393928
0,FEEDER,13,3,1.0069213460019888,86.24467101223085
0,FEEDER,9r,1,1.0045863818049932,-33.64750493878307
0,FEEDER,14,1,1.0039187826480291,-33.659925373735554
0,FEEDER,34,3,1.0065275236176838,86.23736221328575
0,FEEDER,18,1,0.9975964759020063,-34.2322107676673
0,FEEDER,18,2,1.0134804988869108,-153.1765917454446
0,FEEDER,18,3,1.0015368112375045,86.0549925326156
0,FEEDER,11,1,1.0036572785667195,-33.66479353060307
0,FEEDER,10,1,1.003787574407312,-33.66236837348113
0,FEEDER,15,3,1.0063698814535844,86.23443508585979
0,FEEDER,16,3,1.0059757303777181,86.22711476527961
0,FEEDER,17,3,1.0061859905278232,86.2310193165527
0,FEEDER,19,1,0.9970689896984184,-34.242094281134456
0,FEEDER,20,1,0.9967278729328789,-34.24848953416462
0,MG1,21,1,0.9975964681818337,-34.232210536909335
0,MG1,21,2,1.0134804950508707,-153.17659163376024
0,MG1,21,3,1.0015368015694235,86.05499281827751
0,MG1,22,2,1.0127085765622992,-153.19088148196445
0,MG1,23,1,0.9974888347622781,-34.25296251571773
0,MG1,23,2,1.0136190330106956,-153.1681452143388
0,MG1,23,3,1.0010166225423622,86.04491520446068
0,MG1,24,3,1.0002014987370345,86.0296363573837
0,MG1,25,1,0.9972551923980054,-34.274114205462155
0,MG1,25,2,1.013788053370138,-153.164078794854
0,MG1,25,3,1.0006484922387722,86.04353053161451
0,MG1,25r,1,1.0097202974641608,-34.27417838606978
0,MG1,25r,3,0.9943941502873809,86.04349857286543
0,MG1,26,1,1.0095202578504756,-34.28740649309265
0,MG1,26,3,0.9942412278773165,86.04405531264608
0,MG1,28,1,0.9971910963291812,-34.282071778601406
0,MG1,28,2,1.0138462740603822,-153.1616642980125
0,MG1,28,3,1.000478011700323,86.04125524715602
0,MG1,27,1,1.009318267128468,-34.29693350427049
0,MG1,27,3,0.9942240708918783,86.04931822306877
0,MG1,31,3,0.9940727277384991,86.04091453098756
0,MG1,33,1,1.0085847894259967,-34.31056775381943
0,MG1,29,1,0.9973138777225646,-34.28391565133059
0,MG1,29,2,1.0138289240705107,-153.1560242395176
0,MG1,29,3,1.0002558703223594,86.0307346922392
0,MG1,250,1,0.9974607879359393,-34.28605633564472
0,MG1,250,2,1.013807848968375,-153.1493763603419
0,MG1,250,3,0.9999961281085256,86.01836502497127
0,MG1,32,3,0.9939603854875793,86.03882028868526
0,MG3,35,1,0.9960188238413901,-34.32563152653532
0,MG3,35,2,1.0119327765780044,-153.25271797202885
0,MG3,35,3,1.000385561863135,85.96205155246183
0,MG3,42,1,0.9936976625942942,-34.44134845235266
0,MG3,42,2,1.01039493465221,-153.36316686379877
0,MG3,42,3,0.9985565002045319,85.83614573149592
0,MG3,44,1,0.9927703251525494,-34.48778637280056
0,MG3,44,2,1.009780841378126,-153.40744021423444
0,MG3,44,3,0.9978262185118152,85.78565455898755
0,MG3,151,1,0.996018829011779,-34.32563165187043
0,MG3,151,2,1.0119327810644148,-153.2527181210564
0,MG3,151,3,1.0003855666114352,85.96205141986334
0,FEEDER,52,1,0.9992937226794933,-34.23651833964431
0,FEEDER,52,2,1.0151014896681976,-153.15890559861987
0,FEEDER,52,3,1.0055416077399848,85.97263195543552
0,FEEDER,53,1,0.9982464073715592,-34.373760143988775
0,FEEDER,53,2,1.014536216362819,-153.25640749214205
0,FEEDER,53,3,1.0048694758115526,85.83360581121569
0,FEEDER,54,1,0.9976609790701905,-34.45651724359444
0,FEEDER,54,2,1.014147189384502,-153.3168119984415
0,FEEDER,54,3,1.0044581189746848,85.74491224206456
0,FEEDER,55,1,0.9975776717843723,-34.45759753835619
0,FEEDER,55,2,1.014114910852832,-153.32067809747238
0,FEEDER,55,3,1.004486720727309,85.7461404437715
0,FEEDER,57,1,0.9968644518558333,-34.69078066234999
0,FEEDER,57,2,1.0121776936430553,-153.50288595295788
0,FEEDER,57,3,1.0033643083764194,85.52080536441237
0,FEEDER,56,1,0.9975659657658286,-34.45526630894647
0,FEEDER,56,2,1.0140424502634717,-153.32390457100925
0,FEEDER,56,3,1.0045214381576073,85.7455239974738
0,FEEDER,58,2,1.0119138383476753,-153.5076963465971
0,FEEDER,60,1,0.9952529305551518,-35.204247517439384
0,FEEDER,60,2,1.008388464283634,-153.8853147399077
0,FEEDER,60,3,1.0008476500016579,85.04200237789483
0,FEEDER,59,2,1.0117832089322112,-153.5101087885259
0,FEEDER,61,1,0.995252954133367,-35.204248187646925
0,FEEDER,61,2,1.0083884853811615,-153.88531541870745
0,FEEDER,61,3,1.0008476738316576,85.04200178889194
0,FEEDER,62,1,0.9949942180775663,-35.20246166335709
0,FEEDER,62,2,1.0079085261309588,-153.87717936948684
0,FEEDER,62,3,1.0000148978213654,85.04029156382921
0,FEEDER,63,1,0.9947887071679163,-35.19839865012176
0,FEEDER,63,2,1.0075423916450845,-153.87440653749886
0,FEEDER,63,3,0.9996038725275734,85.03892278074157
0,FEEDER,64,1,0.9947282726354327,-35.19061189681233
0,FEEDER,64,2,1.0067501553447118,-153.86280540111787
0,FEEDER,64,3,0.9987197353665616,85.03090240340929
0,FEEDER,65,1,0.9945343495400251,-35.19508973642032
0,FEEDER,65,2,1.006564869753344,-153.84929550797995
0,FEEDER,65,3,0.9974971466107053,85.03414438275333
0,FEEDER,66,1,0.9946240538671027,-35.20478604186644
0,FEEDER,66,2,1.0066657454061307,-153.83888929050494
0,FEEDER,66,3,0.9968957266064272,85.03384689409037
0,FEEDER,67,1,1.0944734998490862,-35.377130487721665
0,FEEDER,67,2,1.0074340909776682,-154.07218951965442
0,FEEDER,67,3,1.0999448923298,84.8735655226046
0,FEEDER,68,1,1.0938522023260566,-35.38771005653149
0,FEEDER,97,1,1.0935528885980228,-35.43412862767057
0,FEEDER,97,2,1.0062894656684018,-154.12699735881125
0,FEEDER,97,3,1.0991319968456192,84.82376204507108
0,FEEDER,69,1,1.0931404493950614,-35.39984282937829
0,FEEDER,70,1,1.0926358958754356,-35.40845124726806
0,FEEDER,71,1,1.0923512988068254,-35.41330941855919
0,MG2,72,1,1.094473474893187,-35.37713222557745
0,MG2,72,2,1.0074340630172591,-154.07219102924705
0,MG2,72,3,1.0999448625945338,84.87356381807878
0,MG2,73,3,1.0987097057104493,84.85252331054903
0,MG2,76,1,1.0949672905518208,-35.419381228475096
0,MG2,76,2,1.007545053053703,-154.14510756058428
0,MG2,76,3,1.1008698819426823,84.83273564993684
0,MG2,74,3,1.097645233902441,84.83435650634576
0,MG2,75,3,1.0970661924966862,84.8244654499043
0,MG2,86,1,1.0948999093460787,-35.44092124935591
0,MG2,86,2,1.006783983374607,-154.2490605880252
0,MG2,86,3,1.1020249784418141,84.80562861211214
0,MG2,78,1,1.0968587185949306,-35.476519885907834
0,MG2,78,2,1.009233517898095,-154.22850945673088
0,MG2,78,3,1.1026505656051486,84.74889163681753
0,MG2,79,1,1.0966793534938184,-35.48430848235835
0,MG2,79,2,1.0093109448658073,-154.230131909499
0,MG2,79,3,1.102623083861855,84.75413787654732
0,MG2,80,1,1.0990623610402992,-35.5207430409854
0,MG2,80,2,1.0109543723920533,-154.29111366373047
0,MG2,80,3,1.1042682082585822,84.66051723066678
0,MG2,81,1,1.099886918068547,-35.539999764949975
0,MG2,81,2,1.0117167326966574,-154.3081812991854
0,MG2,81,3,1.1048030463611258,84.62898125439702
0,MG2,82,1,1.1009106789364753,-35.565400057074825
0,MG2,82,2,1.0128326337903044,-154.34012902157392
0,MG2,82,3,1.1058391192998327,84.59527064630609
0,MG2,84,3,1.1033295493014676,84.60398133410054
0,MG2,83,1,1.1021164272850628,-35.582893161323476
0,MG2,83,2,1.0138703326542184,-154.3703730566082
0,MG2,83,3,1.1069036053887211,84.55632837295254
0,MG2,85,3,1.1026384456944118,84.59223664646052
0,MG2,87,1,1.0948763879843157,-35.456056681650736
0,MG2,87,2,1.0065021943404457,-154.3056411110645
0,MG2,87,3,1.1025567429439669,84.78602152613733
0,MG2,88,1,1.0950472399559825,-35.48226480281287
0,MG2,89,1,1.094547971374379,-35.449580719654065
0,MG2,89,2,1.0064719998988425,-154.34057539784112
0,MG2,89,3,1.1030062909076177,84.77886775009064
0,MG2,90,2,1.0066616595047333,-154.37866659128926
0,MG2,91,1,1.0944143273381803,-35.44306094324248
0,MG2,91,2,1.0062164883646574,-154.35170435444562
0,MG2,91,3,1.1033250507800347,84.76568428455401
0,MG2,92,3,1.103620095276709,84.72075084694792
0,MG2,94,1,1.0938388398802876,-35.45302536359158
0,MG2,95,1,1.094214473453875,-35.44100991778675
0,MG2,95,2,1.0059004417814106,-154.3711783378607
0,MG2,95,3,1.1034862395419958,84.76750808093588
0,MG2,96,2,1.0057530729664121,-154.3739271006742
0,FEEDER,98,1,1.0934719321143134,-35.43805802798069
0,FEEDER,98,2,1.0061834565202021,-154.13006734420037
0,FEEDER,98,3,1.0990425324084379,84.81984097610075
0,FEEDER,99,1,1.0935947219347282,-35.43374399059035
0,FEEDER,99,2,1.0058484577062934,-154.1336028691369
0,FEEDER,99,3,1.0988931866703442,84.80469662123305
0,FEEDER,100,1,1.093677062986872,-35.43510877100361
0,FEEDER,100,2,1.0058236833031433,-154.12806817621606
0,FEEDER,100,3,1.0987222200714328,84.79755823186758
0,FEEDER,450,1,1.0936771169087192,-35.435110117364175
0,FEEDER,450,2,1.0058237365258125,-154.1280694357928
0,FEEDER,450,3,1.0987222700746089,84.79755666816995
0,MG4,197,1,1.093552851476064,-35.43412803755944
0,MG4,197,2,1.0062894282473043,-154.12699671253614
0,MG4,197,3,1.0991319595155749,84.82376263454472
0,MG4,105,1,1.0917772320931576,-35.54660318493885
0,MG4,105,2,1.0040907708121032,-154.23660020341066
0,MG4,105,3,1.097598010185444,84.72645111629647
0,MG4,108,1,1.0906801298548907,-35.616413438587145
0,MG4,108,2,1.002731522063385,-154.3046901591429
0,MG4,108,3,1.0966499911575158,84.6660750078027
0,MG4,300,1,1.0935529357069518,-35.43413014129666
0,MG4,300,2,1.006289511452088,-154.12699868120112
0,MG4,300,3,1.0991320376786209,84.82376019196947
0,MG3,135,1,0.997596435212894,-34.232210055300904
0,MG3,135,2,1.0134804588791546,-153.17659105706417
0,MG3,135,3,1.0015367707562697,86.05499323915596
0,FEEDER,152,1,1.0016183212077583,-33.95289825703659
0,FEEDER,152,2,1.0161219651472657,-152.9623229910502
0,FEEDER,152,3,1.0069212567254584,86.24467027672023
0,FEEDER,160r,1,1.0947837264890545,-35.20558067092179
0,FEEDER,160r,2,1.008392276672997,-153.8864328386749
0,FEEDER,160r,3,1.1009391593752302,85.04072740629991
0,FEEDER,160,1,0.9952528503597852,-35.20424853632767
0,FEEDER,160,2,1.0083883961304065,-153.88531550805527
0,FEEDER,160,3,1.0008475728954185,85.04200114151712
0,FEEDER,61s,1,0.995252954133367,-35.204248187646584
0,FEEDER,61s,2,1.0083884853811615,-153.88531541870714
0,FEEDER,61s,3,1.0008476738316578,85.04200178889226
0,FEEDER,610,1,1.145645159527954,-34.81832137167378
0,FEEDER,610,2,1.158091088912129,-154.18788813552365
0,FEEDER,610,3,1.1628764106420868,84.96751899434207
0,FEEDER,x1,1,1.003995350016443,-33.30333046570607
0,FEEDER,x2,2,1.0121416523148534,-152.62757016439906
0,FEEDER,x4,3,1.0063807758345267,86.79852057378925
0,FEEDER,x5,3,1.006019886640477,86.79126296887692
0,FEEDER,x6,3,1.005705219633355,86.78491050123104
0,FEEDER,x7,1,0.9998642931056883,-33.63721576571728
0,FEEDER,x9,1,0.996587094273707,-33.87002632735668
0,FEEDER,x10,1,0.9958088690937151,-33.884534654888924
0,FEEDER,x11,1,0.9957065266823881,-33.8861928361538
0,FEEDER,x12,2,1.009698050674613,-152.97832798993096
0,FEEDER,x16,3,0.9979865581444518,86.00514536888647
0,FEEDER,x17,3,0.998198460332047,86.00914404881887
0,FEEDER,x19,1,0.9890097696433189,-34.4681014225761
0,FEEDER,x20,1,0.9887500837860604,-34.472239503201195
0,MG1,x22,2,1.001539079659076,-153.5011171268073
0,MG1,x24,3,0.9889433246421291,85.71292635372083
0,MG1,x28,1,0.9860485945046754,-34.59643816858209
0,MG1,x29,1,0.9971767556351354,-34.282483024125355
0,MG1,x29,2,0.0,0.0
0,MG1,x30,3,0.9887356353498202,85.70152289016968
0,MG1,x31,3,0.9883763894130178,85.88220463022073
0,MG1,x32,3,0.9882634258072259,85.88007396943264
0,MG1,x33,1,0.997440890852192,-34.62136676271244
0,FEEDER,x34,3,0.9985540342842899,86.01596290773503
0,FEEDER,x52,1,0.991252155870941,-34.4615057241565
0,FEEDER,x53,1,0.9901965422642839,-34.599226676975015
0,FEEDER,x55,1,0.9896750812058102,-34.67899684390692
0,FEEDER,x56,2,1.010026508483907,-153.43195776458143
0,FEEDER,x58,2,1.0078563525891726,-153.61716330375145
0,FEEDER,x59,2,1.003839514098921,-153.72948905458097
0,FEEDER,x60,1,0.9871792493356014,-35.431091904725044
0,FEEDER,x62,3,0.9920930000749882,84.8188922582785
0,FEEDER,x63,1,0.9867113169181078,-35.42545790627267
0,FEEDER,x64,2,0.9994569762785533,-154.07873530791903
0,FEEDER,x65,1,1.141630694546804,-65.17905309140998
0,FEEDER,x65,2,1.1409209152331707,175.59637564909855
0,FEEDER,x65,3,1.1546261741660446,55.23904389734585
0,FEEDER,x66,3,0.9895330500306443,84.81359907627517
0,FEEDER,x68,1,1.0859736752326457,-35.588539617887946
0,FEEDER,x69,1,1.085267048744993,-35.60067239137688
0,FEEDER,x70,1,1.0847661293024762,-35.609280809722684
0,FEEDER,x71,1,1.0844835820613918,-35.614138981271275
0,MG2,x73,3,1.0876945783729914,84.57097610682617
0,MG2,x74,3,1.0855389425915398,84.5241208615029
0,MG2,x75,3,1.0860675422161596,84.54291824492273
0,MG2,x76,1,1.2587256407125846,-65.58936632037617
0,MG2,x76,2,1.1950688517591583,173.6970358813013
0,MG2,x76,3,1.2149005885657873,56.66393815089227
0,MG2,x77,2,0.9976759999146216,-154.52578412548016
0,MG2,x79,1,1.0845837151965114,-35.79454412720122
0,MG2,x80,2,0.9998167784908751,-154.6009943949662
0,MG2,x82,1,1.0898735035881828,-35.846947329263905
0,MG2,x83,1,0.0,0.0
0,MG2,x83,3,1.1067514156555347,84.55776100015777
0,MG2,x84,3,1.092268105157319,84.3224341263656
0,MG2,x85,3,1.0915839302149837,84.3106894379168
0,MG2,x86,2,0.9956002579578651,-154.56155489101883
0,MG2,x87,2,0.9953153435817503,-154.6183130259388
0,MG2,x88,1,1.0840688485083303,-35.763812075345555
0,MG2,x90,2,0.9955182349311844,-154.69005540247025
0,MG2,x92,3,1.0925557381225752,84.43920363983757
0,MG2,x94,1,1.0828725633034983,-35.734572641190724
0,MG2,x95,2,0.9947069035661588,-154.68423024922598
0,MG2,x96,2,0.9945578952185247,-154.68707219239187
0,FEEDER,x98,1,1.0855961440672584,-35.63888759595244
0,FEEDER,x99,2,0.997858772305009,-154.35561563331325
0,FEEDER,x100,3,1.0900183846605394,84.57615892631686
1,FEEDER,sourcebus,1,0.9994514181522052,-0.07851213732255766
1,FEEDER,sourcebus,2,0.9996496530136544,-120.08201230515219
1,FEEDER,sourcebus,3,0.9994976686221878,119.90989630759147
1,FEEDER,150,1,0.9883222020972738,-32.515197498729776
1,FEEDER,150,2,0.9924436194710387,-152.03936978416277
1,FEEDER,150,3,0.9905675145826367,87.55473439099501
1,FEEDER,150r,1,1.0192065938431523,-32.51550860124617
1,FEEDER,150r,2,1.0234571512998372,-152.03961864184188
1,FEEDER,150r,3,1.021522307151281,87.55443468967528
1,MG3,40,1,0.9981534845633584,-34.19507792209711
1,MG3,40,2,1.0133449598971283,-153.1613751384542
1,MG3,40,3,1.0026082461892551,86.0795965198938
1,MG3,401,1,0.9981534845633584,-34.19507792209711
1,MG3,401,2,1.0133449598971283,-153.1613751384542
1,MG3,401,3,1.0026082461892551,86.0795965198938
1,MG4,101,1,1.0974652667590288,-35.26435354405212
1,MG4,101,2,1.0086420031566419,-153.99012075064164
1,MG4,101,3,1.1027001098330802,85.00140894229457
1,MG4,1011,1,1.0974652667590288,-35.26435354405212
1,MG4,1011,2,1.0086420031566419,-153.99012075064164
1,MG4,1011,3,1.1027001098330802,85.00140894229457
1,MG1,30,1,1.0006765972717115,-34.0981224122075
1,MG1,30,2,1.0158922406151139,-153.00971978591593
1,MG1,30,3,1.0032096534567998,86.19722169624539
1,MG1,301,1,1.0006765972717115,-34.0981224122075
1,MG1,301,2,1.0158922406151139,-153.00971978591593
1,MG1,301,3,1.0032096534567998,86.19722169624539
1,MG2,93,1,1.0991811638076021,-35.223181067864694
1,MG2,93,2,1.0097882345229272,-154.15859529169234
1,MG2,93,3,1.1076248444133885,84.9928504778324
1,MG2,931,1,1.0991811638076021,-35.223181067864694
1,MG2,931,2,1.0097882345229272,-154.15859529169234
1,MG2,931,3,1.1076248444133887,84.9928504778324
1,MG2,77,1,1.1012964286515508,-35.24052806931277
1,MG2,77,2,1.0122801964012387,-154.02471689871825
1,MG2,77,3,1.106630499328569,84.98769931062508
1,MG2,771,1,1.1012964286515508,-35.24052806931277
1,MG2,771,2,1.0122801964012387,-154.02471689871825
1,MG2,771,3,1.106630499328569,84.98769931062508
1,FEEDER,149,1,1.019206443325858,-32.515507651815675
1,FEEDER,149,2,1.023457030453432,-152.03961820565726
1,FEEDER,149,3,1.0215221618781298,87.55443528209473
1,FEEDER,1,1,1.0141317275674937,-32.94804827217107
1,FEEDER,1,2,1.0217141212416263,-152.298639499576
1,FEEDER,1,3,1.0172323387234976,87.16811650264914
1,FEEDER,2,2,1.0216286770237968,-152.30019969225222
1,FEEDER,3,3,1.01661323288278,87.15676123819972
1,FEEDER,7,1,1.0103610753434749,-33.267518417683924
1,FEEDER,7,2,1.0204485193368213,-152.49919133197844
1,FEEDER,7,3,1.0143931484434558,86.89029845234751
1,FEEDER,4,3,1.0164169484479997,87.15315859151268
1,FEEDER,5,3,1.0161273710810603,87.14784086672533
1,FEEDER,6,3,1.0158774774435626,87.14325007784713
1,FEEDER,8,1,1.0079141688172024,-33.479481327649324
1,FEEDER,8,2,1.0195839330252139,-152.6327416538729
1,FEEDER,8,3,1.0125179712994887,86.70296096043943
1,FEEDER,12,2,1.0194738481143826,-152.63475626240822
1,FEEDER,9,1,1.0073571224332207,-33.48979490120455
1,FEEDER,13,1,1.004652500139176,-33.78399572379638
1,FEEDER,13,2,1.018161171111137,-152.826971627837
1,FEEDER,13,3,1.0097229311920788,86.41173683483116
1,FEEDER,9r,1,1.007356543603677,-33.48985838479893
1,FEEDER,14,1,1.0067251671152428,-33.501559163448
1,FEEDER,34,3,1.0093515280964653,86.40487153023427
1,FEEDER,18,1,1.0008041514853003,-34.049310789040625
1,FEEDER,18,2,1.0155938151864152,-153.03429458689854
1,FEEDER,18,3,1.0046065179513926,86.23015606868783
1,FEEDER,11,1,1.0064775857380148,-33.50614995232622
1,FEEDER,10,1,1.006601341527212,-33.50385548611788
1,FEEDER,15,3,1.0092032460575597,86.40212934080905
1,FEEDER,16,3,1.0088324974566463,86.3952718523757
1,FEEDER,17,3,1.0090302714856743,86.39892947281373
1,FEEDER,19,1,1.0003072687029935,-34.05857975057791
1,FEEDER,20,1,0.999985344648276,-34.06458837526405
1,MG1,21,1,1.0008041444585316,-34.04931057949043
1,MG1,21,2,1.0155938116852326,-153.03429448514845
1,MG1,21,3,1.0046065091903937,86.2301563269387
1,MG1,22,2,1.0148891849146158,-153.04730382661037
1,MG1,23,1,1.0007049624041096,-34.068124773320335
1,MG1,23,2,1.0157200547134346,-153.02666686159733
1,MG1,23,3,1.004134781944077,86.2211073426399
1,MG1,24,3,1.003396190187635,86.207313897529
1,MG1,25,1,1.000491437944472,-34.087304847969946
1,MG1,25,2,1.0158740252737821,-153.02299993819827
1,MG1,25,3,1.0038007972567442,86.21991474418026
1,MG1,25r,1,1.0129970486371276,-34.08736305708774
1,MG1,25r,3,0.9975267796125834,86.21988585210585
1,MG1,26,1,1.0128148310236103,-34.0993602675475
1,MG1,26,3,0.9973878502285782,86.22041374095602
1,MG1,28,1,1.0004325687996563,-34.09451833667039
1,MG1,28,2,1.0159270819728063,-153.0208238031681
1,MG1,28,3,1.0036462666353385,86.21788406245174
1,MG1,27,1,1.012631006430018,-34.1079995986479
1,MG1,27,3,0.9973722331305219,86.22518755973019
1,MG1,31,3,0.9972348961965712,86.21758242716497
1,MG1,33,1,1.0119635354754684,-34.12035866156229
1,MG1,29,1,1.0005435016061472,-34.09618659774295
1,MG1,29,2,1.0159113902101014,-153.015730206227
1,MG1,29,3,1.0034450252483595,86.2083912106547
1,MG1,250,1,1.000676600099511,-34.098122508857315
1,MG1,250,2,1.0158922437188134,-153.0097198708087
1,MG1,250,3,1.0032096567774513,86.19722161689262
1,MG1,32,3,0.9971329189505999,86.21569460612785
1,MG3,35,1,0.9992773207461649,-34.13938078126447
1,MG3,35,2,1.0140920396688746,-153.10798211536562
1,MG3,35,3,1.0034934626652778,86.14035815098607
1,MG3,42,1,0.9970305833699007,-34.25090032163735
1,MG3,42,2,1.0125987524318087,-153.2148466023272
1,MG3,42,3,1.0017241497549318,86.01872783295353
1,MG3,44,1,0.9961329377588142,-34.29564864186127
1,MG3,44,2,1.0120024158283991,-153.25768030552928
1,MG3,44,3,1.0010176810483684,85.9699557040479
1,MG3,151,1,0.999277325933427,-34.139380906557165
1,MG3,151,2,1.0140920441637145,-153.10798226442506
1,MG3,151,3,1.0034934674288873,86.14035801834936
1,FEEDER,52,1,1.002622257005338,-34.058520511435106
1,FEEDER,52,2,1.017337276464233,-153.01366262608843
1,FEEDER,52,3,1.008566225457464,86.15030207799735
1,FEEDER,53,1,1.0017153054653163,-34.1914589021591
1,FEEDER,53,2,1.0168734641985842,-153.10624219025925
1,FEEDER,53,3,1.0080044058514082,86.01680440548424
1,FEEDER,54,1,1.0012134770396082,-34.2717045557985
1,FEEDER,54,2,1.0165499407800414,-153.1635949135835
1,FEEDER,54,3,1.0076614114400748,85.93169255134995
1,FEEDER,55,1,1.0011346610935332,-34.27273429341522
1,FEEDER,55,2,1.0165196882938368,-153.16722720964324
1,FEEDER,55,3,1.007688319642691,85.93285263030957
1,FEEDER,57,1,1.000608877729955,-34.49709847569794
1,FEEDER,57,2,1.0148173191323366,-153.34218008512562
1,FEEDER,57,3,1.0067369428397657,85.7165551524643
1,FEEDER,56,1,1.0011236965333328,-34.27054486189004
1,FEEDER,56,2,1.0164513655660339,-153.17025537333706
1,FEEDER,56,3,1.0077210094446487,85.93227059494615
1,FEEDER,58,2,1.0145685416032784,-153.3466926022264
1,FEEDER,60,1,0.9994020962775941,-34.99059363845263
1,FEEDER,60,2,1.0115105345871895,-153.70932567560948
1,FEEDER,60,3,1.0045921932714796,85.2571204672366
1,FEEDER,59,2,1.0144456267625523,-153.3489536715174
1,FEEDER,61,1,0.999402119953654,-34.990594308515796
1,FEEDER,61,2,1.0115105557458637,-153.70932635456188
1,FEEDER,61,3,1.004592217192689,85.25711987806494
1,FEEDER,62,1,0.9991581851092185,-34.98887852540349
1,FEEDER,62,2,1.0110565693229678,-153.70165585205692
1,FEEDER,62,3,1.0038060356954224,85.25551358987845
1,FEEDER,63,1,0.9989643268010924,-34.98502291708549
1,FEEDER,63,2,1.0107102120732716,-153.69904760386154
1,FEEDER,63,3,1.0034186120914323,85.25422431756341
1,FEEDER,64,1,0.9989058930404392,-34.977635430090764
1,FEEDER,64,2,1.009961136903127,-153.6881619309953
1,FEEDER,64,3,1.0025854054976158,85.2467053173739
1,FEEDER,65,1,0.9987209163313477,-34.98175024447194
1,FEEDER,65,2,1.0097845331864872,-153.67550440121403
1,FEEDER,65,3,1.0014332800255341,85.24978931768688
1,FEEDER,66,1,0.9988051292293328,-34.99082429888861
1,FEEDER,66,2,1.009879262284846,-153.6657579544827
1,FEEDER,66,3,1.00086825077866,85.24952550692322
1,FEEDER,67,1,1.0991785914100387,-35.15676080916288
1,FEEDER,67,2,1.0107518857146227,-153.8878610228241
1,FEEDER,67,3,1.1042147159633005,85.09445395625939
1,FEEDER,68,1,1.0985894201937723,-35.166736772328605
1,FEEDER,97,1,1.0982866432177587,-35.21221317427091
1,FEEDER,97,2,1.0096514038661057,-153.94023180332655
1,FEEDER,97,3,1.1034182590500634,85.04628350689514
1,FEEDER,69,1,1.0979144622939514,-35.17817675071953
1,FEEDER,70,1,1.097435984646678,-35.18629334396001
1,FEEDER,71,1,1.0971660935285137,-35.19087378325826
1,MG2,72,1,1.0991785685832267,-35.15676261432545
1,MG2,72,2,1.010751860313665,-153.8878626255214
1,MG2,72,3,1.1042146887533582,85.0944521809176
1,MG2,73,3,1.1030850517017974,85.07529784721655
1,MG2,76,1,1.0997435533227349,-35.19752611436539
1,MG2,76,2,1.01094732118952,-153.95730756553982
1,MG2,76,3,1.1051522370605522,85.0548455824881
1,MG2,74,3,1.1021114833255894,85.05876057764071
1,MG2,75,3,1.1015818649157203,85.04975913656199
1,MG2,86,1,1.0997617103822428,-35.21895759711048
1,MG2,86,2,1.0103258368804162,-154.05371630844834
1,MG2,86,3,1.1062675209324404,85.02854739718319
1,MG2,78,1,1.1016912265742753,-35.25281822959012
1,MG2,78,2,1.0126800893079888,-154.0384619931036
1,MG2,78,3,1.106968255721457,84.97143921974713
1,MG2,79,1,1.1015271122649535,-35.259910800138954
1,MG2,79,2,1.0127509341728442,-154.0399395675473
1,MG2,79,3,1.1069431278448525,84.97622015878208
1,MG2,80,1,1.1039134037784828,-35.29611640740778
1,MG2,80,2,1.0144307223011368,-154.10049789136002
1,MG2,80,3,1.108627115871557,84.88426596959224
1,MG2,81,1,1.1047435633204516,-35.31473883449108
1,MG2,81,2,1.0151920331494784,-154.11793419665966
1,MG2,81,3,1.1091829435908247,84.85308189060287
1,MG2,82,1,1.1057885142794521,-35.33941684189771
1,MG2,82,2,1.016304209367059,-154.149733361139
1,MG2,82,3,1.1102258439239154,84.81886707910141
1,MG2,84,3,1.1078352258764719,84.8303267871128
1,MG2,83,1,1.1070000050399336,-35.35689183356838
1,MG2,83,2,1.0173448573068604,-154.17997510776635
1,MG2,83,3,1.1112947596830185,84.7798913860552
1,MG2,85,3,1.1072030960345782,84.81963831868525
1,MG2,87,1,1.099789248374844,-35.23360664203907
1,MG2,87,2,1.0101164713424462,-154.1061513858238
1,MG2,87,3,1.1067931621346123,85.00916951688511
1,MG2,88,1,1.099983504166074,-35.25942561828961
1,MG2,89,1,1.0994708442584176,-35.22713874350648
1,MG2,89,2,1.0101189785300246,-154.13963724858502
1,MG2,89,3,1.1072464013066676,85.00253005030686
1,MG2,90,2,1.010343661144111,-154.17708840564745
1,MG2,91,1,1.099344397031983,-35.22026648333623
1,MG2,91,2,1.0098739437283226,-154.15029727093915
1,MG2,91,3,1.1075753820064762,84.98965344297123
1,MG2,92,3,1.107910659584446,84.94538650307484
1,MG2,94,1,1.0988179626509655,-35.22937025389282
1,MG2,95,1,1.0991619308823792,-35.218478605552946
1,MG2,95,2,1.0095882695656198,-154.16788233578146
1,MG2,95,3,1.1077211566535936,84.99133802285183
1,MG2,96,2,1.0094547763247597,-154.17036161967172
1,FEEDER,98,1,1.0982099784695658,-35.215946825540634
1,FEEDER,98,2,1.0095519974363705,-153.94307756731675
1,FEEDER,98,3,1.1033328243340905,85.04258986773003
1,FEEDER,99,1,1.0983266743520406,-35.211928344166566
1,FEEDER,99,2,1.0092365724032435,-153.94630904164435
1,FEEDER,99,3,1.1031899415511257,85.02830562407009
1,FEEDER,100,1,1.0984047042675704,-35.21321749415526
1,FEEDER,100,2,1.0092130687370806,-153.941081877557
1,FEEDER,100,3,1.1030278745100737,85.0215697291178
1,FEEDER,450,1,1.0984047584259728,-35.213218840207496
1,FEEDER,450,2,1.0092131221349203,-153.94108313693232
1,FEEDER,450,3,1.1030279247124999,85.02156816528547
1,MG4,197,1,1.0982866070781732,-35.21221260242052
1,MG4,197,2,1.0096513677163665,-153.94023118139322
1,MG4,197,3,1.1034182227249412,85.0462840780908
1,MG4,105,1,1.0965628315958293,-35.32179843865611
1,MG4,105,2,1.0075325752238056,-154.04511440071815
1,MG4,105,3,1.1019109566706793,84.95197912330974
1,MG4,108,1,1.0954977245027635,-35.389809384803016
1,MG4,108,2,1.006222616428468,-154.11026278555062
1,MG4,108,3,1.100979364825564,84.89347123704408
1,MG4,300,1,1.098286691679802,-35.21221470566807
1,MG4,300,2,1.0096514511922168,-153.94023314971295
1,MG4,300,3,1.1034183011978296,85.04628163526462
1,MG3,135,1,1.0008041120895799,-34.04931010192995
1,MG3,135,2,1.0155937764026548,-153.03429392128405
1,MG3,135,3,1.0046064787510516,86.23015675038825
1,FEEDER,152,1,1.0046524111436206,-33.78399630952378
1,FEEDER,152,2,1.018161094960034,-152.82697212999807
1,FEEDER,152,3,1.009722846593376,86.41173595195548
1,FEEDER,160r,1,1.099348527329955,-34.99185468813816
1,FEEDER,160r,2,1.0115149954195264,-153.71037529687194
1,FEEDER,160r,3,1.1050588256238032,85.2559167461733
1,FEEDER,160,1,0.9994020201173057,-34.99059478189911
1,FEEDER,160,2,1.0115104704233353,-153.70932656770452
1,FEEDER,160,3,1.0045921202162236,85.2571191163164
1,FEEDER,61s,1,0.999402119953654,-34.99059430851546
1,FEEDER,61s,2,1.0115105557458635,-153.70932635456154
1,FEEDER,61s,3,1.004592217192689,85.25711987806527
1,FEEDER,610,1,1.1503693193645115,-34.62161964499086
1,FEEDER,610,2,1.161996959041009,-154.00639509212496
1,FEEDER,610,3,1.1669610473089875,85.19311446905486
1,FEEDER,x1,1,1.0066543911308168,-33.15375647944407
1,FEEDER,x2,2,1.0142048853215768,-152.50286151810843
1,FEEDER,x4,3,1.0089560964362534,86.9483883715834
1,FEEDER,x5,3,1.0085954987968122,86.94101177271381
1,FEEDER,x6,3,1.008278888388419,86.93449048914461
1,FEEDER,x7,1,1.0028563957727423,-33.474787665723355
1,FEEDER,x9,1,0.9998305077577432,-33.698320437504094
1,FEEDER,x10,1,0.9990706844273157,-33.71265632958886
1,FEEDER,x11,1,0.998949306258405,-33.71490954102875
1,FEEDER,x12,2,1.0120346320295162,-152.83829016644736
1,FEEDER,x16,3,1.0013167416434052,86.1873666834806
1,FEEDER,x17,3,1.0015159597495429,86.19110699952144
1,FEEDER,x19,1,0.9927286309459845,-34.27009875819419
1,FEEDER,x20,1,0.9924555342525316,-34.27478064491864
1,MG1,x22,2,1.0046918032277163,-153.32948696092456
1,MG1,x24,3,0.9931933296355065,85.92168526825392
1,MG1,x28,1,0.9902913308673656,-34.3792474382411
1,MG1,x29,1,1.0004059354731891,-34.094753970537724
1,MG1,x29,2,0.0,0.0
1,MG1,x30,3,0.9930049021144964,85.911485161232
1,MG1,x31,3,0.992062756167643,86.07443434431492
1,MG1,x32,3,0.9919602716430759,86.07251678599094
1,MG1,x33,1,1.001820851073461,-34.40182717139824
1,FEEDER,x34,3,1.0018017520216116,86.19611194153174
1,FEEDER,x52,1,0.9950607819837016,-34.269049648163566
1,FEEDER,x53,1,0.9941471136357246,-34.40237511029882
1,FEEDER,x55,1,0.9936463457726213,-34.48149388211775
1,FEEDER,x56,2,1.0126659339310906,-153.27154813155258
1,FEEDER,x58,2,1.0107345369749263,-153.44955366601747
1,FEEDER,x59,2,1.0069701336445231,-153.55454488564385
1,FEEDER,x60,1,0.9918167089932026,-35.20250211365094
1,FEEDER,x62,3,0.9962977389512947,85.0467540011759
1,FEEDER,x63,1,0.9913756781430002,-35.197119894050694
1,FEEDER,x64,2,1.0030763982942583,-153.89103082826725
1,FEEDER,x65,1,1.1468005826969436,-64.95738520520882
1,FEEDER,x65,2,1.14569096661821,175.77763946851442
1,FEEDER,x65,3,1.1589571720403036,55.45745733861574
1,FEEDER,x66,3,0.9939489336468411,85.04370856624128
1,FEEDER,x68,1,1.0911176880538829,-35.35608504660617
1,FEEDER,x69,1,1.0904473206800898,-35.367525025547394
1,FEEDER,x70,1,1.0899720972566669,-35.375641619178644
1,FEEDER,x71,1,1.0897040417229213,-35.380222058697505
1,MG2,x73,3,1.0930098290513715,84.81924475435358
1,MG2,x74,3,1.0910377113078773,84.77657744332656
1,MG2,x75,3,1.0915203718989686,84.79370604264072
1,MG2,x76,1,1.264783908912848,-65.34077600626746
1,MG2,x76,2,1.2008773385784246,173.896887448782
1,MG2,x76,3,1.2198636417443225,56.88837142631364
1,MG2,x77,2,1.0021656428387042,-154.30530164132298
1,MG2,x79,1,1.0904592118781946,-35.5420939344531
1,MG2,x80,2,1.0043374857534055,-154.3798766618955
1,MG2,x82,1,1.0956885726820602,-35.595469491993725
1,MG2,x83,1,0.0,0.0
1,MG2,x83,3,1.1111419662038535,84.78132401326042
1,MG2,x84,3,1.097716617735868,84.57427369508524
1,MG2,x85,3,1.0970902615706402,84.56358522599399
1,MG2,x86,2,1.0001918009741408,-154.33540456850298
1,MG2,x87,2,0.9999803293256523,-154.3879586538044
1,MG2,x88,1,1.0899365836050363,-35.51547826213739
1,MG2,x90,2,1.0002008279456187,-154.4590204592136
1,MG2,x92,3,1.0977913630047944,84.68933341941724
1,MG2,x94,1,1.0887816876697414,-35.48542288747127
1,MG2,x95,2,0.999446834240839,-154.44998949229353
1,MG2,x96,2,0.9993120036086135,-154.45254460570985
1,FEEDER,x98,1,1.090740826693887,-35.405295082952264
1,FEEDER,x99,2,1.0017231336991157,-154.15406332342766
1,FEEDER,x100,3,1.0947774154528829,84.81281014041528
2,FEEDER,sourcebus,1,0.999485620816791,-0.07679122006698276
2,FEEDER,sourcebus,2,0.9996778628636493,-120.08005174139734
2,FEEDER,sourcebus,3,0.9995324931521706,119.91203490790367
2,FEEDER,150,1,0.9892302065579885,-32.451309874554624
2,FEEDER,150,2,0.9930914464455582,-151.9898392820207
2,FEEDER,150,3,0.9913737331862446,87.61522587696612
2,FEEDER,150r,1,1.0201430626925838,-32.451612316748594
2,FEEDER,150r,2,1.0241252856521121,-151.9900815788801
2,FEEDER,150r,3,1.022353798576136,87.61493425343109
2,MG3,40,1,0.9999325889247155,-34.09347572652753
2,MG3,40,2,1.0143506115603227,-153.08798929218412
2,MG3,40,3,1.0041675847764033,86.16768352855208
2,MG3,401,1,0.9999325889247155,-34.09347572652753
2,MG3,401,2,1.0143506115603227,-153.08798929218412
2,MG3,401,3,1.0041675847764033,86.16768352855208
2,MG4,101,1,1.1000195957754928,-35.143776060605816
2,MG4,101,2,1.0101955568041028,-153.89581167155805
2,MG4,101,3,1.1048397121752715,85.10924209006497
2,MG4,1011,1,1.1000195957754928,-35.143776060605816
2,MG4,1011,2,1.0101955568041028,-153.89581167155805
2,MG4,1011,3,1.1048397121752715,85.10924209006497
2,MG1,30,1,1.0024142994742895,-33.997239185683995
2,MG1,30,2,1.0168525942236069,-152.93949989333092
2,MG1,30,3,1.0047928605994956,86.284197933943
2,MG1,301,1,1.0024142994742895,-33.997239185683995
2,MG1,301,2,1.0168525942236069,-152.93949989333092
2,MG1,301,3,1.0047928605994956,86.284197933943
2,MG2,93,1,1.1018060761441086,-35.10304097833438
2,MG2,93,2,1.0114390133862108,-154.05940235807344
2,MG2,93,3,1.109739299699701,85.10016619998375
2,MG2,931,1,1.1018060761441086,-35.10304097833438
2,MG2,931,2,1.0114390133862108,-154.05940235807344
2,MG2,931,3,1.109739299699701,85.10016619998375
2,MG2,77,1,1.1038725351518193,-35.12030792225967
2,MG2,77,2,1.0138412138801942,-153.9304959783169
2,MG2,77,3,1.1087703183847113,85.09453080421989
2,MG2,771,1,1.1038725351518193,-35.12030792225967
2,MG2,771,2,1.0138412138801942,-153.9304959783169
2,MG2,771,3,1.1087703183847113,85.09453080421989
2,FEEDER,149,1,1.0201429162501707,-32.45161150208249
2,FEEDER,149,2,1.0241251679296064,-151.9900812366604
2,FEEDER,149,3,1.0223536571216285,87.61493472800369
2,FEEDER,1,1,1.0153122344248637,-32.87450360123507
2,FEEDER,1,2,1.0224725591088066,-152.24322920603672
2,FEEDER,1,3,1.0182702926294551,87.23605354726169
2,FEEDER,2,2,1.0223910236891518,-152.24471521799404
2,FEEDER,3,3,1.0176788692704737,87.2252284257436
2,FEEDER,7,1,1.011722902209851,-33.186902479495416
2,FEEDER,7,2,1.0212728666986193,-152.43907976961117
2,FEEDER,7,3,1.0155693414436502,86.96331047857764
2,FEEDER,4,3,1.0174916206972253,87.22179913240224
2,FEEDER,5,3,1.0172143076520455,87.21671683513307
2,FEEDER,6,3,1.0169752590052785,87.21233448157037
2,FEEDER,8,1,1.0093938515024223,-33.394170887353575
2,FEEDER,8,2,1.0204531932407848,-152.5694953046339
2,FEEDER,8,3,1.013785647939195,86.77947442928352
2,FEEDER,12,2,1.0203481570773454,-152.57141369524723
2,FEEDER,9,1,1.0088617188188562,-33.40399857273456
2,FEEDER,13,1,1.0062907807368349,-33.69222554310094
2,FEEDER,13,2,1.0191033716543818,-152.75929469956597
2,FEEDER,13,3,1.0111272260560293,86.49400241134717
2,FEEDER,9r,1,1.008861164947572,-33.404059185593084
2,FEEDER,14,1,1.0082572899824833,-33.4152222542287
2,FEEDER,34,3,1.010772563666467,86.4874625867396
2,FEEDER,18,1,1.0025386857794443,-33.950447214999386
2,FEEDER,18,2,1.0165656884164163,-152.96302017590756
2,FEEDER,18,3,1.0061322451883024,86.31564855257129
2,FEEDER,11,1,1.0080203462637898,-33.41960460779142
2,FEEDER,10,1,1.0081390026155352,-33.417410203582676
2,FEEDER,15,3,1.0106311625891748,86.48485416243388
2,FEEDER,16,3,1.010277617901662,86.47833141954555
2,FEEDER,17,3,1.010466213190709,86.48181044926777
2,FEEDER,19,1,1.0020645285817562,-33.959267530756094
2,FEEDER,20,1,1.0017570036551358,-33.96499125877114
2,MG1,21,1,1.002538679030184,-33.950447013970006
2,MG1,21,2,1.0165656850494114,-152.96302007813154
2,MG1,21,3,1.0061322367906276,86.31564879983794
2,MG1,22,2,1.0158880054772974,-152.97551538776978
2,MG1,23,1,1.0024428469554765,-33.96848325340868
2,MG1,23,2,1.0166870268103985,-152.95571922711633
2,MG1,23,3,1.0056798709019419,86.3070132283151
2,MG1,24,3,1.0049719089965286,86.29381714297195
2,MG1,25,1,1.00223734551525,-33.986870825975416
2,MG1,25,2,1.016834991042411,-152.9522111911809
2,MG1,25,3,1.0053595222685456,86.30589806692491
2,MG1,25r,1,1.0147648010428123,-33.98692663092027
2,MG1,25r,3,0.9990757730838106,86.30587040635221
2,MG1,26,1,1.0145897003785855,-33.99842852432549
2,MG1,26,3,0.9989424324776315,86.30638695147685
2,MG1,28,1,1.0021805570338704,-33.99378547533725
2,MG1,28,2,1.0168859883672168,-152.9501300648883
2,MG1,28,3,1.005211362315757,86.30396571097148
2,MG1,27,1,1.0144131380262829,-34.006710303454014
2,MG1,27,3,0.9989274207361228,86.31096450715924
2,MG1,31,3,0.9987957049519243,86.30368002664152
2,MG1,33,1,1.0137720654861317,-34.01855508446721
2,MG1,29,1,1.0022867395275978,-33.99538431872711
2,MG1,29,2,1.0168709659109494,-152.94525517128258
2,MG1,29,3,1.005018481735415,86.29488556903057
2,MG1,250,1,1.002414302307227,-33.99723928230416
2,MG1,250,2,1.0168525973297562,-152.93949997822696
2,MG1,250,3,1.0047928639256734,86.28419785456461
2,MG1,32,3,0.9986978790588207,86.30187517243266
2,MG3,35,1,1.0010375841676238,-34.0388325890781
2,MG3,35,2,1.0150866827976566,-153.035489444169
2,MG3,35,3,1.0050380251867002,86.22739622935478
2,MG3,42,1,0.9988284947953826,-34.148239466351725
2,MG3,42,2,1.0136153842095093,-153.14056504724067
2,MG3,42,3,1.003298227391243,86.10786754675989
2,MG3,44,1,0.9979458703296508,-34.19213749454429
2,MG3,44,2,1.0130278111732494,-153.18268035663803
2,MG3,44,3,1.002603523170737,86.05994030524722
2,MG3,151,1,1.0010375893641383,-34.0388327143466
2,MG3,151,2,1.0150866872961026,-153.03548959324155
2,MG3,151,3,1.0050380299579067,86.22739609668587
2,FEEDER,52,1,1.0044207540407681,-33.96165092001177
2,FEEDER,52,2,1.0183651798470614,-152.94086010203725
2,FEEDER,52,3,1.0100793648348867,86.23726444665523
2,FEEDER,53,1,1.0035889713241872,-34.09223141605596
2,FEEDER,53,2,1.0179466228365845,-153.0309043609453
2,FEEDER,53,3,1.0095712835284871,86.10626381291188
2,FEEDER,54,1,1.0031311259627023,-34.17113672426434
2,FEEDER,54,2,1.0176529539107646,-153.08669384258997
2,FEEDER,54,3,1.0092615196165737,86.02279869840322
2,FEEDER,55,1,1.0030557366190507,-34.172124589832386
2,FEEDER,55,2,1.017624131978569,-153.09015567290277
2,FEEDER,55,3,1.0092871849374372,86.0239070423476
2,FEEDER,57,1,1.0026273645270136,-34.39193577375356
2,FEEDER,57,2,1.0160300931732187,-153.2615006099304
2,FEEDER,57,3,1.0084200892236315,85.81175482834449
2,FEEDER,56,1,1.0030453178432541,-34.17003773126763
2,FEEDER,56,2,1.0175588633095047,-153.09303997656863
2,FEEDER,56,3,1.009318380472797,86.02335025718466
2,FEEDER,58,2,1.0157925284542144,-153.2657956693631
2,FEEDER,60,1,1.0016327911447453,-34.87496253157943
2,FEEDER,60,2,1.012940492378834,-153.62121071801613
2,FEEDER,60,3,1.006461162858954,85.36111181042745
2,FEEDER,59,2,1.015675294764824,-153.26794719506677
2,FEEDER,61,1,1.0016328148742857,-34.874963201531166
2,FEEDER,61,2,1.0129405135638223,-153.6212113970268
2,FEEDER,61,3,1.0064611868256987,85.36111122109413
2,FEEDER,62,1,1.0013999145313797,-34.87330948436012
2,FEEDER,62,2,1.012506377826107,-153.61388198789413
2,FEEDER,62,3,1.0057100280285063,85.35958424369525
2,FEEDER,63,1,1.001214788222039,-34.8696155685094
2,FEEDER,63,2,1.0121751338013185,-153.61139069485915
2,FEEDER,63,3,1.0053401602046157,85.3583553911383
2,FEEDER,64,1,1.001158235081725,-34.862540776554795
2,FEEDER,64,2,1.0114589306818644,-153.60101516286875
2,FEEDER,64,3,1.0045448085932958,85.35120125876527
2,FEEDER,65,1,1.0009804509971192,-34.86641435171906
2,FEEDER,65,2,1.0112893902364555,-153.5889657570956
2,FEEDER,65,3,1.0034450680184923,85.35416480907985
2,FEEDER,66,1,1.0010606196115264,-34.87504545444221
2,FEEDER,66,2,1.011379682119115,-153.57969201492347
2,FEEDER,66,3,1.00290660041294,85.35392569282445
2,FEEDER,67,1,1.101705423402701,-35.03768735801394
2,FEEDER,67,2,1.0122629920153856,-153.7958881550875
2,FEEDER,67,3,1.10633843578037,85.20069364406154
2,FEEDER,68,1,1.1011410755308884,-35.04720975624248
2,FEEDER,97,1,1.1008287232781495,-35.092319195030825
2,FEEDER,97,2,1.0111859241725552,-153.8470235118637
2,FEEDER,97,3,1.1055514324300828,85.15339603201069
2,FEEDER,69,1,1.1004945492028844,-35.0581291958114
2,FEEDER,70,1,1.1000362211547607,-35.06587627314192
2,FEEDER,71,1,1.0997776939393966,-35.07024805914008
2,MG2,72,1,1.1017054014232879,-35.03768919008885
2,MG2,72,2,1.01226296763918,-153.7958897949394
2,MG2,72,3,1.1063384095777093,85.20069184031377
2,MG2,73,3,1.1052508676619157,85.18229472435326
2,MG2,76,1,1.1022997866080353,-35.07785151970812
2,MG2,76,2,1.0124921041568185,-153.86393240088304
2,MG2,76,3,1.1072812799393703,85.1615539806946
2,MG2,74,3,1.1043135665176578,85.16641156645231
2,MG2,75,3,1.1038036652079366,85.15776712998866
2,MG2,86,1,1.1023528149089863,-35.0992433194928
2,MG2,86,2,1.0119264686457436,-153.95731016625328
2,MG2,86,3,1.1083807343360745,85.13556929690716
2,MG2,78,1,1.1042720131947414,-35.1323937351476
2,MG2,78,2,1.0142424083209653,-153.94416252273786
2,MG2,78,3,1.1091121015958945,85.07828052567581
2,MG2,79,1,1.1041139512205604,-35.13920727353372
2,MG2,79,2,1.0143106434336289,-153.94558194433435
2,MG2,79,3,1.10908789085369,85.08287566890692
2,MG2,80,1,1.1065036339156011,-35.175310915688094
2,MG2,80,2,1.0160047277398772,-154.00594808128062
2,MG2,80,3,1.110788142012354,84.99154675723688
2,MG2,81,1,1.1073367709795707,-35.19367481895887
2,MG2,81,2,1.0167655359553947,-154.02352358684564
2,MG2,81,3,1.1113526231280844,84.96048819695048
2,MG2,82,1,1.1083912466699009,-35.218055676199846
2,MG2,82,2,1.017876097430978,-154.05525235616074
2,MG2,82,3,1.1123986509956483,84.92604901764841
2,MG2,84,3,1.1100550844808976,84.93863413168663
2,MG2,83,1,1.1096061320438468,-35.23551575617721
2,MG2,83,2,1.0189177762578168,-154.0854824591273
2,MG2,83,3,1.1134697613037916,84.88703695879381
2,MG2,85,3,1.1094464827538095,84.92836953208466
2,MG2,87,1,1.1024011918147654,-35.11369979910525
2,MG2,87,2,1.0117460978656145,-154.00807886067523
2,MG2,87,3,1.1089039765021265,85.11627605185679
2,MG2,88,1,1.102604995465621,-35.139362632848616
2,MG2,89,1,1.1020867657431048,-35.10723585313332
2,MG2,89,2,1.0117617380790156,-154.04098523645703
2,MG2,89,3,1.109358825091339,85.10984166248808
2,MG2,90,2,1.0120005456833272,-154.07817970255996
2,MG2,91,1,1.1019632029423219,-35.100225541783814
2,MG2,91,2,1.011520860565648,-154.05145800162165
2,MG2,91,3,1.1096920133537953,85.09708872035736
2,MG2,92,3,1.110043616668597,85.0530892442708
2,MG2,94,1,1.1014562627201145,-35.10898466697017
2,MG2,95,1,1.1017876851565118,-35.09854450543086
2,MG2,95,2,1.0112473522525791,-154.06828708888023
2,MG2,95,3,1.109831596979385,85.09871822113948
2,MG2,96,2,1.011119409862589,-154.07065841260555
2,FEEDER,98,1,1.1007553304952713,-35.095899140564406
2,FEEDER,98,2,1.0110912982201687,-153.84971598257815
2,FEEDER,98,3,1.105469299238368,85.14987191304503
2,FEEDER,99,1,1.1008672295390922,-35.092089116321425
2,FEEDER,99,2,1.0107903581066984,-153.85274895823736
2,FEEDER,99,3,1.1053318147895013,85.1362310046728
2,FEEDER,100,1,1.100941920654985,-35.09332244747937
2,FEEDER,100,2,1.0107678633686898,-153.8477524836941
2,FEEDER,100,3,1.1051766264900342,85.12979736442949
2,FEEDER,450,1,1.100941974943235,-35.093323793276845
2,FEEDER,450,2,1.0107679168440107,-153.84775374284848
2,FEEDER,450,3,1.1051766767925242,85.12979580034286
2,MG4,197,1,1.1008286876279019,-35.09231863231154
2,MG4,197,2,1.011185888654222,-153.84702290186684
2,MG4,197,3,1.105551396611098,85.15339659407307
2,MG4,105,1,1.0991306088670403,-35.200466377411566
2,MG4,105,2,1.0091070274727785,-153.94958959589405
2,MG4,105,3,1.1040576068254908,85.06060677248409
2,MG4,108,1,1.0980813611736215,-35.26758187677232
2,MG4,108,2,1.0078217162870724,-154.01329464443833
2,MG4,108,3,1.10313431239334,85.00304028519696
2,MG4,300,1,1.1008287724332964,-35.09232073515638
2,MG4,300,2,1.0111859722491927,-153.8470248698181
2,MG4,300,3,1.1055514752391127,85.15339415081951
2,MG3,135,1,1.0025386470330355,-33.950446540580764
2,MG3,135,2,1.0165656502420792,-152.96301952153212
2,MG3,135,3,1.006132206624753,86.31564922199095
2,FEEDER,152,1,1.0062906942411367,-33.692226213942746
2,FEEDER,152,2,1.0191032977915968,-152.7592952728505
2,FEEDER,152,3,1.0111271437359783,86.49400145698313
2,FEEDER,160r,1,1.1018026358444872,-34.87618874796899
2,FEEDER,160r,2,1.012945233956308,-153.6222299743495
2,FEEDER,160r,3,1.1071149876542883,85.35993974964524
2,FEEDER,160,1,1.0016327169299457,-34.874963734024114
2,FEEDER,160,2,1.0129404299893519,-153.62121166345258
2,FEEDER,160,3,1.0064610915995544,85.36111040946109
2,FEEDER,61s,1,1.0016328148742857,-34.87496320153083
2,FEEDER,61s,2,1.0129405135638225,-153.62121139702646
2,FEEDER,61s,3,1.0064611868256987,85.36111122109446
2,FEEDER,610,1,1.1528059965294697,-34.520097825233066
2,FEEDER,610,2,1.1639500180842153,-153.91740049418874
2,FEEDER,610,3,1.1689540702632493,85.30964832295801
2,FEEDER,x1,1,1.0081792205816775,-33.07026633892853
2,FEEDER,x2,2,1.015306160849263,-152.43773945817287
2,FEEDER,x4,3,1.0103735366605937,87.02688654698139
2,FEEDER,x5,3,1.0100186048301036,87.01956704611068
2,FEEDER,x6,3,1.0097057796190172,87.01306207299261
2,FEEDER,x7,1,1.0045651687383315,-33.38407704890572
2,FEEDER,x9,1,1.0016841494707274,-33.60230946044088
2,FEEDER,x10,1,1.0009444772150422,-33.61634806534482
2,FEEDER,x11,1,1.0008148778286345,-33.61887701636916
2,FEEDER,x12,2,1.0132494277005797,-152.76522355768546
2,FEEDER,x16,3,1.003109909195128,86.28058491506279
2,FEEDER,x17,3,1.0032998118014569,86.28413882824977
2,FEEDER,x19,1,0.9948393591085194,-34.16031750273694
2,FEEDER,x20,1,0.9945633074356518,-34.16520589191235
2,MG1,x22,2,1.0060799331495462,-153.24646192125942
2,MG1,x24,3,0.9951914337206678,86.02065783888217
2,MG1,x28,1,0.9924397762834937,-34.26658743005845
2,MG1,x29,1,1.0021489337144065,-33.99395169152188
2,MG1,x29,2,0.0,0.0
2,MG1,x30,3,0.9950106531171997,86.01093977921566
2,MG1,x31,3,0.9938335212447096,86.16677970312507
2,MG1,x32,3,0.9937352308023346,86.16494760951026
2,MG1,x33,1,1.0040298207588019,-34.288221483497935
2,FEEDER,x34,3,1.0035474220018026,86.28819017816186
2,FEEDER,x52,1,0.9972121598195339,-34.16174507955102
2,FEEDER,x53,1,0.9963745343492567,-34.29266223950451
2,FEEDER,x55,1,0.9958857558982265,-34.37139699841014
2,FEEDER,x56,2,1.0139435748037615,-153.18942966022448
2,FEEDER,x58,2,1.012126429470102,-153.3637942120954
2,FEEDER,x59,2,1.0085446164933134,-153.46357242570522
2,FEEDER,x60,1,0.9944045699732256,-35.076188559761924
2,FEEDER,x62,3,0.9985210740666762,85.16031183511751
2,FEEDER,x63,1,0.9939836153205003,-35.0710120991926
2,FEEDER,x64,2,1.004881054114124,-153.79430424808675
2,FEEDER,x65,1,1.149563375205308,-64.84122118918818
2,FEEDER,x65,2,1.148244604584363,175.86911303539716
2,FEEDER,x65,3,1.1612178303707892,55.570095107605226
2,FEEDER,x66,3,0.9963108845437348,85.15839825788649
2,FEEDER,x68,1,1.0939836644242436,-35.227941388005505
2,FEEDER,x69,1,1.0933413405136545,-35.238860827857515
2,FEEDER,x70,1,1.0928859915952103,-35.24660790538906
2,FEEDER,x71,1,1.092629144805261,-35.25097969150072
2,MG2,x73,3,1.0955505616298724,84.93645228885599
2,MG2,x74,3,1.0936517738057403,84.89546503296266
2,MG2,x75,3,1.0941160606466123,84.91192469401916
2,MG2,x76,1,1.2677354568976227,-65.21351566247499
2,MG2,x76,2,1.2037583877784894,173.99500497982027
2,MG2,x76,3,1.222200549597915,56.99931920081671
2,MG2,x77,2,1.0041454046614864,-154.19883444928996
2,MG2,x79,1,1.0934540857302082,-35.41015380702337
2,MG2,x80,2,1.0063294049058733,-154.27312803483355
2,MG2,x82,1,1.0986633684567542,-35.463897988985345
2,MG2,x83,1,0.0,0.0
2,MG2,x83,3,1.1133166687805953,84.88846958599905
2,MG2,x84,3,1.1003126143449353,84.69279169676115
2,MG2,x85,3,1.099709354053161,84.68252709686276
2,MG2,x86,2,1.002212441578071,-154.22668052825915
2,MG2,x87,2,1.0020303452698684,-154.2775468946089
2,MG2,x88,1,1.0929279006428423,-35.385204943086
2,MG2,x90,2,1.0022583973313233,-154.34832428838658
2,MG2,x92,3,1.1003012474002618,84.80724681264114
2,MG2,x94,1,1.0917892497849706,-35.35482697325642
2,MG2,x95,2,1.0015268359694394,-154.33802516119073
2,MG2,x96,2,1.001397671299852,-154.34046580737743
2,FEEDER,x98,1,1.0936004266095056,-35.27663076559343
2,FEEDER,x99,2,1.0036259640579706,-154.05029878071937
2,FEEDER,x100,3,1.0972766715665436,84.93052495585174
3,FEEDER,sourcebus,1,0.9994715917986836,-0.08112444226244059
3,FEEDER,sourcebus,2,0.9996592447022656,-120.08433560761941
3,FEEDER,sourcebus,3,0.9995169154162458,119.90795404253124
3,FEEDER,150,1,0.9890541323726438,-32.56449775255979
3,FEEDER,150,2,0.9927919085963111,-152.1138990687797
3,FEEDER,150,3,0.9911328962629634,87.49847593870217
3,FEEDER,150r,1,1.0199615034678582,-32.564813873848955
3,FEEDER,150r,2,1.0238163908753286,-152.1141564469237
3,FEEDER,150r,3,1.0221054460979508,87.4981701481948
3,MG3,40,1,0.9990380883211252,-34.28937247770716
3,MG3,40,2,1.013367307164314,-153.30109950185064
3,MG3,40,3,1.0032579256350822,85.95617617783208
3,MG3,401,1,0.9990380883211252,-34.28937247770716
3,MG3,401,2,1.013367307164314,-153.30109950185064
3,MG3,401,3,1.0032579256350822,85.95617617783208
3,MG4,101,1,1.0991771305580826,-35.339534830406784
3,MG4,101,2,1.0092279645469466,-154.1102447755353
3,MG4,101,3,1.1041575246274695,84.89907133861183
3,MG4,1011,1,1.0991771305580826,-35.339534830406784
3,MG4,1011,2,1.0092279645469466,-154.1102447755353
3,MG4,1011,3,1.1041575246274695,84.89907133861183
3,MG1,30,1,1.0013353285438942,-34.21795549490616
3,MG1,30,2,1.015666421402158,-153.18119873686425
3,MG1,30,3,1.0035987776173088,86.04627039201043
3,MG1,301,1,1.0013353285438942,-34.21795549490616
3,MG1,301,2,1.015666421402158,-153.18119873686425
3,MG1,301,3,1.0035987776173088,86.04627039201043
3,MG2,93,1,1.1009794907719868,-35.30137355921888
3,MG2,93,2,1.010488669122755,-154.27453648176103
3,MG2,93,3,1.1090282184416866,84.88752775757125
3,MG2,931,1,1.1009794907719868,-35.30137355921888
3,MG2,931,2,1.010488669122755,-154.27453648176103
3,MG2,931,3,1.1090282184416866,84.88752775757125
3,MG2,77,1,1.1030179878292228,-35.31878357886416
3,MG2,77,2,1.0128492586772835,-154.14778332212322
3,MG2,77,3,1.1080699037030541,84.88171754904229
3,MG2,771,1,1.1030179878292228,-35.31878357886416
3,MG2,771,2,1.0128492586772835,-154.14778332212322
3,MG2,771,3,1.1080699037030541,84.88171754904229
3,FEEDER,149,1,1.0199613504411624,-32.564813089108554
3,FEEDER,149,2,1.023816265868641,-152.11415611419835
3,FEEDER,149,3,1.0221052978153198,87.49817060291156
3,FEEDER,1,1,1.014956267514567,-33.00519217790038
3,FEEDER,1,2,1.022015104343518,-152.38611785407
3,FEEDER,1,3,1.017917970149429,87.09871401865348
3,FEEDER,2,2,1.0219360977264547,-152.38755725775673
3,FEEDER,3,3,1.0173450123084695,87.0882312496233
3,FEEDER,7,1,1.011239328663486,-33.33114254459611
3,FEEDER,7,2,1.0207052062873232,-152.59600246626232
3,FEEDER,7,3,1.0151319185497993,86.80996472598366
3,FEEDER,4,3,1.017163591181479,87.08491025193403
3,FEEDER,5,3,1.0168949839052421,87.07998954287211
3,FEEDER,6,3,1.0166634197458395,87.07574634140023
3,FEEDER,8,1,1.0088252335420547,-33.54761296304944
3,FEEDER,8,2,1.0198138679916227,-152.7358301016231
3,FEEDER,8,3,1.0132929135960627,86.61542043826213
3,FEEDER,12,2,1.0197120728023579,-152.73768899164622
3,FEEDER,9,1,1.008309719735834,-33.55713202878143
3,FEEDER,13,1,1.005585390939213,-33.86006818770114
3,FEEDER,13,2,1.018362116395888,-152.94000458964598
3,FEEDER,13,3,1.010553979054131,86.314037654096
3,FEEDER,9r,1,1.0083091830887754,-33.55719075808982
3,FEEDER,14,1,1.0077242867574148,-33.56800077841292
3,FEEDER,34,3,1.0102103742244448,86.30770290599978
3,FEEDER,18,1,1.0016459704881653,-34.14608284851157
3,FEEDER,18,2,1.0155845466967315,-153.17592665363378
3,FEEDER,18,3,1.0052247950715585,86.10442584890158
3,FEEDER,11,1,1.0074948109206117,-33.5722439798848
3,FEEDER,10,1,1.0076096944856576,-33.57011988292345
3,FEEDER,15,3,1.0100733460728177,86.3051756285433
3,FEEDER,16,3,1.0097307346389937,86.29885594662349
3,FEEDER,17,3,1.009913496869471,86.30222664221999
3,FEEDER,19,1,1.0011864840316231,-34.15463163933921
3,FEEDER,20,1,1.000888568961047,-34.16017722113826
3,MG1,21,1,1.0016459582894428,-34.146082650863825
3,MG1,21,2,1.0155845378922972,-153.17592655775957
3,MG1,21,3,1.0052247812674249,86.10442609191976
3,MG1,22,2,1.01492131721592,-153.188164458563
3,MG1,23,1,1.0014868917602766,-34.172724018687944
3,MG1,23,2,1.015634718832198,-153.1785402641037
3,MG1,23,3,1.004673356924392,86.08654942003666
3,MG1,24,3,1.0039794423357904,86.07360467938696
3,MG1,25,1,1.0012139618318405,-34.20060952729853
3,MG1,25,2,1.015704116098229,-153.18585092942908
3,MG1,25,3,1.004240592263427,86.07509909130142
3,MG1,25r,1,1.0137286355682258,-34.20066423526354
3,MG1,25r,3,0.9979638411914458,86.07507194220224
3,MG1,26,1,1.0135571880181051,-34.21194225740275
3,MG1,26,3,0.9978330725875969,86.0755733904031
3,MG1,28,1,1.0011062611053267,-34.21456113900069
3,MG1,28,2,1.0156991457010416,-153.1916309666086
3,MG1,28,3,1.0040090583073606,86.06566995024069
3,MG1,27,1,1.0133842608952661,-34.22006086011568
3,MG1,27,3,0.9978183512917753,86.08006126439801
3,MG1,31,3,0.9976891896783565,86.07291814626781
3,MG1,33,1,1.0127564032286809,-34.231670814469695
3,MG1,29,1,1.001210287745722,-34.21613258083327
3,MG1,29,2,1.0156844323444663,-153.1868474225011
3,MG1,29,3,1.0038199720803653,86.05675969001389
3,MG1,250,1,1.001335331373816,-34.217955591513906
3,MG1,250,2,1.0156664245045508,-153.18119882176188
3,MG1,250,3,1.0035987809396705,86.04627031262784
3,MG1,32,3,0.9975932603512689,86.07114776233485
3,MG3,35,1,1.0001438361825108,-34.23463061916722
3,MG3,35,2,1.0141041136766387,-153.2485148558776
3,MG3,35,3,1.0041293281350145,86.01600372465273
3,MG3,42,1,0.9979332440637823,-34.344235348023965
3,MG3,42,2,1.0126313464780496,-153.35376032837274
3,MG3,42,3,1.0023876093855917,85.89624494199442
3,MG3,44,1,0.9970500212975317,-34.38821297635465
3,MG3,44,2,1.0120431881751881,-153.39594389219982
3,MG3,44,3,1.0016921404053243,85.84822520289352
3,MG3,151,1,1.0001438413744643,-34.23463074442802
3,MG3,151,2,1.014104118170503,-153.24851500495794
3,MG3,151,3,1.004129332902068,86.01600359197175
3,FEEDER,52,1,1.0037003476761437,-34.13439420348967
3,FEEDER,52,2,1.0175933171889286,-153.12673130814863
3,FEEDER,52,3,1.0094956533635076,86.0510509172441
3,FEEDER,53,1,1.0028584459465903,-34.26757187988806
3,FEEDER,53,2,1.0171613200293326,-153.21938859849433
3,FEEDER,53,3,1.0089824614909328,85.91699270474226
3,FEEDER,54,1,1.002392558976902,-34.34818952929115
3,FEEDER,54,2,1.016860353118937,-153.2768294654341
3,FEEDER,54,3,1.0086694725243766,85.83166044530994
3,FEEDER,55,1,1.0023195684178006,-34.34914219882724
3,FEEDER,55,2,1.0168323181537064,-153.28018617128703
3,FEEDER,55,3,1.008694364317166,85.83273231330423
3,FEEDER,57,1,1.0018808671074106,-34.57388465807406
3,FEEDER,57,2,1.0151990982461827,-153.4570565965467
3,FEEDER,57,3,1.0078222422225682,85.61603449719976
3,FEEDER,56,1,1.0023094942232893,-34.347116525672774
3,FEEDER,56,2,1.0167689948272998,-153.28298325598496
3,FEEDER,56,3,1.008724610660594,85.83219106221728
3,FEEDER,58,2,1.014968828345708,-153.46121728096637
3,FEEDER,60,1,1.0008703700384212,-35.06715612806901
3,FEEDER,60,2,1.0120182957365729,-153.82899286115037
3,FEEDER,60,3,1.0058591266884873,85.15545798785753
3,FEEDER,59,2,1.014855194354033,-153.46330283286477
3,FEEDER,61,1,1.0008703937499641,-35.067156797925016
3,FEEDER,61,2,1.0120183169003074,-153.8289935402214
3,FEEDER,61,3,1.005859150642147,85.15545739845076
3,FEEDER,62,1,1.000644738040096,-35.06555500686275
3,FEEDER,62,2,1.0115979152694436,-153.821881450636
3,FEEDER,62,3,1.0051315402508496,85.15398572096117
3,FEEDER,63,1,1.000465400962955,-35.06197514353577
3,FEEDER,63,2,1.0112771410475123,-153.81946072944902
3,FEEDER,63,3,1.0047732206073505,85.1527987683256
3,FEEDER,64,1,1.0004107527033779,-35.05512244593272
3,FEEDER,64,2,1.0105835243282013,-153.8093879658172
3,FEEDER,64,3,1.0040026768663683,85.14587115178459
3,FEEDER,65,1,1.000238576391171,-35.058880491097995
3,FEEDER,65,2,1.0104194830714088,-153.7976993844763
3,FEEDER,65,3,1.002937310319431,85.14875429364727
3,FEEDER,66,1,1.0003161901615063,-35.06725267980114
3,FEEDER,66,2,1.0105070098939661,-153.7887065843575
3,FEEDER,66,3,1.0024155350800397,85.14853009338528
3,FEEDER,67,1,1.100859888515655,-35.23365433391091
3,FEEDER,67,2,1.011295882672794,-154.0101140775518
3,FEEDER,67,3,1.1056504560408134,84.99045994089317
3,FEEDER,68,1,1.1003134213365702,-35.24287392211983
3,FEEDER,97,1,1.0999857818636471,-35.288129965082994
3,FEEDER,97,2,1.010219868165751,-154.0613171277783
3,FEEDER,97,3,1.1048675549017954,84.94324302048113
3,FEEDER,69,1,1.0996873754156715,-35.253445859853166
3,FEEDER,70,1,1.0992435625227275,-35.26094626588382
3,FEEDER,71,1,1.0989932216748044,-35.26517877022324
3,MG2,72,1,1.1008598644508845,-35.233656179269744
3,MG2,72,2,1.0112958560180743,-154.0101157336524
3,MG2,72,3,1.1056504278251356,84.99045812331377
3,MG2,73,3,1.1045856945049126,84.97244021598688
3,MG2,76,1,1.1014385882377238,-35.27666985481981
3,MG2,76,2,1.0114965013965647,-154.08154432203455
3,MG2,76,3,1.1065764916109326,84.9486969367228
3,MG2,74,3,1.1036680454038619,84.95688461348162
3,MG2,75,3,1.1031688284832968,84.94841893494824
3,MG2,86,1,1.101508571949034,-35.29791487849011
3,MG2,86,2,1.0109548589627988,-154.17363076819095
3,MG2,86,3,1.10766901109522,84.9228279919852
3,MG2,78,1,1.1034189925114688,-35.33075534591295
3,MG2,78,2,1.0132500972128435,-154.16142483466848
3,MG2,78,3,1.1084133927125248,84.86546930835716
3,MG2,79,1,1.1032642696847363,-35.337429234708544
3,MG2,79,2,1.0133168939890813,-154.16281455154817
3,MG2,79,3,1.108389678155837,84.86996973990918
3,MG2,80,1,1.1056508087286019,-35.373426066593254
3,MG2,80,2,1.0150137602901277,-154.22315416538035
3,MG2,80,3,1.11009648074219,84.77894560436285
3,MG2,81,1,1.106483780920085,-35.3916498532122
3,MG2,81,2,1.015772852652542,-154.2408066304288
3,MG2,81,3,1.1106646254634769,84.74794896535016
3,MG2,82,1,1.1075408828917055,-35.41586512296786
3,MG2,82,2,1.0168804708295074,-154.2725116083327
3,MG2,82,3,1.1117108793814345,84.71339621980661
3,MG2,84,3,1.1093942950289293,84.72654610482093
3,MG2,83,1,1.108755011591667,-35.43330089846828
3,MG2,83,2,1.0179206640862306,-154.30274792603618
3,MG2,83,3,1.112781710424094,84.67436645745565
3,MG2,85,3,1.1087984512965674,84.7164937443686
3,MG2,87,1,1.1015670803956514,-35.3122049960836
3,MG2,87,2,1.0107866612738319,-154.2236848425072
3,MG2,87,3,1.108191518864943,84.90355329778764
3,MG2,88,1,1.1017752718704483,-35.33778965111501
3,MG2,89,1,1.1012551834234146,-35.30571575225754
3,MG2,89,2,1.0108078748326779,-154.25634381726178
3,MG2,89,3,1.1086468682591908,84.89721147571264
3,MG2,90,2,1.0110527739804853,-154.29342021062064
3,MG2,91,1,1.101133298354717,-35.2986204565508
3,MG2,91,2,1.0105689572866137,-154.2667460686731
3,MG2,91,3,1.1089818646904235,84.88451526491173
3,MG2,92,3,1.109341083994119,84.84064971154937
3,MG2,94,1,1.1006370654883477,-35.307194329562655
3,MG2,95,1,1.1009614966931205,-35.29696321881969
3,MG2,95,2,1.0103008252930865,-154.2832513971519
3,MG2,95,3,1.1091186705496603,84.88610729842247
3,MG2,96,2,1.0101754347497196,-154.2855771258407
3,FEEDER,98,1,1.0999147130999851,-35.291594993786696
3,FEEDER,98,2,1.0101280933921266,-154.0639309691048
3,FEEDER,98,3,1.104788073488186,84.93982746799418
3,FEEDER,99,1,1.1000230885447677,-35.28789933343645
3,FEEDER,99,2,1.0098364037881447,-154.0668795534589
3,FEEDER,99,3,1.104655036172681,84.92660946509469
3,FEEDER,100,1,1.1000954048401945,-35.28909631166148
3,FEEDER,100,2,1.0098146353199542,-154.0620366141301
3,FEEDER,100,3,1.1045047371905934,84.92037751114546
3,FEEDER,450,1,1.100095459087438,-35.2890976572137
3,FEEDER,450,2,1.0098146887410204,-154.06203787334346
3,FEEDER,450,3,1.1045047874671667,84.92037594694935
3,MG4,197,1,1.0999857462407052,-35.288129402370785
3,MG4,197,2,1.0102198326153762,-154.06131651662767
3,MG4,197,3,1.1048675191048243,84.94324358254973
3,MG4,105,1,1.098288664588025,-35.396167874241954
3,MG4,105,2,1.008137749430179,-154.16417673272244
3,MG4,105,3,1.1033772783771263,84.85041659648647
3,MG4,108,1,1.0972400286929136,-35.46321558944441
3,MG4,108,2,1.006850451456955,-154.22806462619624
3,MG4,108,3,1.1024561812549107,84.792827274355
3,MG4,300,1,1.099985830982657,-35.28813150483157
3,MG4,300,2,1.0102199161243557,-154.06131848465492
3,MG4,300,3,1.1048675976913642,84.94324113910555
3,MG3,135,1,1.0016459317076385,-34.14608217287876
3,MG3,135,2,1.0155845084866262,-153.17592599799633
3,MG3,135,3,1.005224756473225,86.10442651955084
3,FEEDER,152,1,1.005585302876294,-33.86006889246528
3,FEEDER,152,2,1.0183620406380673,-152.94000518447277
3,FEEDER,152,3,1.0105538949555064,86.31403667466147
3,FEEDER,160r,1,1.1009641047606686,-35.06841506395942
3,FEEDER,160r,2,1.0120231133202944,-153.83004961451226
3,FEEDER,160r,3,1.1064528444476804,85.1542507204176
3,FEEDER,160,1,1.0008702939007803,-35.06715735575567
3,FEEDER,160,2,1.0120182311092982,-153.82899382292842
3,FEEDER,160,3,1.0058590533306464,85.15545656818452
3,FEEDER,61s,1,1.0008703937499643,-35.06715679792468
3,FEEDER,61s,2,1.0120183169003079,-153.8289935402211
3,FEEDER,61s,3,1.005859150642147,85.1554573984511
3,FEEDER,610,1,1.1519453841092122,-34.72235371007371
3,FEEDER,610,2,1.1630592181149644,-154.11967357848604
3,FEEDER,610,3,1.1680699279993136,85.108307513346
3,FEEDER,x1,1,1.0080446570896013,-33.19478536711155
3,FEEDER,x2,2,1.0150705239679656,-152.5745311873167
3,FEEDER,x4,3,1.0102665865453622,86.89615056930904
3,FEEDER,x5,3,1.0099235215659452,86.88908406524233
3,FEEDER,x6,3,1.009621090918225,86.8828022430461
3,FEEDER,x7,1,1.0043029613185703,-33.52215207178711
3,FEEDER,x9,1,1.0013537048031762,-33.74926904942114
3,FEEDER,x10,1,1.0006394640502771,-33.76279757285752
3,FEEDER,x11,1,1.0005159921563918,-33.765188078238936
3,FEEDER,x12,2,1.012831936459817,-152.92549061228166
3,FEEDER,x16,3,1.0027842402948024,86.10726637018301
3,FEEDER,x17,3,1.0029682282119012,86.1107073968693
3,FEEDER,x19,1,0.9941821982469579,-34.349551838342734
3,FEEDER,x20,1,0.9939192281189716,-34.35415827550492
3,MG1,x22,2,1.0053221649247948,-153.45348934463115
3,MG1,x24,3,0.994392713731307,85.80568681919793
3,MG1,x28,1,0.9915659859045758,-34.481935917153876
3,MG1,x29,1,1.0010726299354,-34.21469995362803
3,MG1,x29,2,0.0,0.0
3,MG1,x30,3,0.9940084420913958,85.77814625338766
3,MG1,x31,3,0.9928229528838447,85.93861240598879
3,MG1,x32,3,0.9927265771749263,85.93681579231811
3,MG1,x33,1,1.003214653374677,-34.495953355719294
3,FEEDER,x34,3,1.0032127450168018,86.11475880764563
3,FEEDER,x52,1,0.9967131788417463,-34.32832535792099
3,FEEDER,x53,1,0.9958655544244387,-34.46183343504346
3,FEEDER,x55,1,0.9953765980560701,-34.54208629718138
3,FEEDER,x56,2,1.0132620611375889,-153.37640080933136
3,FEEDER,x58,2,1.01141491268889,-153.5561352514977
3,FEEDER,x59,2,1.0079430263366906,-153.6529310648462
3,FEEDER,x60,1,0.9938639259096274,-35.26220120708514
3,FEEDER,x62,3,0.9981690916331719,84.96104162260701
3,FEEDER,x63,1,0.9934561887187521,-35.25718042073968
3,FEEDER,x64,2,1.0042105151815557,-153.9966536312477
3,FEEDER,x65,1,1.149022938686123,-65.04260226312404
3,FEEDER,x65,2,1.1475786742781617,175.66891720517512
3,FEEDER,x65,3,1.1606287915666798,55.37468063151069
3,FEEDER,x66,3,0.9960232286199436,84.9591055968616
3,FEEDER,x68,1,1.0933824409314203,-35.41785814472843
3,FEEDER,x69,1,1.092760338533568,-35.428430082374135
3,FEEDER,x70,1,1.092319321260421,-35.43593048834256
3,FEEDER,x71,1,1.0920705573334064,-35.44016299264684
3,MG2,x73,3,1.095088545481342,84.73170603363496
3,MG2,x74,3,1.0932295242426928,84.69155972741348
3,MG2,x75,3,1.0936838615676843,84.70768475281912
3,MG2,x76,1,1.2669212899924371,-65.41798072787893
3,MG2,x76,2,1.203003908542964,173.78580601232403
3,MG2,x76,3,1.2213355041424558,56.791960225562406
3,MG2,x77,2,1.003346047109369,-154.41095335633
3,MG2,x79,1,1.0928295674448505,-35.60275412077669
3,MG2,x80,2,1.005530643797218,-154.48518618103924
3,MG2,x82,1,1.098018332505786,-35.65659941915299
3,MG2,x83,1,0.0,0.0
3,MG2,x83,3,1.112628712501981,84.67579908466088
3,MG2,x84,3,1.0998558017398516,84.48581192218052
3,MG2,x85,3,1.0992650810262201,84.47575956186962
3,MG2,x86,2,1.0014339909461172,-154.4378027502898
3,MG2,x87,2,1.0012642249632804,-154.48794598314726
3,MG2,x88,1,1.0923022937858269,-35.578523947663676
3,MG2,x90,2,1.0015113321486824,-154.55814786389257
3,MG2,x92,3,1.0998030481185397,84.59991552744418
3,MG2,x94,1,1.0911738736382626,-35.54792862834594
3,MG2,x95,2,1.0007738503316403,-154.54777048282008
3,MG2,x96,2,1.0006472873912622,-154.55016285387353
3,FEEDER,x98,1,1.0929862442657092,-35.466579220528935
3,FEEDER,x99,2,1.002890788553952,-154.25842359763539
3,FEEDER,x100,3,1.0968539400832298,84.72743341279131
4,FEEDER,sourcebus,1,0.9994439022753299,-0.08185812170776897
4,FEEDER,sourcebus,2,0.9996335668056467,-120.0852821311974
4,FEEDER,sourcebus,3,0.9994870175788962,119.9070137832915
4,FEEDER,150,1,0.9883158533670208,-32.5933340625463
4,FEEDER,150,2,0.9921518992025373,-152.13712554997866
4,FEEDER,150,3,0.9903815118029544,87.46596271334536
4,FEEDER,150r,1,1.0192000730231934,-32.59365446504857
4,FEEDER,150r,2,1.0231563105736754,-152.13738636013673
4,FEEDER,150r,3,1.0213304998733475,87.46565221133635
4,MG3,40,1,0.9977581648186945,-34.328737550973614
4,MG3,40,2,1.0123827189057837,-153.32600081120907
4,MG3,40,3,1.0019000023069535,85.9122870510879
4,MG3,401,1,0.9977581648186945,-34.328737550973614
4,MG3,401,2,1.0123827189057837,-153.32600081120907
4,MG3,401,3,1.0019000023069535,85.9122870510879
4,MG4,101,1,1.0970984296441246,-35.4026036620894
4,MG4,101,2,1.0074743263171342,-154.1622015848641
4,MG4,101,3,1.102046604590244,84.82458694238998
4,MG4,1011,1,1.0970984296441246,-35.4026036620894
4,MG4,1011,2,1.0074743263171342,-154.1622015848641
4,MG4,1011,3,1.102046604590244,84.82458694238998
4,MG1,30,1,1.0001417057489386,-34.25100089520224
4,MG1,30,2,1.0147855612442247,-153.19510620806818
4,MG1,30,3,1.0022701710234811,86.00988290285578
4,MG1,301,1,1.0001417057489386,-34.25100089520224
4,MG1,301,2,1.0147855612442247,-153.19510620806818
4,MG1,301,3,1.0022701710234811,86.00988290285578
4,MG2,93,1,1.098817251653006,-35.36227246384182
4,MG2,93,2,1.0086111116475724,-154.33216353953802
4,MG2,93,3,1.1069727998865528,84.81500464881657
4,MG2,931,1,1.098817251653006,-35.36227246384182
4,MG2,931,2,1.0086111116475724,-154.33216353953802
4,MG2,931,3,1.1069727998865528,84.81500464881657
4,MG2,77,1,1.1009315977163487,-35.37966858243992
4,MG2,77,2,1.0111041133700251,-154.19806543427973
4,MG2,77,3,1.1059779568348773,84.80984648310064
4,MG2,771,1,1.1009315977163487,-35.37966858243992
4,MG2,771,2,1.0111041133700251,-154.19806543427973
4,MG2,771,3,1.1059779568348773,84.80984648310064
4,FEEDER,149,1,1.0191999180200293,-32.59365355831504
4,FEEDER,149,2,1.0231561839634746,-152.1373859206643
4,FEEDER,149,3,1.0213303493995822,87.46565278862022
4,FEEDER,1,1,1.0140394795805285,-33.03705978550709
4,FEEDER,1,2,1.0212537588737072,-152.41079370162635
4,FEEDER,1,3,1.0169710009486057,87.06221151174903
4,FEEDER,2,2,1.0211734132588082,-152.4122592676177
4,FEEDER,3,3,1.0163888245926154,87.05154571412477
4,FEEDER,7,1,1.010206638265146,-33.3652633441553
4,FEEDER,7,2,1.0198684408576968,-152.6218878291016
4,FEEDER,7,3,1.0140617063501711,86.77058357307024
4,FEEDER,4,3,1.0162042911968523,87.04816299392556
4,FEEDER,5,3,1.015931870788305,87.04316594487577
4,FEEDER,6,3,1.0156968243752367,87.03885314782384
4,FEEDER,8,1,1.0077162947568972,-33.58324827633457
4,FEEDER,8,2,1.0189264613374227,-152.76253399544575
4,FEEDER,8,3,1.012140889597287,86.57404957967482
4,FEEDER,12,2,1.0188229282439571,-152.76442714464952
4,FEEDER,9,1,1.007192483169659,-33.59293520630333
4,FEEDER,13,1,1.0043681285208845,-33.89780548252886
4,FEEDER,13,2,1.0173968963375506,-152.96785883985797
4,FEEDER,13,3,1.0092796364425771,86.26946397727161
4,FEEDER,9r,1,1.007191938422479,-33.59299490466578
4,FEEDER,14,1,1.0065981070858467,-33.60398658727614
4,FEEDER,34,3,1.008930403526716,86.26301457206584
4,FEEDER,18,1,1.000408684832626,-34.182878241145154
4,FEEDER,18,2,1.0146343079683808,-153.1987491304892
4,FEEDER,18,3,1.0039001220481742,86.06311287074158
4,FEEDER,11,1,1.006365220136166,-33.60829938432807
4,FEEDER,10,1,1.0064816705275847,-33.606143120031376
4,FEEDER,15,3,1.008790977949005,86.26043864239554
4,FEEDER,16,3,1.008442372469028,86.25399721465888
4,FEEDER,17,3,1.0086283326327175,86.25743286188965
4,FEEDER,19,1,0.9999414864898911,-34.19158503077717
4,FEEDER,20,1,0.9996387768254955,-34.19722926305808
4,MG1,21,1,1.0004086736705107,-34.18287803113454
4,MG1,21,2,1.0146343003948461,-153.19874902870896
4,MG1,21,3,1.0039001091559148,86.06311312964161
4,MG1,22,2,1.0139303393405168,-153.2117583701709
4,MG1,23,1,1.0002613201002433,-34.20834736051943
4,MG1,23,2,1.0147098072057388,-153.19834215629476
4,MG1,23,3,1.0033479976362683,86.0470762480303
4,MG1,24,3,1.002608844294916,86.0332613141826
4,MG1,25,1,0.9999948432664071,-34.23484777845821
4,MG1,25,2,1.0148079671585961,-153.20262441298905
4,MG1,25,3,1.0029257718541091,86.03820218465421
4,MG1,25r,1,1.0124942465373363,-34.23490601529947
4,MG1,25r,3,0.9966572229099595,86.0381732430031
4,MG1,26,1,1.0123120667407592,-34.2469114937987
4,MG1,26,3,0.9965181336292982,86.03869602514372
4,MG1,28,1,0.9998974874218951,-34.2473831523151
4,MG1,28,2,1.0148204291920855,-153.2062326560966
4,MG1,28,3,1.0027071831146068,86.03058371720996
4,MG1,27,1,1.0121282461061374,-34.255554947242366
4,MG1,27,3,0.9965024672197114,86.04347337424576
4,MG1,31,3,0.9963650533319168,86.03585970276147
4,MG1,33,1,1.011460789232432,-34.26791993683479
4,MG1,29,1,1.0000085087575805,-34.24905772244398
4,MG1,29,2,1.0148047252390229,-153.20112871170636
4,MG1,29,3,1.002505756973745,86.02107315467993
4,MG1,250,1,1.0001417085755495,-34.251000991826224
4,MG1,250,2,1.014785564344167,-153.19510629295397
4,MG1,250,3,1.0022701743411846,86.00988282348344
4,MG1,32,3,0.9962629919076407,86.03396854109451
4,MG3,35,1,0.9988819636340032,-34.27300935616277
4,MG3,35,2,1.013130829566586,-153.2725371133298
4,MG3,35,3,1.002786030472739,85.97315653891054
4,MG3,42,1,0.9966353016765336,-34.384591120088324
4,MG3,42,2,1.0116354820599716,-153.37954323805147
4,MG3,42,3,1.001015097405526,85.85131014232006
4,MG3,44,1,0.9957376870011435,-34.429364459448315
4,MG3,44,2,1.0110383230436295,-153.42243391957055
4,MG3,44,3,1.000307984254595,85.80245117261398
4,MG3,151,1,0.9988819688195687,-34.273009481441186
4,MG3,151,2,1.0131308340564487,-153.27253726239041
4,MG3,151,3,1.0027860352331106,85.97315640623451
4,FEEDER,52,1,1.0023425889525484,-34.1757107796123
4,FEEDER,52,2,1.0165161127683067,-153.15864301397153
4,FEEDER,52,3,1.0080960775164278,86.00112243486507
4,FEEDER,53,1,1.0014322640779973,-34.31062869905806
4,FEEDER,53,2,1.016027388269992,-153.25333204967419
4,FEEDER,53,3,1.0075207430622615,85.86431241560959
4,FEEDER,54,1,1.0009246918587527,-34.39229208949605
4,FEEDER,54,2,1.0156904535911855,-153.3120394319601
4,FEEDER,54,3,1.0071691239468457,85.77722192475585
4,FEEDER,55,1,1.0008506011594265,-34.39325569104472
4,FEEDER,55,2,1.0156618698807653,-153.31545729082106
4,FEEDER,55,3,1.0071944514940443,85.77831078966511
4,FEEDER,57,1,1.0003146635756983,-34.6219540833327
4,FEEDER,57,2,1.013901198406774,-153.49521560940565
4,FEEDER,57,3,1.0062262015025791,85.557160247969
4,FEEDER,56,1,1.0008403364725968,-34.39119275001272
4,FEEDER,56,2,1.0155974848774008,-153.31830666605896
4,FEEDER,56,3,1.0072252202563958,85.77776070953134
4,FEEDER,58,2,1.0136671037331364,-153.4994543300421
4,FEEDER,60,1,0.9990958870673956,-35.12405536368726
4,FEEDER,60,2,1.0104528577289347,-153.8733590973792
4,FEEDER,60,3,1.0040566666400905,85.08695205950116
4,FEEDER,59,2,1.0135514832627253,-153.50158007458356
4,FEEDER,61,1,0.9990959107381157,-35.1240560335922
4,FEEDER,61,2,1.0104528788607046,-153.8733597763377
4,FEEDER,61,3,1.0040566905494976,85.08695147010481
4,FEEDER,62,1,0.9988665316936154,-35.122440958236915
4,FEEDER,62,2,1.0100261622181688,-153.86612713395033
4,FEEDER,62,3,1.0033174994330554,85.0854525088399
4,FEEDER,63,1,0.9986842887398942,-35.118812384474396
4,FEEDER,63,2,1.009700577479198,-153.86366195824039
4,FEEDER,63,3,1.0029532196606907,85.08424486809412
4,FEEDER,64,1,0.9986293193469338,-35.11186611988444
4,FEEDER,64,2,1.008996409635236,-153.85339742093046
4,FEEDER,64,3,1.0021698132956134,85.07718383637793
4,FEEDER,65,1,0.9984551334509295,-35.115729709148425
4,FEEDER,65,2,1.0088304826167347,-153.84147978997643
4,FEEDER,65,3,1.0010866259720266,85.0801029654845
4,FEEDER,66,1,0.9985341457714165,-35.12426867431427
4,FEEDER,66,2,1.0089196357503292,-153.8323109883768
4,FEEDER,66,3,1.0005554048098853,85.07986926629206
4,FEEDER,67,1,1.0988337427392598,-35.293634893995225
4,FEEDER,67,2,1.0096136829566653,-154.0582030068204
4,FEEDER,67,3,1.1035765269030555,84.91885293609445
4,FEEDER,68,1,1.0982795731202506,-35.30300593069384
4,FEEDER,97,1,1.0979328501241505,-35.3496728610998
4,FEEDER,97,2,1.0085011283447536,-154.11136564077842
4,FEEDER,97,3,1.1027747230716078,84.87017317380679
4,FEEDER,69,1,1.0976447051353229,-35.31375166708539
4,FEEDER,70,1,1.0971946399711219,-35.321375441593474
4,FEEDER,71,1,1.096940772993071,-35.325677604756144
4,MG2,72,1,1.0988337180399472,-35.293636698951246
4,MG2,72,2,1.0096136554923147,-154.05820460784435
4,MG2,72,3,1.1035764978195748,84.9188511607785
4,MG2,73,3,1.1024475123246873,84.89969688709982
4,MG2,76,1,1.0993778426463512,-35.33672684355457
4,MG2,76,2,1.0097752046465382,-154.13064365589557
4,MG2,76,3,1.104499959048842,84.87708783661476
4,MG2,74,3,1.101474505787569,84.88315965576847
4,MG2,75,3,1.100945192509824,84.87415825843493
4,MG2,86,1,1.0993967045504394,-35.358100245054096
4,MG2,86,2,1.0091511089978842,-154.22717009621044
4,MG2,86,3,1.105615630479287,84.85074237441395
4,MG2,78,1,1.1013266040619332,-35.3919459896379
4,MG2,78,2,1.011503081359306,-154.2118069668381
4,MG2,78,3,1.1063156144519708,84.79356333098012
4,MG2,79,1,1.1011625440695205,-35.39903856014218
4,MG2,79,2,1.011573918350467,-154.21328337511605
4,MG2,79,3,1.1062904324495082,84.79834462622712
4,MG2,80,1,1.1035496553315118,-35.4351836533649
4,MG2,80,2,1.0132493364584458,-154.27382861307638
4,MG2,80,3,1.1079741226554007,84.70628004345085
4,MG2,81,1,1.1043801167536154,-35.453787802966495
4,MG2,81,2,1.0140091508158044,-154.29124803031456
4,MG2,81,3,1.1085297639116682,84.67505666754398
4,MG2,82,1,1.105425606215325,-35.4784352078998
4,MG2,82,2,1.0151191639317358,-154.3230272825505
4,MG2,82,3,1.1095722532884194,84.64078579784885
4,MG2,84,3,1.1071828371838097,84.65230167586394
4,MG2,83,1,1.1066375800196286,-35.495879630655246
4,MG2,83,2,1.0161576559201104,-154.3532503918104
4,MG2,83,3,1.110640814651911,84.6017538199292
4,MG2,85,3,1.106551078343641,84.64161325995478
4,MG2,87,1,1.0994247094158356,-35.37271760245127
4,MG2,87,2,1.0089402057807377,-154.27966348543347
4,MG2,87,3,1.1061413796163926,84.83133410417244
4,MG2,88,1,1.0996189012447941,-35.39853658204928
4,MG2,89,1,1.099106675792249,-35.36623665825903
4,MG2,89,2,1.0089420805043294,-154.31317661639434
4,MG2,89,3,1.1065944709660172,84.82468662170271
4,MG2,90,2,1.0091661401687633,-154.35063452454074
4,MG2,91,1,1.09898040938982,-35.35936305453022
4,MG2,91,2,1.008696978646583,-154.32385141384555
4,MG2,91,3,1.1069233120640138,84.8118088172977
4,MG2,92,3,1.1072583914295315,84.76754191034331
4,MG2,94,1,1.0984541714174623,-35.36846165569756
4,MG2,95,1,1.0987980532401123,-35.357563105357016
4,MG2,95,2,1.0084109460239652,-154.34147085144332
4,MG2,95,3,1.107069211494006,84.81349017583285
4,MG2,96,2,1.0082773185113212,-154.34395557178564
4,FEEDER,98,1,1.0978607209998426,-35.35318355819625
4,FEEDER,98,2,1.0084076118176697,-154.11404449536056
4,FEEDER,98,3,1.102694392627858,84.8667004991279
4,FEEDER,99,1,1.0979704875248124,-35.349407112286634
4,FEEDER,99,2,1.0081109138684565,-154.11708663586847
4,FEEDER,99,3,1.102560067249546,84.85326612591466
4,FEEDER,100,1,1.0980438215037984,-35.35062358197645
4,FEEDER,100,2,1.008088862493262,-154.11216656089775
4,FEEDER,100,3,1.1024076605427957,84.84693331033962
4,FEEDER,450,1,1.0980438756515247,-35.3506249276248
4,FEEDER,450,2,1.008088915822963,-154.1121678200518
4,FEEDER,450,3,1.1024077107218169,84.84693174602025
4,MG4,197,1,1.0979328134248367,-35.34967228010704
4,MG4,197,2,1.0085010915827022,-154.1113650074561
4,MG4,197,3,1.1027746861930392,84.87017375413889
4,MG4,105,1,1.096181678460299,-35.460920893103655
4,MG4,105,2,1.006345790517348,-154.2182413020934
4,MG4,105,3,1.1012465104001563,84.77437221558432
4,MG4,108,1,1.095099695536722,-35.52996664227078
4,MG4,108,2,1.0050132943760137,-154.28463185687065
4,MG4,108,3,1.100302021522197,84.71493391840978
4,MG4,300,1,1.0979328980110357,-35.34967438272071
4,MG4,300,2,1.0085011749495996,-154.11136697539823
4,MG4,300,3,1.102774764627462,84.87017131051243
4,MG3,135,1,1.000408645422496,-34.18287755350515
4,MG3,135,2,1.0146342691507377,-153.198748463648
4,MG3,135,3,1.0039000828205988,86.06311355341555
4,FEEDER,152,1,1.0043680382621778,-33.89780609877946
4,FEEDER,152,2,1.017396818365634,-152.96785934712295
4,FEEDER,152,3,1.0092795500194658,86.2694630840485
4,FEEDER,160r,1,1.0990117343525148,-35.12534996091327
4,FEEDER,160r,2,1.0104572612519416,-153.87445107999375
4,FEEDER,160r,3,1.1044697021096497,85.08570680695031
4,FEEDER,160,1,0.9990958089031987,-35.12405651470932
4,FEEDER,160,2,1.0104527910417145,-153.87335997977982
4,FEEDER,160,3,1.004056591100365,85.08695071518214
4,FEEDER,61s,1,0.9990959107381157,-35.12405603359187
4,FEEDER,61s,2,1.0104528788607043,-153.8733597763374
4,FEEDER,61s,3,1.0040566905494974,85.08695147010513
4,FEEDER,610,1,1.149800090222455,-34.77498425804794
4,FEEDER,610,2,1.161235786537973,-154.17042444953552
4,FEEDER,610,3,1.166102651603057,85.04217125893241
4,FEEDER,x1,1,1.0070098220312267,-33.23015914264305
4,FEEDER,x2,2,1.014191739572729,-152.60262898213074
4,FEEDER,x4,3,1.0091892300116345,86.85589697109468
4,FEEDER,x5,3,1.008848454230035,86.848922296882
4,FEEDER,x6,3,1.0085488262595181,86.84274454186637
4,FEEDER,x7,1,1.0031509666683713,-33.55985169836027
4,FEEDER,x9,1,1.000116208288571,-33.78870659562278
4,FEEDER,x10,1,0.9993995102563715,-33.8022237060088
4,FEEDER,x11,1,0.99928289347665,-33.80440799028554
4,FEEDER,x12,2,1.011825592718187,-152.95568780150873
4,FEEDER,x16,3,1.0013746220327189,86.05871671789185
4,FEEDER,x17,3,1.0015618537268716,86.06222538872888
4,FEEDER,x19,1,0.992815115958744,-34.390246750702126
4,FEEDER,x20,1,0.9925575234249195,-34.39466171076934
4,MG1,x22,2,1.0037425919215188,-153.49394150448504
4,MG1,x24,3,0.9923982531289217,85.74718388150255
4,MG1,x28,1,0.9897564709226895,-34.5322610286687
4,MG1,x29,1,0.9998710161815415,-34.24762509523874
4,MG1,x29,2,0.0,0.0
4,MG1,x30,3,0.9920561450105527,85.72360915408457
4,MG1,x31,3,0.9911886674618557,85.89245999423665
4,MG1,x32,3,0.9910860980803837,85.89053901007354
4,MG1,x33,1,1.00131832693925,-34.54952455205648
4,FEEDER,x34,3,1.001830024308994,86.06690596610838
4,FEEDER,x52,1,0.9952328949575108,-34.37340825804252
4,FEEDER,x53,1,0.9943162599886973,-34.508690844055195
4,FEEDER,x55,1,0.9938070838031484,-34.58936429700219
4,FEEDER,x56,2,1.0120313835064076,-153.41350601423454
4,FEEDER,x58,2,1.0100573999157167,-153.59607665674778
4,FEEDER,x59,2,1.006518755752853,-153.69486142775668
4,FEEDER,x60,1,0.9919636365416682,-35.323057932698845
4,FEEDER,x62,3,0.9962566212031501,84.88934390288242
4,FEEDER,x63,1,0.9915491664938451,-35.31798135918396
4,FEEDER,x64,2,1.002521392331962,-154.04405601825502
4,FEEDER,x65,1,1.1467448933151656,-65.10504334279649
4,FEEDER,x65,2,1.1454981126336254,175.62098221120183
4,FEEDER,x65,3,1.1586763058783973,55.31116567990161
4,FEEDER,x66,3,0.9940480680263897,84.88656890050453
4,FEEDER,x68,1,1.091251078513905,-35.48086411701214
4,FEEDER,x69,1,1.0906202733990307,-35.49160985322318
4,FEEDER,x70,1,1.0901730884498044,-35.49923362760309
4,FEEDER,x71,1,1.089920846106428,-35.503535790693405
4,MG2,x73,3,1.092378091152302,84.64364452915108
4,MG2,x74,3,1.0904071339790402,84.60097652145431
4,MG2,x75,3,1.0908894930651385,84.61810590096479
4,MG2,x76,1,1.263955082181819,-65.49507725678171
4,MG2,x76,2,1.200218786293642,173.727479271633
4,MG2,x76,3,1.218840624221052,56.721938910998354
4,MG2,x77,2,1.000979391601869,-154.47926958049382
4,MG2,x79,1,1.0900983067832213,-35.68122169445633
4,MG2,x80,2,1.0031459449253537,-154.55382497360551
4,MG2,x82,1,1.0953289989122394,-35.73448785890629
4,MG2,x83,1,0.0,0.0
4,MG2,x83,3,1.110488111084568,84.60318644713443
4,MG2,x84,3,1.0970701643978635,84.39624931707968
4,MG2,x85,3,1.0964441758477308,84.3855609014697
4,MG2,x86,2,0.9990069002279184,-154.50948018710943
4,MG2,x87,2,0.99879389556915,-154.56209317876136
4,MG2,x88,1,1.0895753306430218,-35.654589235900566
4,MG2,x90,2,0.9990241742116469,-154.6328768067387
4,MG2,x92,3,1.0971450282730335,84.51148954721059
4,MG2,x94,1,1.0884212391571264,-35.624514315158684
4,MG2,x95,2,0.9982593453311676,-154.62420138594283
4,MG2,x96,2,0.998124380456996,-154.62676215842222
4,FEEDER,x98,1,1.090834907008678,-35.531041753038735
4,FEEDER,x99,2,1.0010412348959008,-154.3124877354896
4,FEEDER,x100,3,1.0946494322100833,84.65082470438215
5,FEEDER,sourcebus,1,0.9993660077526718,-0.08129589666734913
5,FEEDER,sourcebus,2,0.9995677774897904,-120.08544614295216
5,FEEDER,sourcebus,3,0.9994042097343345,119.90661104911004
5,FEEDER,150,1,0.9860887400550592,-32.61382292567205
5,FEEDER,150,2,0.9904120964527575,-152.12656017095395
5,FEEDER,150,3,0.9882220460618707,87.44008376384983
5,FEEDER,150r,1,1.01690309741955,-32.614148350167554
5,FEEDER,150r,2,1.0213619231212017,-152.12682153243108
5,FEEDER,150r,3,1.019103294479106,87.4397677566317
5,MG3,40,1,0.9940733462597322,-34.35063708787881
5,MG3,40,2,1.0099351470761828,-153.28150006254972
5,MG3,40,3,0.9980502743618386,85.8970306014073
5,MG3,401,1,0.9940733462597322,-34.35063708787881
5,MG3,401,2,1.0099351470761828,-153.28150006254972
5,MG3,401,3,0.9980502743618386,85.8970306014073
5,MG4,101,1,1.0916510470847023,-35.427980041559735
5,MG4,101,2,1.0034259443770166,-154.13306945778328
5,MG4,101,3,1.096526133977188,84.78079307632267
5,MG4,1011,1,1.0916510470847023,-35.427980041559735
5,MG4,1011,2,1.0034259443770166,-154.13306945778328
5,MG4,1011,3,1.096526133977188,84.78079307632267
5,MG1,30,1,0.9967553678332086,-34.2524620675905
5,MG1,30,2,1.0126869541636039,-153.11512753626317
5,MG1,30,3,0.9985109382946078,86.0188126612594
5,MG1,301,1,0.9967553678332086,-34.2524620675905
5,MG1,301,2,1.0126869541636039,-153.11512753626317
5,MG1,301,3,0.9985109382946078,86.0188126612594
5,MG2,93,1,1.0931270521116132,-35.37356354990461
5,MG2,93,2,1.0042089459257237,-154.31274571431186
5,MG2,93,3,1.1016528325007082,84.78358332405546
5,MG2,931,1,1.0931270521116132,-35.37356354990461
5,MG2,931,2,1.0042089459257237,-154.31274571431186
5,MG2,931,3,1.1016528325007082,84.78358332405546
5,MG2,77,1,1.0954149236847088,-35.39977505105634
5,MG2,77,2,1.007030238361541,-154.16522425371332
5,MG2,77,3,1.1004837105511194,84.77297377946277
5,MG2,771,1,1.0954149236847088,-35.39977505105634
5,MG2,771,2,1.007030238361541,-154.16522425371332
5,MG2,771,3,1.1004837105511194,84.77297377946277
5,FEEDER,149,1,1.0169029402720084,-32.61414703695037
5,FEEDER,149,2,1.021361796407244,-152.12682076325362
5,FEEDER,149,3,1.019103141603544,87.43976872537958
5,FEEDER,1,1,1.0113530984647097,-33.05705111846175
5,FEEDER,1,2,1.0192689859448,-152.3923146619844
5,FEEDER,1,3,1.0142725843327038,87.037877272874
5,FEEDER,2,2,1.0191807747401154,-152.39393045754642
5,FEEDER,3,3,1.0136350512295602,87.02614213826024
5,FEEDER,7,1,1.0072282590514328,-33.384368475043374
5,FEEDER,7,2,1.0177423086123136,-152.59802972749836
5,FEEDER,7,3,1.0110405289024205,86.7484692130048
5,FEEDER,4,3,1.0134322882616955,87.02240679322637
5,FEEDER,5,3,1.0131357643497672,87.01694261297148
5,FEEDER,6,3,1.0128792314922854,87.01221306219834
5,FEEDER,8,1,1.004547680940673,-33.6016411006675
5,FEEDER,8,2,1.0167030945709767,-152.73507327025078
5,FEEDER,8,3,1.0089046990586428,86.5531944029686
5,FEEDER,12,2,1.0165893985907724,-152.7371614474857
5,FEEDER,9,1,1.0039740453994295,-33.61230439935581
5,FEEDER,13,1,1.0009481338573845,-33.91384816016456
5,FEEDER,13,2,1.0150150554727528,-152.93441626311306
5,FEEDER,13,3,1.0057203324725286,86.24951269261057
5,FEEDER,9r,1,1.0039734509096863,-33.61236984807144
5,FEEDER,14,1,1.0033248129469534,-33.62443844824604
5,FEEDER,34,3,1.005337541819831,86.24240380474524
5,FEEDER,18,1,0.996891977136137,-34.19484548072372
5,FEEDER,18,2,1.0123215004831887,-153.14621039089744
5,FEEDER,18,3,1.0001802535974935,86.05777945776659
5,FEEDER,11,1,1.0030707642890095,-33.62916799901915
5,FEEDER,10,1,1.0031973019015852,-33.62681273539497
5,FEEDER,15,3,1.005184202191287,86.23955460654184
5,FEEDER,16,3,1.0048008085377234,86.23242931900447
5,FEEDER,17,3,1.0050053291625247,86.2362298141388
5,FEEDER,19,1,0.9963792456126772,-34.20445441175247
5,FEEDER,20,1,0.9960477431818494,-34.21067042726548
5,MG1,21,1,0.9968919701719451,-34.19484522922112
5,MG1,21,2,1.0123214977375055,-153.1462102692728
5,MG1,21,3,1.0001802444789383,86.05777977017152
5,MG1,22,2,1.011481905512586,-153.16177411572755
5,MG1,23,1,0.996783916927214,-34.21632858050326
5,MG1,23,2,1.0124813032811326,-153.13568795949593
5,MG1,23,3,0.9996259921069183,86.04793782280534
5,MG1,24,3,0.9987352663368335,86.03121615920008
5,MG1,25,1,0.9965298660110785,-34.23940990282065
5,MG1,25,2,1.0126654669223316,-153.13122675949325
5,MG1,25,3,0.9992239019336631,86.04637969438357
5,MG1,25r,1,1.0089858518146881,-34.239479914194824
5,MG1,25r,3,0.9929784377676558,86.04634475071583
5,MG1,26,1,1.0087678786536691,-34.25391052802061
5,MG1,26,3,0.9928115966285481,86.04693688738324
5,MG1,28,1,0.9964604073652334,-34.24809657339902
5,MG1,28,2,1.0127288925978963,-153.1285772934838
5,MG1,28,3,0.9990375761499565,86.0438711916723
5,MG1,27,1,1.0085477025416538,-34.26430373939235
5,MG1,27,3,0.9927928388055656,86.05268144402679
5,MG1,31,3,0.9926277523238731,86.0434952740006
5,MG1,33,1,1.007748185958358,-34.27918011471529
5,MG1,29,1,0.9965948537109175,-34.250116361226844
5,MG1,29,2,1.0127099210713646,-153.12240108416364
5,MG1,29,3,0.9987947759617318,86.03235042530437
5,MG1,250,1,0.9967553706503316,-34.25246216428511
5,MG1,250,2,1.012686957258178,-153.1151276211114
5,MG1,250,3,0.9985109415988953,86.01881258193194
5,MG1,32,3,0.9925051796266475,86.04120036043878
5,MG3,35,1,0.9952683048763945,-34.29109457111347
5,MG3,35,2,1.0107275803399687,-153.22463686068392
5,MG3,35,3,0.9989934430600389,85.96191309029206
5,MG3,42,1,0.9928794534631642,-34.41032261199858
5,MG3,42,2,1.009143701157019,-153.338452214602
5,MG3,42,3,0.9971083784641035,85.83202571560258
5,MG3,44,1,0.9919251092307942,-34.45817425747026
5,MG3,44,2,1.0085112568841166,-153.38407804624322
5,MG3,44,3,0.9963557806057052,85.77993355947306
5,MG3,151,1,0.9952683100435296,-34.29109469646107
5,MG3,151,2,1.0107275848206272,-153.22463700967654
5,MG3,151,3,0.9989934478012705,85.96191295765506
5,FEEDER,52,1,0.9986002866355556,-34.191475912941456
5,FEEDER,52,2,1.0138855302024106,-153.1270626549166
5,FEEDER,52,3,1.0042486087091838,85.97811074717598
5,FEEDER,53,1,0.9975380792122402,-34.32585463048899
5,FEEDER,53,2,1.013267243571146,-153.22263414986227
5,FEEDER,53,3,1.0035302038443807,85.83945730752575
5,FEEDER,54,1,0.9969413904972508,-34.406907807974484
5,FEEDER,54,2,1.0128460565553001,-153.281852006938
5,FEEDER,54,3,1.0030897644217909,85.75103568682306
5,FEEDER,55,1,0.9968604703543082,-34.40795237809479
5,FEEDER,55,2,1.0128145444525736,-153.28561608993002
5,FEEDER,55,3,1.0031175930827505,85.75222900706339
5,FEEDER,57,1,0.9961026830162676,-34.637421617963184
5,FEEDER,57,2,1.0107852917346023,-153.46355914451905
5,FEEDER,57,3,1.0019251540176717,85.5273505913686
5,FEEDER,56,1,0.9968491062194506,-34.40568156638046
5,FEEDER,56,2,1.0127440017841194,-153.28875828364218
5,FEEDER,56,3,1.0031513803619183,85.75162837166476
5,FEEDER,58,2,1.010528681088509,-153.46823899890722
5,FEEDER,60,1,0.9943977574972853,-35.14262943435617
5,FEEDER,60,2,1.0067880346366915,-153.83718599683155
5,FEEDER,60,3,0.999262699102091,85.04926248262896
5,FEEDER,59,2,1.0104015963478712,-153.47058797904896
5,FEEDER,61,1,0.9943977810597509,-35.14263010452078
5,FEEDER,61,2,1.0067880556970168,-153.83718667541186
5,FEEDER,61,3,0.9992627228923247,85.04926189338472
5,FEEDER,62,1,0.994146291349597,-35.14090431570886
5,FEEDER,62,2,1.0063220821207308,-153.82926077170868
5,FEEDER,62,3,0.9984535307607811,85.0476015675886
5,FEEDER,63,1,0.993946624473189,-35.136962858512675
5,FEEDER,63,2,1.0059665831409201,-153.8265517778046
5,FEEDER,63,3,0.9980539395629757,85.04627111553579
5,FEEDER,64,1,0.9938881759006489,-35.129412706873886
5,FEEDER,64,2,1.005197264260207,-153.81523684715464
5,FEEDER,64,3,0.997194456318424,85.03846333477097
5,FEEDER,65,1,0.9936999629717821,-35.13379212600132
5,FEEDER,65,2,1.005017857433087,-153.8020669549866
5,FEEDER,65,3,0.996005896121409,85.04161252766085
5,FEEDER,66,1,0.9937870644166005,-35.143240363397844
5,FEEDER,66,2,1.0051161646641882,-153.79193113862706
5,FEEDER,66,3,0.9954207158320377,85.04132828431204
5,FEEDER,67,1,1.0934951669839827,-35.31281699670761
5,FEEDER,67,2,1.005716572898945,-154.02073727054858
5,FEEDER,67,3,1.0981270033219352,84.8809679955426
5,FEEDER,68,1,1.0928917311317368,-35.32309492625288
5,FEEDER,97,1,1.0925368178818502,-35.37208457229569
5,FEEDER,97,2,1.0045239325472801,-154.07820462067093
5,FEEDER,97,3,1.0972868046086641,84.82918502061229
5,FEEDER,69,1,1.0922004359834367,-35.33488148101034
5,FEEDER,70,1,1.0917103808077717,-35.343244109524356
5,FEEDER,71,1,1.0914339604484002,-35.347963482089575
5,MG2,72,1,1.0934951438070746,-35.31281866744901
5,MG2,72,2,1.005716546706523,-154.020738688761
5,MG2,72,3,1.0981269749578335,84.88096636100965
5,MG2,73,3,1.0967843607552663,84.85804952899444
5,MG2,76,1,1.0939448180480622,-35.354062740307945
5,MG2,76,2,1.0057773024946741,-154.09385349014534
5,MG2,76,3,1.0990548082235105,84.84103303374464
5,MG2,74,3,1.0956273254520161,84.83826141247559
5,MG2,75,3,1.0949979571427852,84.82748491675734
5,MG2,86,1,1.0938743343412627,-35.36703456578144
5,MG2,86,2,1.0049939807048114,-154.19417675463814
5,MG2,86,3,1.1003001908567605,84.82075612728663
5,MG2,78,1,1.0957904018025508,-35.41307414082585
5,MG2,78,2,1.0074238691639048,-154.17930349761411
5,MG2,78,3,1.1008025012972544,84.75658809150141
5,MG2,79,1,1.0955952752139502,-35.42155654893273
5,MG2,79,2,1.0075081134431771,-154.1810702940681
5,MG2,79,3,1.1007724899404632,84.76230362884267
5,MG2,80,1,1.097986333556657,-35.45822771396429
5,MG2,80,2,1.00911649169854,-154.24231695475964
5,MG2,80,3,1.1023816590854,84.66684239569123
5,MG2,81,1,1.0988092127830675,-35.47810969846923
5,MG2,81,2,1.0098803618910766,-154.25897042119396
5,MG2,81,3,1.1028965727105513,84.63488876602024
5,MG2,82,1,1.099817199463084,-35.50421283495764
5,MG2,82,2,1.0110006358996264,-154.29100539509662
5,MG2,82,3,1.1039277819850282,84.60158509276998
5,MG2,84,3,1.1012949809957093,84.60765523200624
5,MG2,83,1,1.1010231421085386,-35.52170663779947
5,MG2,83,2,1.012035793137007,-154.32119109965453
5,MG2,83,3,1.1049899857670789,84.56257496608663
5,MG2,85,3,1.1005438207066014,84.59485930276212
5,MG2,87,1,1.0938012526358498,-35.38273175161947
5,MG2,87,2,1.0046415033177296,-154.2547741658893
5,MG2,87,3,1.1008375364436591,84.80091731626702
5,MG2,88,1,1.093949457702199,-35.40932722467926
5,MG2,89,1,1.0934623521772162,-35.376277896951464
5,MG2,89,2,1.0045794607822291,-154.29112091510223
5,MG2,89,3,1.1012838520542554,84.79325897667687
5,MG2,90,2,1.0047350506514403,-154.32984183442682
5,MG2,91,1,1.0933213444898717,-35.37013838514116
5,MG2,91,2,1.0043134966435334,-154.3026996991472
5,MG2,91,3,1.1015928485264999,84.77977849619298
5,MG2,92,3,1.1018486063812862,84.73418167803852
5,MG2,94,1,1.0926952727760144,-35.38097356705195
5,MG2,95,1,1.0931038243989557,-35.36785694473557
5,MG2,95,2,1.0039676562356195,-154.32401958049581
5,MG2,95,3,1.1017691088823398,84.78175523463769
5,MG2,96,2,1.0038065571063626,-154.32703082713905
5,FEEDER,98,1,1.092458092209431,-35.375898913463104
5,FEEDER,98,2,1.0044207725210184,-154.08120646214041
5,FEEDER,98,3,1.0972001472665551,84.82537661417803
5,FEEDER,99,1,1.092577166139836,-35.371698189867196
5,FEEDER,99,2,1.004095020991259,-154.0846766225398
5,FEEDER,99,3,1.0970556661584603,84.81065784805585
5,FEEDER,100,1,1.092657041320373,-35.37302859467872
5,FEEDER,100,2,1.0040710672984106,-154.07929523927015
5,FEEDER,100,3,1.0968897422137989,84.80372063215502
5,FEEDER,450,1,1.0926570952045767,-35.37302994089523
5,FEEDER,450,2,1.0040711204200456,-154.07929649829828
5,FEEDER,450,3,1.0968897921310412,84.80371906766813
5,MG4,197,1,1.0925367790892808,-35.37208395473235
5,MG4,197,2,1.004523893329234,-154.07820394176653
5,MG4,197,3,1.0972867656265206,84.82918563749878
5,MG4,105,1,1.0906779317823014,-35.48957022556652
5,MG4,105,2,1.002219253717268,-154.19356002472412
5,MG4,105,3,1.0956903326836387,84.72748405142728
5,MG4,108,1,1.089529498044601,-35.562499954662876
5,MG4,108,2,1.0007945926090516,-154.2652364606344
5,MG4,108,3,1.0947037772284005,84.66437807096219
5,MG4,300,1,1.0925368632620298,-35.372086058243916
5,MG4,300,2,1.004523976374919,-154.07820590955808
5,MG4,300,3,1.0972868436542336,84.82918319367106
5,MG3,135,1,0.9968919352517603,-34.194844746554956
5,MG3,135,2,1.012321459284299,-153.1462096808943
5,MG3,135,3,1.000180211902096,86.05778018687563
5,FEEDER,152,1,1.000948040982789,-33.913848494652676
5,FEEDER,152,2,1.0150149751075852,-152.93441650426362
5,FEEDER,152,3,1.0057202433673826,86.24951206126913
5,FEEDER,160r,1,1.0938424562993563,-35.14395578912381
5,FEEDER,160r,2,1.0067912230417895,-153.83830483437717
5,FEEDER,160r,3,1.0991950640268746,85.04798225565266
5,FEEDER,160,1,0.9943976777717916,-35.142630348718974
5,FEEDER,160,2,1.0067879665371062,-153.83718664309106
5,FEEDER,160,3,0.9992626217912971,85.04926136157083
5,FEEDER,61s,1,0.9943977810597509,-35.142630104520435
5,FEEDER,61s,2,1.006788055697017,-153.83718667541152
5,FEEDER,61s,3,0.9992627228923247,85.04926189338507
5,FEEDER,610,1,1.1441481788945955,-34.76825173267043
5,FEEDER,610,2,1.156703070126279,-154.15656425476539
5,FEEDER,610,3,1.1610962254729063,85.00271117217028
5,FEEDER,x1,1,1.0036309943302906,-33.270260677553146
5,FEEDER,x2,2,1.0115170919191894,-152.60382299901923
5,FEEDER,x4,3,1.0057257169961722,86.81008367127706
5,FEEDER,x5,3,1.0053801486670542,86.80317129029692
5,FEEDER,x6,3,1.005079203336254,86.79713220769844
5,FEEDER,x7,1,0.999475157340192,-33.59935252619583
5,FEEDER,x9,1,0.9961962999555505,-33.82870404392257
5,FEEDER,x10,1,0.9954430044748743,-33.8427154528784
5,FEEDER,x11,1,0.9953462696398115,-33.84424885351908
5,FEEDER,x12,2,1.0089066903916533,-152.94813748913458
5,FEEDER,x16,3,0.9970292863835686,86.01638908464581
5,FEEDER,x17,3,0.9972353574262198,86.0202787189182
5,FEEDER,x19,1,0.9885433300813576,-34.42421255137667
5,FEEDER,x20,1,0.9882943952943049,-34.4281326652167
5,MG1,x22,2,0.9993348445202062,-153.50000669059855
5,MG1,x24,3,0.9864346772666228,85.68421279729331
5,MG1,x28,1,0.9843161980247794,-34.59141946753845
5,MG1,x29,1,0.9964578304831108,-34.24868373402161
5,MG1,x29,2,0.0,0.0
5,MG1,x30,3,0.9862075725403645,85.67165079842555
5,MG1,x31,3,0.9864140327512982,85.86963320872525
5,MG1,x32,3,0.9862907169064741,85.86729475274592
5,MG1,x33,1,0.9956026328080211,-34.61864112783248
5,FEEDER,x34,3,0.997595591063316,86.0273229502453
5,FEEDER,x52,1,0.9907814861357285,-34.410243602628874
5,FEEDER,x53,1,0.989711109133228,-34.54509496434175
5,FEEDER,x55,1,0.9891838002295369,-34.62303323259471
5,FEEDER,x56,2,1.0088348527419972,-153.39393802264115
5,FEEDER,x58,2,1.0065835288300748,-153.57468103604074
5,FEEDER,x59,2,1.0026730654178693,-153.68418494258026
5,FEEDER,x60,1,0.9865465309866579,-35.363275923171734
5,FEEDER,x62,3,0.9907645927212985,84.83252071308867
5,FEEDER,x63,1,0.9860918988533156,-35.357812507846766
5,FEEDER,x64,2,0.9981092259844684,-154.0252730249041
5,FEEDER,x65,1,1.1402387050921436,-65.13243010021597
5,FEEDER,x65,2,1.1398016380921858,175.6411909818849
5,FEEDER,x65,3,1.153324726019184,55.27311069538991
5,FEEDER,x66,3,0.988256011302813,84.82682241368012
5,FEEDER,x68,1,1.0852394127503158,-35.51818478633851
5,FEEDER,x69,1,1.0845529579856044,-35.529971340521726
5,FEEDER,x70,1,1.0840663341301726,-35.53833396862793
5,FEEDER,x71,1,1.0837918492401504,-35.54305334096292
5,MG2,x73,3,1.0848119437780437,84.55105626179595
5,MG2,x74,3,1.082469747570839,84.50002883760459
5,MG2,x75,3,1.0830450403988467,84.5204916516263
5,MG2,x76,1,1.2558799873501585,-65.55972687820345
5,MG2,x76,2,1.1926476711052456,173.73140707423255
5,MG2,x76,3,1.2123692775904864,56.683882886950165
5,MG2,x77,2,0.9948329840803422,-154.5063979596274
5,MG2,x79,1,1.08243808222962,-35.75978912380372
5,MG2,x80,2,0.9969445904026415,-154.58205727205123
5,MG2,x82,1,1.0878117213790408,-35.81120745428429
5,MG2,x83,1,0.0,0.0
5,MG2,x83,3,1.1048380591401452,84.56400759329186
5,MG2,x84,3,1.0892733243427477,84.30066196775135
5,MG2,x85,3,1.088530363653858,84.28786603979972
5,MG2,x86,2,0.9927719316470297,-154.53675663619939
5,MG2,x87,2,0.9924151810553766,-154.59759751094475
5,MG2,x88,1,1.0820080315739682,-35.71632186552615
5,MG2,x90,2,0.9925905770480864,-154.67030509168566
5,MG2,x92,3,1.0898209052903365,84.42718840091129
5,MG2,x94,1,1.0807675374487211,-35.687968229579425
5,MG2,x95,2,0.9917331246488715,-154.66730997223132
5,MG2,x96,2,0.9915700587805394,-154.67043308505143
5,FEEDER,x98,1,1.0848088105781326,-35.570988799356726
5,FEEDER,x99,2,0.9963191279808697,-154.3009969958016
5,FEEDER,x100,3,1.0884427619546377,84.58863977765508
6,FEEDER,sourcebus,1,0.9992261342269181,-0.08545736175419573
6,FEEDER,sourcebus,2,0.9994454848555347,-120.09060237993471
6,FEEDER,sourcebus,3,0.9992581113213537,119.90107765604404
6,FEEDER,150,1,0.9823143013367807,-32.78602712665312
6,FEEDER,150,2,0.987431114645083,-152.25428566113283
6,FEEDER,150,3,0.984645076774557,87.26752879524416
6,FEEDER,150r,1,1.013010306242528,-32.786377605473064
6,FEEDER,150r,2,1.0182874641943382,-152.25456543402782
6,FEEDER,150r,3,1.0154141659389218,87.2671881062166
6,MG3,40,1,0.9870422781523277,-34.626709883778815
6,MG3,40,2,1.0052365986870064,-153.46407845402393
6,MG3,40,3,0.9912289110972646,85.6417805824669
6,MG3,401,1,0.9870422781523277,-34.626709883778815
6,MG3,401,2,1.0052365986870064,-153.46407845402393
6,MG3,401,3,0.9912289110972646,85.6417805824669
6,MG4,101,1,1.081819164087424,-35.71322923893744
6,MG4,101,2,0.9963300473025367,-154.35117631058458
6,MG4,101,3,1.0875009057216185,84.48649872843392
6,MG4,1011,1,1.081819164087424,-35.71322923893744
6,MG4,1011,2,0.9963300473025367,-154.35117631058458
6,MG4,1011,3,1.0875009057216185,84.48649872843392
6,MG1,30,1,0.9899800115821454,-34.523210823010864
6,MG1,30,2,1.0082764214079436,-153.27676396860835
6,MG1,30,3,0.9915600435103601,85.77176477566466
6,MG1,301,1,0.9899800115821454,-34.523210823010864
6,MG1,301,2,1.0082764214079436,-153.27676396860835
6,MG1,301,3,0.9915600435103601,85.77176477566466
6,MG2,93,1,1.0830728033852304,-35.63640878751294
6,MG2,93,2,0.9967541877036246,-154.53820065983047
6,MG2,93,3,1.0929216497688015,84.50795609042562
6,MG2,931,1,1.0830728033852304,-35.63640878751294
6,MG2,931,2,0.9967541877036246,-154.53820065983047
6,MG2,931,3,1.0929216497688015,84.50795609042562
6,MG2,77,1,1.0855326979656659,-35.67712340997687
6,MG2,77,2,0.9999512762031559,-154.37707548841612
6,MG2,77,3,1.0915151802308707,84.48855756844068
6,MG2,771,1,1.0855326979656659,-35.67712340997687
6,MG2,771,2,0.9999512762031559,-154.37707548841612
6,MG2,771,3,1.0915151802308707,84.48855756844068
6,FEEDER,149,1,1.0130101375531986,-32.786375677177624
6,FEEDER,149,2,1.0182873288851135,-152.2545641760013
6,FEEDER,149,3,1.0154140016305244,87.26718965296925
6,FEEDER,1,1,1.0065966672464433,-33.25132125073852
6,FEEDER,1,2,1.0157724081915858,-152.5310310315361
6,FEEDER,1,3,1.0097477217123607,86.84593852353413
6,FEEDER,2,2,1.0156709628787606,-152.53290044120894
6,FEEDER,3,3,1.0090178699398078,86.83241270047898
6,FEEDER,7,1,1.0018286616563379,-33.59461619455897
6,FEEDER,7,2,1.0139341896067744,-152.7460061314539
6,FEEDER,7,3,1.0059435627733806,86.54360419086677
6,FEEDER,4,3,1.008784417106184,86.82808131775026
6,FEEDER,5,3,1.008448454134482,86.82184887366418
6,FEEDER,6,3,1.008156446497502,86.81642784725607
6,FEEDER,8,1,0.9987287849976293,-33.82247771974528
6,FEEDER,8,2,1.012683547278777,-152.8892433599666
6,FEEDER,8,3,1.003428286168639,86.33926112699528
6,FEEDER,12,2,1.0125527211651748,-152.8916618500627
6,FEEDER,9,1,0.9980720438927473,-33.834784716935125
6,FEEDER,13,1,0.9945599075767119,-34.148616989504845
6,FEEDER,13,2,1.010659399864248,-153.09697324407554
6,FEEDER,13,3,0.9996762634781852,86.02020355532386
6,FEEDER,9r,1,0.9980713671716575,-33.83485977443706
6,FEEDER,14,1,0.9973322712457046,-33.84872382958181
6,FEEDER,34,3,0.9992373425599425,86.01198394636681
6,FEEDER,18,1,0.9901209671320067,-34.45516026529623
6,FEEDER,18,2,1.0078280911272146,-153.31627356129354
6,FEEDER,18,3,0.9935589796239361,85.81801325937643
6,FEEDER,11,1,0.9970434824250005,-33.85414485598994
6,FEEDER,10,1,0.9971862953593212,-33.851464716803726
6,FEEDER,15,3,0.9990605050584038,86.00867025226816
6,FEEDER,16,3,0.9986183607313408,86.0003823941529
6,FEEDER,17,3,0.9988542282097665,86.00480316484247
6,FEEDER,19,1,0.9895315752159762,-34.46630715786208
6,FEEDER,20,1,0.9891520657520283,-34.47348932361711
6,MG1,21,1,0.9901209607047274,-34.45515996212718
6,MG1,21,2,1.0078280897455278,-153.3162734158171
6,MG1,21,3,0.9935589704864083,85.8180136396928
6,MG1,22,2,1.0068289166452193,-153.3348684826848
6,MG1,23,1,0.9900061583368988,-34.47954845915099
6,MG1,23,2,1.0080307345045159,-153.30180630897132
6,MG1,23,3,0.9929079084722812,85.80748842604135
6,MG1,24,3,0.9918301166605364,85.78713551878356
6,MG1,25,1,0.9897042003018641,-34.507405596524414
6,MG1,25,2,1.0082510077348135,-153.2963629729208
6,MG1,25,3,0.9924227567837313,85.80542395736423
6,MG1,25r,1,1.002074738347893,-34.50749005430035
6,MG1,25r,3,0.9862197357720883,85.80538147754189
6,MG1,26,1,1.0018140140552523,-34.524897626848976
6,MG1,26,3,0.9860189547196586,85.80602772490681
6,MG1,28,1,0.9896224341038979,-34.51789792514616
6,MG1,28,2,1.0083268389027462,-153.29312652185553
6,MG1,28,3,0.9921975326020644,85.80230121249
6,MG1,27,1,1.0015501221274012,-34.53743454333638
6,MG1,27,3,0.9859965728047977,85.81295989600899
6,MG1,31,3,0.9857972520297517,85.80182833436695
6,MG1,33,1,1.0005920103485326,-34.555375545330214
6,MG1,29,1,0.9897857918051988,-34.520355132386634
6,MG1,29,2,1.00830394701097,-153.2856059730481
6,MG1,29,3,0.991903557398158,85.78825377110262
6,MG1,250,1,0.9899800143798222,-34.5232109198114
6,MG1,250,2,1.0082764244907114,-153.27676405342004
6,MG1,250,3,0.9915600467904077,85.77176469641896
6,MG1,32,3,0.9856494374601718,85.79902789415978
6,MG3,35,1,0.9883472412273556,-34.56111038389313
6,MG3,35,2,1.0060963112610652,-153.40192069109918
6,MG3,35,3,0.9922600595259855,85.71292517587693
6,MG3,42,1,0.9857386021207978,-34.692482733730046
6,MG3,42,2,1.0043780622927605,-153.52634225585555
6,MG3,42,3,0.9901992847518941,85.57048819022596
6,MG3,44,1,0.9846965914329364,-34.74522617291073
6,MG3,44,2,1.0036920820683632,-153.57622973018852
6,MG3,44,3,0.9893766827884524,85.51334769858887
6,MG3,151,1,0.9883472463586523,-34.56111050933853
6,MG3,151,2,1.0060963157236986,-153.40192084001794
6,MG3,151,3,0.9922600642339382,85.71292504332389
6,FEEDER,52,1,0.9916592804003951,-34.432676139330454
6,FEEDER,52,2,1.009132424137527,-153.30045494738422
6,FEEDER,52,3,0.9977767928134388,85.73859774011886
6,FEEDER,53,1,0.9903368566757232,-34.56959740897661
6,FEEDER,53,2,1.0083069623475294,-153.40136678618845
6,FEEDER,53,3,0.996846538412788,85.5943080330129
6,FEEDER,54,1,0.989587543646516,-34.65177392440438
6,FEEDER,54,2,1.0077508506652095,-153.46385406594868
6,FEEDER,54,3,0.9962748110143425,85.50205757538923
6,FEEDER,55,1,0.9894953929041335,-34.65294235198087
6,FEEDER,55,2,1.0077142239698245,-153.46820542608324
6,FEEDER,55,3,0.9963068943140027,85.50342085683076
6,FEEDER,57,1,0.988375716194619,-34.88942877644488
6,FEEDER,57,2,1.0052400705468052,-153.65105896834763
6,FEEDER,57,3,0.9947860066067784,85.26855108947338
6,FEEDER,56,1,0.9894821744045076,-34.65031536094645
6,FEEDER,56,2,1.0076332887319712,-153.47184620120993
6,FEEDER,56,3,0.996345771480108,85.50273357396546
6,FEEDER,58,2,1.0049456399730525,-153.65648586916092
6,FEEDER,60,1,0.9858804801496827,-35.41216020628181
6,FEEDER,60,2,1.0003366982373654,-154.03424972947008
6,FEEDER,60,3,0.9914006460885125,84.76923580261153
6,FEEDER,59,2,1.004799167574933,-153.6592150882578
6,FEEDER,61,1,0.9858805035116792,-35.41216087676383
6,FEEDER,61,2,1.0003367191713963,-154.0342504077135
6,FEEDER,61,3,0.9914006696870679,84.7692352137056
6,FEEDER,62,1,0.9855919655218269,-35.410262740598206
6,FEEDER,62,2,0.9998058445678436,-154.0251555561554
6,FEEDER,62,3,0.9904749293661392,84.76731708035844
6,FEEDER,63,1,0.9853631598566424,-35.405806788033075
6,FEEDER,63,2,0.999400925129656,-154.0220303422964
6,FEEDER,63,3,0.9900162391638179,84.76578850055718
6,FEEDER,64,1,0.9852997963859689,-35.39726884331945
6,FEEDER,64,2,0.9985237280626456,-154.00891361885428
6,FEEDER,64,3,0.9890292379683568,84.756723743251
6,FEEDER,65,1,0.9850892361764311,-35.40256879856365
6,FEEDER,65,2,0.9983227920898661,-153.9936005377582
6,FEEDER,65,3,0.9876642558548541,84.76026941261085
6,FEEDER,66,1,0.9851900429213643,-35.41358084920602
6,FEEDER,66,2,0.9984365664385149,-153.9818085756403
6,FEEDER,66,3,0.9869877939081876,84.75990427285738
6,FEEDER,67,1,1.0838498764268172,-35.58758289204314
6,FEEDER,67,2,0.9988931022963703,-154.2237415834811
6,FEEDER,67,3,1.089217887318026,84.59713838358904
6,FEEDER,68,1,1.0831660684121436,-35.59936544833812
6,FEEDER,97,1,1.0827932370605702,-35.65230245646371
6,FEEDER,97,2,0.9975565658251941,-154.28900060905724
6,FEEDER,97,3,1.0883150052818251,84.53987232502843
6,FEEDER,69,1,1.082382723797799,-35.61287916666878
6,FEEDER,70,1,1.0818274376002406,-35.622468037681664
6,FEEDER,71,1,1.0815142296069225,-35.62787991953734
6,MG2,72,1,1.0838498542592434,-35.58758440213806
6,MG2,72,2,0.9988930764508691,-154.22374277447923
6,MG2,72,3,1.0892178589992259,84.59713691905141
6,MG2,73,3,1.087626307265587,84.56975585942497
6,MG2,76,1,1.0841677730574197,-35.628331067412226
6,MG2,76,2,0.9987983738795,-154.30059175251643
6,MG2,76,3,1.0901426995729389,84.55759728216366
6,MG2,74,3,1.0862548805960295,84.54610930840359
6,MG2,75,3,1.085508944447656,84.53322399681433
6,MG2,86,1,1.0840179055260901,-35.62759245623528
6,MG2,86,2,0.9978463209211453,-154.40259304528902
6,MG2,86,3,1.0915679439063652,84.54700574836839
6,MG2,78,1,1.0858835850941448,-35.69160994371728
6,MG2,78,2,1.0003367844338318,-154.39161749078622
6,MG2,78,3,1.09181173265244,84.4720559677716
6,MG2,79,1,1.0856523981023494,-35.70174851428473
6,MG2,79,2,1.0004365345317294,-154.39373287969383
6,MG2,79,3,1.0917761889077642,84.478882799631
6,MG2,80,1,1.0880389023427262,-35.73890492444219
6,MG2,80,2,1.0019581235824697,-154.45609388047484
6,MG2,80,3,1.0932970211758406,84.37940979644588
6,MG2,81,1,1.0888497856100599,-35.760301432550605
6,MG2,81,2,1.0027251802492558,-154.47186509139908
6,MG2,81,3,1.09376317023618,84.34661168336102
6,MG2,82,1,1.0898095946932511,-35.788122140104086
6,MG2,82,2,1.0038551000740998,-154.50424968249172
6,MG2,82,3,1.0947794214908397,84.3144963724323
6,MG2,84,3,1.0918648613456499,84.31406111508753
6,MG2,83,1,1.091003896904315,-35.805656669676125
6,MG2,83,2,1.0048841728133735,-154.5344329759436
6,MG2,83,3,1.0958323113024433,84.27554950865361
6,MG2,85,3,1.0909746001307994,84.2987615581799
6,MG2,87,1,1.0838245735605678,-35.644284216263024
6,MG2,87,2,0.9973164225833613,-154.47333861908263
6,MG2,87,3,1.0921232023133765,84.52656715475312
6,MG2,88,1,1.0839181081222145,-35.67180220852649
6,MG2,89,1,1.083461607384202,-35.63775325277331
6,MG2,89,2,0.9971750481787477,-154.51323652054663
6,MG2,89,3,1.0925624100401183,84.5176663642099
6,MG2,90,2,0.9972471770641839,-154.55349718216831
6,MG2,91,1,1.0833034347128594,-35.63242640497018
6,MG2,91,2,0.9968828399972962,-154.5259899478424
6,MG2,91,3,1.0928483319817013,84.50344635993325
6,MG2,92,3,1.0930098713615075,84.45626954540467
6,MG2,94,1,1.0825613671823775,-35.64526914967338
6,MG2,95,1,1.0830446325076426,-35.629436350708396
6,MG2,95,2,0.9964620046415664,-154.55194768857203
6,MG2,95,3,1.093062445480954,84.5057297383891
6,MG2,96,2,0.9962669490910717,-154.55561829104303
6,FEEDER,98,1,1.082703740203473,-35.65660227584657
6,FEEDER,98,2,0.9974367951582586,-154.29257062223851
6,FEEDER,98,3,1.08821835927512,84.53549666639789
6,FEEDER,99,1,1.0828379974558326,-35.65165769978982
6,FEEDER,99,2,0.9970618936415248,-154.29681642000497
6,FEEDER,99,3,1.0880579206857746,84.5186295194191
6,FEEDER,100,1,1.0829286188243743,-35.65317820467606
6,FEEDER,100,2,0.9970347913440457,-154.29066707198223
6,FEEDER,100,3,1.087869781657876,84.51068789241023
6,FEEDER,450,1,1.0829286722231817,-35.65317955153356
6,FEEDER,450,2,0.9970348441009819,-154.29066833134894
6,FEEDER,450,3,1.087869831156954,84.51068632810694
6,MG4,197,1,1.0827931946728793,-35.652301774845625
6,MG4,197,2,0.9975565222492326,-154.28899984823659
6,MG4,197,3,1.088314962650151,84.53987300596765
6,MG4,105,1,1.080749133998013,-35.780375905837104
6,MG4,105,2,0.9949822716329297,-154.41974708897126
6,MG4,105,3,1.0866065236535052,84.4276950637316
6,MG4,108,1,1.0794864545475815,-35.859902136206244
6,MG4,108,2,0.9933912725582402,-154.50102464235366
6,MG4,108,3,1.0855509898590807,84.3580754651621
6,MG4,300,1,1.0827932780844027,-35.65230387937917
6,MG4,300,2,0.9975566047316972,-154.28900181663312
6,MG4,300,3,1.0883150400281576,84.53987056252812
6,MG3,135,1,0.9901209214297872,-34.455159457369646
6,MG3,135,2,1.0078280462836726,-153.31627278395257
6,MG3,135,3,0.9935589341408938,85.81801406137072
6,FEEDER,152,1,0.9945598085291527,-34.14861692033567
6,FEEDER,152,2,1.010659313442344,-153.0969731070053
6,FEEDER,152,3,0.9996761684577601,86.02020329035642
6,FEEDER,160r,1,1.0844716410111683,-35.41357085528329
6,FEEDER,160r,2,1.0003382316050455,-154.03544811411678
6,FEEDER,160r,3,1.0905451135463151,84.76787285001377
6,FEEDER,160,1,0.9858803960545246,-35.41216079814572
6,FEEDER,160,2,1.0003366257347561,-154.03425005241795
6,FEEDER,160,3,0.9914005644011114,84.76923497972189
6,FEEDER,61s,1,0.9858805035116791,-35.41216087676349
6,FEEDER,61s,2,1.0003367191713968,-154.03425040771316
6,FEEDER,61s,3,0.9914006696870679,84.76923521370593
6,FEEDER,610,1,1.134401550909204,-35.002475160092644
6,FEEDER,610,2,1.1486581959052433,-154.36738473244583
6,FEEDER,610,3,1.1525359783901792,84.7032492194548
6,FEEDER,x1,1,0.997706982265869,-33.49873192828557
6,FEEDER,x2,2,1.0068598744051096,-152.77584244560484
6,FEEDER,x4,3,0.9999137735550451,86.58175794532451
6,FEEDER,x5,3,0.9995721305232169,86.57528069582222
6,FEEDER,x6,3,0.9992799844924336,86.56978285046627
6,FEEDER,x7,1,0.9928971526406442,-33.84442224017658
6,FEEDER,x9,1,0.9891072876746417,-34.08650255251249
6,FEEDER,x10,1,0.9883114242598451,-34.10083350462213
6,FEEDER,x11,1,0.9882648661498246,-34.10078985277973
6,FEEDER,x12,2,1.0037148783797956,-153.13612324968173
6,FEEDER,x16,3,0.98965841010054,85.74894259695473
6,FEEDER,x17,3,0.9898963704352516,85.75348384925648
6,FEEDER,x19,1,0.9804902522092416,-34.72245357656369
6,FEEDER,x20,1,0.9802782267798011,-34.724895060879994
6,MG1,x22,2,0.9923770476892234,-153.74006782785418
6,MG1,x24,3,0.976950719515388,85.36343190249177
6,MG1,x28,1,0.9750730606256319,-34.93303600776605
6,MG1,x29,1,0.9896497047648883,-34.51892250518141
6,MG1,x29,2,0.0,0.0
6,MG1,x30,3,0.9766765302757606,85.3478259952958
6,MG1,x31,3,0.9783071926146882,85.58968968023345
6,MG1,x32,3,0.978158276781523,85.58682469562184
6,MG1,x33,1,0.9860414166071003,-34.96594662787857
6,FEEDER,x34,3,0.9904394101198996,85.76533894957703
6,FEEDER,x52,1,0.9826371616419445,-34.68770839756425
6,FEEDER,x53,1,0.9813028119289433,-34.82532127527581
6,FEEDER,x55,1,0.980783234895505,-34.89958734877066
6,FEEDER,x56,2,1.0031453182632104,-153.59402975396196
6,FEEDER,x58,2,1.0004410533483314,-153.7794836553671
6,FEEDER,x59,2,0.9958940436162175,-153.90751685545538
6,FEEDER,x60,1,0.9768059988916294,-35.67023547327872
6,FEEDER,x62,3,0.9817541468843771,84.52067208356864
6,FEEDER,x63,1,0.9762839595114219,-35.664157123153956
6,FEEDER,x64,2,0.9904130226141392,-154.25167982521182
6,FEEDER,x65,1,1.129217856680171,-65.41942508907998
6,FEEDER,x65,2,1.1298485357738686,175.43329371468883
6,FEEDER,x65,3,1.1440602909283752,54.97969909366701
6,FEEDER,x66,3,0.9787107252794386,84.50908942823133
6,FEEDER,x68,1,1.0744959570860848,-35.823128283110925
6,FEEDER,x69,1,1.0737188826895516,-35.83664200142196
6,FEEDER,x70,1,1.0731680412348843,-35.84623087242088
6,FEEDER,x71,1,1.072857340289297,-35.85164275426866
6,MG2,x73,3,1.073435882377845,84.20187298473238
6,MG2,x74,3,1.0706629434479662,84.14090996323422
6,MG2,x75,3,1.071346145105127,84.16534112232895
6,MG2,x76,1,1.2430830070460412,-65.8974989202438
6,MG2,x76,2,1.180474208428418,173.49711104826903
6,MG2,x76,3,1.2019044928227265,56.393290176534656
6,MG2,x77,2,0.9851952975697167,-154.793777416321
6,MG2,x79,1,1.0700691088962582,-36.106947859454095
6,MG2,x80,2,0.9872321469658163,-154.87109698091464
6,MG2,x82,1,1.0755907014895612,-36.15600549727514
6,MG2,x83,1,0.0,0.0
6,MG2,x83,3,1.0956816437770487,84.27698213585884
6,MG2,x84,3,1.077619134622277,83.94617824248185
6,MG2,x85,3,1.0767404887755174,83.93087868569972
6,MG2,x86,2,0.9830587574301924,-154.82108749975043
6,MG2,x87,2,0.9825208962959661,-154.89228585360402
6,MG2,x88,1,1.0697760819941835,-36.03968557313824
6,MG2,x90,2,0.9826972515630672,-154.96544206752674
6,MG2,x92,3,1.0787492051760272,84.08838667427773
6,MG2,x94,1,1.068437042734361,-36.01315252290266
6,MG2,x95,2,0.9816536122342054,-154.97162676648227
6,MG2,x96,2,0.981455615402596,-154.97546473209272
6,FEEDER,x98,1,1.0740373297039092,-35.880365119905775
6,FEEDER,x99,2,0.9880885196382029,-154.54904181817068
6,FEEDER,x100,3,1.078291471846045,84.26404289562045
7,FEEDER,sourcebus,1,0.999109145914769,-0.08498196088286601
7,FEEDER,sourcebus,2,0.9993454292274814,-120.09101350623622
7,FEEDER,sourcebus,3,0.9991362108127387,119.90026747076251
7,FEEDER,150,1,0.978984492670365,-32.82477392988447
7,FEEDER,150,2,0.9847912084060105,-152.25054833951387
7,FEEDER,150,3,0.9814854584712105,87.22667468594811
7,FEEDER,150r,1,1.0095760476778455,-32.82513304232469
7,FEEDER,150r,2,1.0155647374006418,-152.2508304964616
7,FEEDER,150r,3,1.0121554360310616,87.22632544358149
7,MG3,40,1,0.9813144677385875,-34.68149059389916
7,MG3,40,2,1.001349938363151,-153.43237491603267
7,MG3,40,3,0.9855041049096966,85.60481431001837
7,MG3,401,1,0.9813144677385875,-34.68149059389916
7,MG3,401,2,1.001349938363151,-153.43237491603267
7,MG3,401,3,0.9855041049096966,85.60481431001837
7,MG4,101,1,1.0738319906566536,-35.733573826977285
7,MG4,101,2,0.9903227489687346,-154.3208569373155
7,MG4,101,3,1.079930387905294,84.44188883460482
7,MG4,1011,1,1.0738319906566536,-35.733573826977285
7,MG4,1011,2,0.9903227489687346,-154.3208569373155
7,MG4,1011,3,1.079930387905294,84.44188883460482
7,MG1,30,1,0.9846871330003615,-34.55185204913457
7,MG1,30,2,1.0048618910239275,-153.20056028697627
7,MG1,30,3,0.9859373412840337,85.76495321153381
7,MG1,301,1,0.9846871330003615,-34.55185204913457
7,MG1,301,2,1.0048618910239275,-153.20056028697627
7,MG1,301,3,0.9859373412840337,85.76495321153381
7,MG2,93,1,1.074901150625538,-35.625609462712625
7,MG2,93,2,0.990413536121893,-154.50859320054124
7,MG2,93,3,1.0857143985095306,84.488620126475
7,MG2,931,1,1.074901150625538,-35.625609462712625
7,MG2,931,2,0.990413536121893,-154.50859320054124
7,MG2,931,3,1.0857143985095306,84.488620126475
7,MG2,77,1,1.0775151283553819,-35.68615955388261
7,MG2,77,2,0.9939806858789222,-154.33703454938345
7,MG2,77,3,1.084024951406296,84.45655076352628
7,MG2,771,1,1.0775151283553819,-35.68615955388261
7,MG2,771,2,0.9939806858789222,-154.33703454938345
7,MG2,771,3,1.084024951406296,84.45655076352628
7,FEEDER,149,1,1.009575875319671,-32.825130503028504
7,FEEDER,149,2,1.015564601216734,-152.25082873973588
7,FEEDER,149,3,1.0121552680428905,87.22632756768913
7,FEEDER,1,1,1.0025525266948359,-33.28996510257529
7,FEEDER,1,2,1.0127464356258031,-152.5184874446274
7,FEEDER,1,3,1.0058174162609146,86.80722491412453
7,FEEDER,2,2,1.0126316833562627,-152.52061159451162
7,FEEDER,3,3,1.0049951832934323,86.79190749241974
7,FEEDER,7,1,0.9973277921783275,-33.63230227921757
7,FEEDER,7,2,1.0106835313326685,-152.72778262120633
7,FEEDER,7,3,1.0015607766288963,86.50831729659295
7,FEEDER,4,3,1.0047308243675912,86.78697586632653
7,FEEDER,5,3,1.004355910564474,86.77998430774548
7,FEEDER,6,3,1.0040286454840603,86.77387568094922
7,FEEDER,8,1,0.9939310303645364,-33.85931181201901
7,FEEDER,8,2,1.0092782611729896,-152.8672036833776
7,FEEDER,8,3,0.9987441379837559,86.30590672925402
7,FEEDER,12,2,1.0091302137723752,-152.86995382901563
7,FEEDER,9,1,0.9931911137857725,-33.87326181664193
7,FEEDER,13,1,0.9893737013203263,-34.182007244575544
7,FEEDER,13,2,1.0070016879249948,-153.0682209560063
7,FEEDER,13,3,0.9945389489390525,85.98811817178952
7,FEEDER,9r,1,0.9931903549132457,-33.873346471688066
7,FEEDER,14,1,0.9923610785939079,-33.88899879439133
7,FEEDER,34,3,0.9940437548036928,85.97878481233386
7,FEEDER,18,1,0.9846926810707848,-34.49203307020739
7,FEEDER,18,2,1.0041797546146694,-153.27020031288646
7,FEEDER,18,3,0.9880648040554293,85.79878864425267
7,FEEDER,11,1,0.9920377219782212,-33.895107421187596
7,FEEDER,10,1,0.9921966294442587,-33.89210618824262
7,FEEDER,15,3,0.9938432382758371,85.97500295733562
7,FEEDER,16,3,0.9933418893540157,85.96554315179712
7,FEEDER,17,3,0.9936093479098695,85.97058923580657
7,FEEDER,19,1,0.984026393281546,-34.50471962723304
7,FEEDER,20,1,0.9835988533707745,-34.51286672753832
7,MG1,21,1,0.9846926798142791,-34.49203271103903
7,MG1,21,2,1.004179759204115,-153.2702001413453
7,MG1,21,3,0.9880647994568258,85.79878909917691
7,MG1,22,2,1.0030087141669828,-153.29203739687097
7,MG1,23,1,0.9846211018091034,-34.51251215211751
7,MG1,23,2,1.0044805644500172,-153.24388328480265
7,MG1,23,3,0.9873914444233275,85.79485015479149
7,MG1,24,3,0.9861089628450623,85.77055034364251
7,MG1,25,1,0.9843188259693586,-34.53830786942863
7,MG1,25,2,1.0047932404090651,-153.2296203320857
7,MG1,25,3,0.9869015308566523,85.79976997847474
7,MG1,25r,1,0.9966219085362783,-34.53840797634483
7,MG1,25r,3,0.9807329475748793,85.7997192741599
7,MG1,26,1,0.9963147970997522,-34.559037494853456
7,MG1,26,3,0.980495275515692,85.80041907664074
7,MG1,28,1,0.9842612133114469,-34.54549313262055
7,MG1,28,2,1.0049213036620845,-153.22010865702072
7,MG1,28,3,0.9866962023068181,85.80146625490903
7,MG1,27,1,0.9960034347928448,-34.573892714827345
7,MG1,27,3,0.9804690422224938,85.80864186914788
7,MG1,31,3,0.9802323106807712,85.79539551860869
7,MG1,33,1,0.9948733543480636,-34.59513269997269
7,MG1,29,1,0.9844561221519136,-34.54843332466148
7,MG1,29,2,1.0048942528085956,-153.21111779129916
7,MG1,29,3,0.9863461932886277,85.78466248627753
7,MG1,250,1,0.9846871357829976,-34.551852146031585
7,MG1,250,2,1.0048618940977108,-153.20056037174754
7,MG1,250,3,0.9859373445442812,85.7649531323553
7,MG1,32,3,0.9800569841176906,85.79204518501929
7,MG3,35,1,0.9827461318940683,-34.60900778850318
7,MG3,35,2,1.0022879342447903,-153.36413625607986
7,MG3,35,3,0.9866366761771792,85.68313585144146
7,MG3,42,1,0.9798843684572278,-34.75418483482313
7,MG3,42,2,1.0004133566200497,-153.5007411438863
7,MG3,42,3,0.9843733700387071,85.5263129540749
7,MG3,44,1,0.9787414203850634,-34.8124929277273
7,MG3,44,2,0.9996651120908291,-153.5555260860584
7,MG3,44,3,0.9834701086254536,85.46338218313684
7,MG3,151,1,0.9827461369964877,-34.60900791403809
7,MG3,151,2,1.0022879386926238,-153.3641364049234
7,MG3,151,3,0.9866366808571312,85.683135718955
7,FEEDER,52,1,0.9860409977678914,-34.460771357507404
7,FEEDER,52,2,1.005123287600145,-153.27290910520367
7,FEEDER,52,3,0.9922948552658044,85.70701312120731
7,FEEDER,53,1,0.9845180804195729,-34.59431719654861
7,FEEDER,53,2,1.0041131819079614,-153.37433042111124
7,FEEDER,53,3,0.9911936368620896,85.5624638493064
7,FEEDER,54,1,0.983653296863954,-34.67389888274017
7,FEEDER,54,2,1.0034360529908575,-153.43706140982405
7,FEEDER,54,3,0.9905159426353264,85.46975173120556
7,FEEDER,55,1,0.9835499440576034,-34.67518686281356
7,FEEDER,55,2,1.0033942338666337,-153.44200384580063
7,FEEDER,55,3,0.9905523076674484,85.47128431647802
7,FEEDER,57,1,0.9821377471652086,-34.90798375858877
7,FEEDER,57,2,1.0005545905546687,-153.62051429388023
7,FEEDER,57,3,0.9887670023100458,85.23463562558675
7,FEEDER,56,1,0.9835348671699138,-34.672201084643014
7,FEEDER,56,2,1.003302853738839,-153.4461467821063
7,FEEDER,56,3,0.9905962977409404,85.47050975774224
7,FEEDER,58,2,1.0002222135741012,-153.6266911727194
7,FEEDER,60,1,0.9789957668215579,-35.42511625362145
7,FEEDER,60,2,0.9949119142478425,-153.99319506154978
7,FEEDER,60,3,0.9847921084350887,84.73184891912723
7,FEEDER,59,2,1.0000562296971787,-153.62980295496024
7,FEEDER,61,1,0.9789957900227758,-35.42511692436014
7,FEEDER,61,2,0.9949119350745019,-153.9931957394553
7,FEEDER,61,3,0.9847921318720476,84.731848330433
7,FEEDER,62,1,0.9786701097954406,-35.4230583106989
7,FEEDER,62,2,0.9943165167564452,-153.98292059659445
7,FEEDER,62,3,0.9837497414100472,84.72968034173019
7,FEEDER,63,1,0.9784121480141191,-35.418097149281486
7,FEEDER,63,2,0.993862433467619,-153.97936891634183
7,FEEDER,63,3,0.9832317139700367,84.72795766313266
7,FEEDER,64,1,0.9783441701807534,-35.40859469683757
7,FEEDER,64,2,0.9928778359489642,-153.96441813969824
7,FEEDER,64,3,0.9821166738776475,84.71763258620662
7,FEEDER,65,1,0.9781115802233384,-35.41484904451606
7,FEEDER,65,2,0.9926559288648652,-153.94692983834895
7,FEEDER,65,3,0.9805746067587515,84.7215795634596
7,FEEDER,66,1,0.9782261197478231,-35.427448155947744
7,FEEDER,66,2,0.9927854185448004,-153.93346214050484
7,FEEDER,66,3,0.9798060265489357,84.72113949794074
7,FEEDER,67,1,1.076050056350576,-35.597465288922685
7,FEEDER,67,2,0.9931584806884999,-154.17823390511256
7,FEEDER,67,3,1.0817632420091692,84.56294985969797
7,FEEDER,68,1,1.075286266137302,-35.61074396514081
7,FEEDER,97,1,1.0748947338533261,-35.667621914800435
7,FEEDER,97,2,0.9916778365494501,-154.25133096778248
7,FEEDER,97,3,1.080797883798837,84.50022393170404
7,FEEDER,69,1,1.074411324323976,-35.625975505778136
7,FEEDER,70,1,1.0737911328552863,-35.63678419503482
7,FEEDER,71,1,1.0734413221236303,-35.64288506479703
7,MG2,72,1,1.0760500386865142,-35.5974666232185
7,MG2,72,2,0.9931584588970995,-154.17823484533162
7,MG2,72,3,1.0817632171712532,84.56294857837825
7,MG2,73,3,1.079904313351267,84.53079343378221
7,MG2,76,1,1.0762582593944832,-35.63413564329596
7,MG2,76,2,0.9929361150040925,-154.25495258781024
7,MG2,76,3,1.0827086298547057,84.52670883350541
7,MG2,74,3,1.078302699597992,84.50301900183341
7,MG2,75,3,1.0774315986161058,84.48787530359677
7,MG2,86,1,1.0760582344042797,-35.61450885506001
7,MG2,86,2,0.9918421012603112,-154.35436012178832
7,MG2,86,3,1.0843541571144488,84.52975988609975
7,MG2,78,1,1.0778408413888045,-35.701912526605255
7,MG2,78,2,0.9943576197289992,-154.35208417902467
7,MG2,78,3,1.0842985748530616,84.43991192708373
7,MG2,79,1,1.0775708148080523,-35.71383106186498
7,MG2,79,2,0.9944740204047317,-154.3545779536654
7,MG2,79,3,1.084257096221875,84.44793797889861
7,MG2,80,1,1.0799586517489395,-35.75146327270958
7,MG2,80,2,0.9959031180865816,-154.41817411686617
7,MG2,80,3,1.0856875777832642,84.34407775846566
7,MG2,81,1,1.0807589208204664,-35.774487770548475
7,MG2,81,2,0.9966745129229633,-154.4329844576358
7,MG2,81,3,1.086102752202093,84.31035187105678
7,MG2,82,1,1.0816702990807086,-35.80414592782757
7,MG2,82,2,0.9978159630602751,-154.46573233292216
7,MG2,82,3,1.0871050115615628,84.2794838447646
7,MG2,84,3,1.0838857718178876,84.27211137906072
7,MG2,83,1,1.082855533423352,-35.82171440856728
7,MG2,83,2,0.9988396666461276,-154.4958967694185
7,MG2,83,3,1.0881499739192806,84.2405695110529
7,MG2,85,3,1.0828461366810145,84.25413074207825
7,MG2,87,1,1.0757369130906407,-35.63216677292956
7,MG2,87,2,0.9911180222097714,-154.4361809651702
7,MG2,87,3,1.0849311030905564,84.50863069440351
7,MG2,88,1,1.0757726403760262,-35.66067287185953
7,MG2,89,1,1.0753476718334523,-35.62551641830128
7,MG2,89,2,0.9908904174571699,-154.4799613601672
7,MG2,89,3,1.0853641630978415,84.49837861065546
7,MG2,90,2,0.9908730326569523,-154.521883669827
7,MG2,91,1,1.07517091334381,-35.62105056485204
7,MG2,91,2,0.990568942394119,-154.49401524782874
7,MG2,91,3,1.085626405604804,84.48335798333503
7,MG2,92,3,1.0856880559975908,84.43448903429466
7,MG2,94,1,1.0743040118529248,-35.63602320532922
7,MG2,95,1,1.0748676722513608,-35.6172455575887
7,MG2,95,2,0.9900655276349212,-154.5250497333887
7,MG2,95,3,1.0858820108091731,84.48595385274349
7,MG2,96,2,0.989833277526443,-154.52943908518233
7,FEEDER,98,1,1.0747944564640495,-35.67239978894178
7,FEEDER,98,2,0.991541302718786,-154.25548186641444
7,FEEDER,98,3,1.0806914585266518,84.49528308484453
7,FEEDER,99,1,1.0749437262414896,-35.66670208996948
7,FEEDER,99,2,0.9911170326511126,-154.26052830221232
7,FEEDER,99,3,1.0805154934785075,84.47627229014648
7,FEEDER,100,1,1.0750450020156246,-35.668414298926315
7,FEEDER,100,2,0.9910868541109942,-154.25361226766483
7,FEEDER,100,3,1.0803052780512272,84.4673298916493
7,FEEDER,450,1,1.0750450550249653,-35.66841564626989
7,FEEDER,450,2,0.991086906556844,-154.25361352713716
7,FEEDER,450,3,1.0803053271989729,84.46732832725063
7,MG4,197,1,1.0748946878656565,-35.6676211690444
7,MG4,197,2,0.9916777886083293,-154.25133012444402
7,MG4,197,3,1.0807978375229015,84.5002246767985
7,MG4,105,1,1.0726646585732431,-35.806272274302756
7,MG4,105,2,0.9888338826760007,-154.39755610744797
7,MG4,105,3,1.0789774774304648,84.377611497646
7,MG4,108,1,1.0712872998846072,-35.89239230158818
7,MG4,108,2,0.9870765895211537,-154.48849830654413
7,MG4,108,3,1.0778530496512366,84.30150143761595
7,MG4,300,1,1.074894770665878,-35.66762327435878
7,MG4,300,2,0.9916778706113707,-154.25133209308117
7,MG4,300,3,1.0807979143555448,84.5002222333113
7,MG3,135,1,0.9846926309721695,-34.492032177978295
7,MG3,135,2,1.0041797055566801,-153.27019945803602
7,MG3,135,3,0.988064754201104,85.79878952991916
7,FEEDER,152,1,0.9893735999516784,-34.182006766160306
7,FEEDER,152,2,1.0070015991544223,-153.06822042658578
7,FEEDER,152,3,0.9945388518067554,85.98811827800075
7,FEEDER,160r,1,1.0768965928971945,-35.42654515873307
7,FEEDER,160r,2,0.9949117047360746,-153.99441121255688
7,FEEDER,160r,3,1.0832739845749664,84.73046739833849
7,FEEDER,160,1,0.978995682206593,-35.425116506104416
7,FEEDER,160,2,0.9949118410422934,-153.99319503851027
7,FEEDER,160,3,0.984792026162002,84.73184840913632
7,FEEDER,61s,1,0.9789957900227758,-35.425116924359806
7,FEEDER,61s,2,0.9949119350745019,-153.993195739455
7,FEEDER,61s,3,0.9847921318720476,84.73184833043332
7,FEEDER,610,1,1.126375566659971,-34.989255520736506
7,FEEDER,610,2,1.1420338215882038,-154.34274142809696
7,FEEDER,610,3,1.145349845523103,84.65784835734569
7,FEEDER,x1,1,0.992488027903624,-33.571893728969215
7,FEEDER,x2,2,1.0026669818997398,-152.79686700815864
7,FEEDER,x4,3,0.9946880226048739,86.50628659511962
7,FEEDER,x5,3,0.9943585218953682,86.50048083683767
7,FEEDER,x6,3,0.9940824424104175,86.4957366951581
7,FEEDER,x7,1,0.9872108228136813,-33.91723787908635
7,FEEDER,x9,1,0.9830321899369286,-34.1606123900262
7,FEEDER,x10,1,0.982200774747931,-34.17505222307638
7,FEEDER,x11,1,0.9822103045196762,-34.1732464069787
7,FEEDER,x12,2,0.9991311991688261,-153.14815722597046
7,FEEDER,x16,3,0.9831844515994146,85.6782796217626
7,FEEDER,x17,3,0.9834546329452309,85.6834827021038
7,FEEDER,x19,1,0.9737732045051869,-34.79753086641204
7,FEEDER,x20,1,0.9736040791221218,-34.79829840741481
7,MG1,x22,2,0.9860750281109607,-153.76942620622475
7,MG1,x24,3,0.9684084722527984,85.26271960927733
7,MG1,x28,1,0.9671043992598682,-35.03852589402347
7,MG1,x29,1,0.984320767895378,-34.54700069745625
7,MG1,x29,2,0.0,0.0
7,MG1,x30,3,0.968233690876461,85.2569419075557
7,MG1,x31,3,0.9713513527787556,85.54144804553442
7,MG1,x32,3,0.9711744539076708,85.53800550502706
7,MG1,x33,1,0.977715473966519,-35.082890926509315
7,FEEDER,x34,3,0.9841964649939511,85.70064582654277
7,FEEDER,x52,1,0.9758086865668922,-34.75236897959108
7,FEEDER,x53,1,0.9742699934993836,-34.88683154883526
7,FEEDER,x55,1,0.9738066090236209,-34.95332584860466
7,FEEDER,x56,2,0.9982333709684783,-153.58546907237445
7,FEEDER,x58,2,0.995158136334099,-153.76630418261965
7,FEEDER,x59,2,0.9899671123106003,-153.91315167266376
7,FEEDER,x60,1,0.9686900396830223,-35.72099131653869
7,FEEDER,x62,3,0.9740044271247256,84.45154135593909
7,FEEDER,x63,1,0.9681002895621135,-35.71433076257715
7,FEEDER,x64,2,0.9837443276615385,-154.2400578908777
7,FEEDER,x65,1,1.1197939630744507,-65.45040912569598
7,FEEDER,x65,2,1.1215357549384364,175.46249983064553
7,FEEDER,x65,3,1.1360937470898675,54.9303238030109
7,FEEDER,x66,3,0.9704059799581372,84.43344544898919
7,FEEDER,x68,1,1.065603154438762,-35.86312195045672
7,FEEDER,x69,1,1.0647360916085933,-35.87835349109904
7,FEEDER,x70,1,1.0641214850577367,-35.889162180359214
7,FEEDER,x71,1,1.0637748244245462,-35.895263050123376
7,MG2,x73,3,1.0633311292636192,84.09724347080235
7,MG2,x74,3,1.0600978334483309,84.02563019247964
7,MG2,x75,3,1.0608963630247166,84.0543253409361
7,MG2,x76,1,1.2319278998895333,-65.97488734249177
7,MG2,x76,2,1.1698888176317044,173.51219099353656
7,MG2,x76,3,1.1928028283056704,56.35694956957296
7,MG2,x77,2,0.9764249522063143,-154.83665596469817
7,MG2,x79,1,1.0593783049889862,-36.191219871218756
7,MG2,x80,2,0.9783821287900978,-154.9158273956237
7,MG2,x82,1,1.0650700346983202,-36.23769668641998
7,MG2,x83,1,0.0,0.0
7,MG2,x83,3,1.0880003626492556,84.24200213825813
7,MG2,x84,3,1.0672514835823794,83.8385614228759
7,MG2,x85,3,1.0662278036161317,83.82058078608864
7,MG2,x86,2,0.9742475799674245,-154.85618384048828
7,MG2,x87,2,0.9735103436922067,-154.93875321405164
7,MG2,x88,1,1.05926288668295,-36.09422364342145
7,MG2,x90,2,0.9737159806183765,-155.01160532751936
7,MG2,x92,3,1.0690261078049992,84.00093908469181
7,MG2,x94,1,1.0578167971719064,-36.06957399013177
7,MG2,x95,2,0.9724386786150081,-155.02871326942812
7,MG2,x96,2,0.9722021912556198,-155.0333439396191
7,FEEDER,x98,1,1.065115773795977,-35.92477778675023
7,FEEDER,x99,2,0.9809374364859004,-154.54908736271955
7,FEEDER,x100,3,1.0696034562203915,84.1891909058582
8,FEEDER,sourcebus,1,0.999024794149413,-0.08411582045580976
8,FEEDER,sourcebus,2,0.9992720297615334,-120.09074293469878
8,FEEDER,sourcebus,3,0.9990483497364906,119.90029077495905
8,FEEDER,150,1,0.9765752911682964,-32.83557314682424
8,FEEDER,150,2,0.9828131379540773,-152.2339116966494
8,FEEDER,150,3,0.9791746277718506,87.21250836552635
8,FEEDER,150r,1,1.0070912679378021,-32.835936455088685
8,FEEDER,150r,2,1.0135246050975777,-152.2341939902388
8,FEEDER,150r,3,1.0097721132699562,87.21215471906771
8,MG3,40,1,0.9772327377717875,-34.69470706775612
8,MG3,40,2,0.9984125793832646,-153.38975282847807
8,MG3,40,3,0.9813265009070837,85.59828746011989
8,MG3,401,1,0.9772327377717875,-34.69470706775612
8,MG3,401,2,0.9984125793832646,-153.38975282847807
8,MG3,401,3,0.9813265009070837,85.59828746011989
8,MG4,101,1,1.0682237802240382,-35.69667534297763
8,MG4,101,2,0.9858196622649135,-154.26230686837442
8,MG4,101,3,1.0745665225531014,84.44737136548163
8,MG4,1011,1,1.0682237802240382,-35.69667534297763
8,MG4,1011,2,0.9858196622649135,-154.26230686837442
8,MG4,1011,3,1.0745665225531014,84.44737136548163
8,MG1,30,1,0.9808880283502824,-34.55114301133787
8,MG1,30,2,1.0022347651850794,-153.13008618012145
8,MG1,30,3,0.9817591598075742,85.77509928885932
8,MG1,301,1,0.9808880283502824,-34.55114301133787
8,MG1,301,2,1.0022347651850794,-153.13008618012145
8,MG1,301,3,0.9817591598075742,85.77509928885932
8,MG2,93,1,1.0692150613482883,-35.558201424769834
8,MG2,93,2,0.9857234661264178,-154.4437068354323
8,MG2,93,3,1.0806778511522421,84.51851759001966
8,MG2,931,1,1.0692150613482883,-35.558201424769834
8,MG2,931,2,0.9857234661264178,-154.4437068354323
8,MG2,931,3,1.0806778511522421,84.51851759001966
8,MG2,77,1,1.0719061107337857,-35.638940772008155
8,MG2,77,2,0.9895284715110776,-154.2692584021832
8,MG2,77,3,1.0787405838094117,84.47292278410686
8,MG2,771,1,1.0719061107337857,-35.638940772008155
8,MG2,771,2,0.9895284715110776,-154.2692584021832
8,MG2,771,3,1.0787405838094117,84.47292278410686
8,FEEDER,149,1,1.0070910939202373,-32.835933461167386
8,FEEDER,149,2,1.0135244690537593,-152.23419185031753
8,FEEDER,149,3,1.009771943492213,87.21215727664939
8,FEEDER,1,1,0.9996517808525133,-33.29701889448527
8,FEEDER,1,2,1.0104728321439072,-152.49314761666523
8,FEEDER,1,3,1.002959265383521,86.7969273933304
8,FEEDER,2,2,1.0103486750907587,-152.49545243233052
8,FEEDER,3,3,1.002072322621234,86.7803492477317
8,FEEDER,7,1,0.9941150601601504,-33.635877976642774
8,FEEDER,7,2,1.0082364380083002,-152.69655785547255
8,FEEDER,7,3,0.998381979698873,86.50222050232449
8,FEEDER,4,3,1.0017860947084178,86.77499104494929
8,FEEDER,5,3,1.0013844767957436,86.76747589378557
8,FEEDER,6,3,1.0010327873539446,86.7608882419522
8,FEEDER,8,1,0.9905153688317226,-33.860394803379194
8,FEEDER,8,2,1.0067119636499597,-152.83203121642714
8,FEEDER,8,3,0.9953516061479304,86.3023700357779
8,FEEDER,12,2,1.0065517318973507,-152.83501703930673
8,FEEDER,9,1,0.9897171792049563,-33.87550214759029
8,FEEDER,13,1,0.9856930598978695,-34.177795462709575
8,FEEDER,13,2,1.0042421521573637,-153.0264186596433
8,FEEDER,13,3,0.9908247047841648,85.98728322647085
8,FEEDER,9r,1,0.9897163631464861,-33.87559352948256
8,FEEDER,14,1,0.9888244210360575,-33.89249619801107
8,FEEDER,34,3,0.990289971199355,85.97716212215526
8,FEEDER,18,1,0.9808271163809358,-34.492195762912935
8,FEEDER,18,2,1.0014141196615982,-153.21714972728506
8,FEEDER,18,3,0.9840545069623013,85.80520722221685
8,FEEDER,11,1,0.9884771427261481,-33.89908384984442
8,FEEDER,10,1,0.9886470361148539,-33.89586175073633
8,FEEDER,15,3,0.9900726584661423,85.9730461591419
8,FEEDER,16,3,0.989529313408605,85.96274985467849
8,FEEDER,17,3,0.989819182065106,85.96824228940254
8,FEEDER,19,1,0.9801066221290614,-34.50597452088984
8,FEEDER,20,1,0.9796454488935943,-34.51480203154915
8,MG1,21,1,0.9808271185219541,-34.49219536004256
8,MG1,21,2,1.0014141282692919,-153.21714953565106
8,MG1,21,3,0.9840545052538043,85.80520773611332
8,MG1,22,2,1.0001122419725688,-153.24145163454244
8,MG1,23,1,0.9807783598115013,-34.511159278129185
8,MG1,23,2,1.0017788628124926,-153.18329928393715
8,MG1,23,3,0.9833447925418065,85.80474185255993
8,MG1,24,3,0.9819024794015716,85.77736444180579
8,MG1,25,1,0.9804596435616509,-34.537655066450064
8,MG1,25,2,1.0021453249131171,-153.1646960471384
8,MG1,25,3,0.9828232044389678,85.81263633403762
8,MG1,25r,1,0.9927143794029267,-34.53776727922686
8,MG1,25r,3,0.9766800561466978,85.81257918472288
8,MG1,26,1,0.9923715971042059,-34.560888998613
8,MG1,26,3,0.976413747986071,85.81330956158182
8,MG1,28,1,0.9804088225546985,-34.54395224567091
8,MG1,28,2,1.0023010028228907,-153.15213672597437
8,MG1,28,3,0.9826129530619977,85.81629896975227
8,MG1,27,1,0.992023639670439,-34.577534833010326
8,MG1,27,3,0.9763845906174731,85.82253393570417
8,MG1,31,3,0.9761186691574236,85.80764222500105
8,MG1,33,1,0.9907611642335662,-34.60131193401608
8,MG1,29,1,0.9806283310557337,-34.547276557822876
8,MG1,29,2,1.0022707959332384,-153.141991070529
8,MG1,29,3,0.9822191148696482,85.79733406574624
8,MG1,250,1,0.9808880311222281,-34.551143108299804
8,MG1,250,2,1.002234768251797,-153.13008626486072
8,MG1,250,3,0.9817591630531575,85.77509920972419
8,MG1,32,3,0.9759219297164802,85.8038622995015
8,MG3,35,1,0.9787558251752492,-34.61720460063208
8,MG3,35,2,0.9994069577258151,-153.3170976148296
8,MG3,35,3,0.9825325917229205,85.68184747074137
8,MG3,42,1,0.975711433862004,-34.77245110476763
8,MG3,42,2,0.9974198008249815,-153.46255249512006
8,MG3,42,3,0.9801224931166609,85.51452224241072
8,MG3,44,1,0.9744956804987865,-34.83482083364418
8,MG3,44,2,0.9966267330511561,-153.52089636763043
8,MG3,44,3,0.9791607918493378,85.44736205005638
8,MG3,151,1,0.9787558302571725,-34.61720472622843
8,MG3,151,2,0.9994069621621915,-153.31709776361882
8,MG3,151,3,0.9825325963824673,85.68184733829365
8,FEEDER,52,1,0.9820786911752035,-34.44801341323592
8,FEEDER,52,2,1.0021002340074845,-153.22906994205314
8,FEEDER,52,3,0.9883528425478251,85.70995137403264
8,FEEDER,53,1,0.9804256857490996,-34.57674594269034
8,FEEDER,53,2,1.0009519043621617,-153.32940327864182
8,FEEDER,53,3,0.9871384787882646,85.56693355672789
8,FEEDER,54,1,0.9794864883338891,-34.65296598219293
8,FEEDER,54,2,1.0001843601075953,-153.39139979130925
8,FEEDER,54,3,0.9863906228443321,85.47496739081969
8,FEEDER,55,1,0.9793753642500619,-34.6543311314966
8,FEEDER,55,2,1.0001387709469958,-153.39676321268175
8,FEEDER,55,3,0.9864300303625676,85.476617057368
8,FEEDER,57,1,0.9777652428290394,-34.8804203660812
8,FEEDER,57,2,0.9970391942028121,-153.5692306588474
8,FEEDER,57,3,0.9844716410896067,85.24129774229071
8,FEEDER,56,1,0.9793589772367303,-34.65108869028916
8,FEEDER,56,2,1.0000399919354561,-153.40126501294804
8,FEEDER,56,3,0.9864776416784955,85.4757802338443
8,FEEDER,58,2,0.9966800625187852,-153.57594058350472
8,FEEDER,60,1,0.9741834141799793,-35.384737841079286
8,FEEDER,60,2,0.990869219912326,-153.92803652465224
8,FEEDER,60,3,0.9801085096116309,84.74164658318796
8,FEEDER,59,2,0.9965002303919939,-153.5793257719742
8,FEEDER,61,1,0.9741834372693318,-35.384738511938245
8,FEEDER,61,2,0.9908692406570192,-153.92803720233596
8,FEEDER,61,3,0.9801085329346271,84.74164599456498
8,FEEDER,62,1,0.973831643592983,-35.38258078675158
8,FEEDER,62,2,0.9902290972018225,-153.91692270663498
8,FEEDER,62,3,0.9789844973158741,84.73930817734521
8,FEEDER,63,1,0.9735532491903784,-35.377275190724475
8,FEEDER,63,2,0.9897409435737822,-153.9130621554555
8,FEEDER,63,3,0.9784247041490168,84.73745226928972
8,FEEDER,64,1,0.9734825415161281,-35.36711951497592
8,FEEDER,64,2,0.9886817607632806,-153.89678833779996
8,FEEDER,64,3,0.9772195073620432,84.72623290899743
8,FEEDER,65,1,0.973235079395062,-35.37408484851386
8,FEEDER,65,2,0.9884458994119604,-153.87773446923254
8,FEEDER,65,3,0.9755528030830557,84.73046194355798
8,FEEDER,66,1,0.9733592928180665,-35.38782764497961
8,FEEDER,66,2,0.9885866341557022,-153.86306346906028
8,FEEDER,66,3,0.9747187344201057,84.72997247922835
8,FEEDER,67,1,1.0706010038374267,-35.55168869352346
8,FEEDER,67,2,0.9888877988889818,-154.1066866148963
8,FEEDER,67,3,1.076497628517712,84.57729035818365
8,FEEDER,68,1,1.0697820530668594,-35.56600960786986
8,FEEDER,97,1,1.069362603204867,-35.626421100492095
8,FEEDER,97,2,0.9872853466941289,-154.18645775729001
8,FEEDER,97,3,1.0754801045903832,84.50996202302255
8,FEEDER,69,1,1.0688439437970694,-35.58243808160298
8,FEEDER,70,1,1.0681789954767644,-35.59409683103128
8,FEEDER,71,1,1.0678039452712282,-35.60067790206986
8,MG2,72,1,1.070600991007685,-35.551689891361065
8,MG2,72,2,0.9888877816360561,-154.10668735742124
8,MG2,72,3,1.0764976077445796,84.57728921747403
8,MG2,73,3,1.0744356800489292,84.54150514035555
8,MG2,76,1,1.0707303409549274,-35.58454979138526
8,MG2,76,2,0.9885700128903865,-154.18275599504554
8,MG2,76,3,1.0774646033092816,84.54399043953138
8,MG2,74,3,1.0726593096485537,84.51059184761132
8,MG2,75,3,1.0716931787326225,84.49372921928354
8,MG2,86,1,1.0705331257331918,-35.5455631484534
8,MG2,86,2,0.9874161057656998,-154.27488203284116
8,MG2,86,3,1.0793087724814565,84.56133677818643
8,MG2,78,1,1.0722129600076427,-35.655646902370584
8,MG2,78,2,0.9898983629014482,-154.28471297987684
8,MG2,78,3,1.0789971837480574,84.45616905551763
8,MG2,79,1,1.0719133977861626,-35.668924669268236
8,MG2,79,2,0.9900273964757933,-154.28749744553585
8,MG2,79,3,1.0789511897401738,84.46511296086626
8,MG2,80,1,1.074303580416653,-35.706854603406505
8,MG2,80,2,0.991383772267233,-154.35211384051303
8,MG2,80,3,1.0803149368032399,84.35784790455037
8,MG2,81,1,1.0750962899162957,-35.73111759096269
8,MG2,81,2,0.9921582935877586,-154.36618549971533
8,MG2,81,3,1.0806917608003161,84.32340066389561
8,MG2,82,1,1.0759716616257142,-35.76216399844247
8,MG2,82,2,0.9933081671260654,-154.39920955722192
8,MG2,82,3,1.0816839594229255,84.2934659520017
8,MG2,84,3,1.078232787468241,84.28083234796748
8,MG2,83,1,1.0771508298453916,-35.77974262901343
8,MG2,83,2,0.9943274665892053,-154.42935657428455
8,MG2,83,3,1.0827234814059263,84.2545547539945
8,MG2,85,3,1.0770797342728045,84.26081113932074
8,MG2,87,1,1.0701147734654477,-35.56383964416917
8,MG2,87,2,0.9865396813906768,-154.36536420246568
8,MG2,87,3,1.0799042965935333,84.53963090652253
8,MG2,88,1,1.070106768561739,-35.593097905600146
8,MG2,89,1,1.0697055117313483,-35.55705502052544
8,MG2,89,2,0.9862448820434465,-154.41218554347827
8,MG2,89,3,1.0803335326261898,84.52832869604079
8,MG2,90,2,0.9861586868154667,-154.4553886168568
8,MG2,91,1,1.0695146008557077,-35.553227333069
8,MG2,91,2,0.985900180154333,-154.42727544899128
8,MG2,91,3,1.0805783033795768,84.51268855747533
8,MG2,92,3,1.080564277754815,84.4625316182204
8,MG2,94,1,1.0685527992460895,-35.56979756991979
8,MG2,95,1,1.0691775337747056,-35.54874070343038
8,MG2,95,2,0.9853317460715914,-154.4622925301007
8,MG2,95,3,1.0808664023541459,84.51550321495594
8,MG2,96,2,0.9850704110449751,-154.46724399804117
8,FEEDER,98,1,1.0692548402650064,-35.63152260336943
8,FEEDER,98,2,0.9871367906224284,-154.1910364542259
8,FEEDER,98,3,1.0753671833558271,84.5046242101626
8,FEEDER,99,1,1.0694143718253408,-35.62527900618434
8,FEEDER,99,2,0.986677551229311,-154.1966864650559
8,FEEDER,99,3,1.07518105219971,84.48411191338084
8,FEEDER,100,1,1.0695229782056748,-35.62712736524691
8,FEEDER,100,2,0.9866452854823909,-154.1892335366051
8,FEEDER,100,3,1.0749556079003921,84.47447113235701
8,FEEDER,450,1,1.0695230309445398,-35.62712871276431
8,FEEDER,450,2,0.9866453376924453,-154.18923479609145
8,FEEDER,450,3,1.0749556568020007,84.47446956771691
8,MG4,197,1,1.0693625541228293,-35.62642029969167
8,MG4,197,2,0.9872852950011239,-154.18645684265655
8,MG4,197,3,1.0754800551844308,84.50996282318684
8,MG4,105,1,1.0669729762461024,-35.774128666911295
8,MG4,105,2,0.9842094561891668,-154.34600236735858
8,MG4,105,3,1.0735631094208635,84.37839817313107
8,MG4,108,1,1.0654972575395847,-35.865898246332584
8,MG4,108,2,0.9823091867787657,-154.44526834408958
8,MG4,108,3,1.0723792525079148,84.29671861055523
8,MG4,300,1,1.0693626364985416,-35.6264224052944
8,MG4,300,2,0.9872853766404575,-154.18645881136808
8,MG4,300,3,1.0754801316348634,84.50996037939377
8,MG3,135,1,0.9808270631104734,-34.492194809132926
8,MG3,135,2,1.0014140675644654,-153.2171488159153
8,MG3,135,3,0.9840544539494578,85.8052081691616
8,FEEDER,152,1,0.985692958135265,-34.177794673866494
8,FEEDER,152,2,1.0042420627495867,-153.0264178231754
8,FEEDER,152,3,0.9908246073430524,85.98728361596743
8,FEEDER,160r,1,1.0716015668428447,-35.386158656126035
8,FEEDER,160r,2,0.9908676264086905,-153.92924878118012
8,FEEDER,160r,3,1.0781206790483169,84.74027143532558
8,FEEDER,160,1,0.9741833304377153,-35.38473782803227
8,FEEDER,160,2,0.9908691472163623,-153.92803622397648
8,FEEDER,160,3,0.9801084280890434,84.7416463190682
8,FEEDER,61s,1,0.9741834372693318,-35.384738511937925
8,FEEDER,61s,2,0.9908692406570192,-153.92803720233564
8,FEEDER,61s,3,0.9801085329346271,84.74164599456532
8,FEEDER,610,1,1.120707949438834,-34.93799375008614
8,FEEDER,610,2,1.1372738551782855,-154.28815316093596
8,FEEDER,610,3,1.1401516980966726,84.66832803467568
8,FEEDER,x1,1,0.9887564582302047,-33.603533503436495
8,FEEDER,x2,2,0.9995687223333849,-152.7954060702949
8,FEEDER,x4,3,0.9909139570924625,86.46980138668151
8,FEEDER,x5,3,0.9906021563374653,86.46472509090054
8,FEEDER,x6,3,0.9903455928156097,86.4607450900889
8,FEEDER,x7,1,0.9831590913616565,-33.94587058956839
8,FEEDER,x9,1,0.9787125302113487,-34.18829970333878
8,FEEDER,x10,1,0.9778662911664273,-34.20253139827954
8,FEEDER,x11,1,0.9779239943633096,-34.199227001707705
8,FEEDER,x12,2,0.9957312435945641,-153.13727186504815
8,FEEDER,x16,3,0.9785225363982648,85.64983039905236
8,FEEDER,x17,3,0.9788156288215445,85.65550898774359
8,FEEDER,x19,1,0.9689939973869852,-34.82503553402082
8,FEEDER,x20,1,0.9688658139398659,-34.82430260909313
8,MG1,x22,2,0.9812895829638031,-153.7741191453919
8,MG1,x24,3,0.9619996395414582,85.20337204109202
8,MG1,x28,1,0.9612449997345287,-35.097331037830415
8,MG1,x29,1,0.9804935030875782,-34.54584393061764
8,MG1,x29,2,0.0,0.0
8,MG1,x30,3,0.9618533192148233,85.20093536937483
8,MG1,x31,3,0.9661553434203904,85.52090555342191
8,MG1,x32,3,0.9659566039494589,85.51700823858735
8,MG1,x33,1,0.9715964000715848,-35.14889336485173
8,FEEDER,x34,3,0.9797174687745894,85.67701897029197
8,FEEDER,x52,1,0.9709884016849502,-34.76577396111131
8,FEEDER,x53,1,0.9693166781865038,-34.895596039397745
8,FEEDER,x55,1,0.9689193880063066,-34.954474283359886
8,FEEDER,x56,2,0.9945587048423741,-153.55284325809527
8,FEEDER,x58,2,0.9912243060379415,-153.7273145581333
8,FEEDER,x59,2,0.9855708561106522,-153.88780220708193
8,FEEDER,x60,1,0.9630031144825465,-35.70775341553561
8,FEEDER,x62,3,0.9685326940333014,84.43916502548191
8,FEEDER,x63,1,0.9623656995119033,-35.70071579839835
8,FEEDER,x64,2,0.9788320863083964,-154.19573820474488
8,FEEDER,x65,1,1.1131064496678367,-65.4282672259159
8,FEEDER,x65,2,1.1156662085952533,175.52171725715976
8,FEEDER,x65,3,1.130351489828795,54.93489961752771
8,FEEDER,x66,3,0.9645201073821685,84.41573625097966
8,FEEDER,x68,1,1.0594002381615324,-35.838383818267104
8,FEEDER,x69,1,1.0584712328768249,-35.85481229204299
8,FEEDER,x70,1,1.05781273762098,-35.86647104150159
8,FEEDER,x71,1,1.057441327131612,-35.873052112557254
8,MG2,x73,3,1.0560525912591023,84.05764991411507
8,MG2,x74,3,1.0524712751752725,83.97792433676184
8,MG2,x75,3,1.0533570128380971,84.00987399340697
8,MG2,x76,1,1.2238564505135516,-65.9869894409503
8,MG2,x76,2,1.1622325850723842,173.5637869806619
8,MG2,x76,3,1.1861412053480374,56.37298852667936
8,MG2,x77,2,0.9697850955609087,-154.83420291849214
8,MG2,x79,1,1.0517394017818122,-36.20159218011771
8,MG2,x80,2,0.9716785486736239,-154.914896227489
8,MG2,x82,1,1.0575623136980832,-36.2460201231503
8,MG2,x83,1,0.0,0.0
8,MG2,x83,3,1.0825746162319871,84.25598738119973
8,MG2,x84,3,1.0597847308260269,83.79697713114227
8,MG2,x85,3,1.0586514058213767,83.77695592272029
8,MG2,x86,2,0.9676291374615523,-154.84230255532768
8,MG2,x87,2,0.9667345849841781,-154.93381636208585
8,MG2,x88,1,1.051797766054989,-36.07695404368805
8,MG2,x90,2,0.9669947889724442,-155.00552032856518
8,MG2,x92,3,1.0620763299457174,83.97867641211846
8,MG2,x94,1,1.0502703845503503,-36.05365372250026
8,MG2,x95,2,0.965501599500724,-155.03217141418702
8,MG2,x96,2,0.9652348350752805,-155.0374322892809
8,FEEDER,x98,1,1.0588781419649382,-35.90389682635669
8,FEEDER,x99,2,0.9756394967802458,-154.51143095557197
8,FEEDER,x100,3,1.063479200886719,84.17432798049371
9,FEEDER,sourcebus,1,0.9989807755411497,-0.0834616074672772
9,FEEDER,sourcebus,2,0.9992325423137952,-120.09035168174631
9,FEEDER,sourcebus,3,0.9990026305167667,119.90058786301658
9,FEEDER,150,1,0.9753185234168846,-32.8332955825931
9,FEEDER,150,2,0.9817318581828631,-152.22022967878468
9,FEEDER,150,3,0.9779526707128421,87.21240093017573
9,FEEDER,150r,1,1.0057950717338149,-32.83366012673251
9,FEEDER,150r,2,1.0124093986220182,-152.2205114994699
9,FEEDER,150r,3,1.0085118202086991,87.21204583408286
9,MG3,40,1,0.975014980213329,-34.696324703493474
9,MG3,40,2,0.9966712178842126,-153.36843960435235
9,MG3,40,3,0.979007191920457,85.59659371492971
9,MG3,401,1,0.975014980213329,-34.696324703493474
9,MG3,401,2,0.9966712178842126,-153.36843960435235
9,MG3,401,3,0.979007191920457,85.59659371492971
9,MG4,101,1,1.065490821683354,-35.64454356558119
9,MG4,101,2,0.9835105531483541,-154.207333783664
9,MG4,101,3,1.0719178356342833,84.47789832878864
9,MG4,1011,1,1.065490821683354,-35.64454356558119
9,MG4,1011,2,0.9835105531483541,-154.207333783664
9,MG4,1011,3,1.0719178356342833,84.47789832878864
9,MG1,30,1,0.9788481892499937,-34.5459302797218
9,MG1,30,2,1.000673369526649,-153.09565766097856
9,MG1,30,3,0.9794421870935466,85.7815113825071
9,MG1,301,1,0.9788481892499937,-34.5459302797218
9,MG1,301,2,1.000673369526649,-153.09565766097856
9,MG1,301,3,0.9794421870935466,85.7815113825071
9,MG2,93,1,1.06650246037768,-35.48424175803058
9,MG2,93,2,0.9834270422457446,-154.3772514299473
9,MG2,93,3,1.078243801233553,84.567835096008
9,MG2,931,1,1.06650246037768,-35.48424175803058
9,MG2,931,2,0.9834270422457446,-154.3772514299473
9,MG2,931,3,1.078243801233553,84.567835096008
9,MG2,77,1,1.06920436032403,-35.57931475998618
9,MG2,77,2,0.9872880774799763,-154.20691986559746
9,MG2,77,3,1.0761562452231048,84.5110148848553
9,MG2,771,1,1.06920436032403,-35.57931475998618
9,MG2,771,2,0.9872880774799763,-154.20691986559746
9,MG2,771,3,1.0761562452231048,84.5110148848553
9,FEEDER,149,1,1.0057948973081858,-32.833656890137206
9,FEEDER,149,2,1.0124092629173014,-152.22050914680221
9,FEEDER,149,3,1.0085116499083868,87.21204862584295
9,FEEDER,1,1,0.9981490110844108,-33.29089756403178
9,FEEDER,1,2,1.0092230719512556,-152.47415029151833
9,FEEDER,1,3,1.0014585036158896,86.79992315034703
9,FEEDER,2,2,1.0090948351594367,-152.47653420032233
9,FEEDER,3,3,1.0005438208973578,86.78279872622672
9,FEEDER,7,1,0.992457045971065,-33.6265741376545
9,FEEDER,7,2,1.006886269986595,-152.6738544282674
9,FEEDER,7,3,0.9967158304521184,86.50809919335133
9,FEEDER,4,3,1.0002480895308061,86.77725331709298
9,FEEDER,5,3,0.9998353619323896,86.76951740065913
9,FEEDER,6,3,0.9994733613189112,86.76272502905195
9,FEEDER,8,1,0.9887558677549649,-33.84888914587096
9,FEEDER,8,2,1.0052932408585338,-152.80684817581715
9,FEEDER,8,3,0.993575105488899,86.31006262102196
9,FEEDER,12,2,1.0051277156394203,-152.8099374936808
9,FEEDER,9,1,0.987932696019878,-33.86449873651427
9,FEEDER,13,1,0.9837979590847011,-34.16230881762
9,FEEDER,13,2,1.0027143476253024,-152.99720870688355
9,FEEDER,13,3,0.988882015326906,85.9971965014703
9,FEEDER,9r,1,0.9879318556975935,-33.864593012306095
9,FEEDER,14,1,0.9870133516325994,-33.88203281097642
9,FEEDER,34,3,0.9883302616562979,85.98673155159338
9,FEEDER,18,1,0.9787790068538645,-34.48375069426585
9,FEEDER,18,2,0.9998101151215211,-153.1876358249384
9,FEEDER,18,3,0.981866367161326,85.81362334156204
9,FEEDER,11,1,0.9866559933590212,-33.8888251825836
9,FEEDER,10,1,0.9868304241403582,-33.88551036728857
9,FEEDER,15,3,0.9881056227007141,85.98246798716264
9,FEEDER,16,3,0.9875439594991491,85.97180210329407
9,FEEDER,17,3,0.9878436034561351,85.97749174826893
9,FEEDER,19,1,0.9780350547730255,-34.49800923860924
9,FEEDER,20,1,0.9775594721687609,-34.50713300263381
9,MG1,21,1,0.9787790105511065,-34.48375026924218
9,MG1,21,2,0.9998101255997894,-153.18763562330858
9,MG1,21,3,0.9818663667445665,85.8136238857168
9,MG1,22,2,0.9984435782435709,-153.21316072071207
9,MG1,23,1,0.978735848679328,-34.50281017553621
9,MG1,23,2,1.0002005747373297,-153.1508971033901
9,MG1,23,3,0.9811278343725969,85.81399528090877
9,MG1,24,3,0.9796044799306176,85.78505227528848
9,MG1,25,1,0.9783976317064044,-34.53128027793879
9,MG1,25,2,1.000582119667732,-153.13182919879728
9,MG1,25,3,0.9805709650161321,85.82168725019878
9,MG1,25r,1,0.9906265387575031,-34.53139858798284
9,MG1,25r,3,0.9744418655701801,85.82162680922198
9,MG1,26,1,0.9902659562357081,-34.555776155786766
9,MG1,26,3,0.9741610914865638,85.82236608888326
9,MG1,28,1,0.9783419834483571,-34.538309997766376
9,MG1,28,2,1.0007430130705588,-153.11898782138118
9,MG1,28,3,0.9803441901512611,85.82510608153234
9,MG1,27,1,0.9898996808818615,-34.573322936150184
9,MG1,27,3,0.9741304804531293,85.8320964473431
9,MG1,31,3,0.9738497587145076,85.81637064140813
9,MG1,33,1,0.9885709929799088,-34.59837295218533
9,MG1,29,1,0.978573956739858,-34.54183265463729
9,MG1,29,2,1.0007112309902084,-153.1082516097873
9,MG1,29,3,0.9799280933271366,85.80503686630564
9,MG1,250,1,0.9788481920162448,-34.54593037671269
9,MG1,250,2,1.0006733725890278,-153.09565774570126
9,MG1,250,3,0.9794421903310785,85.7815113033909
9,MG1,32,3,0.9736421813546728,85.81237174962415
9,MG3,35,1,0.9766098234661723,-34.6149559232581
9,MG3,35,2,0.9977108364338185,-153.2923144007857
9,MG3,35,3,0.9802709789745226,85.6842442912873
9,MG3,42,1,0.9734220997146792,-34.77795969546577
9,MG3,42,2,0.9956333535458475,-153.44472335258777
9,MG3,42,3,0.97774569262653,85.50871702282755
9,MG3,44,1,0.9721492150201104,-34.843460019185834
9,MG3,44,2,0.9948043288129675,-153.505864655987
9,MG3,44,3,0.9767381463596556,85.43825255386605
9,MG3,151,1,0.9766098285370892,-34.6149560488832
9,MG3,151,2,0.9977108408632319,-153.29231454954896
9,MG3,151,3,0.980270983622895,85.68424415885413
9,FEEDER,52,1,0.9800833587507035,-34.4241191479641
9,FEEDER,52,2,1.0004550298292818,-153.19554307805026
9,FEEDER,52,3,0.9863230116265107,85.72553027704208
9,FEEDER,53,1,0.9783846477493322,-34.54839112520166
9,FEEDER,53,2,0.9992450271547864,-153.29368153976193
9,FEEDER,53,3,0.9850651491011951,85.58519905040404
9,FEEDER,54,1,0.9774197998189595,-34.62166172327809
9,FEEDER,54,2,0.9984371317930981,-153.35428017332595
9,FEEDER,54,3,0.9842902616235141,85.49482227519492
9,FEEDER,55,1,0.9773053891106303,-34.623056484412565
9,FEEDER,55,2,0.9983898540793277,-153.3598283014733
9,FEEDER,55,3,0.9843309964572412,85.4965213569605
9,FEEDER,57,1,0.9756153413216587,-34.842169823311764
9,FEEDER,57,2,0.9951871725881997,-153.5261613376418
9,FEEDER,57,3,0.9823069359870594,85.26487905976104
9,FEEDER,56,1,0.9772884367876009,-34.61970083655372
9,FEEDER,56,2,0.998287858151142,-153.36448835340303
9,FEEDER,56,3,0.984380182234629,85.49565709064231
9,FEEDER,58,2,0.9948164911105711,-153.53310454541128
9,FEEDER,60,1,0.9718537265653924,-35.33214888370639
9,FEEDER,60,2,0.9888077722079974,-153.87132748855583
9,FEEDER,60,3,0.9777941594945968,84.77328785776619
9,FEEDER,59,2,0.9946306336049798,-153.53661019574716
9,FEEDER,61,1,0.9718537496007289,-35.33214955459972
9,FEEDER,61,2,0.9888077929101872,-153.87132816614638
9,FEEDER,61,3,0.9777941827616075,84.77328726914725
9,FEEDER,62,1,0.9714907246953093,-35.329957021274296
9,FEEDER,62,2,0.9881487392869552,-153.85984687676336
9,FEEDER,62,3,0.9766351685752652,84.7708780027912
9,FEEDER,63,1,0.9712035756408132,-35.324509096970864
9,FEEDER,63,2,0.9876461819550728,-153.85584857821854
9,FEEDER,63,3,0.9760573541919377,84.76896570150873
9,FEEDER,64,1,0.9711319655424618,-35.31408523309492
9,FEEDER,64,2,0.9865553747319451,-153.8389878775378
9,FEEDER,64,3,0.9748132477843038,84.7573552803822
9,FEEDER,65,1,0.9708784246761407,-35.32137770453449
9,FEEDER,65,2,0.9863138990884504,-153.8192402444603
9,FEEDER,65,3,0.9730927919682775,84.76170423547515
9,FEEDER,66,1,0.9710068176482667,-35.33562805318763
9,FEEDER,66,2,0.9864595658388992,-153.80403697149038
9,FEEDER,66,3,0.9722301355213016,84.76119402721919
9,FEEDER,67,1,1.067972801725516,-35.493617915007476
9,FEEDER,67,2,0.9867291175903978,-154.0433766786053
9,FEEDER,67,3,1.0739166218057008,84.61364059571744
9,FEEDER,68,1,1.0671306527835862,-35.50838424990201
9,FEEDER,97,1,1.066680514010586,-35.571373421922125
9,FEEDER,97,2,0.9850489556397237,-154.12739119398714
9,FEEDER,97,3,1.0728640113040973,84.54332777308626
9,FEEDER,69,1,1.0661659789414153,-35.525324319105124
9,FEEDER,70,1,1.0654822093725604,-35.53734643382227
9,FEEDER,71,1,1.0650965456151527,-35.54413278676934
9,MG2,72,1,1.0679727929297036,-35.49361904315269
9,MG2,72,2,0.9867291043782935,-154.04337732116073
9,MG2,72,3,1.0739166047244864,84.61363952531873
9,MG2,73,3,1.07175413591962,84.5760551352225
9,MG2,76,1,1.0680685636890157,-35.52377789856894
9,MG2,76,2,0.9863736248019925,-154.1181717657742
9,MG2,76,3,1.0748996684346646,84.5825543894548
9,MG2,74,3,1.0698912376004621,84.54358426361136
9,MG2,75,3,1.0688780519244583,84.52586817112058
9,MG2,86,1,1.0679087773427882,-35.470523473539515
9,MG2,86,2,0.9852494572257688,-154.2009814458803
9,MG2,86,3,1.0768706119500302,84.61126023706701
9,MG2,78,1,1.0695019156896244,-35.59649085165089
9,MG2,78,2,0.9876542836167771,-154.22258122258853
9,MG2,78,3,1.076404496274597,84.49420046324495
9,MG2,79,1,1.0691877050016638,-35.61044500470603
9,MG2,79,2,0.9877895763212454,-154.22551049112292
9,MG2,79,3,1.0763562527525428,84.50360188327079
9,MG2,80,1,1.0715793450550022,-35.64850259376007
9,MG2,80,2,0.9891089910895088,-154.29065922496545
9,MG2,80,3,1.0776873819977568,84.39462333504731
9,MG2,81,1,1.0723684129842093,-35.673380667820574
9,MG2,81,2,0.9898849615399924,-154.30436134487815
9,MG2,81,3,1.078045259270984,84.35981254540545
9,MG2,82,1,1.0732261203936322,-35.70511280274606
9,MG2,82,2,0.9910388364978733,-154.3375219007134
9,MG2,82,3,1.079032559150962,84.3303354439169
9,MG2,84,3,1.0754664361487167,84.31509638815263
9,MG2,83,1,1.0744024751040941,-35.72269109719817
9,MG2,83,2,0.992055780047825,-154.36765916756264
9,MG2,83,3,1.0800694863049154,84.29141807495172
9,MG2,85,3,1.0742572157665327,84.29406204630166
9,MG2,87,1,1.0674384530351018,-35.489246194164274
9,MG2,87,2,0.9842977596361921,-154.2958686587847
9,MG2,87,3,1.0774753190819089,84.58937039587528
9,MG2,88,1,1.0674079507549978,-35.51889260505594
9,MG2,89,1,1.0670175347208508,-35.482458854085756
9,MG2,89,2,0.9839698951040977,-154.34424086948727
9,MG2,89,3,1.0779026100810736,84.57759244120376
9,MG2,90,2,0.9838493368743204,-154.38808449705567
9,MG2,91,1,1.0668181892100137,-35.479006055478635
9,MG2,91,2,0.9836140027082217,-154.3598714810563
9,MG2,91,3,1.078138626941133,84.56168393591406
9,MG2,92,3,1.078087111489093,84.51088748048443
9,MG2,94,1,1.0658044517812257,-35.49648463206117
9,MG2,95,1,1.0664629314528564,-35.47422488723098
9,MG2,95,2,0.9830132630671999,-154.39691414627168
9,MG2,95,3,1.0784429005594225,84.56464378813705
9,MG2,96,2,0.9827372628952662,-154.40214907473347
9,FEEDER,98,1,1.0665695820511363,-35.576608723710784
9,FEEDER,98,2,0.984895121838367,-154.13216345895657
9,FEEDER,98,3,1.0727484814230877,84.53781889563679
9,FEEDER,99,1,1.0667333837882895,-35.57012220963999
9,FEEDER,99,2,0.9844207313865407,-154.13809335304862
9,FEEDER,99,3,1.0725583504599632,84.51666175338708
9,FEEDER,100,1,1.0668450626492119,-35.57202994249646
9,FEEDER,100,2,0.9843876019640189,-154.13041021433193
9,FEEDER,100,3,1.0723265064124008,84.50672220794775
9,FEEDER,450,1,1.0668451152577074,-35.57203129002483
9,FEEDER,450,2,0.9843876540528026,-154.13041147380272
9,FEEDER,450,3,1.0723265551939989,84.50672064312502
9,MG4,197,1,1.0666804628377906,-35.57137258438479
9,MG4,197,2,0.9850489014690911,-154.12739023249483
9,MG4,197,3,1.0728639597863978,84.54332861000643
9,MG4,105,1,1.0641842163424489,-35.72522014540628
9,MG4,105,2,0.9818205769988355,-154.29556056010648
9,MG4,105,3,1.0708787056167686,84.40579194119223
9,MG4,108,1,1.0626427579194693,-35.82082033700361
9,MG4,108,2,0.9798263293271327,-154.40022025664535
9,MG4,108,3,1.0696528193028805,84.32039532103204
9,MG4,300,1,1.0666805450090098,-35.57137469001266
9,MG4,300,2,0.9850489829209893,-154.12739220120432
9,MG4,300,3,1.0728640360502637,84.54332616595877
9,MG3,135,1,0.9787789510880895,-34.483749692651024
9,MG3,135,2,0.9998100606162115,-153.18763486904362
9,MG3,135,3,0.9818663116612855,85.81362433623019
9,FEEDER,152,1,0.9837978584798278,-34.162307870455564
9,FEEDER,152,2,1.0027142591731184,-152.9972077106206
9,FEEDER,152,3,0.9888819190624835,85.99719703653508
9,FEEDER,160r,1,1.0690381442489478,-35.33354397964234
9,FEEDER,160r,2,0.9888054359949927,-153.8725179394469
9,FEEDER,160r,3,1.0755741722661873,84.77193707258739
9,FEEDER,160,1,0.971853644524861,-35.332148727829775
9,FEEDER,160,2,0.9888077009562429,-153.8713270377001
9,FEEDER,160,3,0.9777940795956556,84.77328772670265
9,FEEDER,61s,1,0.9718537496007289,-35.33214955459939
9,FEEDER,61s,2,0.9888077929101872,-153.87132816614604
9,FEEDER,61s,3,0.9777941827616075,84.77328726914757
9,FEEDER,610,1,1.1179475263441403,-34.883406186807534
9,FEEDER,610,2,1.1349145567801464,-154.23580954430662
9,FEEDER,610,3,1.1375332589904694,84.70269055545094
9,FEEDER,x1,1,0.9868929182364296,-33.60820964349045
9,FEEDER,x2,2,0.9979612540881232,-152.78688150264074
9,FEEDER,x4,3,0.9890155776878212,86.4612910599639
9,FEEDER,x5,3,0.9887166949530559,86.45667645671574
9,FEEDER,x6,3,0.9884733647837687,86.45316199289553
9,FEEDER,x7,1,0.9811363538746419,-33.94759419019492
9,FEEDER,x9,1,0.97656009652515,-34.188512702305204
9,FEEDER,x10,1,0.9757134014551745,-34.20249139692919
9,FEEDER,x11,1,0.9757970621174672,-34.19838821874
9,FEEDER,x12,2,0.99395036421123,-153.12277376646256
9,FEEDER,x16,3,0.9761667410820206,85.64752458963531
9,FEEDER,x17,3,0.9764698404239539,85.65341403985711
9,FEEDER,x19,1,0.9665471484618433,-34.82872038043431
9,FEEDER,x20,1,0.9664436088699245,-34.82713300614029
9,MG1,x22,2,0.9786875208487544,-153.77338593706864
9,MG1,x24,3,0.9585851329617424,85.1772103701875
9,MG1,x28,1,0.9581745533954141,-35.12211610240012
9,MG1,x29,1,0.9784394112305158,-34.54040002743206
9,MG1,x29,2,0.0,0.0
9,MG1,x30,3,0.9584192354188417,85.17346318348122
9,MG1,x31,3,0.9633386693669516,85.51287803959542
9,MG1,x32,3,0.9631288561164584,85.5087477521843
9,MG1,x33,1,0.9684026994363463,-35.17612274752063
9,FEEDER,x34,3,0.9774529037650885,85.67716851543697
9,FEEDER,x52,1,0.9686195103221055,-34.7534273303661
9,FEEDER,x53,1,0.9669008471114903,-34.87886213683783
9,FEEDER,x55,1,0.9665493686802242,-34.93261952056898
9,FEEDER,x56,2,0.9926275528802739,-153.52147336875453
9,FEEDER,x58,2,0.989193092907096,-153.68959409631094
9,FEEDER,x59,2,0.9833356907824296,-153.8561790778929
9,FEEDER,x60,1,0.960292530943673,-35.667148277077466
9,FEEDER,x62,3,0.9658865244530748,84.46131496663479
9,FEEDER,x63,1,0.9596346172612835,-35.65996435796916
9,FEEDER,x64,2,0.9763991837072444,-154.14807914814645
9,FEEDER,x65,1,1.1098724539936473,-65.38673771373844
9,FEEDER,x65,2,1.112851763093797,175.57816289998337
9,FEEDER,x65,3,1.1275340664374731,54.9652435079812
9,FEEDER,x66,3,0.9616828533224082,84.4351925912331
9,FEEDER,x68,1,1.0564549773827763,-35.789319683075476
9,FEEDER,x69,1,1.055499954245507,-35.80625975164422
9,FEEDER,x70,1,1.054823025183817,-35.81828186591061
9,FEEDER,x71,1,1.0544412196497281,-35.82506821860304
9,MG2,x73,3,1.0524745858365125,84.06711630022654
9,MG2,x74,3,1.0487214557952358,83.98335904725477
9,MG2,x75,3,1.0496502390750635,84.01692933699367
9,MG2,x76,1,1.219879531627579,-65.95958957565296
9,MG2,x76,2,1.158502484282917,173.62017047714392
9,MG2,x76,3,1.1828293535063137,56.41136000280701
9,MG2,x77,2,0.966440974079566,-154.80503132620504
9,MG2,x79,1,1.0480318438933138,-36.17067022106262
9,MG2,x80,2,0.9683016902445942,-154.88651520627397
9,MG2,x82,1,1.0539201643618445,-36.21405431279573
9,MG2,x83,1,0.0,0.0
9,MG2,x83,3,1.0799209860324945,84.29285070215695
9,MG2,x84,3,1.056120102729598,83.80615757353682
9,MG2,x85,3,1.0549326347432724,83.78512323215135
9,MG2,x86,2,0.9643576937414845,-154.80163078520962
9,MG2,x87,2,0.9633851323220092,-154.89770694295694
9,MG2,x88,1,1.0481698318612938,-36.02881769715183
9,MG2,x90,2,0.9636826273495145,-154.96858218284999
9,MG2,x92,3,1.058693634592845,84.00194863000007
9,MG2,x94,1,1.046536748739124,-36.00797492538427
9,MG2,x95,2,0.9620723869428085,-155.00036332101791
9,MG2,x96,2,0.9617903056344478,-155.00594523663884
9,FEEDER,x98,1,1.055899520320393,-35.85754419483223
9,FEEDER,x99,2,0.9730088342727786,-154.46442327569162
9,FEEDER,x100,3,1.0605247032712826,84.19715917179136
10,FEEDER,sourcebus,1,0.9989578001484732,-0.08569767663678296
10,FEEDER,sourcebus,2,0.999213426702294,-120.09264688816387
10,FEEDER,sourcebus,3,0.9989806948692329,119.8981302239676
10,FEEDER,150,1,0.9747414020937536,-32.90666176652131
10,FEEDER,150,2,0.9813571838174833,-152.285241354295
10,FEEDER,150,3,0.9775148348933758,87.14705096981605
10,FEEDER,150r,1,1.0051998706720113,-32.90703588489719
10,FEEDER,150r,2,1.0120229919358636,-152.28553140984107
10,FEEDER,150r,3,1.0080602714857425,87.1466875004699
10,MG3,40,1,0.9734622755287743,-34.83829250944713
10,MG3,40,2,0.9957900097062108,-153.49866443955955
10,MG3,40,3,0.9778255073483246,85.47302078656908
10,MG3,401,1,0.9734622755287743,-34.83829250944713
10,MG3,401,2,0.9957900097062108,-153.49866443955955
10,MG3,401,3,0.9778255073483246,85.47302078656908
10,MG4,101,1,1.064076924522547,-35.7409137938033
10,MG4,101,2,0.9830366264035447,-154.29274499116576
10,MG4,101,3,1.0711362917103195,84.40530890516881
10,MG4,1011,1,1.064076924522547,-35.7409137938033
10,MG4,1011,2,0.9830366264035447,-154.29274499116576
10,MG4,1011,3,1.0711362917103195,84.40530890516881
10,MG1,30,1,0.9772017906481036,-34.70722910595275
10,MG1,30,2,0.9996565800875084,-153.25078752802855
10,MG1,30,3,0.978068981444223,85.63665655483524
10,MG1,301,1,0.9772017906481036,-34.70722910595275
10,MG1,301,2,0.9996565800875084,-153.25078752802855
10,MG1,301,3,0.978068981444223,85.63665655483524
10,MG2,93,1,1.0653473718969517,-35.564019767004964
10,MG2,93,2,0.9833371047187458,-154.43689608318778
10,MG2,93,3,1.0775677594377606,84.51034313946738
10,MG2,931,1,1.0653473718969517,-35.564019767004964
10,MG2,931,2,0.9833371047187458,-154.43689608318778
10,MG2,931,3,1.0775677594377606,84.51034313946738
10,MG2,77,1,1.0679015241317165,-35.67029648962288
10,MG2,77,2,0.9869672495320775,-154.2850225751681
10,MG2,77,3,1.0754408384286402,84.44338381935971
10,MG2,771,1,1.0679015241317165,-35.67029648962288
10,MG2,771,2,0.9869672495320775,-154.2850225751681
10,MG2,771,3,1.0754408384286402,84.44338381935971
10,FEEDER,149,1,1.005199691774144,-32.9070325797201
10,FEEDER,149,2,1.0120228523250538,-152.28552902196233
10,FEEDER,149,3,1.0080600972512093,87.14669033839252
10,FEEDER,1,1,0.997340886547039,-33.37621176579851
10,FEEDER,1,2,1.0087712746298256,-152.54929213943475
10,FEEDER,1,3,1.0008849094765275,86.72554525277675
10,FEEDER,2,2,1.008640350787881,-152.55172729515786
10,FEEDER,3,3,0.9999517241852556,86.708063423531
10,FEEDER,7,1,0.9914916622156156,-33.720840187148404
10,FEEDER,7,2,1.0063872718556683,-152.75681977787292
10,FEEDER,7,3,0.9960625072366063,86.42724222140374
10,FEEDER,4,3,0.9996497601352587,86.70239739412801
10,FEEDER,5,3,0.9992293438367055,86.69451211923385
10,FEEDER,6,3,0.9988603336954136,86.68758345961014
10,FEEDER,8,1,0.9876882522272624,-33.94916121498618
10,FEEDER,8,2,1.0047624170621519,-152.89504570987964
10,FEEDER,8,3,0.9928694084116284,86.22478119676954
10,FEEDER,12,2,1.0045934065092896,-152.89820198494854
10,FEEDER,9,1,0.9868484113696028,-33.9651048429677
10,FEEDER,13,1,0.9825899347551621,-34.27126553177889
10,FEEDER,13,2,1.00213263755089,-153.09308931575532
10,FEEDER,13,3,0.9880985895576923,85.90490055498415
10,FEEDER,9r,1,0.9868475548377372,-33.96520104590315
10,FEEDER,14,1,0.9859113152588633,-33.9829982798371
10,FEEDER,34,3,0.987535535609845,85.89421231410617
10,FEEDER,18,1,0.9773139637180125,-34.62044689276206
10,FEEDER,18,2,0.9989977122332874,-153.31367259571968
10,FEEDER,18,3,0.9807501405016699,85.69512283123498
10,FEEDER,11,1,0.9855472233954801,-33.989926939460794
10,FEEDER,10,1,0.9857246901625646,-33.986550326372
10,FEEDER,15,3,0.9873061083027967,85.88985423277302
10,FEEDER,16,3,0.9867324724368627,85.87895167632793
10,FEEDER,17,3,0.9870385056281817,85.88476761435932
10,FEEDER,19,1,0.9765542803891106,-34.63502932760184
10,FEEDER,20,1,0.9760690848792996,-34.644352171358335
10,MG1,21,1,0.9773139636507165,-34.62044647509353
10,MG1,21,2,0.998997718889723,-153.31367239847674
10,MG1,21,3,0.9807501363869278,85.69512336577476
10,MG1,22,2,0.9976589444506649,-153.3387090473178
10,MG1,23,1,0.9772171992785587,-34.64692783103674
10,MG1,23,2,0.9993238800000304,-153.28590787968335
10,MG1,23,3,0.9799340325494245,85.68734961346202
10,MG1,24,3,0.9784398630138476,85.65891422363028
10,MG1,25,1,0.9768127719065642,-34.68528098360151
10,MG1,25,2,0.999622293628276,-153.27825656157862
10,MG1,25,3,0.9792653391826901,85.68403686639792
10,MG1,25r,1,0.9890218896585272,-34.685397135381116
10,MG1,25r,3,0.97314440981231,85.6839774786392
10,MG1,26,1,0.9886686701418042,-34.70933269261077
10,MG1,26,3,0.9728689630490699,85.684689887532
10,MG1,28,1,0.9767051523733408,-34.69975218593462
10,MG1,28,2,0.9997250144623943,-153.27369782538355
10,MG1,28,3,0.9789538307222702,85.67949313504887
10,MG1,27,1,0.9883097236546964,-34.72656063208113
10,MG1,27,3,0.9728389847193482,85.69423948496147
10,MG1,31,3,0.9725634553891996,85.67879938028656
10,MG1,33,1,0.9870075335061261,-34.751160456961045
10,MG1,29,1,0.9769327127466418,-34.70320864078695
10,MG1,29,2,0.9996937905207309,-153.26315536498583
10,MG1,29,3,0.9785456532814405,85.65977345904362
10,MG1,250,1,0.9772017934093175,-34.70722920295967
10,MG1,250,2,0.9996565831471071,-153.25078761276328
10,MG1,250,3,0.9780689846772247,85.63665647574166
10,MG1,32,3,0.9723597621133461,85.67487052212489
10,MG3,35,1,0.9750941425374223,-34.75489580128735
10,MG3,35,2,0.9968521843263597,-153.42077026290204
10,MG3,35,3,0.9791181201457135,85.56272189821374
10,MG3,42,1,0.9718324677233456,-34.92196886305451
10,MG3,42,2,0.9947296706496895,-153.57672452587093
10,MG3,42,3,0.9765352883007594,85.38308268996154
10,MG3,44,1,0.9705301111154571,-34.98911199859088
10,MG3,44,2,0.9938827249747334,-153.63929221291318
10,MG3,44,3,0.9755048429700752,85.31096124842568
10,MG3,151,1,0.9750941476001129,-34.754895926922345
10,MG3,151,2,0.9968521887526114,-153.42077041167704
10,MG3,151,3,0.9791181247887025,85.56272176581605
10,FEEDER,52,1,0.9788705760753171,-34.53037994663297
10,FEEDER,52,2,0.9999050211101739,-153.2892674956169
10,FEEDER,52,3,0.985563669584153,85.63815212754344
10,FEEDER,53,1,0.9771726022004725,-34.65312841631179
10,FEEDER,53,2,0.9987089265016837,-153.38628816392747
10,FEEDER,53,3,0.9843178055468742,85.50020402692738
10,FEEDER,54,1,0.9762102125837526,-34.725337980398635
10,FEEDER,54,2,0.9979085358923129,-153.44616567886055
10,FEEDER,54,3,0.9835504779552482,85.41126511425637
10,FEEDER,55,1,0.9760936013093695,-34.72675433985332
10,FEEDER,55,2,0.9978601792400431,-153.45183208751817
10,FEEDER,55,3,0.983592091488459,85.41299593378021
10,FEEDER,57,1,0.9744043162562875,-34.9427730959624
10,FEEDER,57,2,0.9946934848479966,-153.6155157050934
10,FEEDER,57,3,0.9815854742268225,85.18496836060858
10,FEEDER,56,1,0.9760762722289303,-34.723325162434044
10,FEEDER,56,2,0.9977560826366442,-153.45659275555317
10,FEEDER,56,3,0.9836422998074774,85.41211325658898
10,FEEDER,58,2,0.9943151873287028,-153.6226078050089
10,FEEDER,60,1,0.9706394135941869,-35.42645639575863
10,FEEDER,60,2,0.9883993863824385,-153.9545971660858
10,FEEDER,60,3,0.9771037339812773,84.7013605770623
10,FEEDER,59,2,0.9941254119260836,-153.62618935653902
10,FEEDER,61,1,0.9706394365983538,-35.426457066720154
10,FEEDER,61,2,0.9883994070795533,-153.95459784376982
10,FEEDER,61,3,0.9771037572326401,84.70135998863606
10,FEEDER,62,1,0.9702689341150326,-35.424228213354645
10,FEEDER,62,2,0.9877273049789429,-153.94288487734002
10,FEEDER,62,3,0.9759214072324492,84.69890814962055
10,FEEDER,63,1,0.9699758875687993,-35.418675394976916
10,FEEDER,63,2,0.9872148365626324,-153.9388043724799
10,FEEDER,63,3,0.9753317534526778,84.69696172710509
10,FEEDER,64,1,0.9699034444278448,-35.408052688727814
10,FEEDER,64,2,0.9861023715640673,-153.92158092761966
10,FEEDER,64,3,0.9740619907589855,84.68510881229447
10,FEEDER,65,1,0.9696456025190946,-35.415536709794985
10,FEEDER,65,2,0.9858565520614996,-153.90140533172527
10,FEEDER,65,3,0.9723061806313356,84.6895527744591
10,FEEDER,66,1,0.9697768287202642,-35.430105525511074
10,FEEDER,66,2,0.9860052658788027,-153.8858693851195
10,FEEDER,66,3,0.9714251592338436,84.68903014430497
10,FEEDER,67,1,1.0666359939627583,-35.58545504533089
10,FEEDER,67,2,0.986365048207119,-154.12310767911634
10,FEEDER,67,3,1.0731915225654751,84.5454984943119
10,FEEDER,68,1,1.0657781213965205,-35.60051783248334
10,FEEDER,97,1,1.0653041704343322,-35.66551341494353
10,FEEDER,97,2,0.9846283350090071,-154.21000380560193
10,FEEDER,97,3,1.0721097436120044,84.47291291167416
10,FEEDER,69,1,1.0647954423657302,-35.617798418198646
10,FEEDER,70,1,1.0640989161111232,-35.6300623982127
10,FEEDER,71,1,1.063706058721335,-35.636985397412786
10,MG2,72,1,1.066635988278873,-35.585456199487616
10,MG2,72,2,0.9863650384036609,-154.12310835877355
10,MG2,72,3,1.0731915087298658,84.54549739625688
10,MG2,73,3,1.071072643112996,84.50863195146887
10,MG2,76,1,1.0667537709885382,-35.615305771687304
10,MG2,76,2,0.9860387507073346,-154.1969906188368
10,MG2,76,3,1.0741764587962537,84.51470469739901
10,MG2,74,3,1.0692472721589592,84.47678313373264
10,MG2,75,3,1.0682544951627355,84.45940791046286
10,MG2,86,1,1.0667232697734477,-35.550672700298755
10,MG2,86,2,0.9851093677998796,-154.26326638821052
10,MG2,86,3,1.0761953105475026,84.55339517819014
10,MG2,78,1,1.068201819626791,-35.687273974860794
10,MG2,78,2,0.9873342219666074,-154.300630706976
10,MG2,78,3,1.0756923529925233,84.42660427580923
10,MG2,79,1,1.0678941435441256,-35.70095783103122
10,MG2,79,2,0.9874667091475442,-154.30350105579134
10,MG2,79,3,1.0756451569565897,84.4358178822829
10,MG2,80,1,1.0702784543771504,-35.73891329689467
10,MG2,80,2,0.9887984879178002,-154.3685798363247
10,MG2,80,3,1.0769885073795324,84.32759012237287
10,MG2,81,1,1.0710667961382403,-35.76354637316572
10,MG2,81,2,0.9895731921000794,-154.38245399320115
10,MG2,81,3,1.0773535612165424,84.29295251779197
10,MG2,82,1,1.0719288505822409,-35.79500725941843
10,MG2,82,2,0.990724422652895,-154.41558936036233
10,MG2,82,3,1.0783415040962308,84.2633324085412
10,MG2,84,3,1.0748266849539296,84.24909411572825
10,MG2,83,1,1.0731029267059047,-35.81258854699011
10,MG2,83,2,0.9917415714161074,-154.4457608771319
10,MG2,83,3,1.0793779999329223,84.22446238100487
10,MG2,85,3,1.0736418100109288,84.22846440972157
10,MG2,87,1,1.0662706145646317,-35.56923851432655
10,MG2,87,2,0.9841865876161288,-154.35658758751381
10,MG2,87,3,1.0767972261024263,84.53164849870564
10,MG2,88,1,1.0662481644572877,-35.59874665251414
10,MG2,89,1,1.0658536952277893,-35.56245932704648
10,MG2,89,2,0.9838715210668355,-154.40440406525704
10,MG2,89,3,1.0772252412449201,84.52008495069016
10,MG2,90,2,0.9837641231487783,-154.4480042186605
10,MG2,91,1,1.065657073342824,-35.55886945017829
10,MG2,91,2,0.9835201643110272,-154.41985692384674
10,MG2,91,3,1.077464688798709,84.50430220264984
10,MG2,92,3,1.0774281986147103,84.45376116569638
10,MG2,94,1,1.064662749259477,-35.57604434885084
10,MG2,95,1,1.0653085466948244,-35.55419464659127
10,MG2,95,2,0.982931689746369,-154.45616858978684
10,MG2,95,3,1.0777628631386167,84.50721511498938
10,MG2,96,2,0.9826612502941688,-154.46130086740968
10,FEEDER,98,1,1.0651911779090615,-35.67084085120459
10,FEEDER,98,2,0.984471085191739,-154.21488814679776
10,FEEDER,98,3,1.0719922398870565,84.46728729550625
10,FEEDER,99,1,1.0653580491312087,-35.66419856124643
10,FEEDER,99,2,0.9839867590588761,-154.2209716985288
10,FEEDER,99,3,1.0717988573392039,84.44569904469668
10,FEEDER,100,1,1.065471894407502,-35.66614293856718
10,FEEDER,100,2,0.9839529596656947,-154.213137478516
10,FEEDER,100,3,1.071562549211991,84.43556050402066
10,FEEDER,450,1,1.0654719469399672,-35.66614428622936
10,FEEDER,450,2,0.9839530117362248,-154.21313873839273
10,FEEDER,450,3,1.0715625979599606,84.43555893966233
10,MG4,197,1,1.0653041176697737,-35.66551254981561
10,MG4,197,2,0.9846282790337355,-154.21000281104767
10,MG4,197,3,1.0721096904586198,84.47291377617557
10,MG4,105,1,1.062729133844984,-35.824055829253275
10,MG4,105,2,0.981288172712076,-154.38407091277512
10,MG4,105,3,1.070067267786539,84.3308019563239
10,MG4,108,1,1.0611391674127006,-35.9225862300954
10,MG4,108,2,0.9792250292727833,-154.4924212972292
10,MG4,108,3,1.068806199027902,84.24255679167466
10,MG4,300,1,1.0653041997216197,-35.665514655657184
10,MG4,300,2,0.9846283604584647,-154.21000478040614
10,MG4,300,3,1.0721097666706911,84.4729113328737
10,MG3,135,1,0.9773139066729286,-34.620445866060415
10,MG3,135,2,0.9989976565149605,-153.31367161730267
10,MG3,135,3,0.98075008375161,85.69512385002449
10,FEEDER,152,1,0.9825898351313485,-34.27126456098087
10,FEEDER,152,2,1.002132550267329,-153.09308831346385
10,FEEDER,152,3,0.9880984946491599,85.90490110017019
10,FEEDER,160r,1,1.0677023413627742,-35.427829842726375
10,FEEDER,160r,2,0.9883970619600179,-153.95576264677763
10,FEEDER,160r,3,1.074814693922188,84.70003737444038
10,FEEDER,160,1,0.9706393329266244,-35.426456228422886
10,FEEDER,160,2,0.9883993166534378,-153.95459671702056
10,FEEDER,160,3,0.9771036557691427,84.70136044824517
10,FEEDER,61s,1,0.9706394365983538,-35.42645706671981
10,FEEDER,61s,2,0.9883994070795535,-153.9545978437695
10,FEEDER,61s,3,0.9771037572326399,84.70135998863638
10,FEEDER,610,1,1.1168694619019364,-34.96700042995632
10,FEEDER,610,2,1.1341112147322416,-154.30984558091777
10,FEEDER,610,3,1.1367485735627905,84.61144869118029
10,FEEDER,x1,1,0.9858454947771951,-33.70064082459064
10,FEEDER,x2,2,0.9972738578487695,-152.86881517642814
10,FEEDER,x4,3,0.9881809015578832,86.3794874349917
10,FEEDER,x5,3,0.9878862935523568,86.37506183911567
10,FEEDER,x6,3,0.9876476919748891,86.37174398718281
10,FEEDER,x7,1,0.9799283208419163,-34.04917028335862
10,FEEDER,x9,1,0.9752305252721638,-34.29658201895912
10,FEEDER,x10,1,0.9743833312997731,-34.31039546918084
10,FEEDER,x11,1,0.9744840271288827,-34.305766411888136
10,FEEDER,x12,2,0.9931810870479634,-153.21789055736863
10,FEEDER,x16,3,0.9751131318098043,85.54739291949925
10,FEEDER,x17,3,0.9754227774879924,85.55341774301684
10,FEEDER,x19,1,0.9648135407791484,-34.97364651847199
10,FEEDER,x20,1,0.9647289221989015,-34.97141445712882
10,MG1,x22,2,0.9783038298297482,-153.88791769769153
10,MG1,x24,3,0.9578226445941576,85.06206137350142
10,MG1,x28,1,0.9569394246733188,-35.272817444212116
10,MG1,x29,1,0.9767983928942444,-34.701776013581714
10,MG1,x29,2,0.0,0.0
10,MG1,x30,3,0.9574436855163586,85.03934046264531
10,MG1,x31,3,0.9622487091781864,85.38066899696533
10,MG1,x32,3,0.9620428606747049,85.37661329538967
10,MG1,x33,1,0.9672409074833137,-35.31822863309146
10,FEEDER,x34,3,0.9764500196737842,85.57837284167883
10,FEEDER,x52,1,0.9671576982511408,-34.86737101641735
10,FEEDER,x53,1,0.9654392930661222,-34.99131086170747
10,FEEDER,x55,1,0.9651365260627354,-35.042593812280664
10,FEEDER,x56,2,0.9919788976523745,-153.61701598475446
10,FEEDER,x58,2,0.9885795574212287,-153.7824085326835
10,FEEDER,x59,2,0.9825927555959169,-153.95275470811362
10,FEEDER,x60,1,0.9588267904991244,-35.769282184974166
10,FEEDER,x62,3,0.964966264939228,84.3830686771932
10,FEEDER,x63,1,0.9581551480949938,-35.76197807081795
10,FEEDER,x64,2,0.9757408776250032,-154.23717164172385
10,FEEDER,x65,1,1.1086003526729449,-65.47890891157847
10,FEEDER,x65,2,1.1116705856554308,175.50134976951105
10,FEEDER,x65,3,1.1265461958299972,54.87666234007221
10,FEEDER,x66,3,0.9606538482819204,84.35571621471426
10,FEEDER,x68,1,1.0549032554703517,-35.887157053867995
10,FEEDER,x69,1,1.0539306033927647,-35.904437639065556
10,FEEDER,x70,1,1.0532411842768419,-35.91670161871172
10,FEEDER,x71,1,1.0528523354824695,-35.92362461770401
10,MG2,x73,3,1.0521818951353856,84.00972044010106
10,MG2,x74,3,1.048503305870826,83.92757448335888
10,MG2,x75,3,1.0494134514906812,83.96049639983383
10,MG2,x76,1,1.2191947109800874,-66.04113661726088
10,MG2,x76,2,1.1578417952005593,173.55385590691284
10,MG2,x76,3,1.1824343608884385,56.3370796071182
10,MG2,x77,2,0.9665344106903753,-154.8713597623393
10,MG2,x79,1,1.047176428671451,-36.25016648140498
10,MG2,x80,2,0.9684047981475377,-154.95269516659698
10,MG2,x82,1,1.053023017119766,-36.29391855966484
10,MG2,x83,1,0.0,0.0
10,MG2,x83,3,1.0792295947339356,84.22589500821012
10,MG2,x84,3,1.0558697257680838,83.75018260010299
10,MG2,x85,3,1.0547057487296665,83.72955289456311
10,MG2,x86,2,0.9646366339407818,-154.85187124008115
10,MG2,x87,2,0.9636939825750946,-154.94632355793416
10,MG2,x88,1,1.0473782605870112,-36.09937717223269
10,MG2,x90,2,0.9639977300678623,-155.01694828921472
10,MG2,x92,3,1.0584253562465609,83.95484961530862
10,MG2,x94,1,1.0457640483449482,-36.07819839450175
10,MG2,x95,2,0.9624119994099561,-155.04744797317784
10,MG2,x96,2,0.9621357139074148,-155.05291363972822
10,FEEDER,x98,1,1.054322301086478,-35.95748007920748
10,FEEDER,x99,2,0.9723349847439283,-154.55441115540282
10,FEEDER,x100,3,1.0595337934989724,84.11972103159331
11,FEEDER,sourcebus,1,0.999558574349181,-0.018755992705060107
11,FEEDER,sourcebus,2,0.9997772695413331,-120.02130957214975
11,FEEDER,sourcebus,3,0.9996293551173588,119.96911146683972
11,FEEDER,150,1,0.9874442123122295,-30.948571565073227
11,FEEDER,150,2,0.9950290796639387,-150.41878368416374
11,FEEDER,150,3,0.9916313432317014,89.32718097269881
11,FEEDER,150r,1,1.0183005590828236,-30.94869646366413
11,FEEDER,150r,2,1.0261232528652542,-150.41883727092304
11,FEEDER,150r,3,1.0226189629003082,89.32709434086648
11,MG3,40,1,0.989343714208836,-1.4581688029394113
11,MG3,40,2,0.9893541220944273,-121.45689222991658
11,MG3,40,3,0.9893420540996637,118.54292109740997
11,MG3,401,1,0.9944902592787059,-0.5048986398170824
11,MG3,401,2,0.9944958040150075,-120.5044754488131
11,MG3,401,3,0.9944911434141797,119.49551855882378
11,MG4,101,1,0.989424138631731,-1.44263083922892
11,MG4,101,2,0.9894263433039103,-121.4440506082335
11,MG4,101,3,0.9894400170345504,118.55760717759331
11,MG4,1011,1,0.9945376533743522,-0.49943043583206964
11,MG4,1011,2,0.9945365173230513,-120.4999740673884
11,MG4,1011,3,0.9945437764454887,119.50057486475576
11,MG1,30,1,0.9910872314623173,-0.0663960366493061
11,MG1,30,2,0.9959822837708869,-119.57782792932164
11,MG1,30,3,0.9885639718410799,119.67319638632434
11,MG1,301,1,0.998798368110052,0.004327915426605554
11,MG1,301,2,0.9997224621223765,-119.9405503555272
11,MG1,301,3,0.9983726171844045,119.97898804670633
11,MG2,93,1,1.0051004776102472,0.28675026307644036
11,MG2,93,2,0.9990501931376802,-120.17328857955121
11,MG2,93,3,1.0077695836070941,119.89983034079546
11,MG2,931,1,0.9999662980640334,0.3303208756129475
11,MG2,931,2,0.9938845932952608,-120.12918587270131
11,MG2,931,3,1.0026491434156755,119.94316927972925
11,MG2,77,1,1.0085650284718553,0.09943244429607506
11,MG2,77,2,1.0041813400437778,-120.11923094703467
11,MG2,77,3,1.006974987227746,119.78598992584496
11,MG2,771,1,1.0020574878741775,0.00010109348966410682
11,MG2,771,2,1.0008679002509597,-120.03549202152013
11,MG2,771,3,1.0013888136345093,119.93283181600032
11,FEEDER,149,1,1.0183004984329405,-30.948694533712512
11,FEEDER,149,2,1.0261232266630238,-150.41883654900482
11,FEEDER,149,3,1.0226189206636678,89.3270956259764
11,FEEDER,1,1,1.0144798680011227,-31.127567287612344
11,FEEDER,1,2,1.0265105587797012,-150.46521786869906
11,FEEDER,1,3,1.019928454884124,89.2862893249123
11,FEEDER,2,2,1.0263780379985727,-150.46764008453707
11,FEEDER,3,3,1.0189675651587922,89.26862443108939
11,FEEDER,7,1,1.0116173121426137,-31.250578577169424
11,FEEDER,7,2,1.0268453226075127,-150.50877032307235
11,FEEDER,7,3,1.018451646370509,89.2771707605339
11,FEEDER,4,3,1.0186623505572434,89.26300442401906
11,FEEDER,5,3,1.0182144550054533,89.25475949716369
11,FEEDER,6,3,1.0178273896547188,89.24762669287419
11,FEEDER,8,1,1.009788381333889,-31.32933760359655
11,FEEDER,8,2,1.0270255140435824,-150.53713080903833
11,FEEDER,8,3,1.0174735516193762,89.26911691121406
11,FEEDER,12,2,1.026855210580725,-150.54024213163072
11,FEEDER,9,1,1.0089237846297414,-31.34539185863396
11,FEEDER,13,1,1.0076436463826783,-31.42429692183683
11,FEEDER,13,2,1.0270844418353455,-150.56963273782742
11,FEEDER,13,3,1.0159999072236974,89.24324634906338
11,FEEDER,9r,1,1.0089228897568199,-31.345490170713102
11,FEEDER,14,1,1.0079447299521824,-31.363678367930287
11,FEEDER,34,3,1.0154234981891628,89.2326048461069
11,FEEDER,18,1,1.0063772773992956,-31.482024829446406
11,FEEDER,18,2,1.0276903768682724,-150.58103007114022
11,FEEDER,18,3,1.0158113294168014,89.28377985674635
11,FEEDER,11,1,1.0075615685479202,-31.37081117221977
11,FEEDER,10,1,1.0077525174548791,-31.367256852246836
11,FEEDER,15,3,1.0151936972936924,89.22835972970914
11,FEEDER,16,3,1.0146191277535719,89.21774003840055
11,FEEDER,17,3,1.014925656863911,89.22340503534909
11,FEEDER,19,1,1.0056063276870084,-31.49639578055685
11,FEEDER,20,1,1.0051065724285342,-31.505720961545105
11,MG1,21,1,0.9908450221233415,-0.02566707729287453
11,MG1,21,2,0.9958109208176299,-119.5141047714022
11,MG1,21,3,0.9881889769865578,119.72877459822558
11,MG1,22,2,0.9945562637414702,-119.53767006226681
11,MG1,23,1,0.9908093102011188,-0.04384677561948966
11,MG1,23,2,0.9960337996587257,-119.5108747225079
11,MG1,23,3,0.9879417306297773,119.72085089637304
11,MG1,24,3,0.9865525564737919,119.69458180356624
11,MG1,25,1,0.9904985060456616,-0.0715311187724821
11,MG1,25,2,0.9962240072009397,-119.52824494917672
11,MG1,25,3,0.9878894530239337,119.71737974429237
11,MG1,25r,1,1.0028787598611675,-0.07163872640492285
11,MG1,25r,3,0.9817146589956695,119.71732497003177
11,MG1,26,1,1.0025459749353196,-0.0938592721182833
11,MG1,26,3,0.9814559282403034,119.71806534497406
11,MG1,28,1,0.9904482873357107,-0.07918826879083907
11,MG1,28,2,0.9962545925113442,-119.54189333891925
11,MG1,28,3,0.9880159467821233,119.71283756437775
11,MG1,27,1,1.0022090010258833,-0.10982424997232573
11,MG1,27,3,0.9814261524603796,119.72693745892091
11,MG1,31,3,0.9811716299743265,119.71263502676409
11,MG1,33,1,1.0009862120534307,-0.13263778057851025
11,MG1,29,1,0.9907414998809345,-0.07328673330035029
11,MG1,29,2,0.9961292578767474,-119.55850742021393
11,MG1,29,3,0.9882691016071101,119.69457793641057
11,MG1,250,1,0.991087234267775,-0.06639613280156006
11,MG1,250,2,0.995982286806441,-119.57782801416037
11,MG1,250,3,0.9885639751170029,119.67319630660559
11,MG1,32,3,0.980982078862677,119.70901326875806
11,MG3,35,1,0.9893437406066508,-1.458170034410789
11,MG3,35,2,0.9893541530247321,-121.45689249612316
11,MG3,35,3,0.9893420789185703,118.54292023003543
11,MG3,42,1,0.9877270234102105,-1.5386430079170819
11,MG3,42,2,0.9882204413335394,-121.53720042107787
11,MG3,42,3,0.9880565664885348,118.45134374478334
11,MG3,44,1,0.986435070460886,-1.6032120161950596
11,MG3,44,2,0.9873148911730175,-121.60157944737472
11,MG3,44,3,0.9870299912623807,118.3779104539005
11,MG3,151,1,0.9893437457396513,-1.4581701591304677
11,MG3,151,2,0.9893541573949272,-121.45689264593321
11,MG3,151,3,0.9893420836253504,118.54292009687693
11,FEEDER,52,1,1.0050691161990815,-31.51592409164268
11,FEEDER,52,2,1.0268973221994981,-150.62868985088605
11,FEEDER,52,3,1.0148532677785838,89.22834635201266
11,FEEDER,53,1,1.0039376101594049,-31.554558379486345
11,FEEDER,53,2,1.0267170534350432,-150.65688827096315
11,FEEDER,53,3,1.0142926739690497,89.21692220852084
11,FEEDER,54,1,1.003327525444672,-31.57414564617665
11,FEEDER,54,2,1.0265500024707916,-150.67367856642355
11,FEEDER,54,3,1.0139502440396435,89.20729604790809
11,FEEDER,55,1,1.0032055349012294,-31.575785147130876
11,FEEDER,55,2,1.0265047983684772,-150.6792219162916
11,FEEDER,55,3,1.0139916896111334,89.20907482702884
11,FEEDER,57,1,1.0019454025680614,-31.634081237371376
11,FEEDER,57,2,1.025820945437948,-150.7092280965166
11,FEEDER,57,3,1.0130317625730136,89.1846275286538
11,FEEDER,56,1,1.0031885811531212,-31.572436575386195
11,FEEDER,56,2,1.0264005126055873,-150.68385552466114
11,FEEDER,56,3,1.0140416948544375,89.20816585047864
11,FEEDER,58,2,1.025437238413162,-150.7162022165204
11,FEEDER,60,1,0.9990422179485808,-31.77794084693429
11,FEEDER,60,2,1.0248362777979334,-150.75882486962422
11,FEEDER,60,3,1.010738742339374,89.14068109844564
11,FEEDER,59,2,1.0252477150293537,-150.7196701244743
11,FEEDER,61,1,0.9990422415330278,-31.77794151838968
11,FEEDER,61,2,1.0248362993165139,-150.75882555315846
11,FEEDER,61,3,1.0107387664518588,89.1406805136826
11,FEEDER,62,1,0.9986653132025541,-31.77527744348836
11,FEEDER,62,2,1.0241265836546354,-150.74709142233732
11,FEEDER,62,3,1.0095167313088713,89.1381551753036
11,FEEDER,63,1,0.9983645968971158,-31.769310941568335
11,FEEDER,63,2,1.0235867221193347,-150.74316077254454
11,FEEDER,63,3,1.0089147257027224,89.13615081466864
11,FEEDER,64,1,0.9982771421729155,-31.75784688039096
11,FEEDER,64,2,1.0224181830501777,-150.7265917120275
11,FEEDER,64,3,1.0076183348682668,89.12451392329366
11,FEEDER,65,1,0.9979931426057996,-31.764244801327614
11,FEEDER,65,2,1.0221374956020435,-150.7072063253033
11,FEEDER,65,3,1.005830965140422,89.12940939258198
11,FEEDER,66,1,0.9981271391283322,-31.77823317752664
11,FEEDER,66,2,1.0222797408431,-150.69211208588916
11,FEEDER,66,3,1.0049538513018377,89.12890867625916
11,FEEDER,67,1,1.0980230626530958,-31.8201125523276
11,FEEDER,67,2,1.0249982113452758,-150.772291085975
11,FEEDER,67,3,1.1114900731196178,89.15727957031463
11,FEEDER,68,1,1.0971140527550753,-31.835619508345918
11,FEEDER,97,1,1.0979171019898117,-31.82534484754035
11,FEEDER,97,2,1.0248577292065013,-150.77614500431594
11,FEEDER,97,3,1.111368527271687,89.15198484756746
11,FEEDER,69,1,1.0960728063912137,-31.85341031485284
11,FEEDER,70,1,1.0953347762347856,-31.866036714678224
11,FEEDER,71,1,1.0949185119746156,-31.873164477503966
11,MG2,72,1,1.009003524156038,0.19366643197273986
11,MG2,72,2,1.0031869722081608,-119.99026135879606
11,MG2,72,3,1.0057236391940017,119.79844804978053
11,MG2,73,3,1.0036945591961521,119.760789162591
11,MG2,76,1,1.0084313219166972,0.16952598773010158
11,MG2,76,2,1.0029691159328076,-120.0435204760813
11,MG2,76,3,1.0062606628458486,119.8047078157126
11,MG2,74,3,1.0019808935280181,119.72888344249593
11,MG2,75,3,1.0009856398545138,119.71031667122602
11,MG2,86,1,1.007665424607355,0.2743674426083197
11,MG2,86,2,1.0017450194973085,-120.06335463324936
11,MG2,86,3,1.0076453755956305,119.88882205900289
11,MG2,78,1,1.0088405133446925,0.08186801433113297
11,MG2,78,2,1.0045775691953265,-120.13466907711259
11,MG2,78,3,1.0071988568960137,119.7698568989689
11,MG2,79,1,1.0085673841361324,0.06899710987939713
11,MG2,79,2,1.0046964104360843,-120.13698314504597
11,MG2,79,3,1.0071557545436254,119.77857580611335
11,MG2,80,1,1.0107264096187112,0.025730108370682715
11,MG2,80,2,1.0062096298877532,-120.20297372833596
11,MG2,80,3,1.0083547989848296,119.67494600139067
11,MG2,81,1,1.011440021239789,-0.00045010915200719445
11,MG2,81,2,1.0070275427456212,-120.21801937232982
11,MG2,81,3,1.0086776511299411,119.64190477249116
11,MG2,82,1,1.012197845522611,-0.03382083901027801
11,MG2,82,2,1.0082448400997839,-120.252439533985
11,MG2,82,3,1.0096018621616791,119.61574175335132
11,MG2,84,3,1.0061694526091223,119.59545481064688
11,MG2,83,1,1.013263887934353,-0.05268103241722574
11,MG2,83,2,1.0093284415896235,-120.2841850264185
11,MG2,83,3,1.0105751364978361,119.57983118827273
11,MG2,85,3,1.0049924417798908,119.57358539641746
11,MG2,87,1,1.006738100288454,0.2644030067937588
11,MG2,87,2,1.0005178152952323,-120.1303645049042
11,MG2,87,3,1.0077508690558385,119.88834990235321
11,MG2,88,1,1.0066947368703238,0.23449056673998336
11,MG2,89,1,1.006051400411032,0.2774221631117603
11,MG2,89,2,0.9999902406861085,-120.16316743283176
11,MG2,89,3,1.007879873107051,119.88945229249225
11,MG2,90,2,0.9999314817973344,-120.20584653082744
11,MG2,91,1,1.0056335283194626,0.28632704387015095
11,MG2,91,2,0.9994405498886841,-120.16738380979271
11,MG2,91,3,1.0078812481612924,119.88340379199585
11,MG2,92,3,1.0078083312134276,119.83215694789844
11,MG2,94,1,1.004418660639101,0.2740686949983668
11,MG2,95,1,1.0050692324224604,0.2964102322051789
11,MG2,95,2,0.9986763355169234,-120.19080296334543
11,MG2,95,3,1.0079485257590253,119.89655038753766
11,MG2,96,2,0.9984268739420659,-120.19547188279783
11,FEEDER,98,1,1.0978005436781477,-31.83110123482046
11,FEEDER,98,2,1.0247031919525293,-150.7803852488727
11,FEEDER,98,3,1.111234826384406,89.14615966450712
11,FEEDER,99,1,1.0979841923547446,-31.824807107885018
11,FEEDER,99,2,1.0242134681961395,-150.78518055004588
11,FEEDER,99,3,1.1110085935715646,89.1238971807081
11,FEEDER,100,1,1.0981062203373486,-31.826727030631666
11,FEEDER,100,2,1.0241742940193155,-150.77719513736972
11,FEEDER,100,3,1.1107564467160516,89.11346042899899
11,FEEDER,450,1,1.0981062742576144,-31.826728378372046
11,FEEDER,450,2,1.0241743483162475,-150.7771964051049
11,FEEDER,450,3,1.1107564972996644,89.11345887807627
11,MG4,197,1,0.989424180996225,-1.4426320376522912
11,MG4,197,2,0.9894263895047548,-121.44405173071328
11,MG4,197,3,0.9894400563697898,118.55760582930465
11,MG4,105,1,0.9880218068473233,-1.5423127764627544
11,MG4,105,2,0.9876634027076321,-121.53169770803242
11,MG4,105,3,0.9882044245697841,118.47018333276237
11,MG4,108,1,0.9863683585310375,-1.6604832743828464
11,MG4,108,2,0.985582902819004,-121.63568420921592
11,MG4,108,3,0.9867471395948811,118.36658273282022
11,MG4,300,1,0.9894242563108844,-1.4426341681826569
11,MG4,300,2,0.9894264716395945,-121.44405372623282
11,MG4,300,3,0.9894401262991069,118.55760343234715
11,MG3,135,1,0.9893437488173933,-1.4581706006741113
11,MG3,135,2,0.9893541658322391,-121.45689248148912
11,MG3,135,3,0.9893420861014431,118.54291992670562
11,FEEDER,152,1,1.0076436095400336,-31.424295703738718
11,FEEDER,152,2,1.0270844195526734,-150.5696321335796
11,FEEDER,152,3,1.0159998850079939,89.24324705649693
11,FEEDER,160r,1,1.0989435639439127,-31.778227840899607
11,FEEDER,160r,2,1.0248356844656872,-150.75888857202997
11,FEEDER,160r,3,1.111811817414093,89.14060199003237
11,FEEDER,160,1,0.9990422005617519,-31.777940331642423
11,FEEDER,160,2,1.0248362738390595,-150.7588247556253
11,FEEDER,160,3,1.0107387374907042,89.14068123997879
11,FEEDER,61s,1,0.9990422415330278,-31.77794151838935
11,FEEDER,61s,2,1.024836299316514,-150.75882555315815
11,FEEDER,61s,3,1.0107387664518588,89.14068051368292
11,FEEDER,610,1,1.1592758266868197,-31.21912025276125
11,FEEDER,610,2,1.16947316364641,-150.74951398567038
11,FEEDER,610,3,1.172662623327223,88.58521652196707
11,FEEDER,x1,1,1.0028395334003362,-31.450514697722397
11,FEEDER,x2,2,1.0148728067464183,-150.78302551363774
11,FEEDER,x4,3,1.0070698861968295,88.94274591435898
11,FEEDER,x5,3,1.0065324113104523,88.93184414139127
11,FEEDER,x6,3,1.0060666609734061,88.92237779165917
11,FEEDER,x7,1,0.9999439743789109,-31.575385871984288
11,FEEDER,x9,1,0.9972192125437341,-31.671963921270354
11,FEEDER,x10,1,0.9960717428341751,-31.693539448585497
11,FEEDER,x11,1,0.995919458738486,-31.696060073434793
11,FEEDER,x12,2,1.01535532896791,-150.85532984462878
11,FEEDER,x16,3,1.0029803937189448,88.89488270170753
11,FEEDER,x17,3,1.0032904442591364,88.90074582948252
11,FEEDER,x19,1,0.9938630441678531,-31.825161232898044
11,FEEDER,x20,1,0.9934261182128169,-31.832866278298706
11,MG1,x22,2,0.9764156010025649,-120.05377685653498
11,MG1,x24,3,0.9673817852427832,119.14447339635149
11,MG1,x28,1,0.9718858172843707,-0.6096007229817392
11,MG1,x29,1,0.9906052814389766,-0.0718541060951251
11,MG1,x29,2,0.0,0.0
11,MG1,x30,3,0.9694333972224245,119.1253751124741
11,MG1,x31,3,0.9715715697083718,119.43798370459633
11,MG1,x32,3,0.9713801752590234,119.43425419089385
11,MG1,x33,1,0.9824227422966326,-0.6574510548769057
11,FEEDER,x34,3,1.0036905458435954,88.90735594489188
11,FEEDER,x52,1,0.9933195386534472,-31.84504680750599
11,FEEDER,x53,1,0.9921747525789484,-31.884435491689814
11,FEEDER,x55,1,0.9916137579187225,-31.901034048345895
11,FEEDER,x56,2,1.0206132155641618,-150.83993690534757
11,FEEDER,x58,2,1.0195293325478876,-150.87580064183754
11,FEEDER,x59,2,1.0137297907031249,-151.03576246615756
11,FEEDER,x60,1,0.9872215402214545,-32.111111876771396
11,FEEDER,x62,3,0.9978520301062469,88.81290627408856
11,FEEDER,x63,1,0.9865358686611156,-32.102941799802814
11,FEEDER,x64,2,1.0117449415248194,-151.0400970274676
11,FEEDER,x65,1,1.1480772921459328,-61.51757035312844
11,FEEDER,x65,2,1.1509060259832218,179.04156056249602
11,FEEDER,x65,3,1.1591951650269494,58.64125299535512
11,FEEDER,x66,3,0.9942293669418576,88.80830896707323
11,FEEDER,x68,1,1.0855911380607561,-32.13081167885377
11,FEEDER,x69,1,1.0845608278370311,-32.14860248536068
11,FEEDER,x70,1,1.0838305491614202,-32.16122888518607
11,FEEDER,x71,1,1.0834186568966215,-32.16835664801181
11,MG2,x73,3,0.9848608105904416,119.22972243295834
11,MG2,x74,3,0.9837048058666331,119.21277664822776
11,MG2,x75,3,0.9820994569623789,119.17630750608171
11,MG2,x76,1,1.1446857224907963,-30.349932496291057
11,MG2,x76,2,1.1443471652185515,-150.21639108229417
11,MG2,x76,3,1.1468258844688182,89.73147665903443
11,MG2,x77,2,0.9853569814113152,-120.6497715245008
11,MG2,x79,1,0.9901711591742137,-0.4471096843887909
11,MG2,x80,2,0.9874242920310551,-120.73133039156465
11,MG2,x82,1,0.9935267319208723,-0.5558082385588703
11,MG2,x83,1,0.0,0.0
11,MG2,x83,3,1.0104361911012907,119.58126381547795
11,MG2,x84,3,0.9873833434856609,119.06705502001725
11,MG2,x85,3,0.9861837076366079,119.04391978300231
11,MG2,x86,2,0.9828735659182962,-120.59653648808569
11,MG2,x87,2,0.9816225461393117,-120.66488431126412
11,MG2,x88,1,0.9879187067004223,-0.29334577321549477
11,MG2,x90,2,0.9813681123594714,-120.73121491096613
11,MG2,x92,3,0.9890536308625489,119.30551212248095
11,MG2,x94,1,0.9855988764249427,-0.25621565013775266
11,MG2,x95,2,0.979745211978201,-120.72733993996569
11,MG2,x96,2,0.9794908823552969,-120.7322830031615
11,FEEDER,x98,1,1.0862704188160934,-32.1262934053283
11,FEEDER,x99,2,1.0126839038878124,-151.10192180071093
11,FEEDER,x100,3,1.0979219471401678,88.78821152778396
12,FEEDER,sourcebus,1,0.9989415089539896,-0.08960683762205653
12,FEEDER,sourcebus,2,0.9992081429994895,-120.09648348276971
12,FEEDER,sourcebus,3,0.9989710065759265,119.89371045877162
12,FEEDER,150,1,0.9743371959923902,-33.03814700524587
12,FEEDER,150,2,0.981480036825404,-152.39400529589037
12,FEEDER,150,3,0.9775556736145534,87.04567327530658
12,FEEDER,150r,1,1.0047830301998641,-33.03853755506708
12,FEEDER,150r,2,1.012149736999835,-152.39430831248148
12,FEEDER,150r,3,1.008102427409157,87.04529770411908
12,MG3,40,1,0.9716394316326905,-35.08785916728149
12,MG3,40,2,0.9955971118843797,-153.72083808302384
12,MG3,40,3,0.9773649546272647,85.29405429227316
12,MG3,401,1,0.9716394316326905,-35.08785916728149
12,MG3,401,2,0.9955971118843797,-153.72083808302384
12,MG3,401,3,0.9773649546272647,85.29405429227316
12,MG4,101,1,1.0627788707080408,-35.97087805568194
12,MG4,101,2,0.9842461992618559,-154.4770628373909
12,MG4,101,3,1.0716029297495961,84.28408085262627
12,MG4,1011,1,1.0627788707080408,-35.97087805568194
12,MG4,1011,2,0.9842461992618559,-154.4770628373909
12,MG4,1011,3,1.0716029297495961,84.28408085262627
12,MG1,30,1,0.9753770361002708,-34.96405306049413
12,MG1,30,2,0.9993397461568883,-153.49917932941668
12,MG1,30,3,0.9777041220303996,85.44599888470529
12,MG1,301,1,0.9753770361002708,-34.96405306049413
12,MG1,301,2,0.9993397461568883,-153.49917932941668
12,MG1,301,3,0.9777041220303996,85.44599888470529
12,MG2,93,1,1.0645933542106305,-35.783536257401984
12,MG2,93,2,0.9853620844190839,-154.58035766177196
12,MG2,93,3,1.0780273865155023,84.39956180700757
12,MG2,931,1,1.0645933542106305,-35.783536257401984
12,MG2,931,2,0.9853620844190839,-154.58035766177196
12,MG2,931,3,1.0780273865155023,84.39956180700757
12,MG2,77,1,1.066856140485733,-35.89276502747654
12,MG2,77,2,0.9885039179338568,-154.45678932486274
12,MG2,77,3,1.0760141530371259,84.32835354076298
12,MG2,771,1,1.066856140485733,-35.89276502747654
12,MG2,771,2,0.9885039179338568,-154.45678932486274
12,MG2,771,3,1.0760141530371259,84.32835354076298
12,FEEDER,149,1,1.004782843547363,-33.03853424840437
12,FEEDER,149,2,1.0121495911661955,-152.39430600978136
12,FEEDER,149,3,1.008102247394263,87.04530047533986
12,FEEDER,1,1,0.9966177526741429,-33.53274780157438
12,FEEDER,1,2,1.008943871436818,-152.67831082837148
12,FEEDER,1,3,1.0008744416372313,86.61112322638608
12,FEEDER,2,2,1.0088064073667231,-152.68086750793424
12,FEEDER,3,3,0.9998950083625012,86.59277366699364
12,FEEDER,7,1,0.9905439146608342,-33.89599831735695
12,FEEDER,7,2,1.006598521684003,-152.90150141096868
12,FEEDER,7,3,0.9960406299630978,86.30395873137995
12,FEEDER,4,3,0.9995778724154224,86.58682208863175
12,FEEDER,5,3,0.9991371697690248,86.5785548992394
12,FEEDER,6,3,0.9987501351763612,86.57128618985149
12,FEEDER,8,1,0.9865968573852802,-34.13675567892866
12,FEEDER,8,2,1.004998398542821,-153.050165554501
12,FEEDER,8,3,0.9928411524674794,86.0954364939524
12,FEEDER,12,2,1.004820955029118,-153.05347888577685
12,FEEDER,9,1,0.9857153590088767,-34.15350918064676
12,FEEDER,13,1,0.9813149048854867,-34.47661220426531
12,FEEDER,13,2,1.0023973836379148,-153.26340640259562
12,FEEDER,13,3,0.9880617221915314,85.76570238980315
12,FEEDER,9r,1,0.9857144610947636,-34.15361014978068
12,FEEDER,14,1,0.9847329767744109,-34.17229050208958
12,FEEDER,34,3,0.9874706469389515,85.75448135864177
12,FEEDER,18,1,0.9756632986559267,-34.86000423549078
12,FEEDER,18,2,0.9989368377254192,-153.52795396136756
12,FEEDER,18,3,0.9804134972518971,85.5254355125449
12,FEEDER,11,1,0.98435152191708,-34.179559211477496
12,FEEDER,10,1,0.9845371038710435,-34.17602331797975
12,FEEDER,15,3,0.9872296748049654,85.74990368685593
12,FEEDER,16,3,0.9866271724521052,85.7384512382261
12,FEEDER,17,3,0.9869486104492468,85.74456061460951
12,FEEDER,19,1,0.9748649898368809,-34.87535411163637
12,FEEDER,20,1,0.9743557495421832,-34.885156509751496
12,MG1,21,1,0.9756632946995666,-34.860003859129044
12,MG1,21,2,0.9989368398782529,-153.52795378408592
12,MG1,21,3,0.9804134896826493,85.5254359921472
12,MG1,22,2,0.9977317382452311,-153.5505331408612
12,MG1,23,1,0.9755196054564476,-34.89177695820189
12,MG1,23,2,0.9991718650455601,-153.51151357570288
12,MG1,23,3,0.9795881323049281,85.51021162851566
12,MG1,24,3,0.9782486751733962,85.48465297065134
12,MG1,25,1,0.975082259037162,-34.936753158971094
12,MG1,25,2,0.9993643455606621,-153.51574205124282
12,MG1,25,3,0.9788655920318264,85.49641934419581
12,MG1,25r,1,0.9872698524384591,-34.93685774142107
12,MG1,25r,3,0.9727472138779427,85.49636598265131
12,MG1,26,1,0.9869527341565244,-34.958412140667456
12,MG1,26,3,0.9724998161617022,85.49701234010615
12,MG1,28,1,0.9749317386591584,-34.957382455638516
12,MG1,28,2,0.9994016397643344,-153.51972051896948
12,MG1,28,3,0.9784971518315442,85.48445715325818
12,MG1,27,1,0.9866304030057321,-34.97392962268679
12,MG1,27,3,0.972472941233072,85.50559625110478
12,MG1,31,3,0.9722253630276105,85.49172313792765
12,MG1,33,1,0.9854606500958608,-34.996109080962576
12,MG1,29,1,0.975135606729454,-34.960466577502665
12,MG1,29,2,0.9993734377563637,-153.51027137628262
12,MG1,29,3,0.978131366105271,85.4667562821574
12,MG1,250,1,0.9753770388549934,-34.96405315752638
12,MG1,250,2,0.9993397492160914,-153.49917941420827
12,MG1,250,3,0.9777041252625641,85.44599880566152
12,MG1,32,3,0.9720423763014662,85.48819554654132
12,MG3,35,1,0.9733439418051768,-35.00060790027242
12,MG3,35,2,0.9967024262737888,-153.63961606827493
12,MG3,35,3,0.9787122316076662,85.3875030435218
12,MG3,42,1,0.969937172501875,-35.17541664073657
12,MG3,42,2,0.9944937938055078,-153.80224018269266
12,MG3,42,3,0.9760202754534214,85.20034806523498
12,MG3,44,1,0.9685769939634401,-35.245683899302655
12,MG3,44,2,0.9936125811721269,-153.8674917068262
12,MG3,44,3,0.9749464097843231,85.12519732096581
12,MG3,151,1,0.9733439468574699,-35.00060802590842
12,MG3,151,2,0.9967024307008928,-153.63961621710973
12,MG3,151,3,0.9787122362494072,85.38750291122679
12,FEEDER,52,1,0.9775964842809806,-34.74164126872457
12,FEEDER,52,2,1.0003532104469268,-153.46181575053393
12,FEEDER,52,3,0.9856340742308707,85.50345970800318
12,FEEDER,53,1,0.9759072660195611,-34.866964263996124
12,FEEDER,53,2,0.9992444788552217,-153.5598534456816
12,FEEDER,53,3,0.9844421724366265,85.3675844992753
12,FEEDER,54,1,0.9749554241860969,-34.940536171833955
12,FEEDER,54,2,0.998495930775292,-153.62031199592073
12,FEEDER,54,3,0.9837088540249243,85.27981976755531
12,FEEDER,55,1,0.9748331703020089,-34.94201927891768
12,FEEDER,55,2,0.99844517535163,-153.62625548648728
12,FEEDER,55,3,0.9837525702698484,85.28163153159299
12,FEEDER,57,1,0.9731843295041708,-35.16040975132976
12,FEEDER,57,2,0.9954400812788234,-153.79184154056927
12,FEEDER,57,3,0.9818227238544223,85.05688743324836
12,FEEDER,56,1,0.974814923532985,-34.93841932563405
12,FEEDER,56,2,0.9983360378143781,-153.63124846482967
12,FEEDER,56,3,0.9838052241602107,85.28070503304812
12,FEEDER,58,2,0.9950431779882069,-153.79928287562961
12,FEEDER,60,1,0.9694981166567797,-35.6500544720167
12,FEEDER,60,2,0.9895156269846512,-154.13411724735283
12,FEEDER,60,3,0.9774926197001049,84.58088348779725
12,FEEDER,59,2,0.9948440291889924,-153.80303881199688
12,FEEDER,61,1,0.9694981396252726,-35.65005514320819
12,FEEDER,61,2,0.9895156477161825,-154.13411792537758
12,FEEDER,61,3,0.9774926429632383,84.58088290000187
12,FEEDER,62,1,0.9691090994748492,-35.64770985619506
12,FEEDER,62,2,0.9888100782780942,-154.12185022200694
12,FEEDER,62,3,0.9762517309024432,84.57832981749304
12,FEEDER,63,1,0.9688012861873468,-35.641877552244495
12,FEEDER,63,2,0.9882721923169897,-154.11758236702167
12,FEEDER,63,3,0.9756328248082844,84.57630147244632
12,FEEDER,64,1,0.9687257914121264,-35.630722259540676
12,FEEDER,64,2,0.9871045168012168,-154.09952260255446
12,FEEDER,64,3,0.9742996453810969,84.56388560166626
12,FEEDER,65,1,0.9684561482321187,-35.638605533943085
12,FEEDER,65,2,0.986846410377799,-154.07836229254613
12,FEEDER,65,3,0.9724565511492154,84.568584863834
12,FEEDER,66,1,0.9685944103398892,-35.65390690180991
12,FEEDER,66,2,0.9870022814207136,-154.06205579404218
12,FEEDER,66,3,0.9715314351552033,84.56803455999267
12,FEEDER,67,1,1.065414603689301,-35.810676905620085
12,FEEDER,67,2,0.9876845150986351,-154.3024887796599
12,FEEDER,67,3,1.0737248038149791,84.42904175126553
12,FEEDER,68,1,1.0645158485783697,-35.82647956480195
12,FEEDER,97,1,1.0640420068547882,-35.893213731180914
12,FEEDER,97,2,0.9858891692102553,-154.39194966473488
12,FEEDER,97,3,1.0726070596355237,84.35394388387297
12,FEEDER,69,1,1.06348635514563,-35.844610069116165
12,FEEDER,70,1,1.0627566612194854,-35.85747777319662
12,FEEDER,71,1,1.0623451002831845,-35.86474187581987
12,MG2,72,1,1.0654146009834977,-35.810678195806936
12,MG2,72,2,0.9876845088824112,-154.30248965191186
12,MG2,72,3,1.0737247936107324,84.42904051355407
12,MG2,73,3,1.0718161617541837,84.39579273031148
12,MG2,76,1,1.0656402655859916,-35.84027363777039
12,MG2,76,2,0.9874951344763685,-154.37277834024232
12,MG2,76,3,1.0747110498086323,84.39858774947402
12,MG2,74,3,1.0701717486460378,84.36707332176333
12,MG2,75,3,1.0692773756173373,84.35141227261748
12,MG2,86,1,1.0658012721596757,-35.77240189952351
12,MG2,86,2,0.9868808260331186,-154.42080730107952
12,MG2,86,3,1.076660088008808,84.44118558832108
12,MG2,78,1,1.0671721497133815,-35.908778372988586
12,MG2,78,2,0.988876751292982,-154.47206462064352
12,MG2,78,3,1.0762821508217089,84.31173905890454
12,MG2,79,1,1.0668955481271052,-35.92110558479683
12,MG2,79,2,0.9889958978434978,-154.47464444805163
12,MG2,79,3,1.0762399043242354,84.32002422317969
12,MG2,80,1,1.0692577573220228,-35.95870344758981
12,MG2,80,2,0.9903969939418901,-154.53904425835216
12,MG2,80,3,1.077646054599299,84.21547253001485
12,MG2,81,1,1.0700471119928396,-35.98211540005912
12,MG2,81,2,0.9911675355420583,-154.5537345448063
12,MG2,81,3,1.0780479292969518,84.18166257450999
12,MG2,82,1,1.070936619777513,-36.012224723961175
12,MG2,82,2,0.9923087603157316,-154.5866890077258
12,MG2,82,3,1.0790421583552272,84.15126479137707
12,MG2,84,3,1.0757715699623316,84.14211925543762
12,MG2,83,1,1.0721066445747107,-36.02983019468072
12,MG2,83,2,0.9933294512169113,-154.6169728170131
12,MG2,83,3,1.0800798701597505,84.11255787475162
12,MG2,85,3,1.0747041070505334,84.12352445446136
12,MG2,87,1,1.0654473606711758,-35.78998680482581
12,MG2,87,2,0.9861044394636919,-154.50578498399275
12,MG2,87,3,1.077246416706949,84.41990275148767
12,MG2,88,1,1.065469220583886,-35.818728039026475
12,MG2,89,1,1.0650524793717266,-35.78320905755992
12,MG2,89,2,0.9858542993749688,-154.55065591168008
12,MG2,89,3,1.0776782567824492,84.40934054558132
12,MG2,90,2,0.9858142661687348,-154.59300211085048
12,MG2,91,1,1.0648713791140783,-35.77887951818524
12,MG2,91,2,0.9855253406120804,-154.5651221601833
12,MG2,91,3,1.077935103747455,84.39413144869681
12,MG2,92,3,1.0779737311211912,84.34487485507738
12,MG2,94,1,1.0639789962144341,-35.794349849128004
12,MG2,95,1,1.0645582884663096,-35.77474527020303
12,MG2,95,2,0.9849996466896047,-154.59757625213058
12,MG2,95,3,1.0782019176523856,84.39676631413982
12,MG2,96,2,0.9847577940899759,-154.6021670635437
12,FEEDER,98,1,1.0639237728277162,-35.89879004104429
12,FEEDER,98,2,0.9857239528487307,-154.39706559644816
12,FEEDER,98,3,1.0724838619214838,84.34802970621718
12,FEEDER,99,1,1.0640988837003407,-35.89179625244714
12,FEEDER,99,2,0.9852156360939538,-154.40343434877724
12,FEEDER,99,3,1.0722807200261386,84.3253713630958
12,FEEDER,100,1,1.0642184263020724,-35.89382684810108
12,FEEDER,100,2,0.9851800066200469,-154.39522535574775
12,FEEDER,100,3,1.072032735375045,84.31473596574789
12,FEEDER,450,1,1.0642184787451212,-35.893828196324
12,FEEDER,450,2,0.985180058774663,-154.3952266168423
12,FEEDER,450,3,1.0720327841455266,84.3147344030846
12,MG4,197,1,1.064041952497137,-35.8932128384419
12,MG4,197,2,0.9858891115349016,-154.39194864076111
12,MG4,197,3,1.0726070047856409,84.3539447759886
12,MG4,105,1,1.0613917300010425,-36.0565228130183
12,MG4,105,2,0.9824415014800977,-154.57101672961505
12,MG4,105,3,1.0705002800734003,84.20707964556364
12,MG4,108,1,1.0597554322064358,-36.15802771501651
12,MG4,108,2,0.9803120805291807,-154.6824983862614
12,MG4,108,3,1.0691996321196304,84.11587413567383
12,MG4,300,1,1.0640420344077282,-35.8932149451677
12,MG4,300,2,0.9858891930942629,-154.39195061206
12,MG4,300,3,1.0726070810350752,84.35394233538457
12,MG3,135,1,0.9756632391183959,-34.86000316097371
12,MG3,135,2,0.9989367796749675,-153.52795294104746
12,MG3,135,3,0.9804134381072925,85.52543657575274
12,FEEDER,152,1,0.9813148049988165,-34.476611300903244
12,FEEDER,152,2,1.0023972971269788,-153.26340553157212
12,FEEDER,152,3,0.9880616283110666,85.76570283222705
12,FEEDER,160r,1,1.0664474881914416,-35.6514171061783
12,FEEDER,160r,2,0.9895140854246626,-154.1352534601233
12,FEEDER,160r,3,1.0752431697675138,84.57959277154602
12,FEEDER,160,1,0.969498036726296,-35.65005441109008
12,FEEDER,160,2,0.9895155589411395,-154.134116955494
12,FEEDER,160,3,0.9774925433878412,84.58088322993905
12,FEEDER,61s,1,0.9694981396252726,-35.65005514320785
12,FEEDER,61s,2,0.9895156477161825,-154.13411792537727
12,FEEDER,61s,3,0.9774926429632386,84.58088290000221
12,FEEDER,610,1,1.116605383931441,-35.15314748208301
12,FEEDER,610,2,1.1342515146809364,-154.4601311461746
12,FEEDER,610,3,1.1372985516396,84.42615030391656
12,FEEDER,x1,1,0.9845376382222836,-33.87417832301285
12,FEEDER,x2,2,0.9968730079780728,-153.01395902685988
12,FEEDER,x4,3,0.9875336831105798,86.24744379836623
12,FEEDER,x5,3,0.9872329755257477,86.24302783213732
12,FEEDER,x6,3,0.9869906851958263,86.23976781736978
12,FEEDER,x7,1,0.9783893603385905,-34.24169902597108
12,FEEDER,x9,1,0.9735009367799449,-34.50266200880892
12,FEEDER,x10,1,0.9726346649699941,-34.51654717652929
12,FEEDER,x11,1,0.9727616036006204,-34.51107758395919
12,FEEDER,x12,2,0.9928401102381313,-153.38925997249694
12,FEEDER,x16,3,0.9744240565681213,85.38995279083737
12,FEEDER,x17,3,0.9747494915433141,85.39629293482922
12,FEEDER,x19,1,0.9625137594125353,-35.23245536326694
12,FEEDER,x20,1,0.9624545294818034,-35.22925350798748
12,MG1,x22,2,0.9803064590557456,-154.04452847116366
12,MG1,x24,3,0.9597632351067193,84.9498201222272
12,MG1,x28,1,0.957173693579399,-35.472767334801944
12,MG1,x29,1,0.9750015339636899,-34.95903395029743
12,MG1,x29,2,0.0,0.0
12,MG1,x30,3,0.9592080864240681,84.91055676719246
12,MG1,x31,3,0.9629573033161537,85.22425976881955
12,MG1,x32,3,0.9627725850804538,85.22062995467694
12,MG1,x33,1,0.9677015810910999,-35.50597204463441
12,FEEDER,x34,3,0.9758440035264081,85.42296298616006
12,FEEDER,x52,1,0.9652799907524761,-35.096716312800616
12,FEEDER,x53,1,0.9635693097737553,-35.22329043175005
12,FEEDER,x55,1,0.9633553226384303,-35.27353765139937
12,FEEDER,x56,2,0.9922784364329916,-153.7996122162134
12,FEEDER,x58,2,0.9890273407206949,-153.9670202369908
12,FEEDER,x59,2,0.9827426424496194,-154.14569790342725
12,FEEDER,x60,1,0.9570780045026538,-36.011188381105036
12,FEEDER,x62,3,0.9647571808707371,84.24681144501135
12,FEEDER,x63,1,0.9563721728832547,-36.00354003787055
12,FEEDER,x64,2,0.9762309049839825,-154.43062397347026
12,FEEDER,x65,1,1.10797159150038,-65.67716398913645
12,FEEDER,x65,2,1.1109145658000057,175.3334927902347
12,FEEDER,x65,3,1.1263504960500397,54.6991813900057
12,FEEDER,x66,3,0.9602221342454279,84.21785771462166
12,FEEDER,x68,1,1.0531230444729924,-36.12737091667045
12,FEEDER,x69,1,1.0521045690244755,-36.14550142113558
12,FEEDER,x70,1,1.0513826845276193,-36.15836912532316
12,FEEDER,x71,1,1.0509755282545823,-36.16563322800693
12,MG2,x73,3,1.0547997185786326,83.94713208997644
12,MG2,x74,3,1.0514813123433355,83.87307799146089
12,MG2,x75,3,1.0523012388892854,83.90275163220211
12,MG2,x76,1,1.2212201443753516,-66.1981058227344
12,MG2,x76,2,1.159563869092382,173.41585946340734
12,MG2,x76,3,1.1846480829671078,56.197270524710724
12,MG2,x77,2,0.9702165315048591,-154.98031671806135
12,MG2,x79,1,1.0482623303196503,-36.41510091509927
12,MG2,x80,2,0.972145535844566,-155.0605281542772
12,MG2,x82,1,1.0539341544242038,-36.46088602418471
12,MG2,x83,1,0.0,0.0
12,MG2,x83,3,1.079931368459639,84.11399050195686
12,MG2,x84,3,1.0586923289450931,83.69345862390048
12,MG2,x85,3,1.057641813358486,83.67486382289691
12,MG2,x86,2,0.9685625323093602,-154.94609593111144
12,MG2,x87,2,0.9677713355093892,-155.0319189086045
12,MG2,x88,1,1.0485316911861118,-36.26797511318618
12,MG2,x90,2,0.9680554978750506,-155.10267257280776
12,MG2,x92,3,1.0608595278509396,83.89621424746616
12,MG2,x94,1,1.04701728938127,-36.2448809945779
12,MG2,x95,2,0.9666454185610784,-155.12491673398227
12,MG2,x96,2,0.9663989339459679,-155.1297722541027
12,FEEDER,x98,1,1.0525373055103435,-36.19968140480213
12,FEEDER,x99,2,0.972995460263584,-154.75293422555478
12,FEEDER,x100,3,1.0594104438877825,83.98321759326619
13,FEEDER,sourcebus,1,0.9989585086420095,-0.09071245081616795
13,FEEDER,sourcebus,2,0.9992237895274536,-120.09745684896805
13,FEEDER,sourcebus,3,0.998989324880982,119.89273843423456
13,FEEDER,150,1,0.9748551986812191,-33.063285362996304
13,FEEDER,150,2,0.9819546381751995,-152.42296108124384
13,FEEDER,150,3,0.9780939334870785,87.024112646813
13,FEEDER,150r,1,1.0053172928549545,-33.06367831464938
13,FEEDER,150r,2,1.0126392375717082,-152.42326705522336
13,FEEDER,150r,3,1.0086575816894976,87.0237351293041
13,MG3,40,1,0.9724600163012757,-35.12514098282932
13,MG3,40,2,0.9963425553039215,-153.76655967291805
13,MG3,40,3,0.9783700112353841,85.26208390712767
13,MG3,401,1,0.9724600163012757,-35.12514098282932
13,MG3,401,2,0.9963425553039215,-153.76655967291805
13,MG3,401,3,0.9783700112353841,85.26208390712767
13,MG4,101,1,1.0636998615269802,-36.049105174400204
13,MG4,101,2,0.9851905245163236,-154.55322302520892
13,MG4,101,3,1.0726925842307269,84.22517882695698
13,MG4,1011,1,1.0636998615269802,-36.049105174400204
13,MG4,1011,2,0.9851905245163236,-154.55322302520892
13,MG4,1011,3,1.0726925842307269,84.22517882695698
13,MG1,30,1,0.976108622473435,-35.004426772564685
13,MG1,30,2,0.9999901790583476,-153.5519149698191
13,MG1,30,3,0.978718663095338,85.41009364715049
13,MG1,301,1,0.976108622473435,-35.004426772564685
13,MG1,301,2,0.9999901790583476,-153.5519149698191
13,MG1,301,3,0.978718663095338,85.41009364715049
13,MG2,93,1,1.065501523997819,-35.87525381101874
13,MG2,93,2,0.9862948704987295,-154.6642364005612
13,MG2,93,3,1.0789905391536707,84.32899072139915
13,MG2,931,1,1.065501523997819,-35.87525381101874
13,MG2,931,2,0.9862948704987295,-154.6642364005612
13,MG2,931,3,1.0789905391536707,84.32899072139915
13,MG2,77,1,1.067764785041949,-35.97508791790857
13,MG2,77,2,0.9894177232844964,-154.5368734374163
13,MG2,77,3,1.0770707537772712,84.26534026271055
13,MG2,771,1,1.067764785041949,-35.97508791790857
13,MG2,771,2,0.9894177232844964,-154.5368734374163
13,MG2,771,3,1.0770707537772712,84.26534026271055
13,FEEDER,149,1,1.0053171049783842,-33.06367512251658
13,FEEDER,149,2,1.0126390902663223,-152.42326485888967
13,FEEDER,149,3,1.0086574006650237,87.02373778455481
13,FEEDER,1,1,0.9972006257791347,-33.5638680838104
13,FEEDER,1,2,1.009484670456788,-152.71346153751665
13,FEEDER,1,3,1.0015236930070517,86.58474776047463
13,FEEDER,2,2,1.009348588086343,-152.71599111561952
13,FEEDER,3,3,1.0005535128538683,86.56658343864503
13,FEEDER,7,1,0.9911642627389334,-33.9317667323196
13,FEEDER,7,2,1.0071781984441426,-152.94121584833798
13,FEEDER,7,3,0.9967561268775391,86.27376232207251
13,FEEDER,4,3,1.0002396152098274,86.56069657718115
13,FEEDER,5,3,0.9998024390087097,86.55250105615588
13,FEEDER,6,3,0.9994187594198424,86.5453002801956
13,FEEDER,8,1,0.9872419610340057,-34.17567907541734
13,FEEDER,8,2,1.0056048074429091,-153.09293199986203
13,FEEDER,8,3,0.9936011507410728,86.0627194020264
13,FEEDER,12,2,1.0054291578552597,-153.0962098045122
13,FEEDER,9,1,0.9863687977495215,-34.19226334667807
13,FEEDER,13,1,0.9819922500536044,-34.52053662420306
13,FEEDER,13,2,1.003046347368417,-153.3108665345112
13,FEEDER,13,3,0.9888891700808997,85.7293596432126
13,FEEDER,9r,1,0.9863679078505558,-34.192363348344095
13,FEEDER,14,1,0.9853951832327222,-34.21086454321968
13,FEEDER,34,3,0.9883038093174876,85.71825639299448
13,FEEDER,18,1,0.9763997193106344,-34.90226235361299
13,FEEDER,18,2,0.9996136063692176,-153.5777392019826
13,FEEDER,18,3,0.9813527146627121,85.48840718224646
13,FEEDER,11,1,0.9850170325061156,-34.218065319179956
13,FEEDER,10,1,0.9852011581970872,-34.214559629480426
13,FEEDER,15,3,0.9880653461589665,85.71373016603101
13,FEEDER,16,3,0.987469117217669,85.70240654776302
13,FEEDER,17,3,0.9877872072808558,85.70844717640152
13,FEEDER,19,1,0.9756093018479648,-34.91744915013672
13,FEEDER,20,1,0.975104865370583,-34.92715163394605
13,MG1,21,1,0.976399714282807,-34.90226199031883
13,MG1,21,2,0.9996136072666655,-153.5777390306662
13,MG1,21,3,0.9813527061740037,85.48840764428577
13,MG1,22,2,0.9984478871422454,-153.59957628619188
13,MG1,23,1,0.9762521269300437,-34.93408049191332
13,MG1,23,2,0.9998323459802696,-153.56311882438555
13,MG1,23,3,0.9805430354918406,85.47257095418794
13,MG1,24,3,0.9792512853173385,85.44793043437512
13,MG1,25,1,0.9758267211608339,-34.97784240807701
13,MG1,25,2,1.000015810721354,-153.56758790359885
13,MG1,25,3,0.9798417501897282,85.45893839390445
13,MG1,25r,1,0.988023652373559,-34.97794337953569
13,MG1,25r,3,0.973717287348203,85.45888695551527
13,MG1,26,1,0.9877172384996662,-34.99875397750053
13,MG1,26,3,0.973478471618362,85.45952348614988
13,MG1,28,1,0.9756792430706553,-34.998004860764226
13,MG1,28,2,1.000050010384368,-153.5717089315333
13,MG1,28,3,0.9794833371947036,85.4471526210451
13,MG1,27,1,0.987405878339417,-35.01373714494907
13,MG1,27,3,0.9734524882160189,85.46780792197977
13,MG1,31,3,0.9732136192133876,85.45442652083712
13,MG1,33,1,0.9862758308521659,-35.03515873576553
13,MG1,29,1,0.9758757632186548,-35.00097414637951
13,MG1,29,2,1.000022761727591,-153.56260464038593
13,MG1,29,3,0.9791306428405497,85.43009700996328
13,MG1,250,1,0.9761086252300716,-35.004426869585295
13,MG1,250,2,0.9999901821193795,-153.55191505462338
13,MG1,250,3,0.9787186663310689,85.41009356810203
13,MG1,32,3,0.973037033992853,85.45102720507694
13,MG3,35,1,0.9741289260031256,-35.03980198271934
13,MG3,35,2,0.9974252339451947,-153.6870586981091
13,MG3,35,3,0.9796883524592642,85.35348553487238
13,MG3,42,1,0.9707932612676134,-35.21077295795606
13,MG3,42,2,0.9952617902391412,-153.846233164521
13,MG3,42,3,0.9770541572458716,85.17043611994956
13,MG3,44,1,0.9694614161096088,-35.27949023951159
13,MG3,44,2,0.9943985601720562,-153.91009634178096
13,MG3,44,3,0.9760032716486239,85.09694030048801
13,MG3,151,1,0.9741289310593245,-35.03980210834113
13,MG3,151,2,0.997425238375365,-153.68705884696138
13,MG3,151,3,0.979688357105916,85.35348540257884
13,FEEDER,52,1,0.9782875105388554,-34.79282887221648
13,FEEDER,52,2,1.001049940257201,-153.51418733890074
13,FEEDER,52,3,0.9864905179265587,85.461820478592
13,FEEDER,53,1,0.9766039056357734,-34.92188718070261
13,FEEDER,53,2,0.999966255582907,-153.61469718813024
13,FEEDER,53,3,0.9853132851171232,85.32334115785736
13,FEEDER,54,1,0.9756546712925261,-34.99785365276024
13,FEEDER,54,2,0.9992340245356937,-153.67671124383173
13,FEEDER,54,3,0.9845891488650973,85.23397768395789
13,FEEDER,55,1,0.975533502831147,-34.999328024845205
13,FEEDER,55,2,0.9991838562665749,-153.68259133628797
13,FEEDER,55,3,0.9846324169641056,85.23577280202741
13,FEEDER,57,1,0.9739059664765642,-35.22386142304717
13,FEEDER,57,2,0.996210164357052,-153.8537898841608
13,FEEDER,57,3,0.9827245479975821,85.00722981046145
13,FEEDER,56,1,0.9755154451344719,-34.995766808346154
13,FEEDER,56,2,0.9990758093820103,-153.6875297189041
13,FEEDER,56,3,0.9846845359629464,85.2348555883961
13,FEEDER,58,2,0.9958171414515109,-153.86115152885407
13,FEEDER,60,1,0.9702699739169925,-35.726519374935066
13,FEEDER,60,2,0.9903503816661466,-154.20833049085425
13,FEEDER,60,3,0.9784456862432739,84.52299070520523
13,FEEDER,59,2,0.9956200363685115,-153.86486599823132
13,FEEDER,61,1,0.9702699969024434,-35.72652004611704
13,FEEDER,61,2,0.990350402415581,-154.20833116895753
13,FEEDER,61,3,0.9784457095298691,84.52299011745563
13,FEEDER,62,1,0.9698847139920298,-35.724181289113716
13,FEEDER,62,2,0.9896509904462554,-154.19618978043565
13,FEEDER,62,3,0.9772164716191054,84.52046102446167
13,FEEDER,63,1,0.969579804591832,-35.71839252431722
13,FEEDER,63,2,0.9891178026476565,-154.19197137913648
13,FEEDER,63,3,0.9766036507907077,84.51845172075271
13,FEEDER,64,1,0.9695045200213622,-35.707318320568326
13,FEEDER,64,2,0.9879604790525439,-154.17411720237976
13,FEEDER,64,3,0.9752835833917871,84.5061708708097
13,FEEDER,65,1,0.9692368092295056,-35.71508172092968
13,FEEDER,65,2,0.9877040475560963,-154.15319960056593
13,FEEDER,65,3,0.9734586166231417,84.51083299873989
13,FEEDER,66,1,0.9693736876662011,-35.730206199221136
13,FEEDER,66,2,0.9878581852309273,-154.1370774377042
13,FEEDER,66,3,0.9725433091287389,84.51028937297195
13,FEEDER,67,1,1.066283097292712,-35.89190652263676
13,FEEDER,67,2,0.9885557114685641,-154.3826979576265
13,FEEDER,67,3,1.0747796632891127,84.36728288914087
13,FEEDER,68,1,1.0653919850755182,-35.90756133960733
13,FEEDER,97,1,1.0649372732509066,-35.97292609745161
13,FEEDER,97,2,0.9867977891232694,-154.47010991512838
13,FEEDER,97,3,1.073679712328224,84.29363620571071
13,FEEDER,69,1,1.0643712431710777,-35.92552200376004
13,FEEDER,70,1,1.0636477493533762,-35.9382690609343
13,FEEDER,71,1,1.063239684641976,-35.94546499609894
13,MG2,72,1,1.0662830917882857,-35.89190785440424
13,MG2,72,2,0.9885557023868221,-154.38269888786576
13,MG2,72,3,1.0747796505074017,84.36728160923079
13,MG2,73,3,1.0729327487540479,84.33512638707947
13,MG2,76,1,1.066526131790243,-35.92333258197576
13,MG2,76,2,0.9883842654098011,-154.45412947799096
13,MG2,76,3,1.0757555719411631,84.33528444862347
13,MG2,74,3,1.0713414755280206,84.30735190572793
13,MG2,75,3,1.0704759992216726,84.29220815094503
13,MG2,86,1,1.0666565131060584,-35.864853925806266
13,MG2,86,2,0.9877383024040908,-154.50898592371374
13,MG2,86,3,1.0776245205726516,84.37026521423128
13,MG2,78,1,1.0680860755310384,-35.990811832720446
13,MG2,78,2,0.9897924471683137,-154.5520371462026
13,MG2,78,3,1.0773438220462876,84.24876546160776
13,MG2,79,1,1.0678184927639627,-36.00273036810349
13,MG2,79,2,0.9899077276859481,-154.5545301122156
13,MG2,79,3,1.0773029756498784,84.25677393481591
13,MG2,80,1,1.0701777111598563,-36.04022529131574
13,MG2,80,2,0.9913298226262943,-154.61866972500943
13,MG2,80,3,1.0787288296242667,84.15327257258014
13,MG2,81,1,1.070968566883653,-36.06326556732294
13,MG2,81,2,0.992099215192587,-154.6335900473363
13,MG2,81,3,1.0791420554873543,84.11969076644061
13,MG2,82,1,1.0718678815604057,-36.092959030988034
13,MG2,82,2,0.9932375896809545,-154.66647298235526
13,MG2,82,3,1.0801389037726898,84.08902838021584
13,MG2,84,3,1.0769392864888814,84.08145012772717
13,MG2,83,1,1.0730385715944484,-36.11056292828528
13,MG2,83,2,0.9942593553772505,-154.6967729521591
13,MG2,83,3,1.0811778021194134,84.05033719171387
13,MG2,85,3,1.0759063156679984,84.06346942179944
13,MG2,87,1,1.066333675779511,-35.8821184105729
13,MG2,87,2,0.9870055654926974,-154.59141434801174
13,MG2,87,3,1.0782061003477477,84.34908280690152
13,MG2,88,1,1.066369090338902,-35.91062448650556
13,MG2,89,1,1.0659458321653592,-35.875326266605335
13,MG2,89,2,0.9867747566342552,-154.6353881253494
13,MG2,89,3,1.0786392757713155,84.33880403292949
13,MG2,90,2,0.9867550736779156,-154.67735459322327
13,MG2,91,1,1.0657697596754343,-35.8707621665324
13,MG2,91,2,0.9864522932399209,-154.64955036179515
13,MG2,91,3,1.078901492788239,84.3237559750057
13,MG2,92,3,1.078962762217918,84.27488698207047
13,MG2,94,1,1.0649088449511102,-35.8856807943378
13,MG2,95,1,1.0654676464118582,-35.86678172188898
13,MG2,95,2,0.9859453113154942,-154.68083380155866
13,MG2,95,3,1.0791588932998128,84.32629619593294
13,MG2,96,2,0.9857120312404233,-154.68526039699898
13,FEEDER,98,1,1.064820110341282,-35.978458675895816
13,FEEDER,98,2,0.9866343507309834,-154.4751570728635
13,FEEDER,98,3,1.0735573142697739,84.28777790410761
13,FEEDER,99,1,1.0649938704588955,-35.971547173327714
13,FEEDER,99,2,0.9861311042963635,-154.48142409185147
13,FEEDER,99,3,1.0733553311489676,84.26533333884335
13,FEEDER,100,1,1.0651124294185828,-35.97355698968155
13,FEEDER,100,2,0.986095728926531,-154.47329175382407
13,FEEDER,100,3,1.073109413716416,84.25479724128716
13,FEEDER,450,1,1.0651124819024753,-35.973558337919755
13,FEEDER,450,2,0.9860957811318666,-154.47329301504885
13,FEEDER,450,3,1.0731094625368867,84.25479567885276
13,MG4,197,1,1.0649372199517824,-35.97292522310943
13,MG4,197,2,0.9867977326769828,-154.4701089143252
13,MG4,197,3,1.0736796585395865,84.29363707942154
13,MG4,105,1,1.0623409326266404,-36.1331076180196
13,MG4,105,2,0.9834249864332612,-154.6449618212653
13,MG4,105,3,1.0716085636295953,84.14972955808331
13,MG4,108,1,1.060737862035601,-36.23266005312197
13,MG4,108,2,0.9813416887360447,-154.75380525126047
13,MG4,108,3,1.0703298345351275,84.06036586978351
13,MG4,300,1,1.0649373019264392,-35.972927329856276
13,MG4,300,2,0.9867978143149101,-154.4701108858203
13,MG4,300,3,1.073679734866846,84.29363463916478
13,MG3,135,1,0.976399661013737,-34.90226130283479
13,MG3,135,2,0.9996135495194137,-153.57773820389
13,MG3,135,3,0.9813526567609693,85.48840822154895
13,FEEDER,152,1,0.9819921485702062,-34.520535799235525
13,FEEDER,152,2,1.0030462594171563,-153.31086574592183
13,FEEDER,152,3,0.9888890747085015,85.72936001013177
13,FEEDER,160r,1,1.0672969413290239,-35.72791121898269
13,FEEDER,160r,2,0.9903492451736264,-154.20949252007
13,FEEDER,160r,3,1.0762919439732097,84.52167356691439
13,FEEDER,160,1,0.9702698922139714,-35.72651939084671
13,FEEDER,160,2,0.990350312024685,-154.20833028088788
13,FEEDER,160,3,0.978445608298132,84.52299037317346
13,FEEDER,61s,1,0.9702699969024434,-35.72652004611671
13,FEEDER,61s,2,0.9903504024155814,-154.20833116895722
13,FEEDER,61s,3,0.9784457095298691,84.52299011745598
13,FEEDER,610,1,1.117629278811823,-35.22832218338373
13,FEEDER,610,2,1.1351204896051044,-154.5289971277502
13,FEEDER,610,3,1.138360008975083,84.36160076474157
13,FEEDER,x1,1,0.985242736933676,-33.90159448097942
13,FEEDER,x2,2,0.997534941572097,-153.04551124886288
13,FEEDER,x4,3,0.9883182105783208,86.22505320288714
13,FEEDER,x5,3,0.9880103636235105,86.22040446824768
13,FEEDER,x6,3,0.9877610765970786,86.21691629536346
13,FEEDER,x7,1,0.979133212329873,-34.27368830738776
13,FEEDER,x9,1,0.9742789534021425,-34.537573657445236
13,FEEDER,x10,1,0.9734108223882537,-34.551599890474286
13,FEEDER,x11,1,0.9735273380894904,-34.54644930401209
13,FEEDER,x12,2,0.9935692396127991,-153.42834835209507
13,FEEDER,x16,3,0.9753928514613132,85.35787946498765
13,FEEDER,x17,3,0.9757148513906592,85.36414567206059
13,FEEDER,x19,1,0.9633853210596198,-35.27054856274753
13,FEEDER,x20,1,0.9633157268541057,-35.26769686339758
13,MG1,x22,2,0.9815912010283993,-154.07696509554566
13,MG1,x24,3,0.9614232444660764,84.9327992560406
13,MG1,x28,1,0.958523146169725,-35.49539107419584
13,MG1,x29,1,0.9757415886877341,-34.99954151917429
13,MG1,x29,2,0.0,0.0
13,MG1,x30,3,0.960880655337163,84.8943893771647
13,MG1,x31,3,0.9642691554346335,85.19674589730406
13,MG1,x32,3,0.9640909616679174,85.19325163858693
13,MG1,x33,1,0.9691186699678862,-35.52718563109427
13,FEEDER,x34,3,0.9767757764154028,85.38987240816233
13,FEEDER,x52,1,0.9660972118938089,-35.143965029825814
13,FEEDER,x53,1,0.9643924592227852,-35.27425560556453
13,FEEDER,x55,1,0.9641544286925076,-35.327712009677356
13,FEEDER,x56,2,0.9930788870626589,-153.85402706072662
13,FEEDER,x58,2,0.9898570337643205,-154.02715312695963
13,FEEDER,x59,2,0.9836426308542305,-154.20369591579006
13,FEEDER,x60,1,0.9579782754182095,-36.083582383484085
13,FEEDER,x62,3,0.9658177665538442,84.19207703962951
13,FEEDER,x63,1,0.9572792935587412,-36.07597274945228
13,FEEDER,x64,2,0.9771887420003204,-154.50177938345522
13,FEEDER,x65,1,1.1092142009672024,-65.74726296151846
13,FEEDER,x65,2,1.1119121008327904,175.2601536370478
13,FEEDER,x65,3,1.1274330654837164,54.63831489573719
13,FEEDER,x66,3,0.9613536573907858,84.16423733348313
13,FEEDER,x68,1,1.054096005286526,-36.205603017502334
13,FEEDER,x69,1,1.0530860859451596,-36.22356368208355
13,FEEDER,x70,1,1.0523702630748735,-36.23631073956206
13,FEEDER,x71,1,1.0519665249283543,-36.24350667489851
13,MG2,x73,3,1.0564665812981997,83.90157545167541
13,MG2,x74,3,1.0532541349604423,83.82996309637414
13,MG2,x75,3,1.0540475352031233,83.8586572150509
13,MG2,x76,1,1.2229563237478271,-66.26154708154304
13,MG2,x76,2,1.1611226113422148,173.3411032687998
13,MG2,x76,3,1.1860872828153242,56.13262067128298
13,MG2,x77,2,0.9717767404311844,-155.041274067746
13,MG2,x79,1,1.049790630327795,-36.48011917745727
13,MG2,x80,2,0.9737237137116941,-155.12108570978714
13,MG2,x82,1,1.0554180317100936,-36.52650889818877
13,MG2,x83,1,0.0,0.0
13,MG2,x83,3,1.081029149463093,84.0517698189191
13,MG2,x84,3,1.060411632336283,83.6478991848548
13,MG2,x85,3,1.059394514393446,83.62991847864409
13,MG2,x86,2,0.9700665485417829,-155.01514007692953
13,MG2,x87,2,0.9693203333818063,-155.09833691138564
13,MG2,x88,1,1.050003629620712,-36.344174349212715
13,MG2,x90,2,0.9695974573281124,-155.1691529122565
13,MG2,x92,3,1.0624040542697022,83.84133604307372
13,MG2,x94,1,1.0485447923931346,-36.31979388750235
13,MG2,x95,2,0.9682405481807125,-155.18887107882617
13,MG2,x96,2,0.9680029649940133,-155.19354343137223
13,FEEDER,x98,1,1.0535301936441703,-36.27650033657559
13,FEEDER,x99,2,0.974037725381764,-154.82692033988647
13,FEEDER,x100,3,1.0605921690066105,83.92641325645502
14,FEEDER,sourcebus,1,0.9989728698917268,-0.09304283496403673
14,FEEDER,sourcebus,2,0.9992347285207261,-120.0996269889971
14,FEEDER,sourcebus,3,0.9990043930348026,119.89065836740711
14,FEEDER,150,1,0.9753712279615436,-33.11922081023273
14,FEEDER,150,2,0.9823612406783311,-152.48750433867804
14,FEEDER,150,3,0.9785943942665198,86.96982327047557
14,FEEDER,150r,1,1.0058495314744818,-33.11961987381806
14,FEEDER,150r,2,1.0130586180961083,-152.4878176203762
14,FEEDER,150r,3,1.0091737630107591,86.9694398203899
14,MG3,40,1,0.973149301106209,-35.21215839756786
14,MG3,40,2,0.9968540054927867,-153.868617911701
14,MG3,40,3,0.9792156688875114,85.17349738151559
14,MG3,401,1,0.973149301106209,-35.21215839756786
14,MG3,401,2,0.9968540054927867,-153.868617911701
14,MG3,401,3,0.9792156688875114,85.17349738151559
14,MG4,101,1,1.0644287407277049,-36.1936028700656
14,MG4,101,2,0.985801453041285,-154.703538451256
14,MG4,101,3,1.0736083992568652,84.09380733276382
14,MG4,1011,1,1.0644287407277049,-36.1936028700656
14,MG4,1011,2,0.985801453041285,-154.703538451256
14,MG4,1011,3,1.0736083992568652,84.09380733276382
14,MG1,30,1,0.9767051801858089,-35.095101471784055
14,MG1,30,2,1.0004028868102386,-153.6615481957866
14,MG1,30,3,0.9795668135246783,85.31699704208171
14,MG1,301,1,0.9767051801858089,-35.095101471784055
14,MG1,301,2,1.0004028868102386,-153.6615481957866
14,MG1,301,3,0.9795668135246783,85.31699704208171
14,MG2,93,1,1.0661328490295001,-36.040926882947936
14,MG2,93,2,0.9867850161321021,-154.83132247912752
14,MG2,93,3,1.0797236906132177,84.17957186191703
14,MG2,931,1,1.0661328490295001,-36.040926882947936
14,MG2,931,2,0.9867850161321021,-154.83132247912752
14,MG2,931,3,1.0797236906132177,84.17957186191703
14,MG2,77,1,1.0684416719829284,-36.126624211518894
14,MG2,77,2,0.9899455236728589,-154.69440265143305
14,MG2,77,3,1.0779234650819265,84.12726003493526
14,MG2,771,1,1.0684416719829284,-36.126624211518894
14,MG2,771,2,0.9899455236728589,-154.69440265143305
14,MG2,771,3,1.0779234650819265,84.12726003493526
14,FEEDER,149,1,1.0058493406066769,-33.11961681418265
14,FEEDER,149,2,1.0130584672393756,-152.48781553712053
14,FEEDER,149,3,1.0091735790773826,86.96944234747136
14,FEEDER,1,1,0.9977449245048767,-33.630567747217256
14,FEEDER,1,2,1.0099112299047677,-152.7896802108815
14,FEEDER,1,3,1.0021131406043875,86.51949163080472
14,FEEDER,2,2,1.0097778294753392,-152.79215876810179
14,FEEDER,3,3,1.0011614630811898,86.50168460842836
14,FEEDER,7,1,0.9917195924874526,-34.006892118107835
14,FEEDER,7,2,1.0076108479986545,-153.0260609811572
14,FEEDER,7,3,0.9973921142297475,86.19979836439948
14,FEEDER,4,3,1.0008538109984009,86.49591857984046
14,FEEDER,5,3,1.0004242896191031,86.4878717758881
14,FEEDER,6,3,1.0000476033954173,86.480806981532
14,FEEDER,8,1,0.9878041451492245,-34.2565503606102
14,FEEDER,8,2,1.006043088730016,-153.18356288219195
14,FEEDER,8,3,0.9942689723502496,85.98296431938032
14,FEEDER,12,2,1.005870904390704,-153.18677448954412
14,FEEDER,9,1,0.9869476451460951,-34.27280873454456
14,FEEDER,13,1,0.9825548117460363,-34.61058013683002
14,FEEDER,13,2,1.003498035147031,-153.4104201326455
14,FEEDER,13,3,0.9896063431239865,85.64115978526291
14,FEEDER,9r,1,0.9869467717283277,-34.272906825955104
14,FEEDER,14,1,0.9859920649338739,-34.29105412159412
14,FEEDER,34,3,0.9890322792664883,85.63027884618154
14,FEEDER,18,1,0.977005118523879,-34.99417966697209
14,FEEDER,18,2,1.0000571007407688,-153.6838006109063
14,FEEDER,18,3,0.9821334871329964,85.39486670517869
14,FEEDER,11,1,0.9856208128247657,-34.298118915950226
14,FEEDER,10,1,0.9858017384911043,-34.29467647490254
14,FEEDER,15,3,0.9887985967150469,85.62584661136592
14,FEEDER,16,3,0.988214321130903,85.61475836639389
14,FEEDER,17,3,0.988526032138787,85.620673393132
14,FEEDER,19,1,0.97623012628698,-35.00906087799783
14,FEEDER,20,1,0.9757353069283634,-35.018572137506474
14,MG1,21,1,0.9770051116883997,-34.99417931664419
14,MG1,21,2,1.000057099665203,-153.6838004455574
14,MG1,21,3,0.9821334769887639,85.39486714992941
14,MG1,22,2,0.9989311213611266,-153.70489332081863
14,MG1,23,1,0.9768494070134311,-35.026660923754854
14,MG1,23,2,1.000255130916458,-153.6716365902012
14,MG1,23,3,0.9813320988424059,85.3777766727034
14,MG1,24,3,0.9800876747305063,85.35404350142058
14,MG1,25,1,0.9764360092002975,-35.06921998081104
14,MG1,25,2,1.0004295630654836,-153.67634333962272
14,MG1,25,3,0.9806518622129639,85.36429187517513
14,MG1,25r,1,0.9886405885118211,-35.06931735804621
14,MG1,25r,3,0.9745223523462585,85.36424233477719
14,MG1,26,1,0.9883448934993377,-35.08938846605169
14,MG1,26,3,0.9742920471176015,85.36486646930017
14,MG1,28,1,0.9762916105984492,-35.0889214064839
14,MG1,28,2,1.0004606548282133,-153.68060631297266
14,MG1,28,3,0.9803033696084,85.35267502084237
14,MG1,27,1,0.9880445007997577,-35.1038395852431
14,MG1,27,3,0.9742669421585557,85.37285316809731
14,MG1,31,3,0.9740367263148925,85.35995937463207
14,MG1,33,1,0.9869541599772056,-35.1245056751804
14,MG1,29,1,0.9764808329948613,-35.091779018861295
14,MG1,29,2,1.0004343599510452,-153.67184162113972
14,MG1,29,3,0.9799636566227622,85.33625625504119
14,MG1,250,1,0.9767051829440234,-35.095101568787
14,MG1,250,2,1.0004028898722843,-153.66154828060306
14,MG1,250,3,0.9795668167634679,85.31699696302444
14,MG1,32,3,0.9738664964739225,85.35668675138695
14,MG3,35,1,0.9747827277375484,-35.12870290985882
14,MG3,35,2,0.9979142997169591,-153.79081230429796
14,MG3,35,3,0.980505477539395,85.26289415841343
14,MG3,42,1,0.9715179359451734,-35.29589408650165
14,MG3,42,2,0.9957955445837665,-153.94658876820685
14,MG3,42,3,0.9779282410620967,85.08386527268024
14,MG3,44,1,0.9702143351017565,-35.36308509304474
14,MG3,44,2,0.994950099791814,-154.00908459404351
14,MG3,44,3,0.9769000193470266,85.01198981516923
14,MG3,151,1,0.9747827327970324,-35.12870303546201
14,MG3,151,2,0.997914304149007,-153.79081245316937
14,MG3,151,3,0.9805054821902571,85.2628940261136
14,FEEDER,52,1,0.9788426273744948,-34.893978113293954
14,FEEDER,52,2,1.0015267291926444,-153.62236379134615
14,FEEDER,52,3,0.987222718636479,85.36380776694799
14,FEEDER,53,1,0.9771527993521644,-35.02878147426104
14,FEEDER,53,2,1.0004577984042944,-153.72722431574232
14,FEEDER,53,3,0.9860533367959573,85.22049492723755
14,FEEDER,54,1,0.9761979043609422,-35.108449476785204
14,FEEDER,54,2,0.9997360480319647,-153.791979791646
14,FEEDER,54,3,0.9853341438991412,85.12816049464192
14,FEEDER,55,1,0.9760789906272567,-35.10990000796716
14,FEEDER,55,2,0.9996869136613722,-153.797742015046
14,FEEDER,55,3,0.9853765563300085,85.12992151685839
14,FEEDER,57,1,0.9744598993243047,-35.344351449193155
14,FEEDER,57,2,0.9967137415220949,-153.97843429743452
14,FEEDER,57,3,0.9834816780162849,84.89421862330754
14,FEEDER,56,1,0.9760613017107962,-35.106409943553984
14,FEEDER,56,2,0.9995809584006722,-153.80258041494824
14,FEEDER,56,3,0.9854276530214081,85.12902181099733
14,FEEDER,58,2,0.9963283168448848,-153.98564755974502
14,FEEDER,60,1,0.9708503464363957,-35.86799663106928
14,FEEDER,60,2,0.9908493157780175,-154.35381155447595
14,FEEDER,60,3,0.9792387168976722,84.39440464840905
14,FEEDER,59,2,0.9961351183341532,-153.98928645321038
14,FEEDER,61,1,0.9708503694344355,-35.867997302195015
14,FEEDER,61,2,0.9908493365372175,-154.3538122326765
14,FEEDER,61,3,0.9792387402043706,84.39440406065967
14,FEEDER,62,1,0.9704725089975836,-35.86568851302266
14,FEEDER,62,2,0.9901628431237885,-154.34190824597223
14,FEEDER,62,3,0.9780329089934843,84.39192266161206
14,FEEDER,63,1,0.9701734150198756,-35.85999842340102
14,FEEDER,63,2,0.9896395042911699,-154.3377774625765
14,FEEDER,63,3,0.9774320074585479,84.38995119132512
14,FEEDER,64,1,0.9700991067826706,-35.8491108696613
14,FEEDER,64,2,0.9885036755159005,-154.32029167420546
14,FEEDER,64,3,0.9761376266411028,84.37791935043236
14,FEEDER,65,1,0.9698359010831403,-35.85668229371422
14,FEEDER,65,2,0.9882514395065777,-154.2998083944976
14,FEEDER,65,3,0.9743481892273571,84.3824989691089
14,FEEDER,66,1,0.969970069119796,-35.87149056353895
14,FEEDER,66,2,0.9884023808148313,-154.28401812283857
14,FEEDER,66,3,0.9734513739794666,84.38196746065226
14,FEEDER,67,1,1.0669321510183958,-36.04106861473599
14,FEEDER,67,2,0.9890596659882813,-154.53868270656122
14,FEEDER,67,3,1.0756375892689611,84.23160012820362
14,FEEDER,68,1,1.0660572644208552,-36.05642759575402
14,FEEDER,97,1,1.0656272991942004,-36.11971771890991
14,FEEDER,97,2,0.9873568010558088,-154.62321774588324
14,FEEDER,97,3,1.0745675379799726,84.16015523846603
14,FEEDER,69,1,1.0650551022860668,-36.07404841787846
14,FEEDER,70,1,1.0643447720033654,-36.086554072435455
14,FEEDER,71,1,1.0639441303027073,-36.093613614324084
14,MG2,72,1,1.0669321406881462,-36.04106998740925
14,MG2,72,2,0.9890596518561888,-154.5386836934222
14,MG2,72,3,1.0756375719222682,84.23159880609317
14,MG2,73,3,1.0738529221934954,84.20053961804742
14,MG2,76,1,1.0671802768023093,-36.07563720694288
14,MG2,76,2,0.9888888474221559,-154.6128946889357
14,MG2,76,3,1.0765959607795683,84.19693686994269
14,MG2,74,3,1.072315242289507,84.1737129612636
14,MG2,75,3,1.0714789082593714,84.15908798689695
14,MG2,86,1,1.0672371540820824,-36.03118899552439
14,MG2,86,2,0.988153411586915,-154.68025349501218
14,MG2,86,3,1.078358925685083,84.22044004104742
14,MG2,78,1,1.06876823005657,-36.142052560545196
14,MG2,78,2,0.9903218201204093,-154.7094582392299
14,MG2,78,3,1.078201644720633,84.11071994979432
14,MG2,79,1,1.0685097446613496,-36.15356163965197
14,MG2,79,2,0.9904332040842009,-154.7118638609697
14,MG2,79,3,1.0781621958714416,84.11845103845928
14,MG2,80,1,1.0708656624861845,-36.19092698875137
14,MG2,80,2,0.9918748826618634,-154.77576129025428
14,MG2,80,3,1.0796079563883334,84.01597863202718
14,MG2,81,1,1.071657926078966,-36.21358885227463
14,MG2,81,2,0.9926426737336644,-154.7909105679149
14,MG2,81,3,1.080032572147389,83.98261805697771
14,MG2,82,1,1.072566990924252,-36.242855152532016
14,MG2,82,2,0.9937775395091188,-154.82372216515236
14,MG2,82,3,1.0810319825157073,83.95168000005441
14,MG2,84,3,1.0779040274107525,83.94568407851418
14,MG2,83,1,1.0737382098113983,-36.260446892735274
14,MG2,83,2,0.9947997519148526,-154.8540389957753
14,MG2,83,3,1.0820720137891924,83.912994176739
14,MG2,85,3,1.0769058469807005,83.92831924042417
14,MG2,87,1,1.0669441456302846,-36.04816889637153
14,MG2,87,2,0.9874640714971344,-154.76019663556386
14,MG2,87,3,1.0789358379411942,84.19938624009255
14,MG2,88,1,1.0669926317044078,-36.07644798816798
14,MG2,89,1,1.0665629985695562,-36.04137347793596
14,MG2,89,2,0.9872524774112273,-154.8032979230413
14,MG2,89,3,1.079370332616874,84.18939995239137
14,MG2,90,2,0.9872529300577741,-154.84488860013653
14,MG2,91,1,1.0663916148350698,-36.036587693190384
14,MG2,91,2,0.9869365780415975,-154.8171714402619
14,MG2,91,3,1.07963789102974,84.17452315962295
14,MG2,92,3,1.0797218455469044,84.12604287864848
14,MG2,94,1,1.0655610480407336,-36.05098375939162
14,MG2,95,1,1.0661001754701005,-36.03276703564967
14,MG2,95,2,0.9864481773805795,-154.84731363514138
14,MG2,95,3,1.0798859359682553,84.1769756654393
14,MG2,96,2,0.9862233673742582,-154.85157979223877
14,FEEDER,98,1,1.0655123410965768,-36.125153457732054
14,FEEDER,98,2,0.9871966633511379,-154.62815129294768
14,FEEDER,98,3,1.0744471355645169,84.15440730680193
14,FEEDER,99,1,1.065683089004179,-36.118387903164496
14,FEEDER,99,2,0.9867032248984645,-154.6342635370769
14,FEEDER,99,3,1.0742483083895404,84.1323871119352
14,FEEDER,100,1,1.0657995199258559,-36.12035878957525
14,FEEDER,100,2,0.9866684417724576,-154.62628314398432
14,FEEDER,100,3,1.0740068226573074,84.12204972173774
14,FEEDER,450,1,1.0657995724412703,-36.12036013771755
14,FEEDER,450,2,0.9866684940086183,-154.62628440533317
14,FEEDER,450,3,1.074006871521441,84.12204815946073
14,MG4,197,1,1.06562724751852,-36.11971687216884
14,MG4,197,2,0.9873567464125343,-154.62321677818042
14,MG4,197,3,1.0745674858223835,84.16015608459695
14,MG4,105,1,1.0631124207137541,-36.275069425848734
14,MG4,105,2,0.9840928636221874,-154.79218505077804
14,MG4,105,3,1.072555058957708,84.02068711625037
14,MG4,108,1,1.0615595322807172,-36.37160790884952
14,MG4,108,2,0.9820766542834294,-154.89734619285593
14,MG4,108,3,1.0713124442875797,83.93408758422476
14,MG4,300,1,1.065627329542975,-36.11971897876191
14,MG4,300,2,0.9873568280973134,-154.62321874985423
14,MG4,300,3,1.0745675622171393,84.16015364456605
14,MG3,135,1,0.9770050614586709,-34.99417863956578
14,MG3,135,2,1.0000570450805002,-153.6837996345643
14,MG3,135,3,0.9821334304623129,85.39486772103089
14,FEEDER,152,1,0.9825547074050746,-34.61057940796252
14,FEEDER,152,2,1.0034979443579741,-153.41041943713927
14,FEEDER,152,3,0.9896062449059658,85.6411600629699
14,FEEDER,160r,1,1.0679358390173272,-35.86944255197136
14,FEEDER,160r,2,0.9908486286201075,-154.355026012079
14,FEEDER,160r,3,1.077164741893237,84.39303532123141
14,FEEDER,160,1,0.9708502615150694,-35.86799673855689
14,FEEDER,160,2,0.9908492429655336,-154.3538114354982
14,FEEDER,160,3,0.9792386358039736,84.39440423023612
14,FEEDER,61s,1,0.9708503694344353,-35.86799730219468
14,FEEDER,61s,2,0.9908493365372177,-154.35381223267615
14,FEEDER,61s,3,0.9792387402043706,84.39440406066001
14,FEEDER,610,1,1.1184169046424888,-35.373470241728114
14,FEEDER,610,2,1.1356962863215185,-154.6675260211851
14,FEEDER,610,3,1.1391588041761267,84.22951394469055
14,FEEDER,x1,1,0.9860238397625899,-33.96132637170897
14,FEEDER,x2,2,0.99819664378649,-153.1149591132003
14,FEEDER,x4,3,0.9891692318117795,86.16724470633578
14,FEEDER,x5,3,0.9888565867614425,86.16239264315506
14,FEEDER,x6,3,0.9886020669280073,86.15869386011471
14,FEEDER,x7,1,0.9799270455274125,-34.341748716944025
14,FEEDER,x9,1,0.9750978492486435,-34.6109651344731
14,FEEDER,x10,1,0.9742357990847061,-34.62500496027787
14,FEEDER,x11,1,0.974340390854929,-34.6202320373675
14,FEEDER,x12,2,0.9942445926955473,-153.51212947440135
14,FEEDER,x16,3,0.9763797777230598,85.27748276515463
14,FEEDER,x17,3,0.976695236708259,85.2836139963541
14,FEEDER,x19,1,0.9642496020544533,-35.35480856896889
14,FEEDER,x20,1,0.9641705724299119,-35.35232359106374
14,MG1,x22,2,0.982648265116268,-154.16565592524324
14,MG1,x24,3,0.9629118294967651,84.8583395872543
14,MG1,x28,1,0.9597375098760993,-35.56839923315928
14,MG1,x29,1,0.9763465752720462,-35.09034639165606
14,MG1,x29,2,0.0,0.0
14,MG1,x30,3,0.9623816069308788,84.82075463601245
14,MG1,x31,3,0.9654135442597301,85.11193116383366
14,MG1,x32,3,0.9652418237085278,85.10857053177091
14,MG1,x33,1,0.9703989613779341,-35.598787993502874
14,FEEDER,x34,3,0.9777128130917224,85.30816572476425
14,FEEDER,x52,1,0.9668942499275318,-35.23785197670827
14,FEEDER,x53,1,0.9651836520782218,-35.37386563556591
14,FEEDER,x55,1,0.964907774732767,-35.43201312938443
14,FEEDER,x56,2,0.9937003976906912,-153.96566023145448
14,FEEDER,x58,2,0.9904802409910256,-154.1483440121066
14,FEEDER,x59,2,0.9843947288528826,-154.3211409421831
14,FEEDER,x60,1,0.9588030655102494,-36.217651588851574
14,FEEDER,x62,3,0.9668393305196143,84.06980954019478
14,FEEDER,x63,1,0.9581176768392367,-36.21014974270778
14,FEEDER,x64,2,0.9779367951528465,-154.64144533581614
14,FEEDER,x65,1,1.110379773486478,-65.88569180873338
14,FEEDER,x65,2,1.1127446475282219,175.1173947716318
14,FEEDER,x65,3,1.128374364041203,54.51238702758879
14,FEEDER,x66,3,0.9624873213398576,84.04331564039721
14,FEEDER,x68,1,1.0549668472156901,-36.34876938641461
14,FEEDER,x69,1,1.0539751107776596,-36.36639020891597
14,FEEDER,x70,1,1.0532721702055274,-36.378895863740524
14,FEEDER,x71,1,1.0528756964620596,-36.38595540578023
14,MG2,x73,3,1.057941634861068,83.78211559231919
14,MG2,x74,3,1.054836204379887,83.71295035683899
14,MG2,x75,3,1.0556027967109058,83.74066396060888
14,MG2,x76,1,1.224407223475646,-66.39770905806489
14,MG2,x76,2,1.1623797840063448,173.19024758791372
14,MG2,x76,3,1.1871742768707614,55.9950487077572
14,MG2,x77,2,0.9729442593189,-155.18009534933356
14,MG2,x79,1,1.0510927374258114,-36.614324244076585
14,MG2,x80,2,0.974907445436992,-155.25952774386295
14,MG2,x82,1,1.0566747414891418,-36.661278362078306
14,MG2,x83,1,0.0,0.0
14,MG2,x83,3,1.0819232381864523,83.91442680394422
14,MG2,x84,3,1.0619327156119494,83.52726004709157
14,MG2,x85,3,1.0609493252291773,83.50989520866854
14,MG2,x86,2,0.9711205842972442,-155.16774622721013
14,MG2,x87,2,0.9704190573408457,-155.24838479418216
14,MG2,x88,1,1.051182977640703,-36.49487116743814
14,MG2,x90,2,0.9706974261553933,-155.31903445496545
14,MG2,x92,3,1.0637235995145713,83.70761884454048
14,MG2,x94,1,1.0497726056683891,-36.46940693389993
14,MG2,x95,2,0.9693851770178271,-155.33652918600885
14,MG2,x96,2,0.9691563821005608,-155.3410231211512
14,FEEDER,x98,1,1.0544275926448472,-36.41749523704065
14,FEEDER,x99,2,0.9748500735900917,-154.97260150379682
14,FEEDER,x100,3,1.06171482354323,83.79993660032045
15,FEEDER,sourcebus,1,0.9989729216790054,-0.09392733616722919
15,FEEDER,sourcebus,2,0.9992297736514053,-120.10047708691934
15,FEEDER,sourcebus,3,0.9990024603181845,119.89003972951276
15,FEEDER,150,1,0.9754561096606773,-33.13484564335468
15,FEEDER,150,2,0.9822555302218356,-152.51427967069338
15,FEEDER,150,3,0.978549108233699,86.94619684951049
15,FEEDER,150r,1,1.00593708199434,-33.1352464691592
15,FEEDER,150r,2,1.0129496000584348,-152.51459628909276
15,FEEDER,150r,3,1.009127065050068,86.94581048368056
15,MG3,40,1,0.9735418702127279,-35.208942558358096
15,MG3,40,2,0.9967951342120854,-153.87988458310383
15,MG3,40,3,0.9794078543020482,85.15510465604946
15,MG3,401,1,0.9735418702127279,-35.208942558358096
15,MG3,401,2,0.9967951342120854,-153.87988458310383
15,MG3,401,3,0.9794078543020482,85.15510465604946
15,MG4,101,1,1.0639301652151905,-36.28771199958433
15,MG4,101,2,0.9846297703516109,-154.8176919432049
15,MG4,101,3,1.0729001893671863,83.97448565788046
15,MG4,1011,1,1.0639301652151905,-36.28771199958433
15,MG4,1011,2,0.9846297703516109,-154.8176919432049
15,MG4,1011,3,1.0729001893671863,83.97448565788046
15,MG1,30,1,0.9771877973187979,-35.073546694456525
15,MG1,30,2,1.000470705330076,-153.64905499531068
15,MG1,30,3,0.9799341408673036,85.31850682521998
15,MG1,301,1,0.9771877973187979,-35.073546694456525
15,MG1,301,2,1.000470705330076,-153.64905499531068
15,MG1,301,3,0.9799341408673036,85.31850682521998
15,MG2,93,1,1.065307349100937,-36.159645133939065
15,MG2,93,2,0.985143395745571,-154.98097486543676
15,MG2,93,3,1.078868116301275,84.03868365113019
15,MG2,931,1,1.065307349100937,-36.159645133939065
15,MG2,931,2,0.985143395745571,-154.98097486543676
15,MG2,931,3,1.078868116301275,84.03868365113019
15,MG2,77,1,1.0678318023319766,-36.22692892558489
15,MG2,77,2,0.988628608085799,-154.81616324500752
15,MG2,77,3,1.0771460299749975,84.00259209809116
15,MG2,771,1,1.0678318023319766,-36.22692892558489
15,MG2,771,2,0.988628608085799,-154.81616324500752
15,MG2,771,3,1.0771460299749975,84.00259209809116
15,FEEDER,149,1,1.0059368902739247,-33.13524343544883
15,FEEDER,149,2,1.012949447614283,-152.5145942001656
15,FEEDER,149,3,1.0091268797310318,86.94581300506206
15,FEEDER,1,1,0.9978429069988195,-33.647718105445776
15,FEEDER,1,2,1.0097353790623902,-152.82002674284902
15,FEEDER,1,3,1.0020526592954901,86.49026340413977
15,FEEDER,2,2,1.0096045828391689,-152.82245718532826
15,FEEDER,3,3,1.0011194783562476,86.47280208676096
15,FEEDER,7,1,0.9918256385580596,-34.02543578922647
15,FEEDER,7,2,1.0073845420899685,-153.05895924743268
15,FEEDER,7,3,0.997311949481222,86.16589054710094
15,FEEDER,4,3,1.0008178648882684,86.46714927638811
15,FEEDER,5,3,1.0003965338490564,86.45925603717609
15,FEEDER,6,3,1.0000270926706318,86.45232737755238
15,FEEDER,8,1,0.9879142150847283,-34.27610348085321
15,FEEDER,8,2,1.005784214154172,-153.2181962165323
15,FEEDER,8,3,0.994176072856193,85.94594493778597
15,FEEDER,12,2,1.0056153800156702,-153.2213459739273
15,FEEDER,9,1,0.9870743688630778,-34.292043542556634
15,FEEDER,13,1,0.9826597389856812,-34.63213020019546
15,FEEDER,13,2,1.0031946294394252,-153.4478887353704
15,FEEDER,13,3,0.9894953073910733,85.59969702322336
15,FEEDER,9r,1,0.9870735121980475,-34.29213973839633
15,FEEDER,14,1,0.9861371272266641,-34.309935653223704
15,FEEDER,34,3,0.9889324268128383,85.58902716999192
15,FEEDER,18,1,0.9773145520575247,-34.99568921104208
15,FEEDER,18,2,0.9999317729095739,-153.6989258339045
15,FEEDER,18,3,0.9822638811444561,85.37182943758309
15,FEEDER,11,1,0.9857729519721089,-34.3168643128474
15,FEEDER,10,1,0.9859504999943435,-34.31348692205039
15,FEEDER,15,3,0.9887033214681974,85.58468136674814
15,FEEDER,16,3,0.988130490622153,85.57380955484174
15,FEEDER,17,3,0.9884360941370174,85.57960908769935
15,FEEDER,19,1,0.9765548533221375,-35.0102718948135
15,FEEDER,20,1,0.9760696519923712,-35.01959482948049
15,MG1,21,1,0.9773145477152887,-34.995688853041884
15,MG1,21,2,0.9999317744068191,-153.69892566455707
15,MG1,21,3,0.9822638734042558,85.37182989272033
15,MG1,22,2,0.9987790964285498,-153.72051504686357
15,MG1,23,1,0.9772051444511733,-35.021908738976784
15,MG1,23,2,1.0001856922888586,-153.67897065590722
15,MG1,23,3,0.9815258438031222,85.3616216196619
15,MG1,24,3,0.9802508594164449,85.33731954163345
15,MG1,25,1,0.9768572247245835,-35.0548067601258
15,MG1,25,2,1.0004417015098233,-153.67245420821507
15,MG1,25,3,0.9809544858176368,85.35887569808865
15,MG1,25r,1,0.9890670479092202,-35.05490644897866
15,MG1,25r,3,0.9748230741537947,85.35882498043868
15,MG1,26,1,0.9887641202026446,-35.07545370311092
15,MG1,26,3,0.9745872013607717,85.35946460587482
15,MG1,28,1,0.9767641547865985,-35.06720828509719
15,MG1,28,2,1.000529793695277,-153.66857732459172
15,MG1,28,3,0.980688682041847,85.35503448280535
15,MG1,27,1,0.9884564171837406,-35.090247032419214
15,MG1,27,3,0.974561456280831,85.36764212345018
15,MG1,31,3,0.9743257524778631,85.35443971482948
15,MG1,33,1,0.9873396062293508,-35.111399146908504
15,MG1,29,1,0.976958025352607,-35.07013901188733
15,MG1,29,2,1.000502889018374,-153.65959840351277
15,MG1,29,3,0.9803406658440152,85.33822388996484
15,MG1,250,1,0.97718780007863,-35.07354679144335
15,MG1,250,2,1.000470708392034,-153.64905508011938
15,MG1,250,3,0.9799341441073336,85.31850674614576
15,MG1,32,3,0.974151436639684,85.35108849171644
15,MG3,35,1,0.9751401610611931,-35.12730389407713
15,MG3,35,2,0.9978335697523645,-153.80370855178228
15,MG3,35,3,0.9806704166624708,85.24262420080139
15,MG3,42,1,0.9719455522693672,-35.29084930270357
15,MG3,42,2,0.9957584554495345,-153.95621906377718
15,MG3,42,3,0.9781475737615427,85.06735964526797
15,MG3,44,1,0.9706699249853195,-35.356568380721164
15,MG3,44,2,0.9949303810258439,-154.0174008835126
15,MG3,44,3,0.9771409981967792,84.99700099041065
15,MG3,151,1,0.9751401661228363,-35.12730401966894
15,MG3,151,2,0.9978335741835105,-153.80370870064866
15,MG3,151,3,0.9806704213141489,85.2426240684715
15,FEEDER,52,1,0.9788027276321145,-34.928688472705325
15,FEEDER,52,2,1.001088213701213,-153.6728416958781
15,FEEDER,52,3,0.9869936677487854,85.30598261771009
15,FEEDER,53,1,0.9770382457356944,-35.07029172766898
15,FEEDER,53,2,0.9999541103774702,-153.7842781081167
15,FEEDER,53,3,0.9857661069994205,85.15451319344977
15,FEEDER,54,1,0.9760350432651661,-35.15432578931317
15,FEEDER,54,2,0.9991929255345081,-153.8531761920563
15,FEEDER,54,3,0.9850107743643992,85.05711212337987
15,FEEDER,55,1,0.9759184512423914,-35.15574631435723
15,FEEDER,55,2,0.9991446847979463,-153.85883010522164
15,FEEDER,55,3,0.9850523690473082,85.05883892993084
15,FEEDER,57,1,0.9742067076728049,-35.40338347961194
15,FEEDER,57,2,0.9960028055335273,-154.0523184539422
15,FEEDER,57,3,0.9830717546484793,84.81059127130733
15,FEEDER,56,1,0.9759011235993363,-35.152321303147076
15,FEEDER,56,2,0.9990407201273185,-153.86357837410017
15,FEEDER,56,3,0.9851024983482836,85.05795593139626
15,FEEDER,58,2,0.9956247643952163,-154.05939622748815
15,FEEDER,60,1,0.9704089102160646,-35.95524372272612
15,FEEDER,60,2,0.989772581025096,-154.45586835253175
15,FEEDER,60,3,0.978655714758211,84.28342435362761
15,FEEDER,59,2,0.9954352472310042,-154.06296818323273
15,FEEDER,61,1,0.9704089332052888,-35.955244393725195
15,FEEDER,61,2,0.9897726017578868,-154.45586903071052
15,FEEDER,61,3,0.978655738051427,84.28342376569528
15,FEEDER,62,1,0.9700384026710448,-35.9529850338216
15,FEEDER,62,2,0.9890997263533686,-154.44418263551478
15,FEEDER,62,3,0.9774734001303955,84.28098675423544
15,FEEDER,63,1,0.9697451524010401,-35.94740742424399
15,FEEDER,63,2,0.988586753630724,-154.44012511755736
15,FEEDER,63,3,0.9768841331143128,84.27905073423558
15,FEEDER,64,1,0.9696724387997204,-35.93673541211488
15,FEEDER,64,2,0.9874733310861779,-154.4229554205356
15,FEEDER,64,3,0.9756148573010092,84.26723952758718
15,FEEDER,65,1,0.9694144343832204,-35.94416901807116
15,FEEDER,65,2,0.9872263391345192,-154.40284416708909
15,FEEDER,65,3,0.9738601064050938,84.27172246809441
15,FEEDER,66,1,0.9695459278935015,-35.95870332386403
15,FEEDER,66,2,0.9873744291510813,-154.3873417858997
15,FEEDER,66,3,0.9729804770557278,84.27120165511604
15,FEEDER,67,1,1.0663797754961342,-36.13854542579453
15,FEEDER,67,2,0.9878219632363204,-154.65584258088083
15,FEEDER,67,3,1.0748810609248387,84.1093433053334
15,FEEDER,68,1,1.0655221085182314,-36.153608293908356
15,FEEDER,97,1,1.0651028814328516,-36.215465038758055
15,FEEDER,97,2,0.986153484410091,-154.7388430089669
15,FEEDER,97,3,1.07383634276605,84.0394129004448
15,FEEDER,69,1,1.0645396649862553,-36.170888972537476
15,FEEDER,70,1,1.063843305654406,-36.1831530185176
15,FEEDER,71,1,1.0634505424132128,-36.19007605496501
15,MG2,72,1,1.0663797588230297,-36.13854677088559
15,MG2,72,2,0.9878219421405414,-154.655843526302
15,MG2,72,3,1.0748810371514372,84.10934201120472
15,MG2,73,3,1.0730551784945637,84.07755182037336
15,MG2,76,1,1.0665848905997801,-36.17550088669437
15,MG2,76,2,0.987591123987981,-154.73377598342717
15,MG2,76,3,1.0758261199201136,84.07252529171919
15,MG2,74,3,1.0714820216984078,84.05009300470607
15,MG2,75,3,1.07062639588479,84.03512206461437
15,MG2,86,1,1.0664448010118315,-36.14955376292908
15,MG2,86,2,0.986565570144034,-154.82685399437392
15,MG2,86,3,1.0775015368448324,84.07989043928097
15,MG2,78,1,1.0681550042770014,-36.242539570966706
15,MG2,78,2,0.9890030262319897,-154.8312948851889
15,MG2,78,3,1.0774209134319706,83.98601082926535
15,MG2,79,1,1.0678904911531195,-36.254321707619994
15,MG2,79,2,0.9891170111270177,-154.83375783478834
15,MG2,79,3,1.0773804983301203,83.99392664871243
15,MG2,80,1,1.070249231134711,-36.29170321558693
15,MG2,80,2,0.9905416814736404,-154.89783854745505
15,MG2,80,3,1.0788136272385478,83.8906834066257
15,MG2,81,1,1.0710407746084225,-36.3145968509366
15,MG2,81,2,0.9913092569453821,-154.91282567181017
15,MG2,81,3,1.0792307962510348,83.85714660799269
15,MG2,82,1,1.0719437078157004,-36.344115482773255
15,MG2,82,2,0.9924446565645509,-154.94568002185952
15,MG2,82,3,1.0802286360143691,83.82635147505364
15,MG2,84,3,1.0770531618274437,83.8193412192028
15,MG2,83,1,1.0731149043032822,-36.36168282289602
15,MG2,83,2,0.9934647619756197,-154.97598179399554
15,MG2,83,3,1.0812680862997175,83.78762153481719
15,MG2,85,3,1.0760319720556777,83.80156567076274
15,MG2,87,1,1.066132237060939,-36.16666845954066
15,MG2,87,2,0.9858449837856458,-154.90859411620116
15,MG2,87,3,1.0780822293202925,84.05870740738084
15,MG2,88,1,1.066171991026962,-36.195098977051025
15,MG2,89,1,1.0657468721658714,-36.159854635221144
15,MG2,89,2,0.9856196739622193,-154.95233655499126
15,MG2,89,3,1.0785159964646203,84.04850870082684
15,MG2,90,2,0.985606014156856,-154.99419104048775
15,MG2,91,1,1.0655723974665163,-36.1552107722645
15,MG2,91,2,0.9852991579881708,-154.9664363158402
15,MG2,91,3,1.0787800418803168,84.03351429144278
15,MG2,92,3,1.0788488426677958,83.98477478776202
15,MG2,94,1,1.0647216173484055,-36.169952922648086
15,MG2,95,1,1.065273919938452,-36.151262789275314
15,MG2,95,2,0.9847976547383853,-154.99741184779307
15,MG2,95,3,1.079034618034356,84.03601452076809
15,MG2,96,2,0.9845669171776726,-155.0017960316412
15,FEEDER,98,1,1.0649901597034954,-36.22079193442266
15,FEEDER,98,2,0.9859962913198255,-154.7436963581602
15,FEEDER,98,3,1.0737184507806952,84.03377447939556
15,FEEDER,99,1,1.0651574983356573,-36.21414851561339
15,FEEDER,99,2,0.9855121335689162,-154.74972064881882
15,FEEDER,99,3,1.073523891495166,84.01217465883758
15,FEEDER,100,1,1.065271600038169,-36.216083925321776
15,FEEDER,100,2,0.9854780558345827,-154.74188925182065
15,FEEDER,100,3,1.073287203043329,84.00203611967041
15,FEEDER,450,1,1.065271652533547,-36.216085273163046
15,FEEDER,450,2,0.9854781080017105,-154.74189051297168
15,FEEDER,450,3,1.0732872518782333,84.00203455700665
15,MG4,197,1,1.0651028308877641,-36.21546421043317
15,MG4,197,2,0.9861534308863336,-154.73884206024056
15,MG4,197,3,1.0738362917598878,84.03941372820898
15,MG4,105,1,1.062642179553329,-36.36736829427682
15,MG4,105,2,0.9829558928373112,-154.90470868233515
15,MG4,105,3,1.0718720599627087,83.90293424944151
15,MG4,108,1,1.061122653744089,-36.46175622583537
15,MG4,108,2,0.9809805919998452,-155.00792882764313
15,MG4,108,3,1.070659142704133,83.81819696356249
15,MG4,300,1,1.065102912881531,-36.21546631655419
15,MG4,300,2,0.9861535124620162,-154.73884403158996
15,MG4,300,3,1.073836368108027,84.03941128755434
15,MG3,135,1,0.9773144962052976,-34.995688206295334
15,MG3,135,2,0.9999317184092257,-153.69892487819786
15,MG3,135,3,0.9822638256655124,85.37183043143969
15,FEEDER,152,1,0.9826596296313893,-34.632129468690486
15,FEEDER,152,2,1.0031945332537766,-153.4478880160542
15,FEEDER,152,3,0.9894952038027867,85.59969731473115
15,FEEDER,160r,1,1.0674502346211443,-35.95678235978191
15,FEEDER,160r,2,0.9897717751622284,-154.45718042113833
15,FEEDER,160r,3,1.076523371661514,84.28195774595808
15,FEEDER,160,1,0.9704088198896997,-35.955243827111104
15,FEEDER,160,2,0.9897725024448678,-154.45586821108847
15,FEEDER,160,3,0.9786556279520355,84.28342394624332
15,FEEDER,61s,1,0.9704089332052888,-35.95524439372487
15,FEEDER,61s,2,0.9897726017578868,-154.45586903071018
15,FEEDER,61s,3,0.978655738051427,84.2834237656956
15,FEEDER,610,1,1.1177161199260341,-35.47557162806283
15,FEEDER,610,2,1.1348057913404825,-154.77118523935525
15,FEEDER,610,3,1.1383261940353162,84.13432078189497
15,FEEDER,x1,1,0.9863531052748397,-33.971821239507
15,FEEDER,x2,2,0.9982491350794571,-153.13892492254243
15,FEEDER,x4,3,0.989362280068462,86.14500095598339
15,FEEDER,x5,3,0.9890532852972908,86.14017856949758
15,FEEDER,x6,3,0.9888013535731047,86.13648790512505
15,FEEDER,x7,1,0.980265965505817,-34.35354770415025
15,FEEDER,x9,1,0.9754588912702656,-34.623373577503465
15,FEEDER,x10,1,0.9746090069939545,-34.63726045631242
15,FEEDER,x11,1,0.9747072218040537,-34.63270378527475
15,FEEDER,x12,2,0.9942149360162509,-153.5403672949743
15,FEEDER,x16,3,0.9765274045793848,85.2431969143132
15,FEEDER,x17,3,0.9768366066422821,85.24920419464671
15,FEEDER,x19,1,0.9648137801427978,-35.34889773565188
15,FEEDER,x20,1,0.9647293525602496,-35.34666050961655
15,MG1,x22,2,0.9821107176927444,-154.19236397660606
15,MG1,x24,3,0.9626538453439429,84.82944019511359
15,MG1,x28,1,0.9598087051956414,-35.558176102005945
15,MG1,x29,1,0.9768237020199441,-35.068706384682095
15,MG1,x29,2,0.0,0.0
15,MG1,x30,3,0.9623312815250603,84.81029180458745
15,MG1,x31,3,0.9654959963864669,85.10042445200396
15,MG1,x32,3,0.9653201165445404,85.09698096404142
15,MG1,x33,1,0.9703830890550939,-35.59709279496827
15,FEEDER,x34,3,0.9778312301654174,85.27318769756458
15,FEEDER,x52,1,0.9670887436578022,-35.2657348117923
15,FEEDER,x53,1,0.9653030228288958,-35.408576532167906
15,FEEDER,x55,1,0.9649633421314443,-35.47158578678458
15,FEEDER,x56,2,0.9932708929785866,-154.02357788413013
15,FEEDER,x58,2,0.989889059288972,-154.21898206111092
15,FEEDER,x59,2,0.9839182365376508,-154.38864862599817
15,FEEDER,x60,1,0.9585931604236821,-36.2982431117261
15,FEEDER,x62,3,0.966500836041824,83.9651472818081
15,FEEDER,x63,1,0.9579212747297422,-36.2908843291723
15,FEEDER,x64,2,0.9771118895825394,-154.73809944376916
15,FEEDER,x65,1,1.1099724056393885,-65.98236206101528
15,FEEDER,x65,2,1.112163559249397,175.01421529271687
15,FEEDER,x65,3,1.1277636425543935,54.4200074044416
15,FEEDER,x66,3,0.9622261088316223,83.93896021260693
15,FEEDER,x68,1,1.054649851293301,-36.44024865161161
15,FEEDER,x69,1,1.053677432313954,-36.457529330564554
15,FEEDER,x70,1,1.0529881784192519,-36.46979337677434
15,FEEDER,x71,1,1.0525994228137658,-36.47671641335136
15,MG2,x73,3,1.0567765694598905,83.64904212050217
15,MG2,x74,3,1.053600321720766,83.57824407496358
15,MG2,x75,3,1.054384632288392,83.60661236443525
15,MG2,x76,1,1.2231334571119588,-66.51531977495456
15,MG2,x76,2,1.1610611455297541,173.06325930157192
15,MG2,x76,3,1.1857202156760003,55.877944010783274
15,MG2,x77,2,0.9711859963530295,-155.3152487397129
15,MG2,x79,1,1.0500687293455735,-36.726170637362486
15,MG2,x80,2,0.9731336095268251,-155.39495691270756
15,MG2,x82,1,1.0556819871273964,-36.77262637364597
15,MG2,x83,1,0.0,0.0
15,MG2,x83,3,1.0811194212300985,83.78905416202244
15,MG2,x84,3,1.0607139006935231,83.39083152936192
15,MG2,x85,3,1.059708202707139,83.37305598071609
15,MG2,x86,2,0.9690856003466695,-155.32807256862282
15,MG2,x87,2,0.9683519427474401,-155.41056052899708
15,MG2,x88,1,1.0499978290581657,-36.62360987235813
15,MG2,x90,2,0.9686502921856305,-155.48072477658965
15,MG2,x92,3,1.0624823399439647,83.55626511469825
15,MG2,x94,1,1.0485491128177797,-36.599009298089044
15,MG2,x95,2,0.9672855673471646,-155.50046852233473
15,MG2,x96,2,0.967050626601253,-155.50509341181927
15,FEEDER,x98,1,1.0541233306241606,-36.507432310828754
15,FEEDER,x99,2,0.9738790273838983,-155.0820959706797
15,FEEDER,x100,3,1.0612390873408803,83.68619664724308
16,FEEDER,sourcebus,1,0.9988693612089832,-0.10240749910030039
16,FEEDER,sourcebus,2,0.9991368167139378,-120.1094493378994
16,FEEDER,sourcebus,3,0.9988967826845105,119.88078539835574
16,FEEDER,150,1,0.9729252870781424,-33.4091342073169
16,FEEDER,150,2,0.9802644569846952,-152.76448208499733
16,FEEDER,150,3,0.976291969384968,86.67983596505117
16,FEEDER,150r,1,1.0033269631863906,-33.4095713715465
16,FEEDER,150r,2,1.0108961500511682,-152.76483105026324
16,FEEDER,150r,3,1.0067992119894071,86.67941478107073
16,MG3,40,1,0.9685099316493768,-35.63238306404858
16,MG3,40,2,0.9936567766167004,-154.24819526130184
16,MG3,40,3,0.9751703881740087,84.75646824136896
16,MG3,401,1,0.9685099316493768,-35.63238306404858
16,MG3,401,2,0.9936567766167004,-154.24819526130184
16,MG3,401,3,0.9751703881740087,84.75646824136896
16,MG4,101,1,1.0558268412447258,-36.85638196793946
16,MG4,101,2,0.9788796810115774,-155.35810267833062
16,MG4,101,3,1.0666769156382387,83.429422140514
16,MG4,1011,1,1.0558268412447258,-36.85638196793946
16,MG4,1011,2,0.9788796810115774,-155.35810267833062
16,MG4,1011,3,1.0666769156382387,83.429422140514
16,MG1,30,1,0.9720756069153487,-35.50792876885196
16,MG1,30,2,0.9972857000311919,-154.0191194088519
16,MG1,30,3,0.975438102018669,84.90918121453235
16,MG1,301,1,0.9720756069153487,-35.50792876885196
16,MG1,301,2,0.9972857000311919,-154.0191194088519
16,MG1,301,3,0.975438102018669,84.90918121453235
16,MG2,93,1,1.0566196503522585,-36.75841864033428
16,MG2,93,2,0.978658160458538,-155.57387414415314
16,MG2,93,3,1.0725074179282423,83.47047511069981
16,MG2,931,1,1.0566196503522585,-36.75841864033428
16,MG2,931,2,0.978658160458538,-155.57387414415314
16,MG2,931,3,1.0725074179282423,83.47047511069981
16,MG2,77,1,1.0594992562607128,-36.80661619918664
16,MG2,77,2,0.9826491601998318,-155.36915315507295
16,MG2,77,3,1.0708018779303914,83.45034264824923
16,MG2,771,1,1.0594992562607128,-36.80661619918664
16,MG2,771,2,0.9826491601998318,-155.36915315507295
16,MG2,771,3,1.0708018779303914,83.45034264824923
16,FEEDER,149,1,1.0033267546192803,-33.40956801684095
16,FEEDER,149,2,1.0108959823694785,-152.76482872593485
16,FEEDER,149,3,1.0067990104279472,86.67941757519948
16,FEEDER,1,1,0.9944328629086562,-33.964452434352985
16,FEEDER,1,2,1.0073005697575905,-153.10557934251526
16,FEEDER,1,3,0.9991318055497026,86.18419316406629
16,FEEDER,2,2,1.0071615648937111,-153.10816893904698
16,FEEDER,3,3,0.998143102821806,86.165637614826
16,FEEDER,7,1,0.9878256404514655,-34.374232710426156
16,FEEDER,7,2,1.0046705366869877,-153.3718258545927
16,FEEDER,7,3,0.9939847082793761,85.83064504829001
16,FEEDER,4,3,0.9978223681624752,86.15960789431901
16,FEEDER,5,3,0.9973790640591227,86.15127721676373
16,FEEDER,6,3,0.9969891072454842,86.14394061217185
16,FEEDER,8,1,0.9835299813447619,-34.646518248271065
16,FEEDER,8,2,1.0028836499293887,-153.5493807113061
16,FEEDER,8,3,0.9905816527000931,85.5907924821656
16,FEEDER,12,2,1.0027041308604796,-153.55273990926432
16,FEEDER,9,1,0.9826400976940131,-34.663483744899246
16,FEEDER,13,1,0.977739699164346,-35.03416696881835
16,FEEDER,13,2,1.0000059909493677,-153.8061225740518
16,FEEDER,13,3,0.985504837181877,85.21331902407987
16,FEEDER,9r,1,0.9826391932506915,-34.6635857660594
16,FEEDER,14,1,0.9816505757414419,-34.682460873623455
16,FEEDER,34,3,0.9849078008717727,85.20195553623843
16,FEEDER,18,1,0.9722233366431859,-35.42116708632788
16,FEEDER,18,2,0.9967300255466424,-154.06997133780462
16,FEEDER,18,3,0.9779807943672373,84.97016364826638
16,FEEDER,11,1,0.9812667684765646,-34.68979747821534
16,FEEDER,10,1,0.9814528600473597,-34.68624065743613
16,FEEDER,15,3,0.9846638821515322,85.19730992462459
16,FEEDER,16,3,0.9840540121223278,85.18568733402265
16,FEEDER,17,3,0.9843793822412643,85.19188750424581
16,FEEDER,19,1,0.9714159900981003,-35.436745405736104
16,FEEDER,20,1,0.9709019609741631,-35.44667511632192
16,MG1,21,1,0.9722233285400211,-35.42116670066743
16,MG1,21,2,0.9967300237907268,-154.06997115658027
16,MG1,21,3,0.9779807825411766,84.97016414111017
16,MG1,22,2,0.9955008870089057,-154.09304398451573
16,MG1,23,1,0.972088551435181,-35.45228231266754
16,MG1,23,2,0.9969808541134215,-154.0514878874462
16,MG1,23,3,0.9771523341934958,84.95599654973084
16,MG1,24,3,0.9757783553875997,84.92972789376958
16,MG1,25,1,0.9717176000765686,-35.487704992451796
16,MG1,25,2,0.997254780052467,-154.04443073517973
16,MG1,25,3,0.9765376825408926,84.95290732479276
16,MG1,25r,1,0.9838631138507912,-35.487812296687046
16,MG1,25r,3,0.9704338421074947,84.95285248827977
16,MG1,26,1,0.9835390335705269,-35.50992939687156
16,MG1,26,3,0.9701803763121198,84.95348799212911
16,MG1,28,1,0.9716188711082386,-35.50106418081819
16,MG1,28,2,0.997349030012009,-154.04023106307307
16,MG1,28,3,0.9762514796978329,84.9487056643969
16,MG1,27,1,0.9832093888639396,-35.52584947698028
16,MG1,27,3,0.97015293757503,84.96228708511033
16,MG1,31,3,0.9698990261093889,84.94805146835354
16,MG1,33,1,0.982013185229909,-35.54859942835211
16,MG1,29,1,0.9718280239356429,-35.50423787817395
16,MG1,29,2,0.9973201626998482,-154.03051861343405
16,MG1,29,3,0.9758762988413301,84.93051310038048
16,MG1,250,1,0.9720756096600786,-35.50792886590296
16,MG1,250,2,0.9972857030844474,-154.01911949366024
16,MG1,250,3,0.975438105243272,84.90918113552102
16,MG1,32,3,0.9697114405577738,84.94442556936306
16,MG3,35,1,0.9700829838302965,-35.551504870917995
16,MG3,35,2,0.9946734787836328,-154.17316093076886
16,MG3,35,3,0.9764125198273105,84.84276535450287
16,MG3,42,1,0.9669388055272838,-35.71352399589685
16,MG3,42,2,0.9926417732659456,-154.32338287162943
16,MG3,42,3,0.9739304651203011,84.66995146532051
16,MG3,44,1,0.9656832977466733,-35.77862655736858
16,MG3,44,2,0.9918309972535456,-154.38364346447992
16,MG3,44,3,0.972940122567204,84.60057958692919
16,MG3,151,1,0.9700829888653535,-35.551504996554016
16,MG3,151,2,0.9946734832025065,-154.1731610796225
16,MG3,151,3,0.9764125244585127,84.84276522224928
16,FEEDER,52,1,0.9732766917119662,-35.36127046570227
16,FEEDER,52,2,0.9975207172207365,-154.063678377896
16,FEEDER,52,3,0.9826420484203116,84.88783416565938
16,FEEDER,53,1,0.9712214858331151,-35.51784353920042
16,FEEDER,53,2,0.9961932333418343,-154.19144189728823
16,FEEDER,53,3,0.9812369934201154,84.7200381194081
16,FEEDER,54,1,0.9700436596300834,-35.61096338120163
16,FEEDER,54,2,0.9953081725798578,-154.27052500191013
16,FEEDER,54,3,0.9803720614267153,84.61219829688173
16,FEEDER,55,1,0.9699207041204845,-35.61243073742491
16,FEEDER,55,2,0.9952562987848346,-154.27655666606412
16,FEEDER,55,3,0.9804164112059375,84.6140176170738
16,FEEDER,57,1,0.9678420738353359,-35.88886774572675
16,FEEDER,57,2,0.991636863813428,-154.49831994257838
16,FEEDER,57,3,0.9781686394188472,84.33989024118193
16,FEEDER,56,1,0.9699021969785006,-35.608767574424505
16,FEEDER,56,2,0.9951458011190785,-154.2816295813346
16,FEEDER,56,3,0.980469734562435,84.61307766818241
16,FEEDER,58,2,0.9912354483483649,-154.50587636377043
16,FEEDER,60,1,0.9632634688487485,-36.50469075071823
16,FEEDER,60,2,0.9844222851302448,-154.9627507636553
16,FEEDER,60,3,0.9731791734636062,83.75687313275259
16,FEEDER,59,2,0.9910336178266135,-154.5096975035102
16,FEEDER,61,1,0.9632634916654512,-36.50469142175832
16,FEEDER,61,2,0.9844223057560748,-154.96275144192956
16,FEEDER,61,3,0.9731791966278541,83.75687254513623
16,FEEDER,62,1,0.9628700661020043,-36.502364583483114
16,FEEDER,62,2,0.9837121770760824,-154.9503273149899
16,FEEDER,62,3,0.9719272085602656,83.75431381667147
16,FEEDER,63,1,0.9625589725289674,-36.49649872685769
16,FEEDER,63,2,0.9831708926692232,-154.9459935779687
16,FEEDER,63,3,0.9713017631808809,83.75227926929826
16,FEEDER,64,1,0.9624856448328796,-36.485288720381064
16,FEEDER,64,2,0.9819950170327949,-154.92759544345736
16,FEEDER,64,3,0.9699538877050773,83.73968080170376
16,FEEDER,65,1,0.9622171408052904,-36.49345255104497
16,FEEDER,65,2,0.9817378466426727,-154.90603431740425
16,FEEDER,65,3,0.9680908638785681,83.74443358860968
16,FEEDER,66,1,0.9623575023247293,-36.50906649879511
16,FEEDER,66,2,0.9818959056425365,-154.88941012897544
16,FEEDER,66,3,0.9671526454503494,83.74387278629102
16,FEEDER,67,1,1.0582473747752268,-36.70997942959922
16,FEEDER,67,2,0.9820807190090048,-155.19436975491385
16,FEEDER,67,3,1.0685962861694198,83.56343708868044
16,FEEDER,68,1,1.057338326180946,-36.72607233809188
16,FEEDER,97,1,1.0569817117824443,-36.78565530593407
16,FEEDER,97,2,0.9804029163720583,-155.27850968593873
16,FEEDER,97,3,1.0675802381517396,83.49377982185332
16,FEEDER,69,1,1.056296505129458,-36.74454598646946
16,FEEDER,70,1,1.055557509981132,-36.7576676208995
16,FEEDER,71,1,1.0551405947251098,-36.76507716511039
16,MG2,72,1,1.058247347432227,-36.70998068323064
16,MG2,72,2,0.9820806859813653,-155.19437056967223
16,MG2,72,3,1.0685962515714942,83.56343588108511
16,MG2,73,3,1.0666516769314933,83.52941090108155
16,MG2,76,1,1.0583117576758239,-36.75393038348068
16,MG2,76,2,0.9816729612477814,-155.28362055651115
16,MG2,76,3,1.0695045658108318,83.52074073630561
16,MG2,74,3,1.064975118432479,83.49999817870183
16,MG2,75,3,1.0640610185596135,83.48391847761266
16,MG2,86,1,1.0578838940599236,-36.74651912856742
16,MG2,86,2,0.9802388235741991,-155.4097075827319
16,MG2,86,3,1.0711343914521874,83.51193365181764
16,MG2,78,1,1.0598085114614226,-36.822784541090115
16,MG2,78,2,0.9830174007324991,-155.3846083971589
16,MG2,78,3,1.0710667418051665,83.43372125176927
16,MG2,79,1,1.0595276994844267,-36.83538377143656
16,MG2,79,2,0.9831383447420619,-155.38724378742188
16,MG2,79,3,1.0710239717140122,83.44217445936604
16,MG2,80,1,1.0618709304882168,-36.87287210139553
16,MG2,80,2,0.9845120468900483,-155.45232531707273
16,MG2,80,3,1.0724168698592744,83.33706686321139
16,MG2,81,1,1.0626523348649453,-36.89652902156663
16,MG2,81,2,0.9852793557066764,-155.46693716192522
16,MG2,81,3,1.0728107245482157,83.30317311077799
16,MG2,82,1,1.0635263568041688,-36.92691536252118
16,MG2,82,2,0.986416762322743,-155.50005788820576
16,MG2,82,3,1.0738007407590586,83.27304863750838
16,MG2,84,3,1.0704951668828793,83.26276335747532
16,MG2,83,1,1.06468677960862,-36.94445031767355
16,MG2,83,2,0.9874311151245115,-155.5304364996334
16,MG2,83,3,1.0748350178888695,83.23439627282849
16,MG2,85,3,1.0694093343401352,83.24376005487248
16,MG2,87,1,1.0574951580954501,-36.76447917688411
16,MG2,87,2,0.9794262601940419,-155.49737407579238
16,MG2,87,3,1.0717276770112005,83.49082754876837
16,MG2,88,1,1.057501898953431,-36.79348182637502
16,MG2,89,1,1.057093269873914,-36.75771097181917
16,MG2,89,2,0.9791599290188853,-155.54319510816873
16,MG2,89,3,1.072159026509539,83.48011177961088
16,MG2,90,2,0.9791029637109774,-155.5858635840779
16,MG2,91,1,1.0569061923366225,-36.753581287043204
16,MG2,91,2,0.9788263398570011,-155.5580735532114
16,MG2,91,3,1.0724122818952808,83.46485501200725
16,MG2,92,3,1.072435742594311,83.41534057654896
16,MG2,94,1,1.0559863297969025,-36.769645074261035
16,MG2,95,1,1.056583614238248,-36.74929218683397
16,MG2,95,2,0.978284690537488,-155.59173092466912
16,MG2,95,3,1.0726871581133897,83.46756737294957
16,MG2,96,2,0.9780355009833804,-155.5964902290239
16,FEEDER,98,1,1.0568616287527248,-36.79128225106927
16,FEEDER,98,2,0.9802349798847843,-155.28380408982116
16,FEEDER,98,3,1.0674577416582405,83.48781953451575
16,FEEDER,99,1,1.0570370939525586,-36.784087750545176
16,FEEDER,99,2,0.9797194746123755,-155.29046930364262
16,FEEDER,99,3,1.0672563199893468,83.4649094094925
16,FEEDER,100,1,1.0571572069780182,-36.78613766504948
16,FEEDER,100,2,0.9796836147325436,-155.28217725461468
16,FEEDER,100,3,1.0670071950701299,83.45417474916835
16,FEEDER,450,1,1.0571572590587155,-36.78613901292781
16,FEEDER,450,2,0.9796836665984766,-155.28217851673338
16,FEEDER,450,3,1.067007243627763,83.4541731871986
16,MG4,197,1,1.0569816621712824,-36.78565448693066
16,MG4,197,2,0.9804028631243648,-155.27850873641944
16,MG4,197,3,1.0675801879950866,83.49378064049823
16,MG4,105,1,1.0545583890150545,-36.93436067432848
16,MG4,105,2,0.9772063579835244,-155.44594212787052
16,MG4,105,3,1.0656848623175184,83.35850223178049
16,MG4,108,1,1.0530618182371436,-37.02675890333368
16,MG4,108,2,0.9752317508534215,-155.55014032784342
16,MG4,108,3,1.0645145301835333,83.27451800661571
16,MG4,300,1,1.0569817435156919,-36.78565659313032
16,MG4,300,2,0.980402944233669,-155.27851070932218
16,MG4,300,3,1.0675802639116858,83.49377820098803
16,MG3,135,1,0.9722232816975975,-35.42116609293074
16,MG3,135,2,0.9967299720371728,-154.06997039674349
16,MG3,135,3,0.9779807398332581,84.97016462915205
16,FEEDER,152,1,0.9777395770168229,-35.0341660204292
16,FEEDER,152,2,1.0000058818974518,-153.8061216530659
16,FEEDER,152,3,0.9855047214710563,85.21331948870197
16,FEEDER,160r,1,1.0595894943867292,-36.50644104178506
16,FEEDER,160r,2,0.9844207478150758,-154.96426975477132
16,FEEDER,160r,3,1.070498578283742,83.75520804526437
16,FEEDER,160,1,0.9632633668423969,-36.504690717491215
16,FEEDER,160,2,0.9844221946397513,-154.96275047694755
16,FEEDER,160,3,0.9731790754490828,83.75687283108697
16,FEEDER,61s,1,0.963263491665451,-36.50469142175798
16,FEEDER,61s,2,0.9844223057560748,-154.9627514419292
16,FEEDER,61s,3,0.9731791966278541,83.75687254513656
16,FEEDER,610,1,1.1100610571551193,-36.01031254279412
16,FEEDER,610,2,1.12815150297748,-155.25876424476138
16,FEEDER,610,3,1.1319023956604284,83.57541870430803
16,FEEDER,x1,1,0.9822106889352,-34.310725048018206
16,FEEDER,x2,2,0.9950946444348836,-153.44560004738298
16,FEEDER,x4,3,0.985641749220326,85.81571784406877
16,FEEDER,x5,3,0.9853628635669494,85.81194173069065
16,FEEDER,x6,3,0.9851410401212795,85.80928854779519
16,FEEDER,x7,1,0.9755212901801139,-34.72523026057125
16,FEEDER,x9,1,0.970270433645354,-35.01825775288689
16,FEEDER,x10,1,0.9694386731619711,-35.03110283270357
16,FEEDER,x11,1,0.9696055432383243,-35.024449542591995
16,FEEDER,x12,2,0.990583402884217,-153.89322586392325
16,FEEDER,x16,3,0.9717019515914745,84.83194121284457
16,FEEDER,x17,3,0.9720314301495188,84.83837912378314
16,FEEDER,x19,1,0.9589024479323158,-35.79990497329539
16,FEEDER,x20,1,0.9588890625067091,-35.79529968551394
16,MG1,x22,2,0.9777286478712973,-154.59809940911853
16,MG1,x24,3,0.956817281834237,84.37962898246941
16,MG1,x28,1,0.9534599083017522,-36.029991165858874
16,MG1,x29,1,0.9716944059340881,-35.50280525096873
16,MG1,x29,2,0.0,0.0
16,MG1,x30,3,0.9564702127894329,84.35868973890916
16,MG1,x31,3,0.9603985345320113,84.67308395819252
16,MG1,x32,3,0.9602091228195359,84.66935006286236
16,MG1,x33,1,0.9638532386416948,-36.07191233212473
16,FEEDER,x34,3,0.9732033061575609,84.86730347186179
16,FEEDER,x52,1,0.9607872501026044,-35.72301917446015
16,FEEDER,x53,1,0.9587054279252346,-35.88115066378915
16,FEEDER,x55,1,0.9583943137877708,-35.947082801801564
16,FEEDER,x56,2,0.9890125026828256,-154.45272630372529
16,FEEDER,x58,2,0.9851641151607569,-154.6758801201329
16,FEEDER,x59,2,0.9787695992132541,-154.8583811459342
16,FEEDER,x60,1,0.9506432382380711,-36.87412771260038
16,FEEDER,x62,3,0.9603769732335448,83.41966175229481
16,FEEDER,x63,1,0.949929428441441,-36.86648592600171
16,FEEDER,x64,2,0.9710196635699258,-155.26360872205012
16,FEEDER,x65,1,1.101965801517113,-66.54971380726761
16,FEEDER,x65,2,1.1042382332394782,174.51290400000065
16,FEEDER,x65,3,1.1207734769603728,53.88153144138724
16,FEEDER,x66,3,0.9556835627858477,83.38704622851262
16,FEEDER,x68,1,1.0458451062219922,-37.0317532504375
16,FEEDER,x69,1,1.0447919661519922,-37.05083950306527
16,FEEDER,x70,1,1.044044927897522,-37.064396791508706
16,FEEDER,x71,1,1.043623469789119,-37.07205252627916
16,MG2,x73,3,1.049341083373975,83.07068542666202
16,MG2,x74,3,1.0459625864223339,82.99494275409903
16,MG2,x75,3,1.0467111256052262,83.02301123026194
16,MG2,x76,1,1.2138995459609794,-67.13757558118068
16,MG2,x76,2,1.151643513041239,172.51517768404676
16,MG2,x76,3,1.1777971617351972,55.31709350807528
16,MG2,x77,2,0.9638257646261204,-155.91138383677827
16,MG2,x79,1,1.0406124178469238,-37.34043919603935
16,MG2,x80,2,0.9657253365447817,-155.99245942478248
16,MG2,x82,1,1.0461685702710757,-37.38826807508416
16,MG2,x83,1,0.0,0.0
16,MG2,x83,3,1.0746872373108718,83.23582890003372
16,MG2,x84,3,1.0531221967933873,82.80403785952795
16,MG2,x85,3,1.0520539861235991,82.7850345570246
16,MG2,x86,2,0.9613677715735232,-155.9546683329177
16,MG2,x87,2,0.9605390975197395,-156.0432595376788
16,MG2,x88,1,1.0400431868126159,-37.260211727822906
16,MG2,x90,2,0.9609435393129947,-156.1107301083063
16,MG2,x92,3,1.055031278705912,82.95661506998722
16,MG2,x94,1,1.0385020445942705,-37.23774227921074
16,MG2,x95,2,0.9593748404717515,-156.1389196424462
16,MG2,x96,2,0.9591206909059252,-156.14396404928166
16,FEEDER,x98,1,1.0453632282163945,-37.097243382765235
16,FEEDER,x99,2,0.9673130936293842,-155.64738693147635
16,FEEDER,x100,3,1.0543270436248169,83.11952268479169
17,FEEDER,sourcebus,1,0.9987107705505942,-0.11133725915207651
17,FEEDER,sourcebus,2,0.9990010361863679,-120.11907174928044
17,FEEDER,sourcebus,3,0.9987391597069654,119.8703738667926
17,FEEDER,150,1,0.9688403559148635,-33.72997022934859
17,FEEDER,150,2,0.9772077032015805,-153.0329340219818
17,FEEDER,150,3,0.9727955806746118,86.38398032460374
17,FEEDER,150r,1,0.9991140002029141,-33.73045162555565
17,FEEDER,150r,2,1.0077435963925048,-153.0333189213967
17,FEEDER,150r,3,1.003193244228895,86.38351906783367
17,MG3,40,1,0.9605262999674836,-36.13291529631052
17,MG3,40,2,0.988939411688391,-154.64360747469192
17,MG3,40,3,0.9686659697726837,84.32568301255984
17,MG3,401,1,0.9605262999674836,-36.13291529631052
17,MG3,401,2,0.988939411688391,-154.64360747469192
17,MG3,401,3,0.9686659697726837,84.32568301255984
17,MG4,101,1,1.043286350066156,-37.54936264878449
17,MG4,101,2,0.9710618735434873,-155.95853431318147
17,MG4,101,3,1.057333393506239,82.84038279051113
17,MG4,1011,1,1.043286350066156,-37.54936264878449
17,MG4,1011,2,0.9710618735434873,-155.95853431318147
17,MG4,1011,3,1.057333393506239,82.84038279051113
17,MG1,30,1,0.9643730469128062,-35.98845093212893
17,MG1,30,2,0.9928399230086125,-154.3838331538674
17,MG1,30,3,0.9690090640624681,84.49867414520963
17,MG1,301,1,0.9643730469128062,-35.98845093212893
17,MG1,301,2,0.9928399230086125,-154.3838331538674
17,MG1,301,3,0.9690090640624681,84.49867414520963
17,MG2,93,1,1.0435492688583001,-37.47215316800184
17,MG2,93,2,0.9701044022824086,-156.2241781576367
17,MG2,93,3,1.0631075059400252,82.86282902231271
17,MG2,931,1,1.0435492688583001,-37.47215316800184
17,MG2,931,2,0.9701044022824086,-156.2241781576367
17,MG2,931,3,1.0631075059400252,82.86282902231271
17,MG2,77,1,1.0468590124567982,-37.500073499082504
17,MG2,77,2,0.9746972828099034,-155.97276023121825
17,MG2,77,3,1.0613935733744169,82.85918022909563
17,MG2,771,1,1.0468590124567982,-37.500073499082504
17,MG2,771,2,0.9746972828099034,-155.97276023121825
17,MG2,771,3,1.0613935733744169,82.85918022909563
17,FEEDER,149,1,0.999113771453543,-33.73044767980356
17,FEEDER,149,2,1.0077434119882025,-153.03331617249543
17,FEEDER,149,3,1.0031930242413005,86.38352235319616
17,FEEDER,1,1,0.9890671913268825,-34.33428121951785
17,FEEDER,1,2,1.0036772732786863,-153.41108517649374
17,FEEDER,1,3,0.9946757405263175,85.84911437290849
17,FEEDER,2,2,1.0035258536807414,-153.41391602262112
17,FEEDER,3,3,0.9936036776527649,85.82890765233098
17,FEEDER,7,1,0.9816084190975822,-34.78108667433752
17,FEEDER,7,2,1.000702715689015,-153.70626144848077
17,FEEDER,7,3,0.9889453499508429,85.4671830470512
17,FEEDER,4,3,0.9932539459471796,85.82230374180992
17,FEEDER,5,3,0.9927784104505268,85.81332676380221
17,FEEDER,6,3,0.9923580038147476,85.805380819237
17,FEEDER,8,1,0.976757690990288,-35.07838864409694
17,FEEDER,8,2,0.9986846697831925,-153.90323072211388
17,FEEDER,8,3,0.985157513814826,85.20777400650563
17,FEEDER,12,2,0.9984889940148234,-153.90690721827042
17,FEEDER,9,1,0.9757926207205447,-35.09691060659126
17,FEEDER,13,1,0.9701941987602791,-35.5022979937378
17,FEEDER,13,2,0.995446880656255,-154.18838277345483
17,FEEDER,13,3,0.9795080429530327,84.79898315284754
17,FEEDER,9r,1,0.9757916452486297,-35.09702139482862
17,FEEDER,14,1,0.9747255031336234,-35.11751711426104
17,FEEDER,34,3,0.9788595556677715,84.78656783681852
17,FEEDER,18,1,0.9643987975827376,-35.91067198842446
17,FEEDER,18,2,0.9921183518837822,-154.45778815662737
17,FEEDER,18,3,0.9715933398039671,84.54879615663538
17,FEEDER,11,1,0.9743127412672624,-35.12546305882624
17,FEEDER,10,1,0.9745111465827238,-35.12164350688877
17,FEEDER,15,3,0.9785931214964815,84.78146381121394
17,FEEDER,16,3,0.9779269532221737,84.76869309625302
17,FEEDER,17,3,0.9782823696466603,84.77550596823782
17,FEEDER,19,1,0.9635192331569439,-35.92777588616097
17,FEEDER,20,1,0.9629619380981961,-35.93862750768576
17,MG1,21,1,0.9643987895534664,-35.91067156655954
17,MG1,21,2,0.9921183507210203,-154.45778795934763
17,MG1,21,3,0.9715933275547778,84.5487967005828
17,MG1,22,2,0.9907887954444157,-154.48282460818865
17,MG1,23,1,0.9642857538983919,-35.940648551146516
17,MG1,23,2,0.9924183405786389,-154.433198499256
17,MG1,23,3,0.9707336966684824,84.53712243515815
17,MG1,24,3,0.9692276378793435,84.5082012861705
17,MG1,25,1,0.9639389709631804,-35.97182193748459
17,MG1,25,2,0.9927683137458393,-154.4174750762125
17,MG1,25,3,0.9701495699355254,84.5412850057527
17,MG1,25r,1,0.9759871660741383,-35.97193962639199
17,MG1,25r,3,0.9640856092229642,84.54122449277573
17,MG1,26,1,0.9756350105119229,-35.99619458196857
17,MG1,26,3,0.9638084663397773,84.54183918007315
17,MG1,28,1,0.9638724321176229,-35.9808908957279
17,MG1,28,2,0.9929087912846769,-154.4070703395178
17,MG1,28,3,0.9699004452610902,84.54222036148654
17,MG1,27,1,0.9752760613919347,-36.01364959293783
17,MG1,27,3,0.963778912899596,84.55148250693776
17,MG1,31,3,0.9635000752292733,84.53583658315421
17,MG1,33,1,0.9739739241071309,-36.0385700830756
17,MG1,29,1,0.9641018495203431,-35.98438574336511
17,MG1,29,2,0.9928773603274705,-154.39637687681983
17,MG1,29,3,0.9694892495461934,84.52217328227479
17,MG1,250,1,0.9643730496344809,-35.98845102929431
17,MG1,250,2,0.9928399260500766,-154.3838332386869
17,MG1,250,3,0.9690090672649528,84.49867406630807
17,MG1,32,3,0.9632944591471263,84.53183291966437
17,MG3,35,1,0.9621663468239076,-36.047767120535006
17,MG3,35,2,0.9899897151572545,-154.56534645265086
17,MG3,35,3,0.9699592333176952,84.4157918229635
17,MG3,42,1,0.9588883717511247,-36.218354300824515
17,MG3,42,2,0.9878909484209188,-154.7220344637733
17,MG3,42,3,0.9673750993051616,84.2353337602259
17,MG3,44,1,0.9575795619436642,-36.28691564972132
17,MG3,44,2,0.9870535067088326,-154.78489571016112
17,MG3,44,3,0.9663441324164824,84.16288089357244
17,MG3,151,1,0.962166351816983,-36.04776724624668
17,MG3,151,2,0.9899897195585183,-154.56534660149254
17,MG3,151,3,0.9699592379178628,84.41579169086071
17,FEEDER,52,1,0.9648495907794814,-35.868183231746634
17,FEEDER,52,2,0.9925022259862614,-154.48432166936317
17,FEEDER,52,3,0.9761288009439198,84.43932467944508
17,FEEDER,53,1,0.96237207187952,-36.0436886849221
17,FEEDER,53,2,0.9909386924927688,-154.6312955673913
17,FEEDER,53,3,0.9744693778783813,84.25377270977019
17,FEEDER,54,1,0.9609408903360769,-36.14823306099392
17,FEEDER,54,2,0.9899014769607403,-154.72234833498288
17,FEEDER,54,3,0.973447179469369,84.13448060121287
17,FEEDER,55,1,0.9608084979647534,-36.14976212395845
17,FEEDER,55,2,0.9898439858856394,-154.7289527289725
17,FEEDER,55,3,0.9734957434957473,84.1364351738586
17,FEEDER,57,1,0.958167577343562,-36.46299088824926
17,FEEDER,57,2,0.9856343199434775,-154.98268745310102
17,FEEDER,57,3,0.9708591309114816,83.83419393506522
17,FEEDER,56,1,0.9607881736869531,-36.14573432318666
17,FEEDER,56,2,0.9897236238117497,-154.73451754995156
17,FEEDER,56,3,0.9735538834471007,84.13540756054037
17,FEEDER,58,2,0.98519769629164,-154.99096608984343
17,FEEDER,60,1,0.9523912938742666,-37.161261165282895
17,FEEDER,60,2,0.9772107606736593,-155.5159029546835
17,FEEDER,60,3,0.9650308404286327,83.19037305408719
17,FEEDER,59,2,0.9849772571201464,-154.99516417856088
17,FEEDER,61,1,0.95239131642566,-37.16126183662092
17,FEEDER,61,2,0.977210781162759,-155.5159036331201
17,FEEDER,61,3,0.9650308633998954,83.19037246727763
17,FEEDER,62,1,0.9519730180362707,-37.15875548433135
17,FEEDER,62,2,0.976442335145045,-155.50228377039605
17,FEEDER,62,3,0.9636782261005096,83.18748885623009
17,FEEDER,63,1,0.9516417587755798,-37.15240252339338
17,FEEDER,63,2,0.9758569448882316,-155.49746904591183
17,FEEDER,63,3,0.9630008783384055,83.18520568018018
17,FEEDER,64,1,0.9515670039566766,-37.14026607360746
17,FEEDER,64,2,0.9745866028335879,-155.47732791200858
17,FEEDER,64,3,0.9615420815785705,83.17143367287117
17,FEEDER,65,1,0.9512824333373007,-37.149432226408244
17,FEEDER,65,2,0.9743132391872437,-155.45371877601033
17,FEEDER,65,3,0.9595252184511647,83.17662997509868
17,FEEDER,66,1,0.9514354648609545,-37.16658859118455
17,FEEDER,66,2,0.9744852066934642,-155.4355101276793
17,FEEDER,66,3,0.9585051456053502,83.17601780215917
17,FEEDER,67,1,1.0458518121609,-37.39569737616579
17,FEEDER,67,2,0.9743915890918099,-155.7835976238914
17,FEEDER,67,3,1.0592632871379992,82.9774023018012
17,FEEDER,68,1,1.044853370279216,-37.41358431078765
17,FEEDER,97,1,1.0445070134278527,-37.475263400928654
17,FEEDER,97,2,0.9726425361101428,-155.87365027363603
17,FEEDER,97,3,1.0582388886081122,82.90606705466163
17,FEEDER,69,1,1.0437090739414574,-37.43412162888714
17,FEEDER,70,1,1.0428973576003477,-37.4487117997376
17,FEEDER,71,1,1.0424394118401699,-37.45695166331803
17,MG2,72,1,1.0458517748997487,-37.39569849782825
17,MG2,72,2,0.9743915449187741,-155.78359826110898
17,MG2,72,3,1.0592632421349493,82.97740122585746
17,MG2,73,3,1.0571398040153777,82.93998016665167
17,MG2,76,1,1.0457581816218318,-37.44523525094487
17,MG2,76,2,0.973800380663639,-155.8830207340566
17,MG2,76,3,1.060137695886264,82.93026046428814
17,MG2,74,3,1.0553153971448843,82.90773544319875
17,MG2,75,3,1.0543094831316766,82.8899053241487
17,MG2,86,1,1.0449892239322127,-37.457371177255574
17,MG2,86,2,0.9718954021130509,-156.04647590826926
17,MG2,86,3,1.061735031767732,82.9047253141863
17,MG2,78,1,1.0471478872579405,-37.517120160132514
17,MG2,78,2,0.9750581388527216,-155.98863221761846
17,MG2,78,3,1.0616421502976168,82.84249504779166
17,MG2,79,1,1.0468462753697678,-37.53080401647557
17,MG2,79,2,0.9751878943425225,-155.991500304096
17,MG2,79,3,1.0615966121238836,82.85165721017445
17,MG2,80,1,1.049157465154523,-37.569089054758464
17,MG2,80,2,0.9764991398279546,-156.05783758853232
17,MG2,80,3,1.0629208066090141,82.74403689253695
17,MG2,81,1,1.0499216465920123,-37.59403025016559
17,MG2,81,2,0.977268379352168,-156.07188945279984
17,MG2,81,3,1.0632779849853204,82.70966338765004
17,MG2,82,1,1.05074830876937,-37.62591021639068
17,MG2,82,2,0.978412313673834,-156.1054715918572
17,MG2,82,3,1.0642557344419064,82.68072473454856
17,MG2,84,3,1.060745399172709,82.66513543316637
17,MG2,83,1,1.0518911442084862,-37.64344877668879
17,MG2,83,2,0.9794205320974548,-156.13599272990035
17,MG2,83,3,1.065281856954598,82.64227592570869
17,MG2,85,3,1.0595569567729461,82.64417423192413
17,MG2,87,1,1.044493900648947,-37.4767248479964
17,MG2,87,2,0.9709607818829378,-156.14218137096813
17,MG2,87,3,1.062341026652206,82.88372524787015
17,MG2,88,1,1.0444536799878497,-37.50655353368105
17,MG2,89,1,1.0440697338019593,-37.470093332393894
17,MG2,89,2,0.9706398734630926,-156.19075860155124
17,MG2,89,3,1.0627662975831478,82.87223819198202
17,MG2,90,2,0.9705251743566924,-156.2345228999783
17,MG2,91,1,1.0438656821024026,-37.46671881905127
17,MG2,91,2,0.9702889552148095,-156.20664748469912
17,MG2,91,3,1.0630028216065317,82.85656409914596
17,MG2,92,3,1.0629595927884619,82.80589812933486
17,MG2,94,1,1.0428499152282962,-37.48468431927651
17,MG2,95,1,1.0435095876719298,-37.46199722538708
17,MG2,95,2,0.9696936800611546,-156.24396168365305
17,MG2,95,3,1.0633049750976784,82.85958942494298
17,MG2,96,2,0.9694198083138086,-156.2492267750873
17,FEEDER,98,1,1.0443724216413839,-37.481483035517776
17,FEEDER,98,2,0.9724596856618042,-155.87966413516338
17,FEEDER,98,3,1.0581096547625053,82.89971520882355
17,FEEDER,99,1,1.0445596507645476,-37.473418425484205
17,FEEDER,99,2,0.971896837184314,-155.8873313991525
17,FEEDER,99,3,1.0578986662435887,82.87483164611426
17,FEEDER,100,1,1.0446886686822545,-37.47563326028116
17,FEEDER,100,2,0.9718583205188829,-155.87835755923504
17,FEEDER,100,3,1.0576312009947417,82.86320523241724
17,FEEDER,450,1,1.0446887201148949,-37.47563460884436
17,FEEDER,450,2,0.9718583719921496,-155.87835882318103
17,FEEDER,450,3,1.0576312491314495,82.86320367233067
17,MG4,197,1,1.044506961843929,-37.475262538553636
17,MG4,197,2,0.9726424806370397,-155.87364927540077
17,MG4,197,3,1.058238837235999,82.90606790078891
17,MG4,105,1,1.0419456859521234,-37.63107283583265
17,MG4,105,2,0.9693256643169984,-156.0522270798728
17,MG4,105,3,1.0563390024527153,82.76799956914522
17,MG4,108,1,1.0403639888329486,-37.72791027601133
17,MG4,108,2,0.967277119874907,-156.16338778393603
17,MG4,108,3,1.0551659763930115,82.68228051295138
17,MG4,300,1,1.0445070421740381,-37.475264645856406
17,MG4,300,2,0.9726425611390384,-155.87365125121462
17,MG4,300,3,1.058238912497338,82.90606546430577
17,MG3,135,1,0.9643987403710909,-35.91067094444391
17,MG3,135,2,0.992118296364131,-154.45778717484745
17,MG3,135,3,0.9715932831125235,84.5487971840785
17,FEEDER,152,1,0.9701940603821522,-35.50229665617266
17,FEEDER,152,2,0.9954467564490675,-154.18838152724544
17,FEEDER,152,3,0.979507912849019,84.79898391868099
17,FEEDER,160r,1,1.0476286141378048,-37.1632873728695
17,FEEDER,160r,2,0.9772080038885212,-155.51766536287187
17,FEEDER,160r,3,1.0615342594807928,83.18846942400218
17,FEEDER,160,1,0.9523911771002973,-37.16126085355747
17,FEEDER,160,2,0.9772106564361308,-155.51590242158593
17,FEEDER,160,3,0.9650307292917556,83.19037296204527
17,FEEDER,61s,1,0.95239131642566,-37.1612618366206
17,FEEDER,61s,2,0.977210781162759,-155.5159036331198
17,FEEDER,61s,3,0.9650308633998952,83.19037246727795
17,FEEDER,610,1,1.098712310393541,-36.61559324808292
17,FEEDER,610,2,1.1184736530962922,-155.7817703751077
17,FEEDER,610,3,1.1226647194689234,82.93156444991867
17,FEEDER,x1,1,0.9757306136645357,-34.71464138846196
17,FEEDER,x2,2,0.9903829869915017,-153.78321420303752
17,FEEDER,x4,3,0.9799739151489549,85.4451931227613
17,FEEDER,x5,3,0.9797525174941235,85.44334439930462
17,FEEDER,x6,3,0.9795863321182423,85.44255680166125
17,FEEDER,x7,1,0.9681694761440173,-35.16735124348615
17,FEEDER,x9,1,0.9622727079483068,-35.4878751669897
17,FEEDER,x10,1,0.9614875109848622,-35.49858452058417
17,FEEDER,x11,1,0.9617733125395725,-35.48828707640201
17,FEEDER,x12,2,0.9852792086056006,-154.2800065326711
17,FEEDER,x16,3,0.9644365831262331,84.3794556074475
17,FEEDER,x17,3,0.9647969560418846,84.38655628353935
17,FEEDER,x19,1,0.9498250557659279,-36.32894521961424
17,FEEDER,x20,1,0.9499396681239795,-36.32010582625677
17,MG1,x22,2,0.9715669653715086,-155.03203325856242
17,MG1,x24,3,0.9484469069204653,83.90083162014292
17,MG1,x28,1,0.9442187209192777,-36.55832493872939
17,MG1,x29,1,0.9639692938013729,-35.98295311615987
17,MG1,x29,2,0.0,0.0
17,MG1,x30,3,0.9482335138271548,83.89131902049944
17,MG1,x31,3,0.9530883215903176,84.2319781162986
17,MG1,x32,3,0.9528804858752065,84.22784268668185
17,MG1,x33,1,0.9542084905238662,-36.61324506803906
17,FEEDER,x34,3,0.9662616093279244,84.42374381924276
17,FEEDER,x52,1,0.9511745499306397,-36.268226651379585
17,FEEDER,x53,1,0.9486798491591858,-36.445283771992415
17,FEEDER,x55,1,0.9484428691775149,-36.51258614153421
17,FEEDER,x56,2,0.9830416774137907,-154.9224391316789
17,FEEDER,x58,2,0.9786226938911025,-155.17666961664034
17,FEEDER,x59,2,0.9715844050687649,-155.37875472280672
17,FEEDER,x60,1,0.9388560980396022,-37.56240611528975
17,FEEDER,x62,3,0.9512756638422181,82.82466483865433
17,FEEDER,x63,1,0.9381183560694629,-37.55351323863668
17,FEEDER,x64,2,0.9626898273550886,-155.84478493763308
17,FEEDER,x65,1,1.0902439678728428,-67.20953585320095
17,FEEDER,x65,2,1.0925284491614324,173.96636923943322
17,FEEDER,x65,3,1.1107282262037836,53.27697192422821
17,FEEDER,x66,3,0.9460372576663862,82.78413500510328
17,FEEDER,x68,1,1.0322342324917773,-37.753765746183426
17,FEEDER,x69,1,1.0310760447812708,-37.77506162610483
17,FEEDER,x70,1,1.0302544550264892,-37.79019142848216
17,FEEDER,x71,1,1.029790931842235,-37.79873630136201
17,MG2,x73,3,1.038102627786089,82.43048436076896
17,MG2,x74,3,1.0348417166485855,82.35852679282499
17,MG2,x75,3,1.0352198583851442,82.37761131369702
17,MG2,x76,1,1.2005069856002495,-67.86490499081701
17,MG2,x76,2,1.1378977282125535,171.91546222364713
17,MG2,x76,3,1.1665822893373887,54.692215842478696
17,MG2,x77,2,0.9539974576956864,-156.5743350290892
17,MG2,x79,1,1.0265369003443998,-38.080012666849335
17,MG2,x80,2,0.955838885963703,-156.65714018266783
17,MG2,x82,1,1.0315931598632995,-38.141731561505125
17,MG2,x83,1,0.0,0.0
17,MG2,x83,3,1.0651353898541307,82.64370855291392
17,MG2,x84,3,1.0417746067110272,82.159171141734
17,MG2,x85,3,1.040564338201092,82.13705002181224
17,MG2,x86,2,0.9511337198684464,-156.65161014375573
17,MG2,x87,2,0.9501783772447361,-156.74851008147425
17,MG2,x88,1,1.0251799496285978,-38.02874776194568
17,MG2,x90,2,0.9507596771187699,-156.8112552190108
17,MG2,x92,3,1.0440293263082987,82.30208428011171
17,MG2,x94,1,1.023545736442508,-38.008520935639964
17,MG2,x95,2,0.9489019307437193,-156.85136229123086
17,MG2,x96,2,0.9486345503031082,-156.85660917998632
17,FEEDER,x98,1,1.0317474532812732,-37.82198285449402
17,FEEDER,x99,2,0.9583216503995887,-156.28150545340634
17,FEEDER,x100,3,1.0440194616595821,82.50038121484147
18,FEEDER,sourcebus,1,0.9994853840794895,-0.021704012986560058
18,FEEDER,sourcebus,2,0.9997398159159226,-120.02475555411954
18,FEEDER,sourcebus,3,0.9995665177710967,119.9641397217089
18,FEEDER,150,1,0.9853386470399118,-31.102167084146195
18,FEEDER,150,2,0.9942034903757371,-150.48711261285186
18,FEEDER,150,3,0.9902466415161929,89.2178485331393
18,FEEDER,150r,1,1.0161289810527523,-31.10231255150144
18,FEEDER,150r,2,1.0252717835440521,-150.48717500781632
18,FEEDER,150r,3,1.0211908481617054,89.21774767747794
18,MG3,40,1,0.9891148175937882,-1.488338226151918
18,MG3,40,2,0.9891256810067333,-121.48700743902798
18,MG3,40,3,0.9891131029105162,118.5127976894682
18,MG3,401,1,0.9943717624241778,-0.5152260799509563
18,MG3,401,2,0.9943775498293813,-120.51478514575847
18,MG3,401,3,0.9943726920221079,119.4852086052247
18,MG4,101,1,0.9894241386317318,-1.442630839228903
18,MG4,101,2,0.9894263433039138,-121.44405060823327
18,MG4,101,3,0.9894400170345483,118.5576071775932
18,MG4,1011,1,0.9945376533743526,-0.499430435832069
18,MG4,1011,2,0.9945365173230528,-120.4999740673883
18,MG4,1011,3,0.9945437764454877,119.50057486475573
18,MG1,30,1,0.9894407561216048,-0.6544913197887887
18,MG1,30,2,0.9951477248701868,-120.09332411243531
18,MG1,30,3,0.9864188632947827,119.03944956787846
18,MG1,301,1,0.9982939678197674,-0.0676975657926876
18,MG1,301,2,0.999375940629787,-120.00510232666225
18,MG1,301,3,0.9977815785602557,119.90289020134747
18,MG2,93,1,1.0036618365580776,-0.5438600095147275
18,MG2,93,2,0.9971015024356884,-121.07493393949228
18,MG2,93,3,1.0068964003944905,118.99438438688006
18,MG2,931,1,0.9997363106244754,0.2701132614151325
18,MG2,931,2,0.9931485866437552,-120.2501698163475
18,MG2,931,3,1.0029842366782533,119.80311507979582
18,MG2,77,1,1.0063276744882437,-0.859165772464369
18,MG2,77,2,1.001258459227875,-121.1182412493193
18,MG2,77,3,1.004317676016281,118.77529186367848
18,MG2,771,1,1.0008001861821776,-0.21400583645693985
18,MG2,771,2,0.9994112712782387,-120.25544993013058
18,MG2,771,3,0.9999686060719556,119.7086829482552
18,FEEDER,149,1,1.016128910563968,-31.1023102953892
18,FEEDER,149,2,1.0252717530599227,-150.4871741656745
18,FEEDER,149,3,1.0211907990586566,89.21774917560258
18,FEEDER,1,1,1.0116770071810457,-31.310404453608623
18,FEEDER,1,2,1.0257194441905073,-150.54166098582064
18,FEEDER,1,3,1.0180670119973025,89.17040498157252
18,FEEDER,2,2,1.0255648373783293,-150.54448931087657
18,FEEDER,3,3,1.0169489491934727,89.14981731080735
18,FEEDER,7,1,1.0083439834072239,-31.453604334520755
18,FEEDER,7,2,1.0261062820630777,-150.59268928893317
18,FEEDER,7,3,1.0163535733507536,89.15988760008797
18,FEEDER,4,3,1.016592398444392,89.14323910539956
18,FEEDER,5,3,1.016074971081297,89.1336974511581
18,FEEDER,6,3,1.015626387628777,89.12541431633232
18,FEEDER,8,1,1.0062153467194024,-31.545328871519228
18,FEEDER,8,2,1.0263139920391626,-150.6259100946398
18,FEEDER,8,3,1.0152187607862335,89.1505578436028
18,FEEDER,12,2,1.0261153205249762,-150.62954251352195
18,FEEDER,9,1,1.0052092790102343,-31.564070956807697
18,FEEDER,13,1,1.0037198127993596,-31.65594206433447
18,FEEDER,13,2,1.0263802797670674,-150.6639857367566
18,FEEDER,13,3,1.0135082692351083,89.12046808471638
18,FEEDER,9r,1,1.005208241507294,-31.56418532890686
18,FEEDER,14,1,1.0040743895402104,-31.58534236394825
18,FEEDER,34,3,1.0128368777085504,89.10804482143524
18,FEEDER,18,1,1.0022413851454806,-31.723579332141302
18,FEEDER,18,2,1.0270869177883242,-150.67740271230468
18,FEEDER,18,3,1.0132900242816225,89.16792638744957
18,FEEDER,11,1,1.003631104183257,-31.59362549877402
18,FEEDER,10,1,1.003850731263616,-31.5895217579016
18,FEEDER,15,3,1.0125682393719457,89.10307055384575
18,FEEDER,16,3,1.0118965608685428,89.09062484566405
18,FEEDER,17,3,1.0122549140357715,89.09726427290762
18,FEEDER,19,1,1.001341459511027,-31.740419732565925
18,FEEDER,20,1,1.0007599432054943,-31.75131508897277
18,MG1,21,1,0.9885669972185346,-0.6937724386052764
18,MG1,21,2,0.9942950357940237,-120.11481615604897
18,MG1,21,3,0.9849494003354655,119.01071333101898
18,MG1,22,2,0.9928697670780993,-120.14155800839129
18,MG1,23,1,0.9886046118141282,-0.7034092002316362
18,MG1,23,2,0.9946342994123449,-120.09888257117963
18,MG1,23,3,0.9848010023902181,119.01356009195189
18,MG1,24,3,0.983205907142676,118.9833998561608
18,MG1,25,1,0.9884211400837095,-0.7105253465015577
18,MG1,25,2,0.9950392640929943,-120.09178004314032
18,MG1,25,3,0.9850376828530789,119.03592123743805
18,MG1,25r,1,1.0007752873434177,-0.7106482716601081
18,MG1,25r,3,0.9788806423700279,119.03585833890195
18,MG1,26,1,1.0003957493067845,-0.7360300916319343
18,MG1,26,3,0.9785846930960631,119.03665653426646
18,MG1,28,1,0.9884880718925146,-0.7014433188275946
18,MG1,28,2,0.9952108614113948,-120.08777785998095
18,MG1,28,3,0.9853980085394801,119.04989405100586
18,MG1,27,1,1.0000111348848162,-0.7542584257168217
18,MG1,27,3,0.9785507741039389,119.0468056529661
18,MG1,31,3,0.9782592384107843,119.03041644317061
18,MG1,33,1,0.9986161282894063,-0.7802697431057504
18,MG1,29,1,0.9889260142503031,-0.6797665466696392
18,MG1,29,2,0.9951821139022312,-120.09036890975835
18,MG1,29,3,0.985869446108592,119.04511263276909
18,MG1,250,1,0.989440758922991,-0.6544914159846134
18,MG1,250,2,0.995147727903711,-120.09332419721282
18,MG1,250,3,0.9864188665625508,119.03944948817735
18,MG1,32,3,0.9780422447233965,119.02625427840357
18,MG3,35,1,0.989114843985496,-1.488339457624136
18,MG3,35,2,0.9891257119299117,-121.48700770523466
18,MG3,35,3,0.9891131277236731,118.51279682209415
18,MG3,42,1,0.9874645895586904,-1.5704974496747914
18,MG3,42,2,0.9879685271582795,-121.56899394095286
18,MG3,42,3,0.9878009224617506,118.41930687858958
18,MG3,44,1,0.9861458660643088,-1.636422523510226
18,MG3,44,2,0.9870442573782622,-121.63472122937736
18,MG3,44,3,0.9867530694887369,118.34433555090597
18,MG3,151,1,0.9891148491173085,-1.4883395823438468
18,MG3,151,2,0.9891257162990986,-121.48700785504468
18,MG3,151,3,0.9891131324293632,118.51279668893567
18,FEEDER,52,1,1.000726605127712,-31.76259308823018
18,FEEDER,52,2,1.0261585418906634,-150.7330085083626
18,FEEDER,52,3,1.0121801619168547,89.10316325186962
18,FEEDER,53,1,0.9994125630431862,-31.807504991098952
18,FEEDER,53,2,1.0259462855362762,-150.765948886917
18,FEEDER,53,3,1.0115308396957443,89.08984028467988
18,FEEDER,54,1,0.9987050639967778,-31.830218237474885
18,FEEDER,54,2,1.0257499988075356,-150.78555141791495
18,FEEDER,54,3,1.0111342037774553,89.07859117399425
18,FEEDER,55,1,0.9985636272635207,-31.83209975124625
18,FEEDER,55,2,1.0256969933773268,-150.79202107068497
18,FEEDER,55,3,1.0111826693764538,89.0806529182093
18,FEEDER,57,1,0.9971032465431813,-31.899813775718602
18,FEEDER,57,2,1.024898306704277,-150.82704408592397
18,FEEDER,57,3,1.0100705833980252,89.05208768171607
18,FEEDER,56,1,0.9985436237193822,-31.828188186056355
18,FEEDER,56,2,1.0255757374121865,-150.79742874869083
18,FEEDER,56,3,1.0112409084211673,89.07959751698878
18,FEEDER,58,2,1.0244515815008932,-150.83519008915414
18,FEEDER,60,1,0.9937406823628497,-32.06709514773412
18,FEEDER,60,2,1.0237456597775345,-150.88497133167445
18,FEEDER,60,3,1.0074131274527702,89.00065290275009
18,FEEDER,59,2,1.0242304248505856,-150.83924097296025
18,FEEDER,61,1,0.9937407058137755,-32.06709581988571
18,FEEDER,61,2,1.0237456812953334,-150.88497201511493
18,FEEDER,61,3,1.007413151482003,89.00065231905828
18,FEEDER,62,1,0.9933012865162678,-32.06404397405951
18,FEEDER,62,2,1.0229220229485958,-150.87133358738865
18,FEEDER,62,3,1.0059919556475707,88.99776327327281
18,FEEDER,63,1,0.9929508180977864,-32.05714157889967
18,FEEDER,63,2,1.0222956052344638,-150.8667482497831
18,FEEDER,63,3,1.0052904246901362,88.9954644350282
18,FEEDER,64,1,0.992852484775092,-32.04389435199575
18,FEEDER,64,2,1.0209392072376404,-150.84733655648714
18,FEEDER,64,3,1.003778665018934,88.98190242755464
18,FEEDER,65,1,0.9925274879605962,-32.05161829476892
18,FEEDER,65,2,1.0206165548843218,-150.82460935337258
18,FEEDER,65,3,1.0016947648267596,88.98764282738951
18,FEEDER,66,1,0.9926850919684069,-32.068058274553515
18,FEEDER,66,2,1.0207831790430395,-150.80691546158602
18,FEEDER,66,3,1.0006679685058655,88.98705066459728
18,FEEDER,67,1,1.0920481877985386,-32.11596757041579
18,FEEDER,67,2,1.0239287910072323,-150.9007521036722
18,FEEDER,67,3,1.1077845591793987,89.01985741694543
18,FEEDER,68,1,1.0909984963965522,-32.13397709178239
18,FEEDER,97,1,1.091925618154149,-32.12198276371243
18,FEEDER,97,2,1.023764087474217,-150.90531291641486
18,FEEDER,97,3,1.1076452090917288,89.0136894673151
18,FEEDER,69,1,1.0897961659111122,-32.15464332577917
18,FEEDER,70,1,1.0889440177193093,-32.16931254539671
18,FEEDER,71,1,1.0884634033294822,-32.17759465978198
18,MG2,72,1,1.0063197513274273,-0.8515721148918136
18,MG2,72,2,0.9992485869984615,-121.07294060297802
18,MG2,72,3,1.0020777629942013,118.69654395470928
18,MG2,73,3,0.9997568479950588,118.65344881682388
18,MG2,76,1,1.0059174428473396,-0.8439720246580721
18,MG2,76,2,0.9993766440810681,-121.1002110939797
18,MG2,76,3,1.0029190907443688,118.73485192232565
18,MG2,74,3,0.997800994581837,118.61699810885726
18,MG2,75,3,0.9966572536727807,118.59563856666104
18,MG2,86,1,1.0051499905999697,-0.7352733615979588
18,MG2,86,2,0.9980564867027136,-121.1361206942083
18,MG2,86,3,1.0045947923672427,118.8210856247759
18,MG2,78,1,1.0065818099118446,-0.8781386380423123
18,MG2,78,2,1.001647081848779,-121.13403963814423
18,MG2,78,3,1.0045161461871281,118.75884599561229
18,MG2,79,1,1.006271602450966,-0.8927670355323296
18,MG2,79,2,1.0017819655817388,-121.13667452958353
18,MG2,79,3,1.004467205959969,118.76876842494943
18,MG2,80,1,1.008444676763486,-0.9372540803121283
18,MG2,80,2,1.0032091719509775,-121.20338069287308
18,MG2,80,3,1.005563895166487,118.65990123802582
18,MG2,81,1,1.0091523950067864,-0.9653623477246928
18,MG2,81,2,1.0040333291029386,-121.21730617071039
18,MG2,81,3,1.0058317022524077,118.62565643141338
18,MG2,82,1,1.0098633389593843,-1.000854969972146
18,MG2,82,2,1.0052663685335375,-121.25209157656853
18,MG2,82,3,1.0067460185379145,118.60090655961179
18,MG2,84,3,1.0029523618231637,118.57235120689056
18,MG2,83,1,1.010927841471174,-1.0196986604064016
18,MG2,83,2,1.0063461159922256,-121.28380976380198
18,MG2,83,3,1.007716522925683,118.56494074697267
18,MG2,85,3,1.0016011336702975,118.54724009329385
18,MG2,87,1,1.0045847208570373,-0.6771397577258415
18,MG2,87,2,0.9974345414945369,-121.14148550007992
18,MG2,87,3,1.005548582804422,118.88304022464156
18,MG2,88,1,1.0044770376223198,-0.7082219881206951
18,MG2,89,1,1.0041751300146875,-0.6214199573357654
18,MG2,89,2,0.997305394864473,-121.13373559041723
18,MG2,89,3,1.0061798752346778,118.92108586850635
18,MG2,90,2,0.9971589857729591,-121.17802056118954
18,MG2,91,1,1.0039873365182128,-0.5785917028065828
18,MG2,91,2,0.9971216641060129,-121.10291866961447
18,MG2,91,3,1.0065739471434223,118.94559580863901
18,MG2,92,3,1.006392124408978,118.89237539843731
18,MG2,94,1,1.0028806020106864,-0.5583690584424298
18,MG2,95,1,1.0036264509823791,-0.5327681133981617
18,MG2,95,2,0.9966726930501311,-121.09502469980208
18,MG2,95,3,1.0071014313925397,118.99061181363865
18,MG2,96,2,0.9963866900321635,-121.10037206642097
18,FEEDER,98,1,1.0917907933644142,-32.12860073177951
18,FEEDER,98,2,1.0235829088286792,-150.91033121922774
18,FEEDER,98,3,1.107491927447619,89.00690327923084
18,FEEDER,99,1,1.0920025106330715,-32.121150872401735
18,FEEDER,99,2,1.0230120984931421,-150.91607494482042
18,FEEDER,99,3,1.1072323237207096,88.9810234940174
18,FEEDER,100,1,1.0921438544173503,-32.123365539870115
18,FEEDER,100,2,1.022966793920522,-150.90682054996944
18,FEEDER,100,3,1.1069404627419144,88.96890292629016
18,FEEDER,450,1,1.0921439080089235,-32.12336688937705
18,FEEDER,450,2,1.0229668481912169,-150.906821819066
18,FEEDER,450,3,1.106940513136568,88.96890137759694
18,MG4,197,1,0.9894241809962258,-1.442632037652278
18,MG4,197,2,0.9894263895047591,-121.44405173071303
18,MG4,197,3,0.9894400563697872,118.55760582930458
18,MG4,105,1,0.9880218068473247,-1.5423127764627396
18,MG4,105,2,0.9876634027076354,-121.53169770803217
18,MG4,105,3,0.9882044245697817,118.47018333276225
18,MG4,108,1,0.9863683585310397,-1.6604832743828286
18,MG4,108,2,0.985582902819007,-121.63568420921567
18,MG4,108,3,0.9867471395948793,118.36658273282006
18,MG4,300,1,0.9894242563108849,-1.4426341681826549
18,MG4,300,2,0.989426471639599,-121.44405372623253
18,MG4,300,3,0.9894401262991042,118.55760343234707
18,MG3,135,1,0.9891148521943391,-1.4883400238879605
18,MG3,135,2,0.98912572473447,-121.48700769060075
18,MG3,135,3,0.9891131349048796,118.51279651876459
18,FEEDER,152,1,1.0037197700237743,-31.65594064285066
18,FEEDER,152,2,1.0263802538493216,-150.66398503283855
18,FEEDER,152,3,1.0135082434327203,89.12046890955297
18,FEEDER,160r,1,1.0931114288544792,-32.06742834598143
18,FEEDER,160r,2,1.0237449670324459,-150.88504575891432
18,FEEDER,160r,3,1.108153514818316,89.00056104246991
18,FEEDER,160,1,0.9937406622839655,-32.06709454936
18,FEEDER,160,2,1.0237456551570696,-150.88497119843274
18,FEEDER,160,3,1.0074131218410394,89.00065306717897
18,FEEDER,61s,1,0.9937407058137755,-32.06709581988537
18,FEEDER,61s,2,1.0237456812953336,-150.8849720151146
18,FEEDER,61s,3,1.007413151482003,89.0006523190586
18,FEEDER,610,1,1.1542402031660808,-31.416924437159228
18,FEEDER,610,2,1.1661340407357546,-150.87049826737493
18,FEEDER,610,3,1.1698012659301906,88.35317457988147
18,FEEDER,x1,1,0.9980715404957936,-31.68974850823827
18,FEEDER,x2,2,1.0121453100743372,-150.91345391834247
18,FEEDER,x4,3,1.0030533560256705,88.76761826313546
18,FEEDER,x5,3,1.002485039893509,88.75645251873347
18,FEEDER,x6,3,1.0019995731858353,88.74696350058122
18,FEEDER,x7,1,0.9946930862696529,-31.83550463781314
18,FEEDER,x9,1,0.9915153638581947,-31.948399085498405
18,FEEDER,x10,1,0.9902622106004078,-31.971378047170752
18,FEEDER,x11,1,0.9901652322913302,-31.97207631452511
18,FEEDER,x12,2,1.0127030539260606,-150.99810452130168
18,FEEDER,x16,3,0.9982940756818006,88.71144827414582
18,FEEDER,x17,3,0.9986572922820446,88.71836082711513
18,FEEDER,x19,1,0.9875940730435687,-32.12777556004972
18,FEEDER,x20,1,0.98717177813508,-32.13435516119408
18,MG1,x22,2,0.9722662439739392,-120.72928669729544
18,MG1,x24,3,0.9611980771954667,118.34914704475015
18,MG1,x28,1,0.967315165101313,-1.308214185450132
18,MG1,x29,1,0.9887900454220174,-0.678333919464405
18,MG1,x29,2,0.0,0.0
18,MG1,x30,3,0.9644855462560349,118.40942716771958
18,MG1,x31,3,0.9672721382933415,118.71441004595336
18,MG1,x32,3,0.9670527051471338,118.7101054051936
18,MG1,x33,1,0.9774423937607712,-1.3808719259032942
18,FEEDER,x34,3,0.9992474905464797,88.72959400568415
18,FEEDER,x52,1,0.9869706782224409,-32.15043351706032
18,FEEDER,x53,1,0.9856383465856882,-32.19638414754877
18,FEEDER,x55,1,0.9851657464837982,-32.21055056699734
18,FEEDER,x56,2,1.018844480595438,-150.97997408849065
18,FEEDER,x58,2,1.0175912059391794,-151.02154704864952
18,FEEDER,x59,2,1.0107932628423462,-151.2091842565074
18,FEEDER,x60,1,0.9798869341883801,-32.46050611871074
18,FEEDER,x62,3,0.9924944078507798,88.61931245752172
18,FEEDER,x63,1,0.9790859180685167,-32.451189935862466
18,FEEDER,x64,2,1.008524767550112,-151.2133541221589
18,FEEDER,x65,1,1.1412869607587106,-61.76598047824008
18,FEEDER,x65,2,1.144600077331709,178.88742816049594
18,FEEDER,x65,3,1.1542164369454242,58.41876449183362
18,FEEDER,x66,3,0.988117228753783,88.60936160955481
18,FEEDER,x68,1,1.0776930974882333,-32.477536126151946
18,FEEDER,x69,1,1.0765054301639079,-32.49820236014871
18,FEEDER,x70,1,1.0756636744443757,-32.51287157976626
18,FEEDER,x71,1,1.0751889214431738,-32.521153694151536
18,MG2,x73,3,0.9781273138029187,118.04054096835605
18,MG2,x74,3,0.9770951411790076,118.02926941995311
18,MG2,x75,3,0.974957912363177,117.97881667623028
18,MG2,x76,1,1.1388132475378479,-31.431975901733928
18,MG2,x76,2,1.1386457374696934,-151.29703559592542
18,MG2,x76,3,1.1410512892687084,88.6427736039983
18,MG2,x77,2,0.979662575791411,-121.72926636202799
18,MG2,x79,1,0.9853899713472487,-1.480495724436456
18,MG2,x80,2,0.981656840223146,-121.81197299402443
18,MG2,x82,1,0.988458195119174,-1.6012576979968707
18,MG2,x83,1,0.0,0.0
18,MG2,x83,3,1.0075779705639372,118.56637337417789
18,MG2,x84,3,0.9813943066521638,117.96343945276838
18,MG2,x85,3,0.9800129142542164,117.93664340832599
18,MG2,x86,2,0.9763887175813621,-121.75117099547553
18,MG2,x87,2,0.975752751560374,-121.7573222815867
18,MG2,x88,1,0.9829529121463199,-1.3152409637408002
18,MG2,x90,2,0.9759853742956996,-121.7795024359894
18,MG2,x92,3,0.984910461693084,118.2877213904166
18,MG2,x94,1,0.9813209459716163,-1.167370147772625
18,MG2,x95,2,0.974973702528754,-121.711826945988
18,MG2,x96,2,0.9746812348736612,-121.71753734602063
18,FEEDER,x98,1,1.0784757319063796,-32.47215976614905
18,FEEDER,x99,2,1.0095587934620964,-151.286915172504
18,FEEDER,x100,3,1.0920884733992728,88.59045211053906
19,FEEDER,sourcebus,1,0.9985760611721238,-0.11884737688304321
19,FEEDER,sourcebus,2,0.9988727957248754,-120.12734204439835
19,FEEDER,sourcebus,3,0.998596225698602,119.86216009082983
19,FEEDER,150,1,0.9654714853878409,-33.982574714093175
19,FEEDER,150,2,0.9742910210494177,-153.26557605298692
19,FEEDER,150,3,0.9694747706851536,86.1253036118543
19,FEEDER,150r,1,0.9956395397297447,-33.98309134433472
19,FEEDER,150r,2,1.0047354968819269,-153.26599257238703
19,FEEDER,150r,3,0.9997683524871901,86.12480670029916
19,MG3,40,1,0.9541073235294987,-36.529635573363684
19,MG3,40,2,0.984117328805266,-154.9836441901794
19,MG3,40,3,0.9623649376015159,83.92262619082574
19,MG3,401,1,0.9541073235294987,-36.529635573363684
19,MG3,401,2,0.984117328805266,-154.9836441901794
19,MG3,401,3,0.9623649376015159,83.92262619082574
19,MG4,101,1,1.0330207313424598,-38.11115263274607
19,MG4,101,2,0.9632697466699408,-156.45311617169048
19,MG4,101,3,1.0479727632360851,82.28904267248
19,MG4,1011,1,1.0330207313424598,-38.11115263274607
19,MG4,1011,2,0.9632697466699408,-156.45311617169048
19,MG4,1011,3,1.0479727632360851,82.28904267248
19,MG1,30,1,0.958140383637126,-36.37656208194851
19,MG1,30,2,0.9882371160486397,-154.70313129561947
19,MG1,30,3,0.9626565519301215,84.10663980223698
19,MG1,301,1,0.958140383637126,-36.37656208194851
19,MG1,301,2,0.9882371160486397,-154.70313129561947
19,MG1,301,3,0.9626565519301215,84.10663980223698
19,MG2,93,1,1.0328590915439542,-38.04417040022629
19,MG2,93,2,0.961798533232615,-156.75109442390553
19,MG2,93,3,1.0537358360921596,82.30546134787066
19,MG2,931,1,1.0328590915439542,-38.04417040022629
19,MG2,931,2,0.961798533232615,-156.75109442390553
19,MG2,931,3,1.0537358360921596,82.30546134787066
19,MG2,77,1,1.0365568799646205,-38.05766709389456
19,MG2,77,2,0.9668590371244072,-156.46462527118177
19,MG2,77,3,1.0520148003829708,82.31063797974107
19,MG2,771,1,1.0365568799646205,-38.05766709389456
19,MG2,771,2,0.9668590371244072,-156.46462527118177
19,MG2,771,3,1.0520148003829708,82.31063797974107
19,FEEDER,149,1,0.9956392950559502,-33.98308690503752
19,FEEDER,149,2,1.0047352978901631,-153.265989403665
19,FEEDER,149,3,0.9997681162644652,86.12481046472057
19,FEEDER,1,1,0.9847147165592876,-34.62297636891209
19,FEEDER,1,2,1.0001437861383582,-153.67313820747373
19,FEEDER,1,3,0.9904626713149974,85.5521231322483
19,FEEDER,2,2,0.9999904979565379,-153.67601397762672
19,FEEDER,3,3,0.9893812241478468,85.53165394641452
19,FEEDER,7,1,0.9766074577168592,-35.097856887105245
19,FEEDER,7,2,0.9967798571378566,-153.9908844835025
19,FEEDER,7,3,0.9841544493314447,85.14074959162744
19,FEEDER,4,3,0.9890268857727355,85.52493497195279
19,FEEDER,5,3,0.988551245977058,85.51591769609301
19,FEEDER,6,3,0.9881290649175825,85.50790423749342
19,FEEDER,8,1,0.9713298179583161,-35.414399220131024
19,FEEDER,8,2,0.9945038372484389,-154.2031016091602
19,FEEDER,8,3,0.979985358359817,84.86119570144047
19,FEEDER,12,2,0.9943056121665006,-154.20684144400383
19,FEEDER,9,1,0.9703562210600878,-35.433187910399404
19,FEEDER,13,1,0.9641381404501335,-35.867668309742726
19,FEEDER,13,2,0.9908810437537088,-154.5112618425251
19,FEEDER,13,3,0.9737698498376561,84.42123113559583
19,FEEDER,9r,1,0.9703552408501542,-35.43329985649678
19,FEEDER,14,1,0.9692839460167717,-35.45400926906026
19,FEEDER,34,3,0.9731147582174007,84.40861670094274
19,FEEDER,18,1,0.9581309589828667,-36.29687551172448
19,FEEDER,18,2,0.9874062193892763,-154.79028726968048
19,FEEDER,18,3,0.9654123485381598,84.1555267436903
19,FEEDER,11,1,0.9688699934524232,-35.46202272765983
19,FEEDER,10,1,0.9690677500157541,-35.45819421001128
19,FEEDER,15,3,0.9728443528784174,84.40340672183324
19,FEEDER,16,3,0.9721682546485196,84.39037061083764
19,FEEDER,17,3,0.9725289715712441,84.3973251184038
19,FEEDER,19,1,0.9572493123128947,-36.31413119491949
19,FEEDER,20,1,0.9566907338207902,-36.325078644151404
19,MG1,21,1,0.958130950038316,-36.29687504664074
19,MG1,21,2,0.98740621794867,-154.7902870524255
19,MG1,21,3,0.9654123350031772,84.15552734266105
19,MG1,22,2,0.9859514002818894,-154.81775597277408
19,MG1,23,1,0.9580138457875983,-36.32875017742915
19,MG1,23,2,0.9877423551221222,-154.7621782181984
19,MG1,23,3,0.9644856065734284,84.14389512123157
19,MG1,24,3,0.9628422200301553,84.11221242225686
19,MG1,25,1,0.9576529229951781,-36.36030099351594
19,MG1,25,2,0.9881442244752005,-154.74208903959823
19,MG1,25,3,0.9638782770790394,84.15131268321207
19,MG1,25r,1,0.9696224394117791,-36.3604309091056
19,MG1,25r,3,0.9578534591103192,84.15124564767765
19,MG1,26,1,0.9692360891219861,-36.38720044314079
19,MG1,26,3,0.9575487639047843,84.15188533090821
19,MG1,28,1,0.9575940577309056,-36.36823486062818
19,MG1,28,2,0.988311445277814,-154.72861431149968
19,MG1,28,3,0.9636296827591359,84.15442051863761
19,MG1,27,1,0.968842010561111,-36.40646035442265
19,MG1,27,3,0.9575164829756609,84.16253644421182
19,MG1,31,3,0.9572093629901793,84.14523408208284
19,MG1,33,1,0.9674130118835086,-36.433924031775064
19,MG1,29,1,0.9578445827422986,-36.37208399857366
19,MG1,29,2,0.9882774868459342,-154.7168843547964
19,MG1,29,3,0.963180740952461,84.13242110313627
19,MG1,250,1,0.9581403863410421,-36.37656217918257
19,MG1,250,2,0.9882371190770677,-154.70313138041075
19,MG1,250,3,0.9626565551107599,84.10663972339256
19,MG1,32,3,0.9569831260751276,84.14079860828579
19,MG3,35,1,0.9558111538509235,-36.44042558878102
19,MG3,35,2,0.9852031152832368,-154.90217521268923
19,MG3,35,3,0.9637105853414092,84.01670021973258
19,MG3,42,1,0.9524058045885047,-36.61916427857352
19,MG3,42,2,0.98303352765205,-155.0652926746212
19,MG3,42,3,0.961021882371553,83.82828923012444
19,MG3,44,1,0.951046262006932,-36.69101757841823
19,MG3,44,2,0.9821679205966823,-155.1307408846248
19,MG3,44,3,0.9599493121331193,83.7526299517548
19,MG3,151,1,0.9558111588112926,-36.44042571456098
19,MG3,151,2,0.9852031196648168,-154.90217536147705
19,MG3,151,3,0.9637105899110628,84.01670008767684
19,FEEDER,52,1,0.9581084012549564,-36.263772543861066
19,FEEDER,52,2,0.9874843307776735,-154.83507342058576
19,FEEDER,52,3,0.9698436244121778,84.02852956241513
19,FEEDER,53,1,0.9552916102586225,-36.454625252253045
19,FEEDER,53,2,0.9856962172751599,-154.99614041284562
19,FEEDER,53,3,0.967913525839107,83.82614244250905
19,FEEDER,54,1,0.9536492061922037,-36.56882887808674
19,FEEDER,54,2,0.9845192800498257,-155.09605413107198
19,FEEDER,54,3,0.9667231302086546,83.69621794347981
19,FEEDER,55,1,0.9535163652834915,-36.57031867655626
19,FEEDER,55,2,0.9844601535638705,-155.10277807939806
19,FEEDER,55,3,0.9667725086358221,83.69817846044711
19,FEEDER,57,1,0.9503902768681441,-36.91543708088074
19,FEEDER,57,2,0.9797081508393461,-155.38016666149502
19,FEEDER,57,3,0.963718576539605,83.36966754374771
19,FEEDER,56,1,0.9534956897463505,-36.56620431500108
19,FEEDER,56,2,0.9843381170665239,-155.10845290540848
19,FEEDER,56,3,0.9668314867438151,83.69713363328073
19,FEEDER,58,2,0.979266413382895,-155.38859420736216
19,FEEDER,60,1,0.9435949736663448,-37.684192948029995
19,FEEDER,60,2,0.9701389559144806,-155.96549555897232
19,FEEDER,60,3,0.9570091081022083,82.66815247304551
19,FEEDER,59,2,0.9790426822191125,-155.3928804008348
19,FEEDER,61,1,0.9435949960100909,-37.68419361962229
19,FEEDER,61,2,0.9701389762624781,-155.9654962371426
19,FEEDER,61,3,0.9570091308790623,82.66815188654999
19,FEEDER,62,1,0.9431781924587572,-37.6815300441227
19,FEEDER,62,2,0.9693639249828566,-155.9517827542488
19,FEEDER,62,3,0.9556583135597951,82.66514498823221
19,FEEDER,63,1,0.9428479752650258,-37.675023533913105
19,FEEDER,63,2,0.9687738024961777,-155.94693382758277
19,FEEDER,63,3,0.9549822733843614,82.66277295478632
19,FEEDER,64,1,0.9427742401018934,-37.66258471327799
19,FEEDER,64,2,0.9674944072468878,-155.92665862785805
19,FEEDER,64,3,0.9535262797482713,82.64876230944881
19,FEEDER,65,1,0.9424897629626291,-37.67182859362246
19,FEEDER,65,2,0.9672209138442857,-155.90290065134224
19,FEEDER,65,3,0.9515102503417567,82.65402273354997
19,FEEDER,66,1,0.9426426618600072,-37.68913062583509
19,FEEDER,66,2,0.9673931383000212,-155.8845869571838
19,FEEDER,66,3,0.9504910282782996,82.65340675734058
19,FEEDER,67,1,1.0358026579168593,-37.944638687336635
19,FEEDER,67,2,0.9668189331257585,-156.26258665560894
19,FEEDER,67,3,1.0499986018722798,82.43420103591922
19,FEEDER,68,1,1.0347856458994513,-37.96303415116692
19,FEEDER,97,1,1.0343472758445582,-38.03067993029521
19,FEEDER,97,2,0.9649589379862149,-156.3605471774524
19,FEEDER,97,3,1.0489270807929876,82.35882190940698
19,FEEDER,69,1,1.0336200593271374,-37.98415658566389
19,FEEDER,70,1,1.0327932312870667,-37.99916323304163
19,FEEDER,71,1,1.0323267588548253,-38.00763861209303
19,MG2,72,1,1.0358026128319628,-37.94463964770612
19,MG2,72,2,0.9668188805992377,-156.26258709151347
19,MG2,72,3,1.0499985482157184,82.43420012856079
19,MG2,73,3,1.047650496400924,82.39255435584191
19,MG2,76,1,1.0355446540237696,-37.99978018129781
19,MG2,76,2,0.9660482002731156,-156.37067227049596
19,MG2,76,3,1.0508221843234087,82.38298385355591
19,MG2,74,3,1.0456406242157372,82.35679001840663
19,MG2,75,3,1.044519359144179,82.3367766037277
19,MG2,86,1,1.0344941204155225,-38.02425759626563
19,MG2,86,2,0.9637911561701814,-156.5602315178872
19,MG2,86,3,1.05240892692719,82.34818685915644
19,MG2,78,1,1.036824998697469,-38.07584902665839
19,MG2,78,2,0.9672121634420443,-156.48084523220794
19,MG2,78,3,1.0522409853188683,82.29375147300202
19,MG2,79,1,1.0364965292286952,-38.090880944331175
19,MG2,79,2,0.9673533046912258,-156.4840073740286
19,MG2,79,3,1.0521915677891567,82.30381568526707
19,MG2,80,1,1.0387927636040033,-38.130362565394236
19,MG2,80,2,0.9685924342623595,-156.5510843443932
19,MG2,80,3,1.0534215564628815,82.19242664063226
19,MG2,81,1,1.0395440715611932,-38.15691422419837
19,MG2,81,2,0.96936436112364,-156.56423747235422
19,MG2,81,3,1.0537306430504945,82.1572038963942
19,MG2,82,1,1.0403220447835184,-38.19061885056355
19,MG2,82,2,0.9705167919479741,-156.59821702029134
19,MG2,82,3,1.054693492339233,82.12953412825149
19,MG2,84,3,1.0509074229267497,82.10723259884986
19,MG2,83,1,1.0414527161948133,-38.20819251597821
19,MG2,83,2,0.9715179896659661,-156.62874638853643
19,MG2,83,3,1.0557100337746719,82.09115318667963
19,MG2,85,3,1.0495825560471523,82.08369847597234
19,MG2,87,1,1.0338803776098917,-38.04618413779648
19,MG2,87,2,0.9627385184860322,-156.66390219364558
19,MG2,87,3,1.053006205705088,82.32718407689204
19,MG2,88,1,1.0337846765224226,-38.077000479259475
19,MG2,89,1,1.0334329660952013,-38.04007381958375
19,MG2,89,2,0.9623623626719349,-156.71512253138724
19,MG2,89,3,1.053413795231528,82.31464598949897
19,MG2,90,2,0.9621836961371946,-156.76011147778058
19,MG2,91,1,1.0332114303912843,-38.037851836412436
19,MG2,91,2,0.9619963722688694,-156.7317778225281
19,MG2,91,3,1.0536228976705913,82.29834423718764
19,MG2,92,3,1.0534879573647637,82.24607923142982
19,MG2,94,1,1.032078820757671,-38.05826190630601
19,MG2,95,1,1.032815897487285,-38.03300164504472
19,MG2,95,2,0.9613512045821007,-156.77279435013205
19,MG2,95,3,1.0539507570899564,82.30190113939176
19,MG2,96,2,0.9610530399272708,-156.7785618523714
19,FEEDER,98,1,1.0342078447115783,-38.03705023431112
19,FEEDER,98,2,0.9647738705151876,-156.36686231676822
19,FEEDER,98,3,1.0487999007166422,82.35250959207296
19,FEEDER,99,1,1.034393907280252,-38.028699415266196
19,FEEDER,99,2,0.9642030044425466,-156.375001613372
19,FEEDER,99,3,1.0485938717481431,82.32736764300562
19,FEEDER,100,1,1.034522884052795,-38.03093428169446
19,FEEDER,100,2,0.9641646611303905,-156.36595697645177
19,FEEDER,100,3,1.0483265000899624,82.31564232517941
19,FEEDER,450,1,1.034522934976902,-38.03093563082798
19,FEEDER,450,2,0.9641647122045681,-156.36595824087553
19,FEEDER,450,3,1.0483265477986623,82.3156407654726
19,MG4,197,1,1.0343472203827704,-38.03067899269459
19,MG4,197,2,0.9649588784479547,-156.3605460957595
19,MG4,197,3,1.0489270261463102,82.35882281824706
19,MG4,105,1,1.0315639419848137,-38.19991217826175
19,MG4,105,2,0.9614146050994976,-156.55531836649618
19,MG4,105,3,1.0469248620555283,82.21213806594393
19,MG4,108,1,1.029845467885505,-38.3051328533296
19,MG4,108,2,0.9592261100557378,-156.67661158749627
19,MG4,108,3,1.0456888558887283,82.12105275973487
19,MG4,300,1,1.03434729991887,-38.03068110090775
19,MG4,300,2,0.9649589583273508,-156.36054807231645
19,MG4,300,3,1.0489271007380203,82.35882038236437
19,MG3,135,1,0.9581308995670619,-36.296874419213005
19,MG3,135,2,0.9874061618367361,-154.79028624624314
19,MG3,135,3,0.9654122896674419,84.15552781860987
19,FEEDER,152,1,0.9641379890804584,-35.867666616949265
19,FEEDER,152,2,0.9908809070974742,-154.5112602670322
19,FEEDER,152,3,0.9737697068282616,84.42123223141792
19,FEEDER,160r,1,1.0379510377803418,-37.68646882988457
19,FEEDER,160r,2,0.9701347617385184,-155.96748277391737
19,FEEDER,160r,3,1.0527088110993619,82.66600704670876
19,FEEDER,160,1,0.9435948436948467,-37.68419232616956
19,FEEDER,160,2,0.970138839214345,-155.9654947309803
19,FEEDER,160,3,0.9570089838679587,82.66815266783948
19,FEEDER,61s,1,0.9435949960100909,-37.684193619621965
19,FEEDER,61s,2,0.9701389762624781,-155.96549623714228
19,FEEDER,61s,3,0.957009130879062,82.66815188655033
19,FEEDER,610,1,1.0886839777250608,-37.107304803234996
19,FEEDER,610,2,1.1098147175872832,-156.23974046382537
19,FEEDER,610,3,1.1137814570933395,82.3891909157687
19,FEEDER,x1,1,0.9712016629341937,-35.01015700636975
19,FEEDER,x2,2,0.9866857552697019,-154.05125823092118
19,FEEDER,x4,3,0.9755722728894495,85.14115226067545
19,FEEDER,x5,3,0.9754132714143366,85.14109519204078
19,FEEDER,x6,3,0.9753036509055072,85.14195347387248
19,FEEDER,x7,1,0.962981060551104,-35.49160517863038
19,FEEDER,x9,1,0.9566410471656978,-35.83211564237017
19,FEEDER,x10,1,0.955932632579516,-35.840564823385684
19,FEEDER,x11,1,0.9562945524183714,-35.827973491280794
19,FEEDER,x12,2,0.9809240692878765,-154.58646452104057
19,FEEDER,x16,3,0.958477213367715,83.99290808651061
19,FEEDER,x17,3,0.958843074586472,84.00016276345862
19,FEEDER,x19,1,0.9435220724774738,-36.718945012504655
19,FEEDER,x20,1,0.943638646585013,-36.70997872560455
19,MG1,x22,2,0.9649215869377056,-155.42196077468242
19,MG1,x24,3,0.9401698447755926,83.44481075706244
19,MG1,x28,1,0.9361382753183402,-37.00312088633421
19,MG1,x29,1,0.9577128873437364,-36.37065137136843
19,MG1,x29,2,0.0,0.0
19,MG1,x30,3,0.939989013650656,83.43925185241645
19,MG1,x31,3,0.9457498461465292,83.8080722944255
19,MG1,x32,3,0.9455266055439213,83.80364541293362
19,MG1,x33,1,0.9457251560703331,-37.06916563651108
19,FEEDER,x34,3,0.9604842222899511,84.0426659373218
19,FEEDER,x52,1,0.9443675242416526,-36.6686256909096
19,FEEDER,x53,1,0.9415954227305031,-36.85935015496498
19,FEEDER,x55,1,0.9411402065546012,-36.93626944017721
19,FEEDER,x56,2,0.9775630127140013,-155.30013891921791
19,FEEDER,x58,2,0.9726362159455129,-155.57706680387764
19,FEEDER,x59,2,0.9654502488045282,-155.78464799803342
19,FEEDER,x60,1,0.9300843452770448,-38.08837766756307
19,FEEDER,x62,3,0.9432543534288298,82.29919422461124
19,FEEDER,x63,1,0.9293492002989908,-38.07917318920745
19,FEEDER,x64,2,0.9554961260229448,-156.30004830050572
19,FEEDER,x65,1,1.0805319469803605,-67.74742099275879
19,FEEDER,x65,2,1.0830328641624596,173.51386288655266
19,FEEDER,x65,3,1.1023419854130956,52.771369544145955
19,FEEDER,x66,3,0.9380336331244611,82.25851978309117
19,FEEDER,x68,1,1.0219329882934673,-38.31301943795134
19,FEEDER,x69,1,1.0207528333394347,-38.33494465502415
19,FEEDER,x70,1,1.0199156499835669,-38.350522445779845
19,FEEDER,x71,1,1.0194433276705281,-38.359320663374646
19,MG2,x73,3,1.0264412642219534,81.81927278015772
19,MG2,x74,3,1.02333767181254,81.75258521649826
19,MG2,x75,3,1.023244352152233,81.75996989176497
19,MG2,x76,1,1.1875790846271013,-68.47558658779603
19,MG2,x76,2,1.12536351659749,171.4013190090057
19,MG2,x76,3,1.1555772969145774,54.13698087806884
19,MG2,x77,2,0.9440819069191756,-157.13233869038925
19,MG2,x79,1,1.0143886154559252,-38.69508574623956
19,MG2,x80,2,0.9457701479085373,-157.2189249882401
19,MG2,x82,1,1.0189645507660745,-38.77202301508353
19,MG2,x83,1,0.0,0.0
19,MG2,x83,3,1.055564882717633,82.09258581388484
19,MG2,x84,3,1.0297659040568596,81.5375762014692
19,MG2,x85,3,1.0284134260891253,81.51256818347794
19,MG2,x86,2,0.9410939500544485,-157.22771874153403
19,MG2,x87,2,0.940068736425766,-157.33131149331228
19,MG2,x88,1,1.0122874198276235,-38.66596055528503
19,MG2,x90,2,0.9406195070919116,-157.39516452485972
19,MG2,x92,3,1.0324000256688848,81.67927785959817
19,MG2,x94,1,1.0105448226818072,-38.64921679444907
19,MG2,x95,2,0.9387175652209776,-157.44010069182912
19,MG2,x96,2,0.9384271682029458,-157.44584602383307
19,FEEDER,x98,1,1.021347999939249,-38.3874322755098
19,FEEDER,x99,2,0.9503987479573497,-156.77914581096763
19,FEEDER,x100,3,1.0347197539058446,81.94969156155845
20,FEEDER,sourcebus,1,0.9986579147312489,-0.11861874930047737
20,FEEDER,sourcebus,2,0.998935178518835,-120.12634908628426
20,FEEDER,sourcebus,3,0.9986798698354504,119.86373962182833
20,FEEDER,150,1,0.9678684662848143,-33.92207443259233
20,FEEDER,150,2,0.9758387517728206,-153.25232110927112
20,FEEDER,150,3,0.9715172737326655,86.17399089674772
20,FEEDER,150r,1,0.9981116956833034,-33.922580387641496
20,FEEDER,150r,2,1.0063317774011482,-153.2527341427091
20,FEEDER,150r,3,1.0018749158013247,86.17350254755839
20,MG3,40,1,0.9582998226332361,-36.44213327898553
20,MG3,40,2,0.9861202307541858,-154.98637266482035
20,MG3,40,3,0.9659160046987335,83.96029899366276
20,MG3,401,1,0.9582998226332361,-36.44213327898553
20,MG3,401,2,0.9861202307541858,-154.98637266482035
20,MG3,401,3,0.9659160046987335,83.96029899366276
20,MG4,101,1,1.0395442169396782,-37.95356589293141
20,MG4,101,2,0.9666060223836409,-156.4016907199905
20,MG4,101,3,1.0534426900521152,82.3807747968861
20,MG4,1011,1,1.0395442169396782,-37.95356589293141
20,MG4,1011,2,0.9666060223836409,-156.4016907199905
20,MG4,1011,3,1.0534426900521152,82.3807747968861
20,MG1,30,1,0.9619553207808531,-36.324273961274386
20,MG1,30,2,0.9898702054001071,-154.74781919746104
20,MG1,30,3,0.9658861801458598,84.10767918918982
20,MG1,301,1,0.9619553207808531,-36.324273961274386
20,MG1,301,2,0.9898702054001071,-154.74781919746104
20,MG1,301,3,0.9658861801458598,84.10767918918982
20,MG2,93,1,1.0395422270907624,-37.89207703526667
20,MG2,93,2,0.9652894957756781,-156.6932300204341
20,MG2,93,3,1.0591208407452992,82.39006637421848
20,MG2,931,1,1.0395422270907624,-37.89207703526667
20,MG2,931,2,0.9652894957756781,-156.6932300204341
20,MG2,931,3,1.0591208407452992,82.39006637421848
20,MG2,77,1,1.04305294647843,-37.90821306257701
20,MG2,77,2,0.9701291446764082,-156.42096524808295
20,MG2,77,3,1.0574431229927703,82.39480017021886
20,MG2,771,1,1.04305294647843,-37.90821306257701
20,MG2,771,2,0.9701291446764082,-156.42096524808295
20,MG2,771,3,1.0574431229927703,82.39480017021886
20,FEEDER,149,1,0.9981114555290055,-33.92257637689093
20,FEEDER,149,2,1.006331579807192,-153.2527312616091
20,FEEDER,149,3,1.0018746832126106,86.17350594561636
20,FEEDER,1,1,0.9876950881715297,-34.553546451158205
20,FEEDER,1,2,1.0018549100962042,-153.66172180756396
20,FEEDER,1,3,0.9930313097697798,85.60088336907471
20,FEEDER,2,2,1.0017124930518482,-153.66438942241643
20,FEEDER,3,3,0.9920239979083272,85.5818627560888
20,FEEDER,7,1,0.9799655690105226,-35.02221181015058
20,FEEDER,7,2,0.9985746996753246,-153.9801251629968
20,FEEDER,7,3,0.9870283662380054,85.188163311007
20,FEEDER,4,3,0.9916951431128006,85.57564232531283
20,FEEDER,5,3,0.9912489673067176,85.56720580461405
20,FEEDER,6,3,0.9908542471006446,85.55973352420757
20,FEEDER,8,1,0.974932389657629,-35.334672497203904
20,FEEDER,8,2,0.99635823907973,-154.1928137702408
20,FEEDER,8,3,0.9830624974372679,84.90803298942309
20,FEEDER,12,2,0.9961741063566029,-154.1962818561568
20,FEEDER,9,1,0.9740255728157341,-35.35211250556703
20,FEEDER,13,1,0.9680601477765797,-35.78343184872247
20,FEEDER,13,2,0.9928405578593994,-154.5025185927167
20,FEEDER,13,3,0.9771528913236845,84.46859033321017
20,FEEDER,9r,1,0.9740246569271359,-35.35221672919747
20,FEEDER,14,1,0.9730235448787684,-35.37149932795223
20,FEEDER,34,3,0.9765433964899594,84.45689123423482
20,FEEDER,18,1,0.9621385762442175,-36.22113202932182
20,FEEDER,18,2,0.9892745220975597,-154.80161935161775
20,FEEDER,18,3,0.9688229470958222,84.18238667325338
20,FEEDER,11,1,0.9726360821253978,-35.378971608358704
20,FEEDER,10,1,0.9728221365710645,-35.37538377475238
20,FEEDER,15,3,0.97629268801965,84.45207583365658
20,FEEDER,16,3,0.9756658406153584,84.44002801968287
20,FEEDER,17,3,0.9760002720611651,84.44645510895683
20,FEEDER,19,1,0.9613126928880278,-36.23723370610294
20,FEEDER,20,1,0.9607895047687267,-36.247446238311575
20,MG1,21,1,0.9621385620934801,-36.221131589240215
20,MG1,21,2,0.9892745152565445,-154.8016191466243
20,MG1,21,3,0.9688229286182548,84.18238723990895
20,MG1,22,2,0.9878959839378127,-154.82763169362005
20,MG1,23,1,0.9619611441298072,-36.260845313068316
20,MG1,23,2,0.9895271438168644,-154.78491194511912
20,MG1,23,3,0.9678324712254224,84.16158234400886
20,MG1,24,3,0.9662718620693046,84.13155328178253
20,MG1,25,1,0.9615457560203404,-36.30121364159358
20,MG1,25,2,0.9898356244713681,-154.77678941397676
20,MG1,25,3,0.967134230197086,84.15782059664276
20,MG1,25r,1,0.9735639928768978,-36.30133639737344
20,MG1,25r,3,0.9610890921479955,84.15775720928283
20,MG1,26,1,0.9731977346970453,-36.32664410984766
20,MG1,26,3,0.9607997080631414,84.15835502531827
20,MG1,28,1,0.9614367732911224,-36.31638406022162
20,MG1,28,2,0.989941261593142,-154.7719686767618
20,MG1,28,3,0.9668098337041472,84.15292103748597
20,MG1,27,1,0.9728240984926715,-36.34484736602026
20,MG1,27,3,0.9607688513696512,84.16842065759265
20,MG1,31,3,0.9604776867060214,84.15206632223394
20,MG1,33,1,0.9714689037045144,-36.37082326594473
20,MG1,29,1,0.9616744712558832,-36.32003123472444
20,MG1,29,2,0.9899088185885676,-154.76085418955182
20,MG1,29,3,0.966383736393671,84.13209219875468
20,MG1,250,1,0.9619553234962261,-36.324274058417565
20,MG1,250,2,0.9898702084321708,-154.74781928225786
20,MG1,250,3,0.9658861833379877,84.10767911026952
20,MG1,32,3,0.9602629820369706,84.14787171381023
20,MG3,35,1,0.9599256276242552,-36.35746671564207
20,MG3,35,2,0.9871624999610084,-154.90855970564436
20,MG3,35,3,0.9672001453716835,84.04999575936688
20,MG3,42,1,0.9566761073684404,-36.5270871757055
20,MG3,42,2,0.9850797754346677,-155.06434984372683
20,MG3,42,3,0.9646342284254703,83.87036389994316
20,MG3,44,1,0.9553786469581376,-36.5952579076437
20,MG3,44,2,0.9842487210596449,-155.12684998185497
20,MG3,44,3,0.9636105161398458,83.7982438864729
20,MG3,151,1,0.959925632606372,-36.35746684134784
20,MG3,151,2,0.9871625043489415,-154.9085598544695
20,MG3,151,3,0.9672001499586736,84.04999562720909
20,FEEDER,52,1,0.9624655060831488,-36.16828616689392
20,FEEDER,52,2,0.9896276786777551,-154.81782854033796
20,FEEDER,52,3,0.9735335916796432,84.08303512160418
20,FEEDER,53,1,0.9598539096527573,-36.35393627071346
20,FEEDER,53,2,0.9879372892504498,-154.9746942054861
20,FEEDER,53,3,0.9717554473922873,83.8846642824179
20,FEEDER,54,1,0.9583324307971308,-36.46520878297333
20,FEEDER,54,2,0.9868251708891705,-155.07203083647755
20,FEEDER,54,3,0.9706592299165384,83.75749226297691
20,FEEDER,55,1,0.9582082462465467,-36.46662648626815
20,FEEDER,55,2,0.9867706580098531,-155.07826504192536
20,FEEDER,55,3,0.9707049979995828,83.7593251331634
20,FEEDER,57,1,0.9553687942570174,-36.801087867524494
20,FEEDER,57,2,0.9822533647011387,-155.35141095102094
20,FEEDER,57,3,0.9678946420519459,83.43768936975329
20,FEEDER,56,1,0.9581891558524077,-36.46281879953913
20,FEEDER,56,2,0.9866571746559221,-155.0835232197199
20,FEEDER,56,3,0.9707597960285925,83.75835389578637
20,FEEDER,58,2,0.9818424729840345,-155.35922289692223
20,FEEDER,60,1,0.9491940344767914,-37.54450863957291
20,FEEDER,60,2,0.9731486377599243,-155.9283632675956
20,FEEDER,60,3,0.9617218758837658,82.75098938313778
20,FEEDER,59,2,0.9816348237047097,-155.36319162253434
20,FEEDER,61,1,0.9491940569555373,-37.544509310686294
20,FEEDER,61,2,0.9731486581576264,-155.92836394598345
20,FEEDER,61,3,0.9617218987770545,82.75098879602143
20,FEEDER,62,1,0.9488022984201883,-37.54212509936359
20,FEEDER,62,2,0.9724269605802123,-155.91554286707452
20,FEEDER,62,3,0.9604544824230832,82.74823892630249
20,FEEDER,63,1,0.9484920994216515,-37.53612984285779
20,FEEDER,63,2,0.9718772403501242,-155.91100823695007
20,FEEDER,63,3,0.9598198592836442,82.74606578959407
20,FEEDER,64,1,0.9484224245666247,-37.524671481977585
20,FEEDER,64,2,0.9706844017734053,-155.89205353389733
20,FEEDER,64,3,0.9584532146855346,82.73306117987777
20,FEEDER,65,1,0.948155519833652,-37.533283523939296
20,FEEDER,65,2,0.9704284303657175,-155.86983869211755
20,FEEDER,65,3,0.9565629327069722,82.7379274935062
20,FEEDER,66,1,0.9482987042951705,-37.549424918081506
20,FEEDER,66,2,0.97058971052666,-155.85270797693548
20,FEEDER,66,3,0.9556068746204006,82.73734937311004
20,FEEDER,67,1,1.0421827045375862,-37.79606289729464
20,FEEDER,67,2,0.9700012406482682,-156.2206815263261
20,FEEDER,67,3,1.055380907898559,82.51943052193411
20,FEEDER,68,1,1.041241897183831,-37.81297686161749
20,FEEDER,97,1,1.0408045817857878,-37.87738456539113
20,FEEDER,97,2,0.9682242053985836,-156.31363852697407
20,FEEDER,97,3,1.0543563322652643,82.44746127590632
20,FEEDER,69,1,1.0401636674026336,-37.832394869949
20,FEEDER,70,1,1.0393988320572431,-37.84618846111179
20,FEEDER,71,1,1.03896733699362,-37.853977909292226
20,MG2,72,1,1.0421826594307733,-37.79606395417509
20,MG2,72,2,0.970001188005084,-156.22068207789394
20,MG2,72,3,1.0553808547743544,82.51942951311557
20,MG2,73,3,1.0531677527834726,82.48032040725353
20,MG2,76,1,1.0419847528000004,-37.85237609668339
20,MG2,76,2,0.9692768212515349,-156.3293144467062
20,MG2,76,3,1.0562100506390082,82.46660260745405
20,MG2,74,3,1.0512692397551202,82.44666828091997
20,MG2,75,3,1.05021736777399,82.42796783785856
20,MG2,86,1,1.0410561369251479,-37.87524710206402
20,MG2,86,2,0.9671601736320764,-156.5102747842568
20,MG2,86,3,1.0577691208308524,82.43238596270338
20,MG2,78,1,1.0433342047644003,-37.92567335210028
20,MG2,78,2,0.9704850099041961,-156.43699387875444
20,MG2,78,3,1.0576830663784877,82.37798610340295
20,MG2,79,1,1.0430216753970099,-37.93989745936875
20,MG2,79,2,0.9706194579134761,-156.4399756013845
20,MG2,79,3,1.0576357610497449,82.38751169206803
20,MG2,80,1,1.0453306792823083,-37.978465819345445
20,MG2,80,2,0.9718924081238426,-156.50670451053816
20,MG2,80,3,1.058924487146667,82.27814673703513
20,MG2,81,1,1.0460910220890338,-38.00400616664429
20,MG2,81,2,0.9726604441726197,-156.52036073840438
20,MG2,81,3,1.0592626210773786,82.24335719926263
20,MG2,82,1,1.046900193655065,-38.03653893333191
20,MG2,82,2,0.9738045553308833,-156.55406570249443
20,MG2,82,3,1.0602346025064777,82.21481352988621
20,MG2,84,3,1.0566141983516029,82.19665753619817
20,MG2,83,1,1.0480399878037692,-38.05402938671346
20,MG2,83,2,0.9748067401862672,-156.58456202649583
20,MG2,83,3,1.0612572700360152,82.17628777706092
20,MG2,85,3,1.0553713830490326,82.17467010171355
20,MG2,87,1,1.0405157664139886,-37.89561394482437
20,MG2,87,2,0.9661783017529907,-156.60916408018915
20,MG2,87,3,1.0583704866277641,82.41131825831923
20,MG2,88,1,1.040453651715595,-37.925830790282625
20,MG2,89,1,1.0400832091800127,-37.88919056889128
20,MG2,89,2,0.9658353509177479,-156.65880521085285
20,MG2,89,3,1.0587881339236709,82.39939316083813
20,MG2,90,2,0.9656945501754852,-156.70307160095862
20,MG2,91,1,1.0398726660816777,-37.88628824076336
20,MG2,91,2,0.9654788946722023,-156.674992723824
20,MG2,91,3,1.0590132428843022,82.38346479715851
20,MG2,92,3,1.0589332510649985,82.33215959861856
20,MG2,94,1,1.038810815673759,-37.90522133090987
20,MG2,95,1,1.0395014226187003,-37.881533671158934
20,MG2,95,2,0.9648647468243581,-156.7137790223572
20,MG2,95,3,1.0593249896829933,82.38670175961178
20,MG2,96,2,0.9645815653997214,-156.71924501352336
20,FEEDER,98,1,1.04067709977013,-37.88325699226941
20,FEEDER,98,2,0.9680520089115566,-156.31938173646344
20,FEEDER,98,3,1.0542358971679713,82.44151187276032
20,FEEDER,99,1,1.040852281546959,-37.875610083172305
20,FEEDER,99,2,0.9675217702769927,-156.32674666701774
20,FEEDER,99,3,1.0540399672267302,82.41809498936435
20,FEEDER,100,1,1.0409731279738907,-37.877698852860384
20,FEEDER,100,2,0.9674857252783942,-156.31830040448
20,FEEDER,100,3,1.053789380775095,82.40716191084603
20,FEEDER,450,1,1.0409731792326322,-37.877700200847435
20,FEEDER,450,2,0.9674857765087469,-156.31830166820487
20,FEEDER,450,3,1.0537894287445442,82.40716035007759
20,MG4,197,1,1.0408045288919585,-37.87738367758853
20,MG4,197,2,0.9682241484708685,-156.31363749718622
20,MG4,197,3,1.054356279983724,82.44746214037542
20,MG4,105,1,1.0381599903399266,-38.03757949827873
20,MG4,105,2,0.9648287182120151,-156.49888985278116
20,MG4,105,3,1.0524393815957385,82.30728545801719
20,MG4,108,1,1.0365269567515083,-38.137156930878525
20,MG4,108,2,0.9627318465433391,-156.61422345239745
20,MG4,108,3,1.0512558756842731,82.22025422056804
20,MG4,300,1,1.040804608952607,-37.877385783985645
20,MG4,300,2,0.9682242285889457,-156.3136394725991
20,MG4,300,3,1.0543563549804007,82.44745970275785
20,MG3,135,1,0.9621385194990549,-36.22113099154387
20,MG3,135,2,0.9892744670065474,-154.80161837473193
20,MG3,135,3,0.9688228908402016,84.18238769560021
20,FEEDER,152,1,0.9680600018635744,-35.783430451242126
20,FEEDER,152,2,0.9928404253142773,-154.50251724214976
20,FEEDER,152,3,0.9771527528832811,84.46859118661509
20,FEEDER,160r,1,1.044111193703673,-37.54669762456906
20,FEEDER,160r,2,0.9731453156993025,-155.93029669538157
20,FEEDER,160r,3,1.0578938591034912,82.74891428677996
20,FEEDER,160,1,0.9491939087410644,-37.54450824642861
20,FEEDER,160,2,0.9731485238780606,-155.92836261942162
20,FEEDER,160,3,0.9617217551438819,82.75098938950873
20,FEEDER,61s,1,0.9491940569555373,-37.54450931068597
20,FEEDER,61s,2,0.9731486581576264,-155.92836394598314
20,FEEDER,61s,3,0.9617218987770545,82.75098879602177
20,FEEDER,610,1,1.0947179346307627,-37.0256537536236
20,FEEDER,610,2,1.114416225622009,-156.1955696006739
20,FEEDER,610,3,1.1185256668493286,82.51918509641908
20,FEEDER,x1,1,0.9751554042188358,-34.911396075924046
20,FEEDER,x2,2,0.9893499223583008,-154.0121141891121
20,FEEDER,x4,3,0.9792067323952293,85.2207316787406
20,FEEDER,x5,3,0.9790089531677696,85.21929153675477
20,FEEDER,x6,3,0.9788617915095732,85.21881616245334
20,FEEDER,x7,1,0.9673261515529543,-35.38582834830153
20,FEEDER,x9,1,0.9613083830484132,-35.72025586648607
20,FEEDER,x10,1,0.9605840767020918,-35.72992130357827
20,FEEDER,x11,1,0.9608641236811624,-35.719888970112954
20,FEEDER,x12,2,0.983742480248668,-154.54794695552073
20,FEEDER,x16,3,0.9629706247526355,84.07315331206931
20,FEEDER,x17,3,0.9633094436332728,84.07983614306117
20,FEEDER,x19,1,0.9484508349292605,-36.614605733812134
20,FEEDER,x20,1,0.9485630818386815,-36.60613767011713
20,MG1,x22,2,0.9679672494051104,-155.39886479869128
20,MG1,x24,3,0.9447396962720883,83.50015023673981
20,MG1,x28,1,0.941056499107223,-36.91683156640191
20,MG1,x29,1,0.9615422492805639,-36.318598607519206
20,MG1,x29,2,0.0,0.0
20,MG1,x30,3,0.9443635187671292,83.47630299106697
20,MG1,x31,3,0.9496066382793119,83.83357129849901
20,MG1,x32,3,0.9493895020647135,83.82923202084822
20,MG1,x33,1,0.9508993941364132,-36.97058340535286
20,FEEDER,x34,3,0.9647241472417191,84.11597387248055
20,FEEDER,x52,1,0.9495940076425234,-36.545486307946895
20,FEEDER,x53,1,0.9470136443554767,-36.73124631881388
20,FEEDER,x55,1,0.9466109100351566,-36.8075438480224
20,FEEDER,x56,2,0.980357711914078,-155.26095505117695
20,FEEDER,x58,2,0.9756602795064985,-155.53413340001552
20,FEEDER,x59,2,0.9690179601014437,-155.72552679304422
20,FEEDER,x60,1,0.9365115190527493,-37.921362014605904
20,FEEDER,x62,3,0.9488299596828234,82.40732156454824
20,FEEDER,x63,1,0.9358199702668902,-37.91295288794473
20,FEEDER,x64,2,0.9595054434847767,-156.23844238691981
20,FEEDER,x65,1,1.087298396696351,-67.61932600716746
20,FEEDER,x65,2,1.0892529768012535,173.56273389003917
20,FEEDER,x65,3,1.107662755687942,52.884671346644524
20,FEEDER,x66,3,0.9439203343472256,82.369207325231
20,FEEDER,x68,1,1.0293490633304259,-38.13442901871274
20,FEEDER,x69,1,1.028258472587108,-38.1545248165135
20,FEEDER,x70,1,1.0274848526774696,-38.16880049367053
20,FEEDER,x71,1,1.0270483956390546,-38.176862396427595
20,MG2,x73,3,1.0332649522339599,81.94544287937502
20,MG2,x74,3,1.0300620823801443,81.87543517584871
20,MG2,x75,3,1.0302569950404399,81.89001258835677
20,MG2,x76,1,1.1950351332226192,-68.31627479186139
20,MG2,x76,2,1.1326524053263947,171.46270852852072
20,MG2,x76,3,1.1612138203648856,54.242810224150766
20,MG2,x77,2,0.9485018173926233,-157.05263906798857
20,MG2,x79,1,1.021980895376843,-38.51113056444
20,MG2,x80,2,0.9502677238550253,-157.13714828862072
20,MG2,x82,1,1.026873301042579,-38.57802776647155
20,MG2,x83,1,0.0,0.0
20,MG2,x83,3,1.0611113562816623,82.17772040426615
20,MG2,x84,3,1.0367781104512253,81.66533894789505
20,MG2,x85,3,1.0355112482655136,81.64207105777221
20,MG2,x86,2,0.9456060101994118,-157.1417430421235
20,MG2,x87,2,0.944648333645734,-157.24056409717315
20,MG2,x88,1,1.020298888070203,-38.47420394147508
20,MG2,x90,2,0.9452190133758378,-157.30366908633525
20,MG2,x92,3,1.0391418702466417,81.80321792085824
20,MG2,x94,1,1.0186231753361723,-38.45537045680103
20,MG2,x95,2,0.9433671480546856,-157.34508751981167
20,MG2,x96,2,0.9430909451065115,-157.35053374365629
20,FEEDER,x98,1,1.0287777855085019,-38.20506420849982
20,FEEDER,x99,2,0.9547194239546795,-156.69991240692383
20,FEEDER,x100,3,1.0410352119472712,82.06624454909178
21,FEEDER,sourcebus,1,0.9988723055831628,-0.10895328651206494
21,FEEDER,sourcebus,2,0.9991176823466376,-120.11563696949104
21,FEEDER,sourcebus,3,0.9988940925682566,119.8755154652424
21,FEEDER,150,1,0.9734928557831433,-33.55152119933814
21,FEEDER,150,2,0.9800441939405738,-152.95683855573552
21,FEEDER,150,3,0.9763963304366777,86.51392536880788
21,FEEDER,150r,1,1.0039123921732795,-33.55197476532988
21,FEEDER,150r,2,1.0106690440109063,-152.9572109322104
21,FEEDER,150r,3,1.0069069106727877,86.51348427027887
21,MG3,40,1,0.9692135955442153,-35.84155040855705
21,MG3,40,2,0.992675438284976,-154.53486672297262
21,MG3,40,3,0.9751795555035653,84.47009079535019
21,MG3,401,1,0.9692135955442153,-35.84155040855705
21,MG3,401,2,0.992675438284976,-154.53486672297262
21,MG3,401,3,0.9751795555035653,84.47009079535019
21,MG4,101,1,1.055797596482914,-37.20565122099515
21,MG4,101,2,0.9765480535385318,-155.79224417234093
21,MG4,101,3,1.0659733772701312,83.00020351147947
21,MG4,1011,1,1.055797596482914,-37.20565122099515
21,MG4,1011,2,0.9765480535385318,-155.79224417234093
21,MG4,1011,3,1.0659733772701312,83.00020351147947
21,MG1,30,1,0.9725853494685669,-35.73045223439837
21,MG1,30,2,0.9961503088389975,-154.31707796989744
21,MG1,30,3,0.975278680222886,84.6098537183824
21,MG1,301,1,0.9725853494685669,-35.73045223439837
21,MG1,301,2,0.9961503088389975,-154.31707796989744
21,MG1,301,3,0.975278680222886,84.6098537183824
21,MG2,93,1,1.0561855266302889,-37.149021300278456
21,MG2,93,2,0.9757409119745304,-156.05869842513164
21,MG2,93,3,1.071528207124836,83.00520084892648
21,MG2,931,1,1.0561855266302889,-37.149021300278456
21,MG2,931,2,0.9757409119745304,-156.05869842513164
21,MG2,931,3,1.071528207124836,83.00520084892648
21,MG2,77,1,1.0593155385624415,-37.16896626194582
21,MG2,77,2,0.9800901780600618,-155.81832482326718
21,MG2,77,3,1.0699788072310892,83.00909428924517
21,MG2,771,1,1.0593155385624415,-37.16896626194582
21,MG2,771,2,0.9800901780600618,-155.81832482326718
21,MG2,771,3,1.0699788072310892,83.00909428924517
21,FEEDER,149,1,1.0039121757116096,-33.55197160898403
21,FEEDER,149,2,1.0106688651595352,-152.9572086756477
21,FEEDER,149,3,1.0069066996034362,86.51348694066482
21,FEEDER,1,1,0.9949797226080191,-34.12743172196238
21,FEEDER,1,2,1.0067906836747582,-153.32756862140656
21,FEEDER,1,3,0.9992161507156517,85.98325062590393
21,FEEDER,2,2,1.006664753912456,-153.32991512219095
21,FEEDER,3,3,0.9983199307207388,85.96643529152261
21,FEEDER,7,1,0.9883477865754923,-34.55413168784403
21,FEEDER,7,2,1.0039490786174428,-153.61546443481524
21,FEEDER,7,3,0.9940069236879349,85.60096167770705
21,FEEDER,4,3,0.998029590643959,85.9609792138369
21,FEEDER,5,3,0.9976267089565838,85.95341179183532
21,FEEDER,6,3,0.9972727281427914,85.94675586168478
21,FEEDER,8,1,0.984030373695982,-34.83820912538219
21,FEEDER,8,2,1.0020275096165203,-153.80765344210891
21,FEEDER,8,3,0.9905653990294818,85.34195929493791
21,FEEDER,12,2,1.001864823222664,-153.8106994811977
21,FEEDER,9,1,0.9832237319678783,-34.85357800765574
21,FEEDER,13,1,0.9781538366815022,-35.24612196503228
21,FEEDER,13,2,0.9989708994348143,-154.08756595438396
21,FEEDER,13,3,0.9854371772842563,84.9368457170633
21,FEEDER,9r,1,0.9832229110766266,-34.85367054074234
21,FEEDER,14,1,0.9823256689060504,-34.870786915069814
21,FEEDER,34,3,0.9848961804283657,84.92654951014329
21,FEEDER,18,1,0.9727594197459373,-35.639915565906215
21,FEEDER,18,2,0.9956208568970573,-154.3641269379326
21,FEEDER,18,3,0.9778663036942409,84.67471008493355
21,FEEDER,11,1,0.9819771172518426,-34.87744284522035
21,FEEDER,10,1,0.9821464404247395,-34.87421019548115
21,FEEDER,15,3,0.9846753615676592,84.92234397596239
21,FEEDER,16,3,0.9841232498564836,84.91182339571674
21,FEEDER,17,3,0.9844177971483054,84.91743550638677
21,FEEDER,19,1,0.972028260309724,-35.65401515620234
21,FEEDER,20,1,0.9715622967261764,-35.66300914065841
21,MG1,21,1,0.9727594071845996,-35.63991518031695
21,MG1,21,2,0.9956208508005202,-154.36412675674862
21,MG1,21,3,0.9778662874323285,84.6747105780279
21,MG1,22,2,0.9943930818166853,-154.38719958468408
21,MG1,23,1,0.972598478920839,-35.67475934402048
21,MG1,23,2,0.9958452442755585,-154.34952351197794
21,MG1,23,3,0.976993914535062,84.65670014623646
21,MG1,24,3,0.9756196685170424,84.63042236303414
21,MG1,25,1,0.9722274461392288,-35.710189085249205
21,MG1,25,2,0.9961193314826647,-154.34243218918184
21,MG1,25,3,0.9763786559397416,84.65359914259209
21,MG1,25r,1,0.9843793329379357,-35.71029633932082
21,MG1,25r,3,0.9702758093357643,84.65354428718565
21,MG1,26,1,0.9840552037453221,-35.73241080646557
21,MG1,26,3,0.9700220474843084,84.65417582181597
21,MG1,28,1,0.9721286824159605,-35.72355351001461
21,MG1,28,2,0.9962136399742018,-154.33821793186527
21,MG1,28,3,0.9760922197199245,84.64939211539561
21,MG1,27,1,0.9837255408341206,-35.74832345323062
21,MG1,27,3,0.9699944072296415,84.66297466299807
21,MG1,31,3,0.9697406462668936,84.64873741582005
21,MG1,33,1,0.9825292703150845,-35.77106281376101
21,MG1,29,1,0.9723378026306267,-35.726742965859955
21,MG1,29,2,0.9961847729927161,-154.328492441122
21,MG1,29,3,0.9757169633415985,84.63119316999037
21,MG1,250,1,0.9725853522155113,-35.730452331376185
21,MG1,250,2,0.996150311887657,-154.31707805469281
21,MG1,250,3,0.9752786834474195,84.60985363931076
21,MG1,32,3,0.9695530266868171,84.64511026061345
21,MG3,35,1,0.9707158533698356,-35.76436584111588
21,MG3,35,2,0.9936504227959359,-154.46300076979904
21,MG3,35,3,0.9763672679438058,84.55271876996011
21,MG3,42,1,0.9677130919850374,-35.91897422411288
21,MG3,42,2,0.9917020097591045,-154.60687357440412
21,MG3,42,3,0.9739938668683934,84.38726174007142
21,MG3,44,1,0.9665139577356857,-35.98108609504519
21,MG3,44,2,0.9909243903442205,-154.66458062937883
21,MG3,44,3,0.9730467780941977,84.32085345543553
21,MG3,151,1,0.970715858408995,-35.76436596670172
21,MG3,151,2,0.9936504272082461,-154.46300091866115
21,MG3,151,3,0.9763672725752274,84.55271863760197
21,FEEDER,52,1,0.9735774320374099,-35.59714898923419
21,FEEDER,52,2,0.9962855074804106,-154.3689207500522
21,FEEDER,52,3,0.9824435294153284,84.579169977472
21,FEEDER,53,1,0.9714517426068313,-35.76656492780922
21,FEEDER,53,2,0.9948681694153841,-154.5088178581237
21,FEEDER,53,3,0.9809742710390665,84.39558525749575
21,FEEDER,54,1,0.9702207210273105,-35.86823280527308
21,FEEDER,54,2,0.9939329184580312,-154.59560604618454
21,FEEDER,54,3,0.9800692694411888,84.27810061289019
21,FEEDER,55,1,0.970109229184993,-35.86956058810207
21,FEEDER,55,2,0.9938857430795965,-154.60108114568675
21,FEEDER,55,3,0.980109477185841,84.2797492812289
21,FEEDER,57,1,0.9679436772544623,-36.17112038543015
21,FEEDER,57,2,0.9900225725931887,-154.84851843395896
21,FEEDER,57,3,0.9777753788774836,83.9819083936254
21,FEEDER,56,1,0.9700925449149818,-35.86623315078392
21,FEEDER,56,2,0.9937853405579636,-154.60568804938367
21,FEEDER,56,3,0.9801578820221072,84.27889338311458
21,FEEDER,58,2,0.9896584158304047,-154.85537312711418
21,FEEDER,60,1,0.9632119790527841,-36.839520566363085
21,FEEDER,60,2,0.9822522095322346,-155.37048336956275
21,FEEDER,60,3,0.9726375820468854,83.34673266181994
21,FEEDER,59,2,0.989475381697361,-154.85884337385679
21,FEEDER,61,1,0.963212001872274,-36.83952123695546
21,FEEDER,61,2,0.9822522300999301,-155.37048404789982
21,FEEDER,61,3,0.9726376052011054,83.34673207361394
21,FEEDER,62,1,0.9628554805301015,-36.83740388716173
21,FEEDER,62,2,0.9816085169048827,-155.3591898552004
21,FEEDER,62,3,0.9715028864112336,83.3443972277996
21,FEEDER,63,1,0.9625736251489744,-36.83207543349545
21,FEEDER,63,2,0.9811178187892281,-155.35525007618205
21,FEEDER,63,3,0.970936204238033,83.34254130370078
21,FEEDER,64,1,0.9625068239147878,-36.82188953107032
21,FEEDER,64,2,0.9800517360354278,-155.33854966497557
21,FEEDER,64,3,0.9697151914075405,83.33110033916178
21,FEEDER,65,1,0.9622625236317428,-36.82924393987197
21,FEEDER,65,2,0.9798183966098416,-155.31898863874991
21,FEEDER,65,3,0.9680274144190991,83.33539371629983
21,FEEDER,66,1,0.9623892861200699,-36.84339128353299
21,FEEDER,66,2,0.9799615075547413,-155.30390825097354
21,FEEDER,66,3,0.9671779609999299,83.33488941476664
21,FEEDER,67,1,1.0581311663155128,-37.06455942674658
21,FEEDER,67,2,0.9796410914304604,-155.63330073705777
21,FEEDER,67,3,1.067816239778236,83.12949145614068
21,FEEDER,68,1,1.0573078346789335,-37.079128750793195
21,FEEDER,97,1,1.0569142551494157,-37.137343598289455
21,FEEDER,97,2,0.978024360778163,-155.71483490333026
21,FEEDER,97,3,1.0668436806637716,83.06243988175734
21,FEEDER,69,1,1.0563642670602709,-37.095850504155955
21,FEEDER,70,1,1.0556949878297972,-37.107725913884984
21,FEEDER,71,1,1.0553174061434045,-37.11443099850378
21,MG2,72,1,1.0581311266785902,-37.064560678017784
21,MG2,72,2,0.9796410450631382,-155.63330154186383
21,MG2,72,3,1.0678161930267438,83.12949024952641
21,MG2,73,3,1.0658713149060237,83.09543545736581
21,MG2,76,1,1.0581252163778534,-37.11646022927626
21,MG2,76,2,0.9791245849136069,-155.73264948864812
21,MG2,76,3,1.068680433801447,83.07973775980128
21,MG2,74,3,1.0641947969368197,83.06600215940239
21,MG2,75,3,1.0632800095770716,83.04989882797467
21,MG2,86,1,1.0574485641478018,-37.137274564346825
21,MG2,86,2,0.9773307326298482,-155.89387237744242
21,MG2,86,3,1.0701534467564207,83.04677626597874
21,MG2,78,1,1.0596254460519046,-37.18509962008605
21,MG2,78,2,0.9804561157794637,-155.83378427695538
21,MG2,78,3,1.0702437747713291,82.99241561578135
21,MG2,79,1,1.0593446825823525,-37.19769885031565
21,MG2,79,2,0.9805771072818037,-155.83641537996635
21,MG2,79,3,1.0702007942935672,83.00087069861682
21,MG2,80,1,1.0616908573753714,-37.23502117133523
21,MG2,80,2,0.9819397218437238,-155.90153079409174
21,MG2,80,3,1.0715948482386644,82.89548582402935
21,MG2,81,1,1.0624732706164244,-37.258634368330334
21,MG2,81,2,0.982703573168497,-155.91609842938806
21,MG2,81,3,1.0719887686973455,82.86149769099846
21,MG2,82,1,1.0633490051023808,-37.28894213431755
21,MG2,82,2,0.9838360355010591,-155.9491786674484
21,MG2,82,3,1.072978553989906,82.83123859058615
21,MG2,84,3,1.0696749863195563,82.82108792933491
21,MG2,83,1,1.0645112402407138,-37.306391851826845
21,MG2,83,2,0.9848453287074329,-155.97952000031108
21,MG2,83,3,1.0740128433732963,82.79244553922136
21,MG2,85,3,1.0685899862609147,82.80208462280517
21,MG2,87,1,1.0570603830231775,-37.1551399943347
21,MG2,87,2,0.9765125721958028,-155.98189126178178
21,MG2,87,3,1.0707479853220958,83.02558808698862
21,MG2,88,1,1.0570667101802655,-37.18414992221725
21,MG2,89,1,1.0566590846568875,-37.148332315966755
21,MG2,89,2,0.9762440660523053,-156.0278582571897
21,MG2,89,3,1.071179562783762,83.01484266554829
21,MG2,90,2,0.9761854693174363,-156.07056045296903
21,MG2,91,1,1.0564721000436847,-37.14419905867996
21,MG2,91,2,0.975909856705953,-156.0428179271423
21,MG2,91,3,1.0714328725028395,82.9995833237772
21,MG2,92,3,1.0714563121416718,82.95006888798176
21,MG2,94,1,1.0555518179326604,-37.160259240083896
21,MG2,95,1,1.0561496607534109,-37.13985873927356
21,MG2,95,2,0.9753662406058246,-156.07666470105838
21,MG2,95,3,1.0717084983868796,83.00227749406886
21,MG2,96,2,0.9751162543595643,-156.08145284964513
21,FEEDER,98,1,1.0568056312112928,-37.14243741350681
21,FEEDER,98,2,0.977871851478998,-155.71964730854899
21,FEEDER,98,3,1.0667325890068013,83.05702224355676
21,FEEDER,99,1,1.056964920501907,-37.13591751402447
21,FEEDER,99,2,0.9774040401066345,-155.72572116338785
21,FEEDER,99,3,1.0665500808462263,83.03622895715647
21,FEEDER,100,1,1.057073803799389,-37.13778519210303
21,FEEDER,100,2,0.9773715186599238,-155.71818365797597
21,FEEDER,100,3,1.0663241424217311,83.02648855329234
21,FEEDER,450,1,1.0570738558929433,-37.13778653890068
21,FEEDER,450,2,0.9773715703833747,-155.71818491954195
21,FEEDER,450,3,1.0663241909614478,83.02648699018839
21,MG4,197,1,1.0569142071866413,-37.13734280687291
21,MG4,197,2,0.9780243091818525,-155.71483398144707
21,MG4,197,3,1.0668436322056176,83.06244067286042
21,MG4,105,1,1.0545710500869712,-37.28095712855664
21,MG4,105,2,0.974926226068122,-155.87766569303682
21,MG4,105,3,1.0650175410992408,82.93162560007549
21,MG4,108,1,1.0531238340790368,-37.37018057449557
21,MG4,108,2,0.9730123091318275,-155.9789848724756
21,MG4,108,3,1.063889872666702,82.85042072591531
21,MG4,300,1,1.056914288554046,-37.13734491137001
21,MG4,300,2,0.9780243900621769,-155.71483595341041
21,MG4,300,3,1.0668437080899682,83.06243823148009
21,MG3,135,1,0.9727593672244573,-35.63991461781574
21,MG3,135,2,0.995620805661674,-154.3641260366078
21,MG3,135,3,0.977866251531841,84.67471102235085
21,FEEDER,152,1,0.9781537063545382,-35.24612113301846
21,FEEDER,152,2,0.9989707808552083,-154.0875650780723
21,FEEDER,152,3,0.985437052161484,84.93684611681257
21,FEEDER,160r,1,1.0595332490837504,-36.84144396404073
21,FEEDER,160r,2,0.9822507771264994,-155.3721958247774
21,FEEDER,160r,3,1.0699030312137368,83.34487862409844
21,FEEDER,160,1,0.9632118669697746,-36.839520609549815
21,FEEDER,160,2,0.9822521077460208,-155.3704831063585
21,FEEDER,160,3,0.9726374729711196,83.34673231932128
21,FEEDER,61s,1,0.9632120018722737,-36.839521236955136
21,FEEDER,61s,2,0.9822522300999301,-155.37048404789948
21,FEEDER,61s,3,0.9726376052011054,83.34673207361428
21,FEEDER,610,1,1.109507951123178,-36.39812503758065
21,FEEDER,610,2,1.126792067540494,-155.66400083560995
21,FEEDER,610,3,1.1306326399507183,83.21319535030234
21,FEEDER,x1,1,0.9839174585859843,-34.44020290576358
21,FEEDER,x2,2,0.9957311968977417,-153.6353452152679
21,FEEDER,x4,3,0.9870015702730287,85.6501589215646
21,FEEDER,x5,3,0.9867325936623398,85.64629957994906
21,FEEDER,x6,3,0.9865160801451756,85.64347205078751
21,FEEDER,x7,1,0.9772111457635106,-34.871184710204595
21,FEEDER,x9,1,0.9720289102674325,-35.173999509078946
21,FEEDER,x10,1,0.9712539447438392,-35.186193252110264
21,FEEDER,x11,1,0.9713854487002894,-35.18072665611762
21,FEEDER,x12,2,0.9908789215740671,-154.11910955824158
21,FEEDER,x16,3,0.9729392652819446,84.59201286275051
21,FEEDER,x17,3,0.973237164757947,84.59781943283903
21,FEEDER,x19,1,0.9607040460967562,-35.98198616151333
21,FEEDER,x20,1,0.9606710113985425,-35.97840862031172
21,MG1,x22,2,0.9766406198375417,-154.89225500928688
21,MG1,x24,3,0.9566549154769409,84.08012664957789
21,MG1,x28,1,0.9539687075873184,-36.25222808818171
21,MG1,x29,1,0.9722041145388822,-35.72531033865473
21,MG1,x29,2,0.0,0.0
21,MG1,x30,3,0.9563070902207135,84.05916428868684
21,MG1,x31,3,0.9602384379198293,84.37367388175034
21,MG1,x32,3,0.960048990071178,84.36993862472781
21,MG1,x33,1,0.9643682912558618,-36.29412666745602
21,FEEDER,x34,3,0.9742730266730298,84.623265699246
21,FEEDER,x52,1,0.962271285848977,-35.924060328174036
21,FEEDER,x53,1,0.9601207508711247,-36.09493288778371
21,FEEDER,x55,1,0.9596455684399382,-36.172844398999345
21,FEEDER,x56,2,0.9882136258553752,-154.76085697969856
21,FEEDER,x58,2,0.9841474279212666,-155.0094552637917
21,FEEDER,x59,2,0.9783518395421137,-155.17515142346892
21,FEEDER,x60,1,0.951783520830382,-37.173629513365675
21,FEEDER,x62,3,0.9610241935894069,83.04111341690232
21,FEEDER,x63,1,0.9511375611642673,-37.1666349045254
21,FEEDER,x64,2,0.970100398587067,-155.64334404435354
21,FEEDER,x65,1,1.1027512205944663,-66.91337349074493
21,FEEDER,x65,2,1.1043679497760703,174.1161843817162
21,FEEDER,x65,3,1.1206890103245253,53.53019736299263
21,FEEDER,x66,3,0.9567918518581096,83.01224613995122
21,FEEDER,x68,1,1.0468951620124116,-37.355612458273555
21,FEEDER,x69,1,1.0459423311529343,-37.37283628818328
21,FEEDER,x70,1,1.0452664708510255,-37.38506865339556
21,FEEDER,x71,1,1.044885172502145,-37.39197542266067
21,MG2,x73,3,1.0485515033051191,82.63612350015818
21,MG2,x74,3,1.0451961956628555,82.56094673479959
21,MG2,x75,3,1.0459171070164963,82.58830005307655
21,MG2,x76,1,1.212827331884474,-67.52999132762356
21,MG2,x76,2,1.1506169935700559,172.0700251407747
21,MG2,x76,3,1.1758104968404042,54.90151389888649
21,MG2,x77,2,0.961214278931726,-156.36350412250468
21,MG2,x79,1,1.0404326682650422,-37.70275427491844
21,MG2,x80,2,0.9631004410609328,-156.44461211583933
21,MG2,x82,1,1.04598508967704,-37.7505425828529
21,MG2,x83,1,0.0,0.0
21,MG2,x83,3,1.0738651758372288,82.7938781664266
21,MG2,x84,3,1.0523153363070656,82.36236243830224
21,MG2,x85,3,1.0512479446065914,82.34335913092875
21,MG2,x86,2,0.9583999224672289,-156.44220446768657
21,MG2,x87,2,0.9575654146978382,-156.5311634463469
21,MG2,x88,1,1.0395973950893032,-37.65136498107039
21,MG2,x90,2,0.9580255480449251,-156.5970196975914
21,MG2,x92,3,1.0540677530645497,82.49134344873659
21,MG2,x94,1,1.0380568548237044,-37.62884446543157
21,MG2,x95,2,0.9563961256617899,-156.62725827215726
21,MG2,x96,2,0.9561411230644743,-156.63233529081137
21,FEEDER,x98,1,1.0463880468468625,-37.41918770257751
21,FEEDER,x99,2,0.9661428224072717,-156.05002052766358
21,FEEDER,x100,3,1.0548227014139633,82.72320474239507
22,FEEDER,sourcebus,1,0.999090798344224,-0.09885647490533238
22,FEEDER,sourcebus,2,0.9993177241806457,-120.10447277068377
22,FEEDER,sourcebus,3,0.9991194566613598,119.88706514590194
22,FEEDER,150,1,0.9791273869842877,-33.195564438645704
22,FEEDER,150,2,0.984765043216576,-152.64591250821354
22,FEEDER,150,3,0.9817004119392586,86.86672156124187
22,FEEDER,150r,1,1.0097235583832995,-33.19596795998566
22,FEEDER,150r,2,1.0155378862253526,-152.64624210943816
22,FEEDER,150r,3,1.0123772634503607,86.8663294009141
22,MG3,40,1,0.9800608073504902,-35.27781349274157
22,MG3,40,2,1.0004232108431015,-154.07145014313258
22,MG3,40,3,0.9852684603556172,85.01112996394788
22,MG3,401,1,0.9800608073504902,-35.27781349274157
22,MG3,401,2,1.0004232108431015,-154.07145014313258
22,MG3,401,3,0.9852684603556172,85.01112996394788
22,MG4,101,1,1.0714439516069125,-36.54042644179601
22,MG4,101,2,0.9886539360249312,-155.1614357582109
22,MG4,101,3,1.0793260197727517,83.68252081901201
22,MG4,1011,1,1.0714439516069125,-36.54042644179601
22,MG4,1011,2,0.9886539360249312,-155.1614357582109
22,MG4,1011,3,1.0793260197727517,83.68252081901201
22,MG1,30,1,0.9830238707944625,-35.181859036940914
22,MG1,30,2,1.003470982560017,-153.8889441288917
22,MG1,30,3,0.9854475905957801,85.13289191383994
22,MG1,301,1,0.9830238707944625,-35.181859036940914
22,MG1,301,2,1.003470982560017,-153.8889441288917
22,MG1,301,3,0.9854475905957801,85.13289191383994
22,MG2,93,1,1.072359946103239,-36.489504745861595
22,MG2,93,2,0.9885697927104145,-155.39091639756552
22,MG2,93,3,1.0846313103884493,83.68067288657775
22,MG2,931,1,1.072359946103239,-36.489504745861595
22,MG2,931,2,0.9885697927104145,-155.39091639756552
22,MG2,931,3,1.0846313103884493,83.68067288657775
22,MG2,77,1,1.0750773935713818,-36.50924794002635
22,MG2,77,2,0.992217252036415,-155.19232726702663
22,MG2,77,3,1.0832990177063377,83.68192152308285
22,MG2,771,1,1.0750773935713818,-36.50924794002635
22,MG2,771,2,0.992217252036415,-155.19232726702663
22,MG2,771,3,1.0832990177063377,83.68192152308285
22,FEEDER,149,1,1.009723364781076,-33.195965665820886
22,FEEDER,149,2,1.0155377272369506,-152.64624056737077
22,FEEDER,149,3,1.0123770748678445,86.8663312720243
22,FEEDER,1,1,1.0022143476735788,-33.72345048592372
22,FEEDER,1,2,1.0124457254659422,-152.97885440375583
22,FEEDER,1,3,1.0059164649362378,86.38373194300482
22,FEEDER,2,2,1.0123361415246128,-152.98088253891444
22,FEEDER,3,3,1.0051311932239282,86.36911053366653
22,FEEDER,7,1,0.996637863229963,-34.11415926037805
22,FEEDER,7,2,1.0101839896275213,-153.23688266138282
22,FEEDER,7,3,1.0015584298873697,86.03577387471161
22,FEEDER,4,3,1.0048788693241992,86.36440617267961
22,FEEDER,5,3,1.0045204066017022,86.35772515529017
22,FEEDER,6,3,1.004207658865079,86.35189110488072
22,FEEDER,8,1,0.9930096370195884,-34.37399154924021
22,FEEDER,8,2,1.008651741966441,-153.4089865675975
22,FEEDER,8,3,0.998679359021915,85.80047071664748
22,FEEDER,12,2,1.0085103157810291,-153.4116141775644
22,FEEDER,9,1,0.9923029767354244,-34.38732192696069
22,FEEDER,13,1,0.988091094456174,-34.74745838337267
22,FEEDER,13,2,1.0061985540744514,-153.6596841488376
22,FEEDER,13,3,0.9943890810280652,85.43348251973309
22,FEEDER,9r,1,0.9923022520497634,-34.38740281893889
22,FEEDER,14,1,0.9915104713428892,-34.40235459154983
22,FEEDER,34,3,0.9939162023427073,85.42457192763145
22,FEEDER,18,1,0.9832435835700761,-35.09905498998555
22,FEEDER,18,2,1.0030887426236748,-153.91843054201743
22,FEEDER,18,3,0.9876766833604445,85.19380909516815
22,FEEDER,11,1,0.9912017741240841,-34.40818864195927
22,FEEDER,10,1,0.9913534165068802,-34.405323584098085
22,FEEDER,15,3,0.9937247748502025,85.4209623583739
22,FEEDER,16,3,0.9932461513189016,85.41193385956298
22,FEEDER,17,3,0.9935014836814908,85.416749808331
22,FEEDER,19,1,0.9826069461499054,-35.11119058569119
22,FEEDER,20,1,0.9821986340415101,-35.11897946600494
22,MG1,21,1,0.9832435713483068,-35.09905467178141
22,MG1,21,2,1.0030887357841072,-153.91843039063036
22,MG1,21,3,0.9876766682427731,85.19380949655765
22,MG1,22,2,1.0020537354349643,-153.93777748023214
22,MG1,23,1,0.9830841317096002,-35.13060840425891
22,MG1,23,2,1.003255473800061,-153.90958479413774
22,MG1,23,3,0.9869239734791773,85.17637430393009
22,MG1,24,3,0.9857937940445751,85.15491376518338
22,MG1,25,1,0.982749122717694,-35.16296407192912
22,MG1,25,2,1.0034615910641602,-153.90717559936073
22,MG1,25,3,0.9863790623476767,85.17081921166195
22,MG1,25r,1,0.9950326904408867,-35.16305263646493
22,MG1,25r,3,0.9802137965422422,85.17077442256458
22,MG1,26,1,0.9947616449646122,-35.18131169045484
22,MG1,26,3,0.9800037301135467,85.17139641317455
22,MG1,28,1,0.9826487124157874,-35.17625304959249
22,MG1,28,2,1.0035237106142094,-153.90618975335866
22,MG1,28,3,0.9861162071534822,85.1651094047362
22,MG1,27,1,0.9944868121474401,-35.19445737953403
22,MG1,27,3,0.9799804877596155,85.17866020340482
22,MG1,31,3,0.9797714572118346,85.16696531773948
22,MG1,33,1,0.9934890522471121,-35.21326621640267
22,MG1,29,1,0.982820196066638,-35.178845583850915
22,MG1,29,2,1.0034997480896555,-153.8982616016057
22,MG1,29,3,0.9858078599594218,85.15028660246905
22,MG1,250,1,0.9830238735715799,-35.181859133797126
22,MG1,250,2,1.0034709856291162,-153.88894421371515
22,MG1,250,3,0.98544759385524,85.13289183466189
22,MG1,32,3,0.9796165948690962,85.16401028957164
22,MG3,35,1,0.9814096618220856,-35.20943376935616
22,MG3,35,2,1.0013067655952899,-154.00708555523613
22,MG3,35,3,0.9863338612227651,85.0848817307178
22,MG3,42,1,0.9787133424708808,-35.34638134852645
22,MG3,42,2,0.9995409119401175,-154.13592814361172
22,MG3,42,3,0.9842046861694522,84.93721891172288
22,MG3,44,1,0.9776363749664894,-35.40137148025455
22,MG3,44,2,0.9988359792791919,-154.1875922941132
22,MG3,44,3,0.9833548415986022,84.87797520136813
22,MG3,151,1,0.9814096669168835,-35.20943389484034
22,MG3,151,2,1.001306770038545,-154.0070857041579
22,MG3,151,3,0.9863338659025568,85.08488159824748
22,FEEDER,52,1,0.9844738942758308,-35.07226679123264
22,FEEDER,52,2,1.0042220619745812,-153.90566223071178
22,FEEDER,52,3,0.9920456919789197,85.10931646025927
22,FEEDER,53,1,0.9828059233301818,-35.22929677668172
22,FEEDER,53,2,1.0031683700136582,-154.02785885114
22,FEEDER,53,3,0.99089727943577,84.94329373316485
22,FEEDER,54,1,0.981847815100892,-35.32378813792243
22,FEEDER,54,2,1.0024667904229132,-154.10363484491577
22,FEEDER,54,3,0.9901907848689,84.83722437715406
22,FEEDER,55,1,0.9817492440054091,-35.32500972425469
22,FEEDER,55,2,1.0024266391724546,-154.1083603063787
22,FEEDER,55,3,0.9902255804266351,84.83868184207857
22,FEEDER,57,1,0.9802020481385285,-35.59974734780114
22,FEEDER,57,2,0.9993760019325438,-154.32892641512657
22,FEEDER,57,3,0.9883758535706998,84.56962876002522
22,FEEDER,56,1,0.9817348687631446,-35.32214868269391
22,FEEDER,56,2,1.0023392197815482,-154.1123229403559
22,FEEDER,56,3,0.9902676307066088,84.83793813581416
22,FEEDER,58,2,0.999058337506087,-154.33482999518176
22,FEEDER,60,1,0.976800506192794,-36.20673040626582
22,FEEDER,60,2,0.993279895769031,-154.79338833086237
22,FEEDER,60,3,0.9842887583269305,83.99657383153453
22,FEEDER,59,2,0.9988996876699165,-154.33780654985273
22,FEEDER,61,1,0.9768005293355029,-36.20673107675407
22,FEEDER,61,2,0.9932799165606623,-154.79338900927425
22,FEEDER,61,3,0.9842887817586673,83.9965732429689
22,FEEDER,62,1,0.9764893687735481,-36.20475345276433
22,FEEDER,62,2,0.9927113243266608,-154.78356503140577
22,FEEDER,62,3,0.9832935334857523,83.99451399417188
22,FEEDER,63,1,0.9762428805102519,-36.20000092580971
22,FEEDER,63,2,0.9922777572800671,-154.78017300725696
22,FEEDER,63,3,0.9827989766899441,83.99287530246795
22,FEEDER,64,1,0.9761784338515579,-36.19090030733394
22,FEEDER,64,2,0.9913374675032022,-154.76587083985672
22,FEEDER,64,3,0.9817341920424147,83.98301854614768
22,FEEDER,65,1,0.9759567179288959,-36.19687563295932
22,FEEDER,65,2,0.9911256056138572,-154.74915016747127
22,FEEDER,65,3,0.9802619494381678,83.98681507431056
22,FEEDER,66,1,0.9760662241986475,-36.20892827737785
22,FEEDER,66,2,0.9912490183645704,-154.73626383910582
22,FEEDER,66,3,0.9795280865762263,83.98640083828509
22,FEEDER,67,1,1.0735474213680811,-36.41134602603835
22,FEEDER,67,2,0.9913636065984854,-155.02505281585985
22,FEEDER,67,3,1.0810609207092534,83.79805683851275
22,FEEDER,68,1,1.0728192678815158,-36.4240272256016
22,FEEDER,97,1,1.072451669748149,-36.477891128677534
22,FEEDER,97,2,0.9899486186732028,-155.0949609131234
22,FEEDER,97,3,1.0801468743806013,83.73818152421843
22,FEEDER,69,1,1.0719851384612018,-36.43857270181372
22,FEEDER,70,1,1.0713938668749035,-36.44889419478125
22,FEEDER,71,1,1.0710603654060749,-36.45471986949981
22,MG2,72,1,1.0735473873309538,-36.4113474933021
22,MG2,72,2,0.9913635673452548,-155.02505393355233
22,MG2,72,3,1.0810608803922934,83.79805541791679
22,MG2,73,3,1.0794169604335897,83.76956691262653
22,MG2,76,1,1.0737513398346463,-36.46006803505982
22,MG2,76,2,0.9911073074815785,-155.11393474511542
22,MG2,76,3,1.0819401993817184,83.75123397089847
22,MG2,74,3,1.0780004454538359,83.74496297263936
22,MG2,75,3,1.0772299953376543,83.73155407303179
22,MG2,86,1,1.0733493096430449,-36.480947996179715
22,MG2,86,2,0.9897601472175351,-155.2497151028715
22,MG2,86,3,1.0832706132350292,83.72050357603764
22,MG2,78,1,1.075419051799694,-36.52397156826635
22,MG2,78,2,0.9925969410202496,-155.207080460366
22,MG2,78,3,1.0835897963996213,83.66539528631832
22,MG2,79,1,1.0751807444626733,-36.53452220694492
22,MG2,79,2,0.9926997407253808,-155.20928012885142
22,MG2,79,3,1.0835532334422875,83.6724863036394
22,MG2,80,1,1.0775455707289063,-36.571523067267606
22,MG2,80,2,0.9941842155727613,-155.27238193997744
22,MG2,80,3,1.0850498217773892,83.57207388467427
22,MG2,81,1,1.0783466960273977,-36.59325796887618
22,MG2,81,2,0.9949473037566148,-155.2879930504455
22,MG2,81,3,1.085502547007206,83.53910255363974
22,MG2,82,1,1.0792860223769438,-36.621450085580776
22,MG2,82,2,0.996072680976912,-155.32055386561672
22,MG2,82,3,1.086511126113965,83.50733548360685
22,MG2,84,3,1.0835418766764604,83.5052324303271
22,MG2,83,1,1.0804670542651151,-36.638938816944346
22,MG2,83,2,0.9970941156253279,-155.35082815122865
22,MG2,83,3,1.0875573818939641,83.46846934360354
22,MG2,85,3,1.0826223850336305,83.48931127508138
22,MG2,87,1,1.0731262373304353,-36.4974269707403
22,MG2,87,2,0.9891732742617412,-155.3237582823685
22,MG2,87,3,1.0838354650829223,83.69975466485744
22,MG2,88,1,1.0732056806612968,-36.52517400153659
22,MG2,89,1,1.0727594513694534,-36.4906996127588
22,MG2,89,2,0.9890071733667085,-155.36481734892917
22,MG2,89,3,1.0842733238464977,83.69047138094882
22,MG2,90,2,0.9890549193433545,-155.4055242304727
22,MG2,91,1,1.0725980320139339,-36.485469362762196
22,MG2,91,2,0.9887069085710963,-155.37801799168471
22,MG2,91,3,1.084553548572066,83.67602751878535
22,MG2,92,3,1.0846910449955112,83.62845840297096
22,MG2,94,1,1.0718329162816016,-36.49872518070763
22,MG2,95,1,1.0723303613664115,-36.48210298936262
22,MG2,95,2,0.9882626558004769,-155.4054816682116
22,MG2,95,3,1.0847792629989705,83.67831020915388
22,MG2,96,2,0.9880576339271517,-155.40936970261663
22,FEEDER,98,1,1.0723562237289206,-36.48243933991878
22,FEEDER,98,2,0.9898177161956474,-155.09894117294255
22,FEEDER,98,3,1.0800454697149684,83.73344539109665
22,FEEDER,99,1,1.0724988594814715,-36.4769653584788
22,FEEDER,99,2,0.9894117514776835,-155.10379615718875
22,FEEDER,99,3,1.0798776483432047,83.71526371112932
22,FEEDER,100,1,1.0725955894364638,-36.4786003098397
22,FEEDER,100,2,0.9893827871618904,-155.0971830842172
22,FEEDER,100,3,1.0796768999048343,83.70672118615565
22,FEEDER,450,1,1.072595642308464,-36.47860165661009
22,FEEDER,450,2,0.989382839518665,-155.0971843447153
22,FEEDER,450,3,1.0796769490429583,83.7067196226364
22,MG4,197,1,1.0724516260931893,-36.47789041965742
22,MG4,197,2,0.9899485729910477,-155.09496010864615
22,MG4,197,3,1.0801468303801012,83.73818223268586
22,MG4,105,1,1.070336974901135,-36.60935167177735
22,MG4,105,2,0.9872313648990417,-155.23475995224604
22,MG4,105,3,1.0784242954105547,83.62119581784457
22,MG4,108,1,1.0690307150962113,-36.69099224067843
22,MG4,108,2,0.9855522196383445,-155.3216881648265
22,MG4,108,3,1.0773602018934356,83.54858904523829
22,MG4,300,1,1.0724517086799685,-36.4778925240743
22,MG4,300,2,0.9899486548525332,-155.09496207885434
22,MG4,300,3,1.0801469071959031,83.73817979053372
22,MG3,135,1,0.9832435363595979,-35.09905414891163
22,MG3,135,2,1.0030886964052719,-153.91842973659135
22,MG3,135,3,0.9876766364288342,85.19380992821789
22,FEEDER,152,1,0.9880909789763249,-34.74745810522533
22,FEEDER,152,2,1.006198450896017,-153.65968381475903
22,FEEDER,152,3,0.9943889701201926,85.433482431281
22,FEEDER,160r,1,1.0744829671285372,-36.20841288084716
22,FEEDER,160r,2,0.9932807348628974,-154.7948574750678
22,FEEDER,160r,3,1.0827214372320864,83.99495018234077
22,FEEDER,160,1,0.9768004067988609,-36.20673087775539
22,FEEDER,160,2,0.9932798074965679,-154.79338852132162
22,FEEDER,160,3,0.9842886616932605,83.99657310885873
22,FEEDER,61s,1,0.9768005293355029,-36.206731076753734
22,FEEDER,61s,2,0.9932799165606622,-154.7933890092739
22,FEEDER,61s,3,0.9842887817586673,83.99657324296923
22,FEEDER,610,1,1.1246608204158997,-35.784940345310616
22,FEEDER,610,2,1.1400095439177993,-155.1004918991321
22,FEEDER,610,3,1.1441060728615255,83.89390705602467
22,FEEDER,x1,1,0.9926026294987782,-33.99256183863154
22,FEEDER,x2,2,1.0028195053974318,-153.24456779604415
22,FEEDER,x4,3,0.995292521401303,86.09674349540312
22,FEEDER,x5,3,0.9949716680365812,86.09103545058295
22,FEEDER,x6,3,0.994701936108081,86.08634131005086
22,FEEDER,x7,1,0.986972721785873,-34.38633689676165
22,FEEDER,x9,1,0.982595873194126,-34.66191938855073
22,FEEDER,x10,1,0.9818062916655242,-34.67557592969619
22,FEEDER,x11,1,0.9818191636869993,-34.673738436789115
22,FEEDER,x12,2,0.998957764031517,-153.6773368867422
22,FEEDER,x16,3,0.9835483814876794,85.13787062075241
22,FEEDER,x17,3,0.9838061906967017,85.14282956110591
22,FEEDER,x19,1,0.9728045668045358,-35.39131890084251
22,FEEDER,x20,1,0.9726526434079927,-35.39176473567534
22,MG1,x22,2,0.9870845675834855,-154.35966887660587
22,MG1,x24,3,0.9701924127832973,84.70768188194204
22,MG1,x28,1,0.9674982559406798,-35.6118325652995
22,MG1,x29,1,0.9826850667358799,-35.17741295664568
22,MG1,x29,2,0.0,0.0
22,MG1,x30,3,0.9698406239047169,84.68533956358492
22,MG1,x31,3,0.9719251404685962,84.9430914668635
22,MG1,x32,3,0.9717690581135278,84.94006461995897
22,MG1,x33,1,0.9783374136982043,-35.64407733437306
22,FEEDER,x34,3,0.9845078974171747,85.15902213280161
22,FEEDER,x52,1,0.974690017141135,-35.35131722463863
22,FEEDER,x53,1,0.9730055246540934,-35.50930987152208
22,FEEDER,x55,1,0.9724561102117925,-35.59055951908453
22,FEEDER,x56,2,0.9974901794544325,-154.24549001706137
22,FEEDER,x58,2,0.9942182320978635,-154.46819577908983
22,FEEDER,x59,2,0.9892556454428256,-154.60875221394866
22,FEEDER,x60,1,0.9669401316986167,-36.49025111922509
22,FEEDER,x62,3,0.9739857816123718,83.72896419934204
22,FEEDER,x63,1,0.9663768984929672,-36.483850634612295
22,FEEDER,x64,2,0.9826130514477107,-155.02934394606743
22,FEEDER,x65,1,1.1191361973271423,-66.23708146141084
22,FEEDER,x65,2,1.1198636423134103,174.68650373912237
22,FEEDER,x65,3,1.1350917651931336,54.19306048498037
22,FEEDER,x66,3,0.970551392790747,83.71182179632731
22,FEEDER,x68,1,1.063587569269894,-36.66496555646327
22,FEEDER,x69,1,1.0627606175982178,-36.67951103293194
22,FEEDER,x70,1,1.06217443394998,-36.68983252608178
22,FEEDER,x71,1,1.0618438022872714,-36.69565820090329
22,MG2,x73,3,1.0647599164160702,83.38650269499725
22,MG2,x74,3,1.061896748574783,83.32307157626563
22,MG2,x75,3,1.062602647408826,83.34848985494611
22,MG2,x76,1,1.2320554871531633,-66.76442657849122
22,MG2,x76,2,1.1694479888200586,172.69917259221242
22,MG2,x76,3,1.1922434546033125,55.5809341491087
22,MG2,x77,2,0.9767169781467658,-155.63372407523758
22,MG2,x79,1,1.0591191696534608,-36.95641360331862
22,MG2,x80,2,0.978715136551019,-155.71200106553405
22,MG2,x82,1,1.064630712271684,-37.004513753250436
22,MG2,x83,1,0.0,0.0
22,MG2,x83,3,1.08740785210025,83.46990197080876
22,MG2,x84,3,1.0688288236132748,83.12216821368234
22,MG2,x85,3,1.067921817451603,83.1062470581734
22,MG2,x86,2,0.9742206628028236,-155.69334937885552
22,MG2,x87,2,0.9736243717083048,-155.76793010469638
22,MG2,x88,1,1.0586329334702829,-36.90823765582419
22,MG2,x90,2,0.9739031200517226,-155.83829052726227
22,MG2,x92,3,1.0699623886733374,83.24539419442971
22,MG2,x94,1,1.0572788092530112,-36.881788815940304
22,MG2,x95,2,0.9726991313608627,-155.85048908468985
22,MG2,x96,2,0.9724908150968117,-155.85456553435645
22,FEEDER,x98,1,1.0631285093069318,-36.72337764894038
22,FEEDER,x99,2,0.9796755984038619,-155.38004878922237
22,FEEDER,x100,3,1.0694567933491548,83.44117139132581
23,FEEDER,sourcebus,1,0.9992465474416923,-0.09276054310250124
23,FEEDER,sourcebus,2,0.999461983418637,-120.09744730501663
23,FEEDER,sourcebus,3,0.9992834873755108,119.89419829190483
23,FEEDER,150,1,0.9831947226172761,-32.97610365404251
23,FEEDER,150,2,0.9882366730908362,-152.4568023860277
23,FEEDER,150,3,0.9856772025620146,87.09348995889184
23,FEEDER,150r,1,1.0139184156122587,-32.976475873170855
23,FEEDER,150r,2,1.0191183635115715,-152.45710550567196
23,FEEDER,150r,3,1.0164787343009956,87.09312968213433
23,MG3,40,1,0.987615611019961,-34.943359397369534
23,MG3,40,2,1.0060134558966758,-153.8094866935983
23,MG3,40,3,0.992692381771751,85.34695775109356
23,MG3,401,1,0.987615611019961,-34.943359397369534
23,MG3,401,2,1.0060134558966758,-153.8094866935983
23,MG3,401,3,0.992692381771751,85.34695775109356
23,MG4,101,1,1.0827086102673766,-36.117129500552274
23,MG4,101,2,0.9977995943112561,-154.7701684384338
23,MG4,101,3,1.0897269465239297,84.14421778694495
23,MG4,1011,1,1.0827086102673766,-36.117129500552274
23,MG4,1011,2,0.9977995943112561,-154.7701684384338
23,MG4,1011,3,1.0897269465239297,84.14421778694495
23,MG1,30,1,0.9901990675023555,-34.86866469404903
23,MG1,30,2,1.008639027329786,-153.66694392024033
23,MG1,30,3,0.9928312350456705,85.44367503804345
23,MG1,301,1,0.9901990675023555,-34.86866469404903
23,MG1,301,2,1.008639027329786,-153.66694392024033
23,MG1,301,3,0.9928312350456705,85.44367503804345
23,MG2,93,1,1.084002414676125,-36.074710933334465
23,MG2,93,2,0.9983219767502224,-154.97126456296726
23,MG2,93,3,1.094802952548159,84.13644990868974
23,MG2,931,1,1.084002414676125,-36.074710933334465
23,MG2,931,2,0.9983219767502224,-154.97126456296726
23,MG2,931,3,1.094802952548159,84.13644990868974
23,MG2,77,1,1.086406248024931,-36.093021564770595
23,MG2,77,2,1.0013632076977845,-154.80659554084122
23,MG2,77,3,1.093649635547347,84.13432383447406
23,MG2,771,1,1.086406248024931,-36.093021564770595
23,MG2,771,2,1.0013632076977845,-154.80659554084122
23,MG2,771,3,1.093649635547347,84.13432383447406
23,FEEDER,149,1,1.0139182363685602,-32.976474221120334
23,FEEDER,149,2,1.0191182168567443,-152.4571045103889
23,FEEDER,149,3,1.016478560431914,87.09313093299156
23,FEEDER,1,1,1.0073706920326924,-33.476361574645175
23,FEEDER,1,2,1.0165971636080784,-152.76976832288872
23,FEEDER,1,3,1.0109352446629845,86.64035022211958
23,FEEDER,2,2,1.0164983833026304,-152.7715863832262
23,FEEDER,3,3,1.0102238591130477,86.62718702742472
23,FEEDER,7,1,1.0025088160768074,-33.846488513223555
23,FEEDER,7,2,1.0147580615571694,-153.01183774403725
23,FEEDER,7,3,1.0072185089830095,86.31378333006961
23,FEEDER,4,3,1.0099966362900352,86.62297802512555
23,FEEDER,5,3,1.0096683225901062,86.61689681063068
23,FEEDER,6,3,1.0093832972601071,86.61161376869855
23,FEEDER,8,1,0.9993481019492927,-34.09249133943683
23,FEEDER,8,2,1.0135098339358248,-153.1732064037874
23,FEEDER,8,3,1.0047640042693957,86.09325918449595
23,FEEDER,12,2,1.0133824443954407,-153.1755584775418
23,FEEDER,9,1,0.998707983910059,-34.10447518907343
23,FEEDER,13,1,0.9950813580550124,-34.44656842516267
23,FEEDER,13,2,1.0114964332030085,-153.40842876417253
23,FEEDER,13,3,1.0011072442047568,85.7501161061007
23,FEEDER,9r,1,0.9987073238276166,-34.10454833676585
23,FEEDER,14,1,0.9979865134863627,-34.11805593892226
23,FEEDER,34,3,1.0006795884531967,85.74212189126975
23,FEEDER,18,1,0.9905344084107612,-34.78085341362173
23,FEEDER,18,2,1.0084705767868407,-153.66935711044945
23,FEEDER,18,3,0.9948968910759136,85.51369797309138
23,FEEDER,11,1,0.9977047858843603,-34.12333898085439
23,FEEDER,10,1,0.9978442314489867,-34.120724728541546
23,FEEDER,15,3,1.0005075180371978,85.73890339715737
23,FEEDER,16,3,1.000077292707288,85.7308538279728
23,FEEDER,17,3,1.0003068005566953,85.73514745989529
23,FEEDER,19,1,0.9899601275980257,-34.79170622031306
23,FEEDER,20,1,0.9895902230648397,-34.79870106716657
23,MG1,21,1,0.9905343940694392,-34.780853151510286
23,MG1,21,2,1.0084705669466543,-153.66935698479537
23,MG1,21,3,0.9948968744665719,85.51369829994434
23,MG1,22,2,1.0076068845170378,-153.68542861489905
23,MG1,23,1,0.9903497953769744,-34.813599984457866
23,MG1,23,2,1.008557572429714,-153.66960124354043
23,MG1,23,3,0.9941973520247652,85.49247672438628
23,MG1,24,3,0.9932716484295528,85.47500445049141
23,MG1,25,1,0.9900160478020361,-34.84771574296799
23,MG1,25,2,1.008672059064001,-153.67583121950838
23,MG1,25,3,0.9936597117983078,85.48020921378662
23,MG1,25r,1,1.0023905897817942,-34.84778854063415
23,MG1,25r,3,0.9874490118530624,85.48017270684115
23,MG1,26,1,1.0021657918722113,-34.862796189032146
23,MG1,26,3,0.9872759899687603,85.48074729109126
23,MG1,28,1,0.9898922606959745,-34.86410975456259
23,MG1,28,2,1.0086825550483474,-153.68098464715752
23,MG1,28,3,0.9933787064976003,85.46987465110612
23,MG1,27,1,1.0019383425307142,-34.87360312263016
23,MG1,27,3,0.9872566914767034,85.48671566775722
23,MG1,31,3,0.9870850500790738,85.47714828764545
23,MG1,33,1,1.0011124262980478,-34.88907200062858
23,MG1,29,1,0.9900321856402301,-34.86621700857631
23,MG1,29,2,1.0086628462510823,-153.6745356383291
23,MG1,29,3,0.9931262873780649,85.4578274874482
23,MG1,250,1,0.9901990702998985,-34.868664790818386
23,MG1,250,2,1.0086390304133264,-153.66694400510167
23,MG1,250,3,0.9928312383306688,85.44367495879756
23,MG1,32,3,0.9869577464617775,85.47474838175266
23,MG3,35,1,0.9888528211556776,-34.881226391393156
23,MG3,35,2,1.0068286477513864,-153.75057488140897
23,MG3,35,3,0.9936682290316854,85.41426220681318
23,MG3,42,1,0.9863795549538102,-35.00564794572522
23,MG3,42,2,1.0051993203993623,-153.86849369773867
23,MG3,42,3,0.9917178975783967,85.27952119837818
23,MG3,44,1,0.985391543978654,-35.05559107027242
23,MG3,44,2,1.0045487743173505,-153.91576791146113
23,MG3,44,3,0.9909392943523672,85.22547670912074
23,MG3,151,1,0.9888528262888159,-34.88122651679475
23,MG3,151,2,1.0068286522171561,-153.75057503039866
23,MG3,151,3,0.993668233747409,85.41426207428461
23,FEEDER,52,1,0.9921764597158874,-34.75294403532144
23,FEEDER,52,2,1.0100774595576476,-153.63015236274387
23,FEEDER,52,3,0.9993113977603855,85.45199821228778
23,FEEDER,53,1,0.9908503046827764,-34.901224359648786
23,FEEDER,53,2,1.0093086396670055,-153.74021696725714
23,FEEDER,53,3,0.9984337665877686,85.29953812469951
23,FEEDER,54,1,0.990097219537263,-34.99061126862395
23,FEEDER,54,2,1.0087893205764398,-153.8084442555366
23,FEEDER,54,3,0.9978951182624071,85.20223511281498
23,FEEDER,55,1,0.990007373187204,-34.99175324700136
23,FEEDER,55,2,1.0087536870176033,-153.8126770571604
23,FEEDER,55,3,0.9979263696290693,85.20356134987769
23,FEEDER,57,1,0.9889274517630726,-35.24704418646969
23,FEEDER,57,2,1.0063368467057088,-154.01533205428711
23,FEEDER,57,3,0.9964896428215227,84.9567229918496
23,FEEDER,56,1,0.9899945219010113,-34.989195677952004
23,FEEDER,56,2,1.0086748358583242,-153.8162174365446
23,FEEDER,56,3,0.997964219732173,85.20289047718745
23,FEEDER,58,2,1.0060499824930724,-154.02060909204639
23,FEEDER,60,1,0.9865307404280892,-35.809783047745114
23,FEEDER,60,2,1.0015549846540532,-154.4415010885992
23,FEEDER,60,3,0.993295338274936,84.4316235164235
23,FEEDER,59,2,1.005907395291534,-154.02326193664004
23,FEEDER,61,1,0.9865307637990613,-35.80978371810036
23,FEEDER,61,2,1.0015550056147662,-154.44150176728144
23,FEEDER,61,3,0.9932953619238455,84.43162292770889
23,FEEDER,62,1,0.9862495900963795,-35.80790937402724
23,FEEDER,62,2,1.0010369052278634,-154.43264834679104
23,FEEDER,62,3,0.992393020291119,84.42976254702965
23,FEEDER,63,1,0.986026513245005,-35.803546143695506
23,FEEDER,63,2,1.0006417625883197,-154.4296149738684
23,FEEDER,63,3,0.9919463071617767,84.4282780580636
23,FEEDER,64,1,0.9859642639309414,-35.79518556616804
23,FEEDER,64,2,0.9997858742160621,-154.41687056325074
23,FEEDER,64,3,0.9909849655770806,84.41947557339797
23,FEEDER,65,1,0.9857583449689598,-35.80029152290891
23,FEEDER,65,2,0.9995889600301132,-154.40200007201923
23,FEEDER,65,3,0.9896556804400817,84.42295759826264
23,FEEDER,66,1,0.985856543629344,-35.81098814365652
23,FEEDER,66,2,0.9996993837954571,-154.39054061473774
23,FEEDER,66,3,0.988997847543686,84.42260866994786
23,FEEDER,67,1,1.0846041247594416,-35.99953019061897
23,FEEDER,67,2,1.0001935163019375,-154.6517485497028
23,FEEDER,67,3,1.0913419321006952,84.2478711778824
23,FEEDER,68,1,1.0839369769175287,-36.01101247077753
23,FEEDER,97,1,1.0836162351222036,-36.060187125510915
23,FEEDER,97,2,0.9989430646926064,-154.71245768182087
23,FEEDER,97,3,1.0904910037645756,84.19414036703719
23,FEEDER,69,1,1.0831727127572888,-36.02418146762308
23,FEEDER,70,1,1.0826309476915332,-36.03352557841918
23,FEEDER,71,1,1.082325365015112,-36.03879922561418
23,MG2,72,1,1.0846040943560387,-35.99953183422009
23,MG2,72,2,1.0001934818868599,-154.65174992255103
23,MG2,72,3,1.0913418963950274,84.24786957333998
23,MG2,73,3,1.089964108756904,84.22420478055962
23,MG2,76,1,1.0849674429341,-36.04698659546557
23,MG2,76,2,1.0001373125515465,-154.73395035500914
23,MG2,76,3,1.0922322989670237,84.20244410744088
23,MG2,74,3,1.0887767802598365,84.20377031935246
23,MG2,75,3,1.0881309436507955,84.1926406833248
23,MG2,86,1,1.0847809818933556,-36.06828435822517
23,MG2,86,2,0.9991703003668416,-154.84910953632055
23,MG2,86,3,1.0934479129467896,84.17407938572052
23,MG2,78,1,1.086774246351837,-36.10649221046064
23,MG2,78,2,1.0017532600683476,-154.8208234256042
23,MG2,78,3,1.0939640029543933,84.11795069778206
23,MG2,79,1,1.0865744084933355,-36.11525152513762
23,MG2,79,2,1.0018395093909438,-154.82264759266783
23,MG2,79,3,1.093933374743802,84.12384237373084
23,MG2,80,1,1.0889445999421865,-36.15187613613987
23,MG2,80,2,1.003424662509339,-154.88442136750862
23,MG2,80,3,1.0955234523009816,84.0278922333956
23,MG2,81,1,1.0897586574177254,-36.17200108031551
23,MG2,81,2,1.004186263800757,-154.90099383989352
23,MG2,81,3,1.0960284306645522,83.9958716193052
23,MG2,82,1,1.0907496125336906,-36.1983817029937
23,MG2,82,2,1.0053040609123667,-154.93317812043367
23,MG2,82,3,1.097053160272692,83.96287264805828
23,MG2,84,3,1.0943849532485754,83.96774743306516
23,MG2,83,1,1.0919432939470384,-36.21587282088196
23,MG2,83,2,1.0063347078737979,-154.96345499639648
23,MG2,83,3,1.098109508765528,83.92398881729814
23,MG2,85,3,1.0936141573315008,83.95453224006876
23,MG2,87,1,1.0846864099987856,-36.08388395939924
23,MG2,87,2,0.9987811060079986,-154.91183685289656
23,MG2,87,3,1.0939907590469928,84.15407996187106
23,MG2,88,1,1.0848244722003837,-36.11063386729778
23,MG2,89,1,1.0843449474807194,-36.077315425202286
23,MG2,89,2,0.9987028709820094,-154.94892285278215
23,MG2,89,3,1.0944354554300961,84.14617860208182
23,MG2,90,2,0.9988419661231168,-154.9879358282558
23,MG2,91,1,1.0842017084273128,-36.0712414015975
23,MG2,91,2,0.9984319342967053,-154.96077879957213
23,MG2,91,3,1.0947400584674856,84.13255085721761
23,MG2,92,3,1.0949788110336578,84.08668945843714
23,MG2,94,1,1.0835602667338362,-36.08236375027539
23,MG2,95,1,1.0839781786035319,-36.06872768585216
23,MG2,95,2,0.9980710599073047,-154.98305702776196
23,MG2,95,3,1.094923858092783,84.13453564545618
23,MG2,96,2,0.9979035342124672,-154.98620678555733
23,FEEDER,98,1,1.0835290962632729,-36.06438446367374
23,FEEDER,98,2,0.9988264538175257,-154.71591027487113
23,FEEDER,98,3,1.090396328428923,84.18986891027102
23,FEEDER,99,1,1.0836604676800097,-36.05957745084188
23,FEEDER,99,2,0.9984611642511755,-154.71999657045856
23,FEEDER,99,3,1.0902388433385242,84.17342186153837
23,FEEDER,100,1,1.0837490177726394,-36.061057005210145
23,FEEDER,100,2,0.9984345599904859,-154.7140000887175
23,FEEDER,100,3,1.090055049273214,84.16568082595751
23,FEEDER,450,1,1.0837490711956757,-36.06105835182096
23,FEEDER,450,2,0.9984346128268067,-154.71400134892497
23,FEEDER,450,3,1.0900550988835094,84.16567926260352
23,MG4,197,1,1.0836161955190615,-36.06018648970226
23,MG4,197,2,0.9989430240828738,-154.7124569744596
23,MG4,197,3,1.0904909638865916,84.19414100223975
23,MG4,105,1,1.081711491798539,-36.17987680395476
23,MG4,105,2,0.9965429817027196,-154.83380365588758
23,MG4,105,3,1.0888874732002258,84.08922173310258
23,MG4,108,1,1.0805347387874946,-36.25418149367273
23,MG4,108,2,0.9950594672008071,-154.90921562959727
23,MG4,108,3,1.0878966488488289,84.02411751998805
23,MG4,300,1,1.0836162789689436,-36.060188593846874
23,MG4,300,2,0.9989431066881141,-154.71245894415446
23,MG4,300,3,1.0904910414376914,84.19413856026317
23,MG3,135,1,0.9905343650787659,-34.78085264865397
23,MG3,135,2,1.0084705342738436,-153.66935637460688
23,MG3,135,3,0.9948968479899785,85.51369873101264
23,FEEDER,152,1,0.9950812535973917,-34.44656857563505
23,FEEDER,152,2,1.0114963415178981,-153.40842885664998
23,FEEDER,152,3,1.0011071443911257,85.75011561817347
23,FEEDER,160r,1,1.0851881487302517,-35.81128845894458
23,FEEDER,160r,2,1.0015576988433403,-154.44278974421437
23,FEEDER,160r,3,1.092630517655728,84.43017917126319
23,FEEDER,160,1,0.9865306506386512,-35.80978386423306
23,FEEDER,160,2,1.0015549066114449,-154.4415016467248
23,FEEDER,160,3,0.9932952515574696,84.43162246792127
23,FEEDER,61s,1,0.9865307637990613,-35.809783718100036
23,FEEDER,61s,2,1.0015550056147662,-154.44150176728112
23,FEEDER,61s,3,0.9932953619238456,84.43162292770921
23,FEEDER,610,1,1.1358948127758273,-35.4030721719952
23,FEEDER,610,2,1.1497474805351469,-154.7407002654662
23,FEEDER,610,3,1.1543055624064782,84.33462172897917
23,FEEDER,x1,1,0.9987140959335048,-33.71696236668689
23,FEEDER,x2,2,1.007918342065424,-153.00782739834156
23,FEEDER,x4,3,1.0013622840369738,86.38364580738666
23,FEEDER,x5,3,1.0010161218657097,86.37697964170556
23,FEEDER,x6,3,1.0007186907052104,86.37127598122093
23,FEEDER,x7,1,0.9938107630875948,-34.08946333784496
23,FEEDER,x9,1,0.9899772280653363,-34.34933041229548
23,FEEDER,x10,1,0.9891935276240581,-34.36350247308838
23,FEEDER,x11,1,0.9891404283691423,-34.36367676833201
23,FEEDER,x12,2,1.0047763302986181,-153.4132772866677
23,FEEDER,x16,3,0.99135842912607,85.48668087264669
23,FEEDER,x17,3,0.9915899131668783,85.49108818430297
23,FEEDER,x19,1,0.9811531013510285,-35.04097300827298
23,FEEDER,x20,1,0.980940569393444,-35.043516015665226
23,MG1,x22,2,0.9951119218633807,-154.03484443323617
23,MG1,x24,3,0.9804889051532064,85.11220027114128
23,MG1,x28,1,0.9773477609444654,-35.22129428728518
23,MG1,x29,1,0.9898960647228847,-34.86478438137108
23,MG1,x29,2,0.0,0.0
23,MG1,x30,3,0.9800427773506942,85.08054339897953
23,MG1,x31,3,0.9806321621665387,85.29534896892592
23,MG1,x32,3,0.9805040492415422,85.29290148179652
23,MG1,x33,1,0.9885666000345041,-35.24223723088027
23,FEEDER,x34,3,0.9920896950549223,85.50178410379212
23,FEEDER,x52,1,0.9833888894601299,-35.00108198831535
23,FEEDER,x53,1,0.9820511031433954,-35.150036878442826
23,FEEDER,x55,1,0.9815090907226552,-35.23209103447898
23,FEEDER,x56,2,1.0043029227425029,-153.93497606758228
23,FEEDER,x58,2,1.0016571195331485,-154.140287424294
23,FEEDER,x59,2,0.9972380449580288,-154.26458265952033
23,FEEDER,x60,1,0.9776934246692395,-36.06081197654358
23,FEEDER,x62,3,0.9838742592892393,84.18942475955205
23,FEEDER,x63,1,0.9771847265520384,-36.05483568693215
23,FEEDER,x64,2,0.9918793543824103,-154.65308459318996
23,FEEDER,x65,1,1.1313305583356512,-65.807506878113
23,FEEDER,x65,2,1.1311693894096606,175.04266969385435
23,FEEDER,x65,3,1.1457557457552705,54.62453111113979
23,FEEDER,x66,3,0.9809478120072749,84.1793266242492
23,FEEDER,x68,1,1.075477861930076,-36.2290449760545
23,FEEDER,x69,1,1.0747195621351568,-36.24221397296607
23,FEEDER,x70,1,1.074182025037869,-36.25155808380907
23,FEEDER,x71,1,1.0738788271477733,-36.256831731030566
23,MG2,x73,3,1.077678402295807,83.9070441218877
23,MG2,x74,3,1.0752752595610806,83.85435450101531
23,MG2,x75,3,1.0758659000138713,83.87548002448841
23,MG2,x76,1,1.2468338548003668,-66.26604380710648
23,MG2,x76,2,1.1836108411465374,173.1024957839997
23,MG2,x76,3,1.204857856137053,56.031085870829514
23,MG2,x77,2,0.9886837424895192,-155.1634828506073
23,MG2,x79,1,1.0731001985974284,-36.464667343474765
23,MG2,x80,2,0.9907714137507612,-155.23981938020836
23,MG2,x82,1,1.0784550317986574,-36.51554210052203
23,MG2,x83,1,0.0,0.0
23,MG2,x83,3,1.097958528145052,83.92542144450337
23,MG2,x84,3,1.0820494173164847,83.65058677657998
23,MG2,x85,3,1.0812873095546982,83.63737158348503
23,MG2,x86,2,0.9864628006242537,-155.20759200710324
23,MG2,x87,2,0.9860686076387156,-155.27060381427793
23,MG2,x88,1,1.0725966776475582,-36.4277942607014
23,MG2,x90,2,0.9862961217884737,-155.34191499169634
23,MG2,x92,3,1.0826365816937547,83.76952880561635
23,MG2,x94,1,1.0713467218126211,-36.399524135878835
23,MG2,x95,2,0.9853494407665037,-155.34234362511086
23,MG2,x96,2,0.9851797619213336,-155.34561612783733
23,FEEDER,x98,1,1.075073164227168,-36.28241695833984
23,FEEDER,x99,2,0.9897278584495707,-154.96498629836384
23,FEEDER,x100,3,1.0806979515772561,83.92534303847991
