Hour,Line,Enabled,P_loss_kW,Q_loss_kvar
0,l115,True,8.769552475499106,18.261119070527872
0,l1,True,0.0005878567615327483,-0.0003031158486001004
0,l2,True,0.021521038110040535,0.02054630398975132
0,l3,True,6.229669440528029,12.954832664881236
0,l4,True,0.0027181883337070757,0.0017395024369398016
0,l5,True,0.010162016041973402,0.008651326353314288
0,l6,True,0.0034889204024493663,0.0022681908647682577
0,l7,True,4.121902054321719,8.566143379316491
0,l8,True,0.0007593340832436297,-0.00038069630458085156
0,l9,True,0.01935999769144837,0.018505080236329376
0,l10,True,5.926822079801466,12.291309689488676
0,l11,True,0.013111051162079094,0.01117551615352022
0,l12,True,0.012928923477120406,0.012356504515802953
0,l13,True,2.2835586979405487,4.624399937722046
0,l14,True,0.003419896681420141,0.0022233285727625116
0,l15,True,0.000861068700357464,-0.0003709327271881193
0,l16,True,0.00518100218069776,0.0033779725852855335
0,l17,True,0.001208357529564637,-0.0005248190091078868
0,l18,True,0.013917075770499651,0.012881296182978985
0,l20,True,0.004476879223131619,0.002943923517405892
0,l21,True,0.01420026972975029,0.011734993543328529
0,l22,True,0.020367844496555335,0.037693341124573634
0,l23,True,0.015119358439151256,0.012609013186767697
0,l24,True,0.01378876914614375,0.02271991412359057
0,l25,True,0.003537645913367669,0.0038508074400588157
0,l26,True,0.0031602921144731227,0.0021046155567019014
0,l27,True,0.0025490185138395956,0.0025822598470673134
0,l28,True,0.0015756225021614227,0.0004993889187308014
0,l29,True,0.013463267771450774,0.011135867240311199
0,l30,True,0.0028205578294218867,-0.0002165951703027531
0,l31,True,0.003313535706649418,-0.0001783152806419821
0,l32,True,1.1312721661771043e-08,-0.004562417336044739
0,l33,True,0.000525296402254753,-0.0009309847226963939
0,l34,True,0.003107903833457385,0.0026506101800368924
0,l36,True,0.44724469257096644,0.9126701854450512
0,l41,True,0.4472467070631392,0.9126849422932864
0,l43,True,0.3577988100536459,0.7301585521078087
0,l45,True,1.0757176222583111e-08,-0.005695126555142567
0,l52,True,1.5431804261991056,3.179930220735434
0,l53,True,0.9455598570686998,1.9439965956049272
0,l54,True,0.0005458409961843051,-0.005140472118802484
0,l55,True,2.6017803988447996,5.33036511328147
0,l56,True,0.00033409404428307726,-0.005546051630102683
0,l57,True,0.0034729130479099696,0.002256397290957466
0,l58,True,5.478402923999296,11.197572579110915
0,l59,True,0.000853228777034019,-0.00039880011883633416
0,l60,True,7.752818722155801e-09,-0.012476133138415476
0,l61,True,0.09070536830634228,-0.011486903510711272
0,l62,True,0.0475369948002699,-0.015917980315989552
0,l63,True,0.08830541824179818,-0.03523231855996346
0,l64,True,0.0731912386287513,-0.057382425508414596
0,l65,True,0.017917841728627537,-0.06267112200936026
0,l66,True,0.024117335508330142,0.023266829094714923
0,l68,True,0.44400951228945634,0.9008116851236846
0,l69,True,0.02302098473293154,0.021714053362338746
0,l70,True,0.009789431286124455,0.00800746410940701
0,l71,True,0.0036810293711459965,0.002111084191781629
0,l72,True,0.06938870714137738,0.06870321289473941
0,l73,True,0.3414501799102727,0.7175687473215803
0,l74,True,0.040499017835129054,0.03897274865435975
0,l75,True,0.010486295117079863,0.008252422010611554
0,l76,True,0.47518312796307144,0.9532541096274217
0,l77,True,0.09138497690501754,0.19361863721010014
0,l78,True,0.12146479338673088,0.2432780110987369
0,l79,True,0.002456966524907153,-8.855031234866643e-05
0,l80,True,0.5944983935391647,1.2087323913631844
0,l81,True,0.226408412548677,0.4601535862639139
0,l82,True,0.3373898482860677,0.6740569210198591
0,l83,True,0.04023463133207406,0.036725894398121454
0,l84,True,0.348710793842245,0.7052743904215458
0,l85,True,0.012579200861007849,0.009899175687010939
0,l86,True,0.049892736590551066,0.09325307288273325
0,l87,True,0.018083739265974147,0.01729742885156884
0,l88,True,0.02289132172574682,0.042906806049213625
0,l89,True,0.02186991968762595,0.02091666025025188
0,l90,True,0.01186174647953885,0.019737960637401557
0,l91,True,0.031487858451491775,0.030118735875439596
0,l92,True,0.003472467999735825,0.00211603414268869
0,l93,True,0.007167118008328544,0.0056405317209428174
0,l94,True,0.002829319613947862,-0.001283000803514614
0,l95,True,0.0013583352685818681,0.00037798039871449874
0,l96,True,0.0027642656745410932,-0.0014842111946018121
0,l97,True,0.0047751290245905695,-0.004173277726404194
0,l98,True,0.0017261297297918646,-0.003875484651351144
0,l99,True,6.383643620402886e-08,-0.020674501470190693
0,l118,True,0.3807693087642547,0.7719558629427774
0,l101,True,0.4188485531663173,0.8491682088299858
0,l105,True,0.4950059480255877,1.00358500677759
0,l108,True,8.028035560861769e-08,-0.025855307781442908
0,l114,True,0.6709264594873239,1.366825490387695
0,l116,True,3.1508286882755927,6.50804397485964
0,l117,True,1.8376847427461762,3.7328972543105627
0,sw1,True,0.00037682723184116187,4.120287485420704e-09
0,sw2,True,0.0001358550742152147,-2.311193384230137e-09
0,sw3,True,3.086314708343707e-05,1.4941906556487084e-10
0,sw4,True,0.00010373699775664136,-3.4662079997360706e-09
0,sw5,True,2.6276500546373427e-05,-2.4212931748479604e-10
0,sw6,True,5.841681305351898e-19,-1.3877787807814457e-20
0,sw7,False,0.0,0.0
0,sw8,True,1.2276249835849739e-06,1.11940607894212e-11
0,sw9,True,2.980071524507366e-05,-9.881623554974795e-10
1,l115,True,7.896703291959944,16.44847483646915
1,l1,True,0.0005215882369157043,-0.00037311065703852364
1,l2,True,0.019163728756779165,0.018151304941427953
1,l3,True,5.614465000099154,11.67947417782346
1,l4,True,0.0024083071816967277,0.0014211227289988527
1,l5,True,0.009078957421257656,0.007546469952898405
1,l6,True,0.0031222692545870815,0.0018911425882251933
1,l7,True,3.7153608367058912,7.723796202162142
1,l8,True,0.0006734644130747256,-0.0004719596160812216
1,l9,True,0.017239653557073326,0.016349208956904476
1,l10,True,5.34600066769903,11.08954969317397
1,l11,True,0.011724566947676067,0.009758080966345005
1,l12,True,0.011496329163324845,0.010900004200560942
1,l13,True,2.0962582797201468,4.244047612823808
1,l14,True,0.003064748752211017,0.0018562924152174675
1,l15,True,0.0007667606098948454,-0.00047351135357303064
1,l16,True,0.004583009343881713,0.0027611169642941602
1,l17,True,0.0010689175030165643,-0.0006760831969354513
1,l18,True,0.012347804789391376,0.011282253511799354
1,l20,True,0.003986662474540935,0.0024365006081588946
1,l21,True,0.011830336682098277,0.009322136047938329
1,l22,True,0.016788466824429634,0.03002536393977425
1,l23,True,0.012413663873125189,0.009848858732426378
1,l24,True,0.011397697055075696,0.01765626609787978
1,l25,True,0.0029277219263185543,0.0024082098191229306
1,l26,True,0.002607974981190637,0.000911506273849227
1,l27,True,0.0021108364354063738,0.0015279186672299573
1,l28,True,0.0012974487087085435,0.00021039548597400425
1,l29,True,0.011148852925220125,0.008772712114723618
1,l30,True,0.0023140938675642246,-0.0014475468051841744
1,l31,True,0.00272053477438385,-0.0016212899558413483
1,l32,True,6.812079820585485e-08,-0.004588581862870834
1,l33,True,0.0004325581348666674,-0.0010343578782299118
1,l34,True,0.0027491941489788587,0.0022841447191858607
1,l36,True,0.41968221924841054,0.8559695245230104
1,l41,True,0.4196841782174888,0.8559838587291014
1,l43,True,0.3357487472358334,0.6847973825234949
1,l45,True,9.201472763769891e-08,-0.005727338264689146
1,l52,True,1.39686134059116,2.8807016182159133
1,l53,True,0.8565345660627937,1.7622436370787617
1,l54,True,0.00048692763886948933,-0.005303253026521967
1,l55,True,2.358971321030287,4.832765428130108
1,l56,True,0.00029676911957404045,-0.005668197345086168
1,l57,True,0.003087445470939201,0.0018592351191309717
1,l58,True,4.971187620635319,10.159730831207533
1,l59,True,0.0007558177847458864,-0.0005041469373650216
1,l60,True,2.2366252620572864e-07,-0.012568686176085874
1,l61,True,0.0809028951233122,-0.016621406892816593
1,l62,True,0.04236862487023609,-0.01867415186225844
1,l63,True,0.07871857011155226,-0.040364358709568476
1,l64,True,0.065159747726153,-0.0620621655482355
1,l65,True,0.015813332592631922,-0.06425372813032663
1,l66,True,0.02168224783660844,0.020787698516731325
1,l68,True,0.41704181586857886,0.8455991899469809
1,l69,True,0.020696994117824944,0.01934364767313673
1,l70,True,0.008801409662315563,0.0069889317947054224
1,l71,True,0.0033095393151725146,0.0017201791065235739
1,l72,True,0.058032454118176244,0.05717757785510912
1,l73,True,0.33910105866446977,0.7096247964662907
1,l74,True,0.033873298196245745,0.03223899615346454
1,l75,True,0.00877116422202016,0.006494049010680101
1,l76,True,0.48422392477840187,0.9722408634868916
1,l77,True,0.08160468322047382,0.17011407459061592
1,l78,True,0.12364886449297774,0.24790386576938908
1,l79,True,0.0020564728981810614,-0.0010787935494517406
1,l80,True,0.60434785023312,1.2282906651050434
1,l81,True,0.22941420776388985,0.4660405999267241
1,l82,True,0.34087375457382585,0.6817525142682717
1,l83,True,0.03365394717637537,0.0300215191563766
1,l84,True,0.3514803567011186,0.7109088484162057
1,l85,True,0.01052224327784279,0.0077902385423276425
1,l86,True,0.04541796525472819,0.08325467946521531
1,l87,True,0.018299756749263905,0.017506564301103936
1,l88,True,0.021736666831675393,0.04039002502633957
1,l89,True,0.021985580766369823,0.02103939574467222
1,l90,True,0.011445408013601992,0.01889919312231359
1,l91,True,0.031825614438617776,0.0304471972714382
1,l92,True,0.0028770046786574742,0.0007059043002462926
1,l93,True,0.006000035140459659,0.004442565581512099
1,l94,True,0.0023236714521089248,-0.0025121428883235764
1,l95,True,0.0011156613193834346,0.0001247544905736504
1,l96,True,0.002472306173298421,-0.0021335314721636677
1,l97,True,0.004263627534463012,-0.005363799864548127
1,l98,True,0.0015503925726188753,-0.004330163768319835
1,l99,True,3.1150036168115477e-07,-0.02083382360887341
1,l118,True,0.35903307807279633,0.7274121626233827
1,l101,True,0.39493864177391513,0.8001697131273977
1,l105,True,0.46674870286209624,0.9456771224875119
1,l108,True,3.888353643316791e-07,-0.026053840611403343
1,l114,True,0.6296140728601604,1.282095127210894
1,l116,True,2.849992904385028,5.8917090725423185
1,l117,True,1.6807477470302838,3.412834347415075
1,sw1,True,0.0003393932014005259,3.041632589884102e-08
1,sw2,True,0.00012291116995038465,1.4423829270526766e-08
1,sw3,True,2.8962359501747414e-05,4.3396721594035624e-10
1,sw4,True,9.497286524856463e-05,1.1880008969455958e-08
1,sw5,True,2.4774077348411083e-05,1.6350531950592996e-10
1,sw6,True,5.80265002714242e-19,6.938893903907229e-21
1,sw7,False,0.0,0.0
1,sw8,True,1.012930275464896e-06,1.153239281848073e-11
1,sw9,True,2.9281572700710968e-05,4.49919025413692e-09
2,l115,True,7.468023848096258,15.550908598061374
2,l1,True,0.0004747711259760763,-0.000421921554113851
2,l2,True,0.01748390312687843,0.016445590509749308
2,l3,True,5.316378454978694,11.056221790097734
2,l4,True,0.002190950794843957,0.0011986164636109606
2,l5,True,0.008298639882916178,0.006751829784354413
2,l6,True,0.002856597833577325,0.0016190489225946295
2,l7,True,3.518830225899117,7.313192163810796
2,l8,True,0.0006128419777260205,-0.0005354039494181961
2,l9,True,0.015727898966972135,0.014813237057212974
2,l10,True,5.06875139509805,10.511596633727976
2,l11,True,0.010723168808781339,0.008736424349339359
2,l12,True,0.010480326583805436,0.00986778242697619
2,l13,True,2.0085264149899014,4.066125759858172
2,l14,True,0.0028065071817982242,0.0015906574464961522
2,l15,True,0.0006995192039521499,-0.0005455006830206912
2,l16,True,0.004166055344565393,0.002333015708021776
2,l17,True,0.0009716812379656403,-0.0007796576404230109
2,l18,True,0.011240440040433895,0.010155254890030847
2,l20,True,0.0036369948956908047,0.0020763253538407297
2,l21,True,0.010942327733526326,0.008416317152614284
2,l22,True,0.015449126475898084,0.027155699227379954
2,l23,True,0.01140201841772432,0.008814580423599182
2,l24,True,0.010502682477937925,0.015758729540939386
2,l25,True,0.0026994752450773376,0.0018647036522615962
2,l26,True,0.002401216157722956,0.00046224533229178633
2,l27,True,0.001946847994960446,0.0011303057997093698
2,l28,True,0.001193344676272318,0.00010139224407885195
2,l29,True,0.010282784507529869,0.007885685243940316
2,l30,True,0.002124719818009908,-0.001912867945538892
2,l31,True,0.002498751610823092,-0.0021669132936604
2,l32,True,3.1378135457027054e-08,-0.004601818555437306
2,l33,True,0.0003978437818577731,-0.0010741694538169214
2,l34,True,0.0024990859532845206,0.002029148041861845
2,l36,True,0.40615196742964327,0.8280879216057947
2,l41,True,0.4061538946235087,0.828102043093968
2,l43,True,0.32492449772305554,0.6624917778770905
2,l45,True,4.1921344434628863e-08,-0.005743740825818614
2,l52,True,1.3283002939354047,2.7391604977534736
2,l53,True,0.8150985117655364,1.676942090563767
2,l54,True,0.00044477108338627537,-0.005412162982969407
2,l55,True,2.2464386004292756,4.6011409981211475
2,l56,True,0.0002703372713304623,-0.005746903890553832
2,l57,True,0.0028137136563927924,0.0015785808988593999
2,l58,True,4.737299252789119,9.679462024652311
2,l59,True,0.0006871891372047685,-0.000576818697357794
2,l60,True,1.0088590469990505e-07,-0.012615609836906934
2,l61,True,0.07387404468909517,-0.020216228978992147
2,l62,True,0.0386713464466593,-0.020585712040279758
2,l63,True,0.07185697880860244,-0.04391703666998728
2,l64,True,0.05944799786380463,-0.06524942341628048
2,l65,True,0.014359164179237268,-0.0652503551754744
2,l66,True,0.01988902126767789,0.018964630727656185
2,l68,True,0.40286628917019696,0.8166351813284709
2,l69,True,0.018985535998333945,0.017601309234069048
2,l70,True,0.008073786971552182,0.006242291836715594
2,l71,True,0.0030359672881641016,0.0014351096052650973
2,l72,True,0.05378331051919667,0.052863493326993194
2,l73,True,0.33926554777723505,0.7084302873254055
2,l74,True,0.03139397495264711,0.029717085805590612
2,l75,True,0.008129317223487306,0.005833825227467969
2,l76,True,0.4884713428794421,0.9809359667996177
2,l77,True,0.0781513181508708,0.16153844033215864
2,l78,True,0.12466325494014745,0.250014745171502
2,l79,True,0.0019072026246276675,-0.0014534999814787865
2,l80,True,0.6089288939686921,1.2373186627768447
2,l81,True,0.23083521431437112,0.46883827126858524
2,l82,True,0.3425641951820653,0.6854177292687819
2,l83,True,0.031191297659323027,0.027509042185352883
2,l84,True,0.35288620003179677,0.7137604396168317
2,l85,True,0.009752433504872897,0.006998342740218504
2,l86,True,0.04386877403768449,0.07968149098085268
2,l87,True,0.018428610876468157,0.017632216058809717
2,l88,True,0.021346869108081593,0.039491196752816905
2,l89,True,0.022079480387244985,0.02112412457667233
2,l90,True,0.011301342843518795,0.018604085437211326
2,l91,True,0.03202021437000076,0.030636974543638645
2,l92,True,0.0026549253391293295,0.00017069575822933913
2,l93,True,0.005565246007405222,0.003994018255536503
2,l94,True,0.002133336335578904,-0.0029830575865367514
2,l95,True,0.00102424148132377,2.8699815228719672e-05
2,l96,True,0.002260223562952888,-0.0025922495680406428
2,l97,True,0.0038920691333987636,-0.006198180698180295
2,l98,True,0.0014208747877710265,-0.004651196730937954
2,l99,True,1.4416070751382595e-07,-0.02091423615733683
2,l118,True,0.3483016755428107,0.7054620308030135
2,l101,True,0.3831340661883587,0.776024353375964
2,l105,True,0.45279779671644793,0.9171414088838065
2,l108,True,1.8009032473259104e-07,-0.026153869504596004
2,l114,True,0.6093083779660811,1.2404243274148756
2,l116,True,2.708033776438038,5.597784122891287
2,l117,True,1.613482864695019,3.2747753018090733
2,sw1,True,0.0003209564748685807,1.3747085176873952e-08
2,sw2,True,0.00011676588782574982,6.2256003729999064e-09
2,sw3,True,2.8028017870383338e-05,1.8667196854948997e-10
2,sw4,True,9.117825626162812e-05,5.032197805121541e-09
2,sw5,True,2.4033628928009422e-05,4.850153345614672e-11
2,sw6,True,5.819997261902188e-19,0.0
2,sw7,False,0.0,0.0
2,sw8,True,9.325998908025213e-07,4.798494046553969e-12
2,sw9,True,2.9173458518926054e-05,1.9024591892957686e-09
3,l115,True,8.227489175696043,17.10934225864542
3,l1,True,0.00044560927799830094,-0.0004506830679406448
3,l2,True,0.016405758991633775,0.015353359193177311
3,l3,True,5.88234743472503,12.217689677321111
3,l4,True,0.002056096067515682,0.0010625670150884617
3,l5,True,0.007786288099639932,0.00623342458022853
3,l6,True,0.0026801390203472692,0.0014409295730256418
3,l7,True,3.895975888900459,8.087137266219848
3,l8,True,0.0005753590913755033,-0.0005719659255769329
3,l9,True,0.014757306907340536,0.013830458267064387
3,l10,True,5.631813874330139,11.666835187573458
3,l11,True,0.010058064739321708,0.008064386635727715
3,l12,True,0.00983456822387234,0.00921388099755859
3,l13,True,2.445029490790679,4.957062196699612
3,l14,True,0.002632017829706456,0.001415061178909127
3,l15,True,0.0006563399890501387,-0.0005879581743629388
3,l16,True,0.003911085890711547,0.0020765781948939546
3,l17,True,0.0009122152697127603,-0.0008380014216195377
3,l18,True,0.010552085708775848,0.009459523551011444
3,l20,True,0.0034123541150875097,0.0018513649933338456
3,l21,True,0.010480279801111464,0.007952624339075556
3,l22,True,0.03652551303824293,0.07018957802913064
3,l23,True,0.010950541648082434,0.008362173992656608
3,l24,True,0.030595839026485917,0.05609691743748954
3,l25,True,0.0025900686619297632,0.0016205993968296752
3,l26,True,0.013463937047075887,0.022954534179067197
3,l27,True,0.0018670857647872852,0.0009499082587912614
3,l28,True,0.0011470739145606785,5.6933092170766034e-05
3,l29,True,0.009861573462254455,0.007463719122642942
3,l30,True,0.0020410320674855028,-0.002093838904005679
3,l31,True,0.0024006941482548425,-0.0023794256598521314
3,l32,True,-1.637249291283053e-08,-0.004591292546850854
3,l33,True,0.00038240922912427777,-0.0010865443764373594
3,l34,True,0.002346145006380539,0.0018746423419106577
3,l36,True,0.4067958911616879,0.8293733259578876
3,l41,True,0.40679781524220016,0.8293874466782727
3,l43,True,0.32543963201035514,0.6635201000473171
3,l45,True,-2.2367038592192444e-08,-0.005733343607474042
3,l52,True,1.388265845061629,2.861136859635881
3,l53,True,0.8527804273440852,1.7536580069582415
3,l54,True,0.0004174709507058865,-0.005461423274638843
3,l55,True,2.35223119580996,4.81779602564864
3,l56,True,0.00025408283523305176,-0.005774520882951739
3,l57,True,0.0026421639129530377,0.0014066539315490444
3,l58,True,4.964173638404755,10.144111689739526
3,l59,True,0.0006452730006058119,-0.0006172709768848108
3,l60,True,-5.419082823826266e-08,-0.01259672387075548
3,l61,True,0.06930169997282064,-0.02233714417769079
3,l62,True,0.03627942437273304,-0.021670423368981572
3,l63,True,0.06741148209053062,-0.04591552548716209
3,l64,True,0.055776292279697375,-0.06693244106403654
3,l65,True,0.013479958664411242,-0.06558407775764136
3,l66,True,0.01864526976988418,0.017706056472059573
3,l68,True,0.4008777377613587,0.8126475132842025
3,l69,True,0.017798461057544044,0.016400789044520935
3,l70,True,0.007569081748639291,0.005733643706767907
3,l71,True,0.0028462042528153686,0.0012451484295243063
3,l72,True,0.05154812154838873,0.0505997817549578
3,l73,True,0.36141926634733684,0.7548869043739396
3,l74,True,0.03008973040682031,0.028397361861945684
3,l75,True,0.0077916156529427094,0.005494420528821138
3,l76,True,0.48889032392595616,0.9818140858270054
3,l77,True,0.07648757496466714,0.15746584813660594
3,l78,True,0.12473090439245425,0.2501789929265797
3,l79,True,0.0018272232007910596,-0.0016324108902590459
3,l80,True,0.6090619080271826,1.2374070409721754
3,l81,True,0.23073862701762482,0.4685897793288168
3,l82,True,0.34221608819001265,0.6848532007446629
3,l83,True,0.029894803464674623,0.026200217241883365
3,l84,True,0.3523538159409909,0.712678393922979
3,l85,True,0.009347134762836504,0.006591058026417159
3,l86,True,0.04309261776158019,0.07794272317898868
3,l87,True,0.018426042105726084,0.017631113258277764
3,l88,True,0.021123276320904553,0.03899953904149879
3,l89,True,0.022056830481662473,0.021096487458089543
3,l90,True,0.011212588243655773,0.018445390809931267
3,l91,True,0.03202310325084545,0.030641593224019742
3,l92,True,0.0025465942537703516,-7.087083989402654e-05
3,l93,True,0.0053322656480886505,0.0037604180938196805
3,l94,True,0.0020479260246602533,-0.003168192994083565
3,l95,True,0.0009832064864913263,-1.1067873817410146e-05
3,l96,True,0.002119915574123297,-0.0028662452963944813
3,l97,True,0.0036509023070793773,-0.006680464884750109
3,l98,True,0.0013322262383844645,-0.004838232759761013
3,l99,True,-7.118370457358636e-08,-0.020882256220117093
3,l118,True,0.34811225624536746,0.7051335874325741
3,l101,True,0.38292570128088116,0.7756630498209852
3,l105,True,0.4525515423922334,0.9167143920742091
3,l108,True,-8.864445240144521e-08,-0.026113539529611016
3,l114,True,0.6102705630903656,1.242374785389882
3,l116,True,2.82712612418551,5.839756205846468
3,l117,True,1.7085372695902479,3.469489535265282
3,sw1,True,0.00035375285462941973,-6.584625225514174e-09
3,sw2,True,0.00012188447377411648,-3.156514139845967e-09
3,sw3,True,2.8071928943973034e-05,-8.947972673922777e-11
3,sw4,True,9.647299599600955e-05,-2.819258952513337e-09
3,sw5,True,2.402183023514226e-05,-1.6196281649172306e-11
3,sw6,True,5.811323644522304e-19,-1.3877787807814457e-20
3,sw7,False,0.0,0.0
3,sw8,True,2.595038095023483e-06,-1.393345883116126e-12
3,sw9,True,3.130839398363605e-05,-1.0877556633204222e-09
4,l115,True,8.469116273509222,17.60998994278789
4,l1,True,0.00046084283980781036,-0.00043389716304500326
4,l2,True,0.016938680074643345,0.015895949864392606
4,l3,True,6.052540801775059,12.569618305248564
4,l4,True,0.0021272742739947715,0.0011366445827761709
4,l5,True,0.008028321979018073,0.00648189021638791
4,l6,True,0.0027615666939564106,0.0015258882225907655
4,l7,True,4.008496101732482,8.319745544541481
4,l8,True,0.0005951659397132971,-0.0005498796740071157
4,l9,True,0.015236819034646033,0.014319043218387378
4,l10,True,5.792946464014239,11.99984153353794
4,l11,True,0.010368387529051688,0.00838370463105275
4,l12,True,0.010159683319907345,0.009545329136075451
4,l13,True,2.4221882754894906,4.910232165933267
4,l14,True,0.002711058033484733,0.0014979875356557386
4,l15,True,0.0006776679326158046,-0.0005635362448301748
4,l16,True,0.004049129203382108,0.0022213104428165024
4,l17,True,0.0009444036186396261,-0.0008008920761612898
4,l18,True,0.010909527719028119,0.009824929948676071
4,l20,True,0.0035232335267210146,0.0019677670133623907
4,l21,True,0.011808816584965826,0.009304361931879612
4,l22,True,0.03202221076656133,0.061173648843159754
4,l23,True,0.012424715212953743,0.009863886163182543
4,l24,True,0.025508840150047035,0.04594301415852533
4,l25,True,0.0029277255629622232,0.002415255041499222
4,l26,True,0.009908857971815451,0.015742606664651247
4,l27,True,0.0021101872918995058,0.001531404985167941
4,l28,True,0.0012989463253270514,0.00021381292853311606
4,l29,True,0.01114554685377516,0.008771721649436586
4,l30,True,0.0023167856155196205,-0.0014294526476078318
4,l31,True,0.002723681638501148,-0.0016001962682694285
4,l32,True,-3.450022989094936e-08,-0.004580799915270338
4,l33,True,0.00043303794992698386,-0.001031298610853355
4,l34,True,0.002428954607108608,0.0019598584885279708
4,l36,True,0.4200288319996616,0.8565744261209038
4,l41,True,0.42003078413702316,0.8565887582973519
4,l43,True,0.3360260270880535,0.6852813007999357
4,l45,True,-4.706699588810312e-08,-0.005719835074751863
4,l52,True,1.454476111198368,2.996377131699148
4,l53,True,0.8933221163395793,1.8364044931882817
4,l54,True,0.0004308332679520539,-0.005415939397309268
4,l55,True,2.4634953867546283,5.046302671669953
4,l56,True,0.00026276861433131377,-0.005737749356222668
4,l57,True,0.002730811569375874,0.0014997356298117666
4,l58,True,5.197712108403735,10.623387697515428
4,l59,True,0.000667986387991732,-0.0005909929475014906
4,l60,True,-1.1556847020495258e-07,-0.012553549355795253
4,l61,True,0.07149813704323606,-0.0210881869468285
4,l62,True,0.03744206430220948,-0.020981468636549833
4,l63,True,0.06956756466903607,-0.044624037898764075
4,l64,True,0.057590131944976745,-0.06570830602925708
4,l65,True,0.013970815123913781,-0.06509121357234471
4,l66,True,0.01917615503766865,0.01824873064445637
4,l68,True,0.42559858748270196,0.8632168455716018
4,l69,True,0.018305144982987256,0.016920597805634315
4,l70,True,0.007784503467875766,0.005959266119132735
4,l71,True,0.002927201112450348,0.0013333803094083122
4,l72,True,0.05796451635133417,0.05711063589245896
4,l73,True,0.356568495273561,0.7464173965572263
4,l74,True,0.03383382046713814,0.0322011066337509
4,l75,True,0.008760744965915364,0.006486514651605831
4,l76,True,0.483688962013337,0.9709408083591552
4,l77,True,0.08165436381205654,0.1700487279544759
4,l78,True,0.12349680658519355,0.24756792926840718
4,l79,True,0.002054971251151606,-0.0010738628268489728
4,l80,True,0.6036389596121008,1.2267468821387155
4,l81,True,0.22912411110174435,0.46545574333306283
4,l82,True,0.3404337457172187,0.6808581593123381
4,l83,True,0.03361332879976544,0.029985992853267817
4,l84,True,0.3510463802748054,0.7100378143583075
4,l85,True,0.010509511378124444,0.007781031023321702
4,l86,True,0.04543352784464514,0.08320056848145031
4,l87,True,0.018287863254845434,0.017495095825521275
4,l88,True,0.02173149869987901,0.04033347580359987
4,l89,True,0.021943876470995747,0.020983391697125625
4,l90,True,0.011435613188325078,0.018884727921467857
4,l91,True,0.03178794186661617,0.030409691889581154
4,l92,True,0.0028781859545579406,0.000712057865597838
4,l93,True,0.005995880855960422,0.004439679763027016
4,l94,True,0.002325537099867121,-0.002497678420101602
4,l95,True,0.0011164788815913199,0.00012778325617000518
4,l96,True,0.002184981476228131,-0.0027077348500843075
4,l97,True,0.0037657966840306473,-0.0063858735452631665
4,l98,True,0.0013700775565921503,-0.004724763608948706
4,l99,True,-1.5631623439595692e-07,-0.020806519984922403
4,l118,True,0.37037260346885886,0.7506874816394702
4,l101,True,0.40741214996905184,0.8257728116508369
4,l105,True,0.48149016202019995,0.9759356623509666
4,l108,True,-1.948736591531037e-07,-0.026019012906804237
4,l114,True,0.6301235953061259,1.2830327407495061
4,l116,True,2.9623331227670424,6.116160143598346
4,l117,True,1.7846341696057935,3.6255365626767744
4,sw1,True,0.0003641027002595365,-1.5391437045764177e-08
4,sw2,True,0.00012770676286891103,-7.600669050589203e-09
4,sw3,True,2.8984842385398225e-05,-2.1715823095291853e-10
4,sw4,True,0.00010072755918372423,-6.553746061399579e-09
4,sw5,True,2.5558826891938224e-05,-1.151493052020669e-10
4,sw6,True,5.806986835832362e-19,1.3877787807814457e-20
4,sw7,False,0.0,0.0
4,sw8,True,2.223099916591309e-06,-6.788468454033137e-12
4,sw9,True,3.099726006621495e-05,-2.589222276583314e-09
5,l115,True,8.745847731848945,18.196897514507523
5,l1,True,0.0005555792925251808,-0.00033436401666858727
5,l2,True,0.020318831064207187,0.01932918545553548
5,l3,True,6.218989897654275,12.921699765360128
5,l4,True,0.002568829027461106,0.0015897907672851944
5,l5,True,0.009588190687711176,0.008072122931347622
5,l6,True,0.0032908279422517806,0.0020694140466357568
5,l7,True,4.115726706173853,8.546413919135347
5,l8,True,0.0007178189091473541,-0.000420523521936957
5,l9,True,0.018277967308218648,0.01740909777249908
5,l10,True,5.924786670941394,12.279061658654777
5,l11,True,0.012374828828571481,0.010431387226974039
5,l12,True,0.012208735835185508,0.0116276492550096
5,l13,True,2.3317328368120362,4.7239250771058865
5,l14,True,0.003227395550477013,0.0020295578077966637
5,l15,True,0.0008129387867593323,-0.0004182768954046878
5,l16,True,0.004898205774801681,0.0030954896252696927
5,l17,True,0.001142389469482623,-0.0005876140432492321
5,l18,True,0.013141895362427021,0.01209662377413224
5,l20,True,0.004226455997988523,0.0026920839788035665
5,l21,True,0.01680068456713343,0.014376527527723738
5,l22,True,0.022062448165212117,0.041538786904111474
5,l23,True,0.018036664897896116,0.015572985193895874
5,l24,True,0.016388006264605792,0.02821404271420397
5,l25,True,0.004202512834954177,0.005404542609870077
5,l26,True,0.003759317244846898,0.0033840750843410206
5,l27,True,0.0030278314233536012,0.0037178012161434844
5,l28,True,0.0018751571293596499,0.0008061252277275344
5,l29,True,0.015992124681779386,0.013703045966780337
5,l30,True,0.003366917945244495,0.0010836647356682078
5,l31,True,0.003953100129405356,0.0013455154599323579
5,l32,True,-9.252784143038895e-08,-0.004552317576434883
5,l33,True,0.0006251297709195569,-0.000825533789486144
5,l34,True,0.002938288143752288,0.0024797203984453517
5,l36,True,0.4739965073148196,0.9675284084145096
5,l41,True,0.47399857159817477,0.967543586409418
5,l43,True,0.37920033709669954,0.7740457690469339
5,l45,True,-1.2727082289892692e-07,-0.005682800442638471
5,l52,True,1.5208732435606653,3.1310283835126027
5,l53,True,0.932215650337399,1.9150509646091378
5,l54,True,0.0005157835361705632,-0.005190678390618521
5,l55,True,2.565492788654228,5.256242459170855
5,l56,True,0.0003161336351549835,-0.005572395768977458
5,l57,True,0.0032828461139779394,0.0020670036723013253
5,l58,True,5.402308218623162,11.043707524541999
5,l59,True,0.000806968799812239,-0.00044229011669858663
5,l60,True,-3.068716740661547e-07,-0.01244312633552148
5,l61,True,0.08558824681064289,-0.0138095715642703
5,l62,True,0.04486486566055101,-0.017093069490958443
5,l63,True,0.08334426028579764,-0.03739158342176961
5,l64,True,0.0691014725231289,-0.059164346315999865
5,l65,True,0.016947809849883925,-0.06296759027043845
5,l66,True,0.022746951546054335,0.021880826741853526
5,l68,True,0.4803649879982113,0.9752327341097553
5,l69,True,0.021713108795811422,0.020392089385502913
5,l70,True,0.009233397456391686,0.007447500320567997
5,l71,True,0.0034719671513048526,0.0019020385220210301
5,l72,True,0.08199158284836448,0.08148439663405588
5,l73,True,0.3275483274978906,0.6906461488924688
5,l74,True,0.04785160587048449,0.04643305378531295
5,l75,True,0.012389190308484104,0.010190596000253209
5,l76,True,0.46904276178657894,0.9401677043242962
5,l77,True,0.07903418578178026,0.16883733927665162
5,l78,True,0.11998274354194291,0.24008032976166577
5,l79,True,0.002907970146468061,0.0009917328729844596
5,l80,True,0.5879786085466913,1.196046545887104
5,l81,True,0.22462859859781747,0.45680485492828304
5,l82,True,0.33560813738202705,0.6698185963671421
5,l83,True,0.04753660921892151,0.04414366147419423
5,l84,True,0.3477046336655512,0.7032718447571388
5,l85,True,0.014861460846281262,0.012223808527234724
5,l86,True,0.05518037824700878,0.1049171244591198
5,l87,True,0.01806672281100691,0.017281609550103893
5,l88,True,0.024285285521305922,0.045889398249557414
5,l89,True,0.02194130085161305,0.02097954339521675
5,l90,True,0.01237755522576117,0.02074590113121667
5,l91,True,0.031420405912249406,0.030053568974450173
5,l92,True,0.00412923172745152,0.0036367408593388005
5,l93,True,0.008481879100825608,0.006977140175724344
5,l94,True,0.003378130766317265,6.26294960128947e-06
5,l95,True,0.0016217725245187466,0.0006487106419826887
5,l96,True,0.0026076798369504104,-0.0017817316932159882
5,l97,True,0.004503054241195059,-0.004700910603742159
5,l98,True,0.0016253284599915788,-0.0040795705777236435
5,l99,True,-4.194790344156394e-07,-0.02061523591891247
5,l118,True,0.4163191892846953,0.8447266540254059
5,l101,True,0.4579535226608277,0.9292168225331552
5,l105,True,0.5412210469801503,1.09818891250022
5,l108,True,-5.232214745233186e-07,-0.02578085675506854
5,l114,True,0.7110911108220461,1.448868005198645
5,l116,True,3.1040802700576604,6.4045475367146425
5,l117,True,1.8127178455784452,3.682576152374415
5,sw1,True,0.00037570356228388847,-4.4641521526500585e-08
5,sw2,True,0.0001337918321369216,-2.1259307686705142e-08
5,sw3,True,3.2707931764889505e-05,-7.39950337447226e-10
5,sw4,True,0.00010227462591137736,-1.7600206774659456e-08
5,sw5,True,2.873182905022986e-05,-4.1189196053892374e-10
5,sw6,True,5.685556192513985e-19,0.0
5,sw7,False,0.0,0.0
5,sw8,True,1.111048688471783e-06,-2.4756445782259106e-11
5,sw9,True,2.679740489111282e-05,-6.129732355475426e-09
6,l115,True,10.229266416046652,21.294029623563315
6,l1,True,0.000735392333845084,-0.0001459072691077381
6,l2,True,0.026644678490978548,0.025753840464640233
6,l3,True,7.2417035082216605,15.052788723554084
6,l4,True,0.003407987205991958,0.0024497762507744484
6,l5,True,0.01247662315645357,0.01101558243211366
6,l6,True,0.004265725189314253,0.003069529739917925
6,l7,True,4.789308464355883,9.949169057716107
6,l8,True,0.0009512532278913568,-0.00017477819597843335
6,l9,True,0.023971674512555184,0.023194400116757607
6,l10,True,6.870081833676668,14.245099287691236
6,l11,True,0.016074482821873973,0.014207082509212342
6,l12,True,0.01606232550887944,0.01554359042561191
6,l13,True,2.699650009068253,5.471009105580481
6,l14,True,0.004172198966727592,0.0030022445490121754
6,l15,True,0.0010660685635775736,-0.00014683153468467936
6,l16,True,0.006519984216822195,0.004762514779968114
6,l17,True,0.0015205564476800646,-0.0001829762583183765
6,l18,True,0.017377996045739565,0.016407947431525828
6,l20,True,0.005542613885216269,0.004048322653845389
6,l21,True,0.02379037027276718,0.021487121860498518
6,l22,True,0.02902718883149646,0.05682754478504649
6,l23,True,0.026419036116178178,0.024108289371306456
6,l24,True,0.023654989379734617,0.04356331909389337
6,l25,True,0.00604632358325216,0.009738708619366663
6,l26,True,0.0054478605690419495,0.0070072450508232575
6,l27,True,0.004348558458595802,0.0068757470278283635
6,l28,True,0.002730782855396683,0.0016885517895107113
6,l29,True,0.022967481405565194,0.02080978147524911
6,l30,True,0.004937764977174084,0.004863800378092492
6,l31,True,0.005790888465384341,0.005772297118850475
6,l32,True,-1.8878609880711703e-08,-0.004496767959892349
6,l33,True,0.0009104204450122779,-0.0005162553579780251
6,l34,True,0.0039110878222090835,0.0034720212938991607
6,l36,True,0.5636777064316848,1.1520884031537861
6,l41,True,0.5636799513666483,1.1521048555905
6,l43,True,0.4509455696704972,0.9216956964944256
6,l45,True,-2.7035896342451948e-08,-0.005613879331594404
6,l52,True,1.7216060055837734,3.5421679714346612
6,l53,True,1.052565034671803,2.1610441552378323
6,l54,True,0.0006742203503918092,-0.004774816230194072
6,l55,True,2.889188600452617,5.924449023405439
6,l56,True,0.0004180031120848329,-0.005263800168411718
6,l57,True,0.004327631612937694,0.003140162754662015
6,l58,True,6.067596120535396,12.41477278150795
6,l59,True,0.0010731179692629667,-0.00015852917666688883
6,l60,True,-6.953721954885105e-08,-0.012252378929646706
6,l61,True,0.11186007797649654,-0.0003020927739125909
6,l62,True,0.058736795883683954,-0.009872872908767021
6,l63,True,0.10907311946346454,-0.02397624463696411
6,l64,True,0.09066124963524635,-0.047032393698886156
6,l65,True,0.022658450264221756,-0.05901962537125655
6,l66,True,0.029225446592383377,0.028468760696770914
6,l68,True,0.5837572422375088,1.1866980963544047
6,l69,True,0.02789578501800861,0.026688208241521353
6,l70,True,0.011861700712121092,0.010146141011289729
6,l71,True,0.004460129142786173,0.0029329551478294888
6,l72,True,0.11520737107572496,0.11518466491101571
6,l73,True,0.3125845519973227,0.6672438227115781
6,l74,True,0.06722348352806876,0.06610710847342853
6,l75,True,0.0174043967512589,0.015315306097993015
6,l76,True,0.45147983440856476,0.9040515282560955
6,l77,True,0.07430526608896117,0.16386924572102726
6,l78,True,0.11558870366838528,0.23085039404488633
6,l79,True,0.004081168096912444,0.003850421239960269
6,l80,True,0.5673634873349147,1.1557201949555602
6,l81,True,0.21855809911267715,0.4450730151925236
6,l82,True,0.328427534452072,0.6539662153604149
6,l83,True,0.06678224363020127,0.06372161916353798
6,l84,True,0.3419870750958944,0.6917287558772659
6,l85,True,0.020876251498215426,0.018370047067091947
6,l86,True,0.07078557661314698,0.13992793001577228
6,l87,True,0.01806361760584332,0.017297418344431208
6,l88,True,0.02829207671542463,0.05475873398646945
6,l89,True,0.022432674746560223,0.021508533898304448
6,l90,True,0.01386403657883784,0.023776145767085838
6,l91,True,0.03148803941049482,0.030152106086272397
6,l92,True,0.0059288820116548445,0.007866918757809942
6,l93,True,0.011900733947884873,0.010472694922309529
6,l94,True,0.004955519040616049,0.0037750187669464614
6,l95,True,0.0023792445046656213,0.0014315885401647392
6,l96,True,0.0033931799768834024,-7.08313681952859e-05
6,l97,True,0.005889460782353126,-0.0015618836168923736
6,l98,True,0.0020919547752273502,-0.00290793626274899
6,l99,True,-8.2254393982648e-08,-0.02028581237576845
6,l118,True,0.5033037496531615,1.02275270494874
6,l101,True,0.5536367699179682,1.125047067506108
6,l105,True,0.6543015572248841,1.3296267888836737
6,l108,True,-1.0235211746695628e-07,-0.025370634819109082
6,l114,True,0.8456376239394886,1.7247134998053224
6,l116,True,3.5230781535112765,7.264705938211864
6,l117,True,1.9787429004290606,4.025485753751389
6,sw1,True,0.00043939370661973955,-9.782204870134591e-09
6,sw2,True,0.00015191425452940166,-5.6437602324876935e-09
6,sw3,True,3.889797470765188e-05,-1.8146238289773465e-10
6,sw4,True,0.00011155455227708444,-4.935587639920413e-09
6,sw5,True,3.473340382333845e-05,-2.020678948611021e-10
6,sw6,True,5.681219383824043e-19,-2.0816681711721686e-20
6,sw7,False,0.0,0.0
6,sw8,True,1.1778947737184353e-06,-8.367351256310939e-12
6,sw9,True,2.297962430748157e-05,-1.5281548257917165e-09
7,l115,True,10.86443661859713,22.629351162363484
7,l1,True,0.0009412427948991536,6.808677925437224e-05
7,l2,True,0.033824896955062286,0.033042753421494125
7,l3,True,7.639280140643124,15.885624593941408
7,l4,True,0.004371278589915164,0.00343435241943007
7,l5,True,0.015729661443772785,0.014326496630246766
7,l6,True,0.005359404292616091,0.004188470027913354
7,l7,True,5.0470091908796455,10.488632131909341
7,l8,True,0.0012185110825594166,0.00010381800349114201
7,l9,True,0.030435201448381122,0.029757651071526198
7,l10,True,7.200551752896398,14.937268035414688
7,l11,True,0.020241284924577486,0.018451846307778397
7,l12,True,0.020449967855311117,0.01999920965975616
7,l13,True,2.7421294764501507,5.554939232999779
7,l14,True,0.005232149326529907,0.0040890424792414705
7,l15,True,0.0013533127513255748,0.000156599021654074
7,l16,True,0.008385135054741113,0.006672673071776444
7,l17,True,0.001955411864555572,0.0002758736135092477
7,l18,True,0.022213488467525168,0.02132336408446281
7,l20,True,0.007036080717054574,0.005579867189155266
7,l21,True,0.032668120083690154,0.030506324580539514
7,l22,True,0.02935903402191616,0.058862114163777735
7,l23,True,0.037389857249429045,0.03526013911452537
7,l24,True,0.021744403492997662,0.04120463375544932
7,l25,True,0.008420945900496008,0.01529200592899906
7,l26,True,0.004324226612876373,0.00507925046364835
7,l27,True,0.0060474718265668016,0.010915080448841458
7,l28,True,0.003843979548983043,0.0028291681853461342
7,l29,True,0.03194023288502649,0.02993387069061282
7,l30,True,0.006992849280519294,0.009766188553228857
7,l31,True,0.008194084467620997,0.011509832753527008
7,l32,True,-1.9583864120638348e-08,-0.0044531353877188045
7,l33,True,0.0012815834745779284,-0.00012374321863626393
7,l34,True,0.005029851279850846,0.004611293497675433
7,l36,True,0.676622576924623,1.384436616945779
7,l41,True,0.6766250263832044,1.384454555227625
7,l43,True,0.5413017753369058,1.1075765191637184
7,l45,True,-2.844076808127185e-08,-0.00555758169056792
7,l52,True,1.8078770085374125,3.71640731427852
7,l53,True,1.1019051088597624,2.260437928973479
7,l54,True,0.0008538951982347843,-0.0043281002898511
7,l55,True,3.0149529005968945,6.18693693207945
7,l56,True,0.0005343081116239744,-0.0049365990501170935
7,l57,True,0.005518658345339645,0.004359183673255757
7,l58,True,6.311034281534027,12.922658818310426
7,l59,True,0.0013784181693663412,0.00016267238506043212
7,l60,True,-7.347909879009372e-08,-0.012095780996764555
7,l61,True,0.1416095603567519,0.014733326661582396
7,l62,True,0.07446682401459111,-0.0018684371549024946
7,l63,True,0.1382426837143794,-0.009136096696965978
7,l64,True,0.11517401541006984,-0.03369189888415713
7,l65,True,0.029250122478850244,-0.05482947716532726
7,l66,True,0.036473667271027806,0.035833574096959635
7,l68,True,0.697223365887592,1.4188387969238974
7,l69,True,0.03481253763553832,0.03372348882521692
7,l70,True,0.014801756903681962,0.01315440168585701
7,l71,True,0.005565462971098896,0.004077089906128094
7,l72,True,0.1571169267820369,0.15769308070952684
7,l73,True,0.27629044080387394,0.5982947818755637
7,l74,True,0.09165712344131316,0.09090615562858147
7,l75,True,0.023730479431600542,0.02176268376410735
7,l76,True,0.43764964008117385,0.8754452416322892
7,l77,True,0.07165127186414975,0.16155787213361328
7,l78,True,0.11189285191978707,0.22300072794037987
7,l79,True,0.005563087022944415,0.007419894250813999
7,l80,True,0.5491615427824654,1.1202563983818399
7,l81,True,0.21344653140978334,0.4353513312760042
7,l82,True,0.32235555276712696,0.6403131121904008
7,l83,True,0.0910637036160042,0.08839392173981832
7,l84,True,0.3372923814210808,0.68224792095882
7,l85,True,0.02846374641237344,0.026103017631638067
7,l86,True,0.09266879048736883,0.1886294474472088
7,l87,True,0.01858013749836391,0.01783623069413443
7,l88,True,0.03393577608655323,0.06711499056513276
7,l89,True,0.023776834736796447,0.022885305150892238
7,l90,True,0.015946411777047614,0.02802340613662818
7,l91,True,0.03244168259042635,0.031142284010791627
7,l92,True,0.00825143280776384,0.013273870401962498
7,l93,True,0.016220219589471525,0.01487576320318476
7,l94,True,0.00702226112395727,0.008649435158457685
7,l95,True,0.0033716418069961946,0.002450158353736697
7,l96,True,0.004279930414264527,0.001827054098350345
7,l97,True,0.007457256200646953,0.001923477064252438
7,l98,True,0.0026132953981104945,-0.0016351388506809599
7,l99,True,-8.506821751831306e-08,-0.020014650847634124
7,l118,True,0.5985591184861841,1.2177621515291976
7,l101,True,0.6584179035206907,1.3395590499693208
7,l105,True,0.7781341107494664,1.5831430845999421
7,l108,True,-1.0579193986542746e-07,-0.02503323066033165
7,l114,True,1.01508952594694,2.071958048810935
7,l116,True,3.711627166795661,7.64678788307045
7,l117,True,1.9848650326786446,4.040292847138116
7,sw1,True,0.0004663716972572729,-1.0902323992922902e-08
7,sw2,True,0.00016005758906248956,-6.457878043875098e-09
7,sw3,True,4.669193929294124e-05,-2.4237670004367827e-10
7,sw4,True,0.00011180434061679989,-5.529036570806056e-09
7,sw5,True,4.130450153024867e-05,-2.8549402486532926e-10
7,sw6,True,5.624840870854797e-19,2.0816681711721686e-20
7,sw7,False,0.0,0.0
7,sw8,True,8.794767018116545e-07,-2.0692823454737662e-11
7,sw9,True,1.662840717472136e-05,-1.4366523828357458e-09
8,l115,True,11.271823930915678,23.482488639584773
8,l1,True,0.00110199609168194,0.00023503473213258986
8,l2,True,0.03936204388998158,0.038663283121451966
8,l3,True,7.8879828861498975,16.40377787401312
8,l4,True,0.005125000191732397,0.004204261714525273
8,l5,True,0.01821259579049729,0.01685309880517889
8,l6,True,0.0061898670774025956,0.0050377504051175494
8,l7,True,5.207520632680272,10.822876074547239
8,l8,True,0.001427522962389048,0.0003214666218209459
8,l9,True,0.03542095861006237,0.03481965680861686
8,l10,True,7.401513804604648,15.356587291454721
8,l11,True,0.02341815546527141,0.02168704374176741
8,l12,True,0.02384820346808556,0.0234497009673978
8,l13,True,2.8116512136390663,5.695138537129853
8,l14,True,0.006035555322989239,0.004912188666732618
8,l15,True,0.0015747556470287235,0.0003897555698713404
8,l16,True,0.009849707630335615,0.008171322221924128
8,l17,True,0.0022968430351993445,0.0006349611887007995
8,l18,True,0.0259772206648413,0.02514837318680293
8,l20,True,0.008187441284047964,0.006759489609466982
8,l21,True,0.040361893894994866,0.03832071047791396
8,l22,True,0.03580517480566778,0.07322257240465115
8,l23,True,0.04726894901481137,0.04529720269110112
8,l24,True,0.02511498776886583,0.049192346710104175
8,l25,True,0.010518832484645827,0.020189944136551275
8,l26,True,0.005723098093919361,0.00820940902696384
8,l27,True,0.007544618491099187,0.014468940065487348
8,l28,True,0.004841318286555179,0.0038491355344231126
8,l29,True,0.03984732383074879,0.0379696994058977
8,l30,True,0.008844415900595776,0.01417288312144592
8,l31,True,0.010358577504724962,0.016664971947251615
8,l32,True,-1.6120723972739857e-08,-0.004421009086652273
8,l33,True,0.0016141309882732457,0.00022532933009188126
8,l34,True,0.005908313421561616,0.005505529384943656
8,l36,True,0.7645778628418921,1.5654054450083494
8,l41,True,0.7645804588590399,1.5654244458002795
8,l43,True,0.6116662256806158,1.2523531914076156
8,l45,True,-2.3765014596222858e-08,-0.005516688262127576
8,l52,True,1.8384558884183644,3.776185273384901
8,l53,True,1.1179603557843947,2.2916820497910666
8,l54,True,0.0009923874731179103,-0.003987348843301126
8,l55,True,3.051241529388237,6.266085286072564
8,l56,True,0.0006253090977569644,-0.0046848891008802514
8,l57,True,0.00644523980453232,0.005307219053451263
8,l58,True,6.370149349650834,13.053913588010145
8,l59,True,0.0016182371061968298,0.00041453813677162543
8,l60,True,-6.165557103709031e-08,-0.011984536058562716
8,l61,True,0.16446949474848224,0.02624785733479803
8,l62,True,0.08657782398263225,0.004266678612344549
8,l63,True,0.16069334181622252,0.0022290708260334214
8,l64,True,0.13410520277213073,-0.02346279660876462
8,l65,True,0.03444734003289341,-0.05159782209928016
8,l66,True,0.04193801883740525,0.04138475332960661
8,l68,True,0.8009283187116379,1.6310632365498459
8,l69,True,0.04002666398903239,0.0390255102394367
8,l70,True,0.01701787881583732,0.015420251007726619
8,l71,True,0.0063985994544127605,0.004938052970439457
8,l72,True,0.19324770620741766,0.19433675333279826
8,l73,True,0.24895614509805455,0.5462482331917854
8,l74,True,0.1127145442229521,0.11227399442430033
8,l75,True,0.029183091116748983,0.027314494131504035
8,l76,True,0.4295004722521335,0.8587309440832469
8,l77,True,0.07543535860714473,0.16918093500722897
8,l78,True,0.10949514300753072,0.217894084876345
8,l79,True,0.00684075609513986,0.010485479329235247
8,l80,True,0.5366372559632145,1.0959981600182074
8,l81,True,0.21002193778018408,0.42892416372313164
8,l82,True,0.31812381904341236,0.6307821253060247
8,l83,True,0.11199657035859127,0.10965475034667907
8,l84,True,0.333962136060225,0.675539909408195
8,l85,True,0.035004006265990026,0.03276221347067622
8,l86,True,0.11305334196834156,0.2339384153153078
8,l87,True,0.019286945815554644,0.018563230859086614
8,l88,True,0.03917852812349883,0.0785870565920195
8,l89,True,0.02533475770866062,0.0244763917992168
8,l90,True,0.017873315674696643,0.03197285670226847
8,l91,True,0.03371288410267152,0.03244730580538453
8,l92,True,0.010306201276924488,0.018042870698165746
8,l93,True,0.01994605987201794,0.018669551772924023
8,l94,True,0.008887349099364656,0.01302787687972159
8,l95,True,0.004267287944010605,0.003367373472057807
8,l96,True,0.004959630494609882,0.0032771714634709497
8,l97,True,0.00866583363573227,0.004599726112563075
8,l98,True,0.0030063751507623236,-0.0006797090175168706
8,l99,True,-6.97713988573701e-08,-0.01982149516393008
8,l118,True,0.6871019201151212,1.3990611472741292
8,l101,True,0.7558151822527288,1.5389893167762347
8,l105,True,0.8932402486001374,1.8188352384432946
8,l108,True,-8.67366320737289e-08,-0.02479285107982079
8,l114,True,1.1470529928635225,2.342364725058418
8,l116,True,3.783623778101057,7.788413196393223
8,l117,True,1.9465281438160456,3.9645787294940456
8,sw1,True,0.00048365493561141194,-9.351759217679501e-09
8,sw2,True,0.0001631730954395607,-5.631882231682539e-09
8,sw3,True,5.276158946799114e-05,-2.349843271076679e-10
8,sw4,True,0.00010954210232011973,-4.749166691908613e-09
8,sw5,True,4.741050413576886e-05,-2.964661689475179e-10
8,sw6,True,5.54677831443584e-19,1.3877787807814457e-20
8,sw7,False,0.0,0.0
8,sw8,True,1.2590061141963815e-06,-2.6586349122226238e-11
8,sw9,True,1.1642892452073283e-05,-9.975919965654612e-10
9,l115,True,11.457050154447439,23.862721709405307
9,l1,True,0.0011753873800062137,0.00031158549701285667
9,l2,True,0.0418601857985559,0.041198851478235154
9,l3,True,8.001249007293605,16.63402736945136
9,l4,True,0.005470126211759635,0.0045570744441010905
9,l5,True,0.01932075663282012,0.017981145784953696
9,l6,True,0.006558420838253369,0.005415113929217114
9,l7,True,5.280646511850529,10.971463799680496
9,l8,True,0.001523051796177242,0.0004214287450640768
9,l9,True,0.03766864650191565,0.03710183793991018
9,l10,True,7.49338860291487,15.543642828311508
9,l11,True,0.024833516559268902,0.023129159221087322
9,l12,True,0.025387790479217073,0.025012678546983805
9,l13,True,2.9498688185130595,5.976080121060571
9,l14,True,0.0063912766970024674,0.005277188683276108
9,l15,True,0.0016745506206771097,0.0004953254200281662
9,l16,True,0.010522944856209505,0.008860772374764564
9,l17,True,0.0024537760923376483,0.0008007321350396524
9,l18,True,0.0276903067945168,0.026889548470007865
9,l20,True,0.008706084459932754,0.007291673729368995
9,l21,True,0.04446397613309819,0.042486052635624216
9,l22,True,0.03995266471346986,0.08236179931730293
9,l23,True,0.05269459357434971,0.050806866717270166
9,l24,True,0.028248653765294875,0.05596907811031633
9,l25,True,0.011654664556481294,0.022842314133187755
9,l26,True,0.006216858447307459,0.009325408666263683
9,l27,True,0.008353636640769928,0.016388962308795704
9,l28,True,0.005388108903753163,0.004408154000389914
9,l29,True,0.04411971419956535,0.04231066590163755
9,l30,True,0.009862347491340188,0.016594441197637935
9,l31,True,0.011548346039715397,0.019497117944643833
9,l32,True,-6.687900670848075e-08,-0.0044032377028087296
9,l33,True,0.0017964394346272456,0.00041665378000925555
9,l34,True,0.006312131830141879,0.005916646938705526
9,l36,True,0.8375472210334265,1.7154007090561498
9,l41,True,0.837549929045199,1.7154205583410804
9,l43,True,0.6700418815669836,1.372350688061677
9,l45,True,-9.256459019434487e-08,-0.005494117927539245
9,l52,True,1.8084896561901551,3.711823358310845
9,l53,True,1.0982436983654043,2.249713164415727
9,l54,True,0.001054908468211489,-0.003831287046899028
9,l55,True,2.9928082518925656,6.147865262019106
9,l56,True,0.0006668338567003502,-0.004567486215740218
9,l57,True,0.0068656257694965465,0.005737595272948965
9,l58,True,6.23837302130193,12.787946807499306
9,l59,True,0.0017278972722233447,0.0005301848856961442
9,l60,True,-2.1648217177040437e-07,-0.011929971542789826
9,l61,True,0.17473966913644107,0.03144081355941307
9,l62,True,0.09202759782940848,0.007041728275507922
9,l63,True,0.17079624319633877,0.00736978703206114
9,l64,True,0.1426595330566488,-0.018809225470147795
9,l65,True,0.03684261061493453,-0.050090293958179245
9,l66,True,0.04434909159298695,0.04383515626122971
9,l68,True,0.8720875654539559,1.7766957158436998
9,l69,True,0.04232723856475786,0.04136601416874691
9,l70,True,0.01799562557201716,0.016420864247062128
9,l71,True,0.006766175378947082,0.005318575018887713
9,l72,True,0.21251601964968722,0.2138713458657512
9,l73,True,0.2309624976409832,0.510260238232906
9,l74,True,0.12394182783011638,0.12366203412508185
9,l75,True,0.03209048035025626,0.030272770387375202
9,l76,True,0.4262798286685502,0.8519101651696838
9,l77,True,0.08327827657176386,0.18226464842414133
9,l78,True,0.10843892678357951,0.21560312084588804
9,l79,True,0.007522385807960918,0.012118949126240057
9,l80,True,0.530841854486258,1.0846732961822128
9,l81,True,0.2084459689175419,0.42598521381794124
9,l82,True,0.31611341990579966,0.6262347685039859
9,l83,True,0.12316076859864551,0.12098822575194208
9,l84,True,0.3323498999651347,0.6722815395148064
9,l85,True,0.03849181932463398,0.036310970679172896
9,l86,True,0.124545665013291,0.25927179252633503
9,l87,True,0.01976333543015062,0.01903660613007378
9,l88,True,0.04213666102541901,0.08500462218419852
9,l89,True,0.026288341398816556,0.02543437714434549
9,l90,True,0.018955628056115528,0.03418776229283685
9,l91,True,0.034513726226316065,0.03326597633910569
9,l92,True,0.011464975185386599,0.0207265079051655
9,l93,True,0.022140805138638826,0.020902717657809263
9,l94,True,0.009905426595414851,0.01540982976195047
9,l95,True,0.004755874910420971,0.0038666551078058546
9,l96,True,0.005263205988663686,0.0039284171115705245
9,l97,True,0.009206187037274504,0.005807485056939185
9,l98,True,0.003179716642778658,-0.00025486788151647487
9,l99,True,-2.809145165204066e-07,-0.019726623724614846
9,l118,True,0.7496672492148355,1.5271594011715788
9,l101,True,0.8246371739367605,1.679898325454822
9,l105,True,0.9745755029051797,1.9853653125993296
9,l108,True,-3.5002062445466335e-07,-0.024674705033022847
9,l114,True,1.2565315020982526,2.566564917302152
9,l116,True,3.7273354143936888,7.666410147072165
9,l117,True,1.8732113546154578,3.8149655465878243
9,sw1,True,0.0004914346020668746,-4.512380110099912e-08
9,sw2,True,0.00016071063827257604,-2.239361492684111e-08
9,sw3,True,5.7795256783720106e-05,-1.2247910490259528e-09
9,sw4,True,0.00010533498227596283,-1.728357165120542e-08
9,sw5,True,5.172560800565407e-05,-1.230713678523898e-09
9,sw6,True,5.54677831443584e-19,6.938893903907229e-21
9,sw7,False,0.0,0.0
9,sw8,True,1.5895622568677936e-06,-3.325840225443244e-11
9,sw9,True,8.716902506421321e-06,-2.253524144180119e-09
10,l115,True,12.02988502647297,25.058748755055944
10,l1,True,0.0012254657104167563,0.00036318669601769215
10,l2,True,0.043573379662513616,0.04293761423215983
10,l3,True,8.40517145452206,17.476614673084843
10,l4,True,0.0057038369414694895,0.004795248875254401
10,l5,True,0.02008793930505635,0.018761053806374547
10,l6,True,0.00681491336718318,0.0056767198891120646
10,l7,True,5.5473613507619595,11.527433312619774
10,l8,True,0.0015883488365761877,0.0004888858861668269
10,l9,True,0.03921243766899715,0.038669021932983015
10,l10,True,7.8731734156504976,16.33342877646131
10,l11,True,0.02580256012384052,0.024115929940417117
10,l12,True,0.026440288415382384,0.02608138868187598
10,l13,True,3.431666271203896,6.956449296660983
10,l14,True,0.006634497417926468,0.005526416976004839
10,l15,True,0.0017430484866963526,0.000567451620096108
10,l16,True,0.010977704244185588,0.009324974568366088
10,l17,True,0.0025597934727211395,0.0009109906622761628
10,l18,True,0.028876646935248572,0.028095534358177247
10,l20,True,0.009062215900677984,0.00765729702990393
10,l21,True,0.04267604071343521,0.040679799900557555
10,l22,True,0.0420292203773206,0.08636432643187436
10,l23,True,0.050714650043475556,0.04880829648058716
10,l24,True,0.04412505472308112,0.08674351958104308
10,l25,True,0.01120112988512119,0.021800905788455567
10,l26,True,0.010243409701477503,0.017258873241909896
10,l27,True,0.008025165062911217,0.015624528982756982
10,l28,True,0.005189188402411673,0.004209450353288048
10,l29,True,0.042384697181521915,0.040559257414002785
10,l30,True,0.009494975131914543,0.015749074069790366
10,l31,True,0.01111887328636658,0.018508075088626355
10,l32,True,-2.2365714809905334e-08,-0.004391128330160951
10,l33,True,0.0017301249332649605,0.0003531750534875755
10,l34,True,0.0065848841243278,0.0061940793586218205
10,l36,True,0.876001449207135,1.7945885538482835
10,l41,True,0.8760042196428985,1.7946088299793628
10,l43,True,0.700805358380836,1.4357016104251816
10,l45,True,-2.7456841688902164e-08,-0.005480914922224053
10,l52,True,1.7645717851121445,3.623092412465652
10,l53,True,1.0703634239656385,2.1932927503519895
10,l54,True,0.0010973332717139912,-0.0037305821031344524
10,l55,True,2.9140910312533377,5.9873511877408525
10,l56,True,0.0006951359401896663,-0.004493659639703115
10,l57,True,0.007153324840885034,0.006030914982287868
10,l58,True,6.068422805025941,12.441256733541952
10,l59,True,0.001802343172072142,0.000607024281645863
10,l60,True,-5.17577227533198e-08,-0.011910679349270788
10,l61,True,0.18183782793808495,0.03494963263072714
10,l62,True,0.0957866086110007,0.008899003988160984
10,l63,True,0.17775928068824579,0.010800208001375723
10,l64,True,0.14849894630057678,-0.01576695116067276
10,l65,True,0.03843033244786784,-0.04918812378746952
10,l66,True,0.04602231549017597,0.045533425949201047
10,l68,True,0.9276780457181739,1.8904144430542802
10,l69,True,0.04392374839693366,0.0429876690951387
10,l70,True,0.018674106609571025,0.017113087126268512
10,l71,True,0.0070212254944744925,0.005581048502383055
10,l72,True,0.20404597316823492,0.2052935636293114
10,l73,True,0.22782726942453882,0.5028129489673593
10,l74,True,0.11900639937301458,0.11866513449607737
10,l75,True,0.030812381952811847,0.02898069166301866
10,l76,True,0.42598401519324397,0.8517363092219457
10,l77,True,0.09100200005120132,0.19091310135713138
10,l78,True,0.10845221748915355,0.21573063104893664
10,l79,True,0.0072144822081106775,0.011401060055349523
10,l80,True,0.5311565867219542,1.0851964341731508
10,l81,True,0.2083429022221608,0.4256465664979769
10,l82,True,0.315842292176505,0.6259344638147158
10,l83,True,0.11825604556771577,0.11602464643652274
10,l84,True,0.33183606190361026,0.6712308111043239
10,l85,True,0.03695952473986108,0.03476191849839597
10,l86,True,0.12001324418168952,0.24948469429744727
10,l87,True,0.019507715032399574,0.018786626443506975
10,l88,True,0.04094210339294659,0.08249213012021937
10,l89,True,0.0258571957407039,0.025016406106340584
10,l90,True,0.01852005715273117,0.03331636980779149
10,l91,True,0.034076462499091575,0.03282576600384345
10,l92,True,0.011023460055113362,0.019729105509365026
10,l93,True,0.02130866250040708,0.02006198741904518
10,l94,True,0.009517869316967211,0.01452867521682132
10,l95,True,0.004570171543222387,0.003679209280611758
10,l96,True,0.005474216518792673,0.004368769387036082
10,l97,True,0.009586673500805772,0.006625896887768249
10,l98,True,0.003303433831231814,3.5350557936908444e-05
10,l99,True,-8.291490167677182e-08,-0.019694247642190837
10,l118,True,0.7988551134557929,1.6278228562687
10,l101,True,0.8787439306273591,1.7906288492720341
10,l105,True,1.038519993204216,2.1162296281291346
10,l108,True,-1.0332108198617746e-07,-0.024634551643357944
10,l114,True,1.3142651467688264,2.685017809081255
10,l116,True,3.641223072412773,7.492837940760604
10,l117,True,1.800347358392144,3.666709364233666
10,sw1,True,0.000516172400326468,-1.530663575977087e-08
10,sw2,True,0.00015703802625648678,-5.348323611542582e-09
10,sw3,True,6.045139423804358e-05,-5.206966307014226e-10
10,sw4,True,0.00010129160911310464,-3.3209907996933906e-09
10,sw5,True,5.511681153438985e-05,-2.273591235280037e-10
10,sw6,True,5.54677831443584e-19,0.0
10,sw7,False,0.0,0.0
10,sw8,True,1.197053126816172e-06,-2.958404365926981e-11
10,sw9,True,7.738743457593954e-06,3.7963036447763444e-10
11,l115,True,1.1507540758076065,2.4852798517099
11,l1,True,0.0012556382195234618,0.00036259043691643455
11,l2,True,0.04620110377327365,0.04555437471308323
11,l3,True,0.6941034719173913,1.5011351893388345
11,l4,True,0.005827844826162618,0.00488310625273698
11,l5,True,0.02183376004463935,0.020469508681751906
11,l6,True,0.0074982009774576,0.006322211995129692
11,l7,True,0.4385168455392413,0.9458023084651214
11,l8,True,0.0016128706258095918,0.00046351381073054653
11,l9,True,0.0415617147136727,0.0410021383571584
11,l10,True,0.49113379513774996,1.0496998778637936
11,l11,True,0.02816562588902889,0.026419490442924142
11,l12,True,0.027711625338284647,0.02732909510386162
11,l13,True,0.034455326900492474,0.05807867241939821
11,l14,True,0.007347709845955251,0.006195323316522262
11,l15,True,0.0018491291308473591,0.0006208024085162834
11,l16,True,0.01101476345712581,0.00925930129290282
11,l17,True,0.0025684769309264085,0.0008233321284660633
11,l18,True,0.029744451683567603,0.028904794237139868
11,l20,True,0.009615179758911836,0.008125688817646732
11,l21,True,0.03748987165055587,0.03543882839783328
11,l22,True,0.009112941497216524,0.014307511203336617
11,l23,True,0.04386021294756938,0.0418173517739815
11,l24,True,0.023716814367395273,0.041456475878050694
11,l25,True,0.00987945262353969,0.018655261459964094
11,l26,True,0.008264609475516408,0.011959474716863042
11,l27,True,0.007079004051795356,0.013325930215955895
11,l28,True,0.004493886274820397,0.0034859858499839903
11,l29,True,0.037388130805135006,0.035426316944573044
11,l30,True,0.013602655271031836,0.022970493992601405
11,l31,True,0.015954851145794237,0.02698280188226272
11,l32,True,-3.1889518073610685e-11,-0.004455664481657371
11,l33,True,0.0014982861828430033,9.324169909268676e-05
11,l34,True,0.006607135195125011,0.006189134403753996
11,l36,True,1.998812664272265e-10,-0.005546983658776636
11,l41,True,0.8999923373206402,1.838290943048487
11,l43,True,0.7199958874197327,1.47064761331318
11,l45,True,2.923779941099957e-11,-0.005546984305510229
11,l52,True,0.1880093633365468,0.3921751413769671
11,l53,True,0.10175024772112375,0.2102664389242127
11,l54,True,0.0011574823445900748,-0.003959110976262989
11,l55,True,0.25479151951969836,0.516290359711973
11,l56,True,0.0006974373834894695,-0.004845207128882498
11,l57,True,0.007359663510727842,0.006162575235402983
11,l58,True,0.508370813568632,1.0335323248313943
11,l59,True,0.001797719918526127,0.000524782206078271
11,l60,True,1.0499947125099888e-10,-0.012736367903595057
11,l61,True,0.19535340518709562,0.03790088072038634
11,l62,True,0.10225501515189535,0.00947221863102459
11,l63,True,0.19000552662725387,0.011608300929117831
11,l64,True,0.15686363349882596,-0.017710342551959912
11,l65,True,0.03809452201628301,-0.054006278642929825
11,l66,True,0.05167407746776007,0.05119595109803777
11,l68,True,0.0053833095774716636,0.004364939290298935
11,l69,True,0.04931708274511038,0.04836332655816295
11,l70,True,0.020966632687603123,0.01932882495535887
11,l71,True,0.007883124426378344,0.006363284012339136
11,l72,True,0.1871064545607078,0.18831189172918675
11,l73,True,0.08457831431156956,0.19358267714751856
11,l74,True,0.10488551616562472,0.1045916576943855
11,l75,True,0.030959326885218616,0.029404768498861814
11,l76,True,0.22615595118102283,0.44863338307927186
11,l77,True,0.16309787220584984,0.31532885793186144
11,l78,True,0.10140048452714837,0.2032256289361103
11,l79,True,0.005688437651348892,0.008231735806384588
11,l80,True,0.4922804871698172,1.009275743429811
11,l81,True,0.1938970296516418,0.3978396970189351
11,l82,True,0.29488532261810907,0.5878165195926267
11,l83,True,0.1164894677723496,0.11471088880142634
11,l84,True,0.3080432189100652,0.6257093375796976
11,l85,True,0.0364633444155188,0.03459387608282486
11,l86,True,0.10979511999880197,0.23101524905183396
11,l87,True,0.0179589493688909,0.01733053030847077
11,l88,True,0.045289695005394606,0.09154966392869028
11,l89,True,0.02523511710067396,0.024348314112656227
11,l90,True,0.03244368409176968,0.06409374234624192
11,l91,True,0.030809686472712202,0.029729345646304865
11,l92,True,0.03462738587663989,0.07099224191060785
11,l93,True,0.021135382819709777,0.02005564581024737
11,l94,True,0.008102167464201303,0.011846348792493857
11,l95,True,0.0038903405581222615,0.0029592933637140957
11,l96,True,0.005922074695572519,0.004804024138918976
11,l97,True,0.010273408591223415,0.007145526029298708
11,l98,True,0.0037612291739569626,0.0005329276618704171
11,l99,True,2.6249909132180014e-10,-0.021109726036030143
11,l118,True,6.011843403097572e-10,-0.005547917789328249
11,l101,True,0.9712517448004219,1.9837390520267217
11,l105,True,1.1478473112803185,2.3444507917276933
11,l108,True,4.2415442434366247e-10,-0.02219167718718413
11,l114,True,4.727350022548649e-11,-0.00738657921943893
11,l116,True,0.43462439912564876,0.9151306217026286
11,l117,True,0.05202245260151176,0.10683318195813808
11,sw1,True,4.625597718404606e-05,0.0
11,sw2,True,1.7773111438145862e-05,-2.9103830456733704e-14
11,sw3,False,0.0,0.0
11,sw4,True,2.495493805326987e-06,1.2732925824820996e-14
11,sw5,False,0.0,0.0
11,sw6,True,5.880712583561376e-19,0.0
11,sw7,False,0.0,0.0
11,sw8,False,0.0,0.0
11,sw9,False,0.0,0.0
12,l115,True,12.891579057432478,26.868844727313846
12,l1,True,0.0013510066583166918,0.0004901524553088166
12,l2,True,0.0480019535622414,0.047427511925234284
12,l3,True,9.003591133179492,18.732672363634542
12,l4,True,0.00629215258503973,0.00539183087632955
12,l5,True,0.022108955907693597,0.02081025065110589
12,l6,True,0.007497058380417002,0.006368544936345643
12,l7,True,5.940959039391717,12.352548700952553
12,l8,True,0.001750840885557409,0.0006530835991770801
12,l9,True,0.043202781883403076,0.042717414587172244
12,l10,True,8.422237253420288,17.479390875335636
12,l11,True,0.028357497092052653,0.02671121216512256
12,l12,True,0.029140105283819138,0.028818638190652564
12,l13,True,4.097968927742622,8.309884621284612
12,l14,True,0.0072824408952656084,0.006186261403083336
12,l15,True,0.001920253562504513,0.0007500037499512473
12,l16,True,0.012112155880964565,0.01047547345908788
12,l17,True,0.0028242365462665476,0.0011793846902100995
12,l18,True,0.03189310854782525,0.03115841518886009
12,l20,True,0.009983718539151596,0.00859705160017984
12,l21,True,0.03459229381397745,0.03248447402868623
12,l22,True,0.04787883825600147,0.09717183035872586
12,l23,True,0.0407821849770844,0.0387413200316405
12,l24,True,0.06780903484983719,0.1333230871292144
12,l25,True,0.009042063965167471,0.01680188532095599
12,l26,True,0.024404143328458302,0.045854278576243815
12,l27,True,0.006478840093344912,0.011988756261038456
12,l28,True,0.004187920066644438,0.003195226216177616
12,l29,True,0.034218528316661834,0.03228962005735593
12,l30,True,0.007634994443862524,0.011382179510786955
12,l31,True,0.00894454314129689,0.013399324776975845
12,l32,True,-9.879713688745542e-09,-0.004383771498676098
12,l33,True,0.0013962681103148497,1.569322915474913e-05
12,l34,True,0.0072653100202151105,0.006883997725875815
12,l36,True,0.9525105036717141,1.9520392805802984
12,l41,True,0.9525133945330745,1.952060407878831
12,l43,True,0.762012783953047,1.561663481003852
12,l45,True,-1.5113164821781165e-08,-0.005472034996185152
12,l52,True,1.7333427729330724,3.5631171744024686
12,l53,True,1.0491131420269375,2.151584492200207
12,l54,True,0.0012062830656179148,-0.0034968107571987854
12,l55,True,2.851703560784459,5.855182701580772
12,l56,True,0.0007646374943815317,-0.004335026676893903
12,l57,True,0.00787529330718462,0.00676094132217986
12,l58,True,5.931359856043709,12.14957860513786
12,l59,True,0.0019847393123036453,0.0007901347149536377
12,l60,True,-4.180157893165322e-08,-0.011912680532375378
12,l61,True,0.20033285531256115,0.04386200328137784
12,l62,True,0.10553897719974338,0.013555332553652988
12,l63,True,0.19582750709235552,0.01937956804429996
12,l64,True,0.16359651887246582,-0.00829598214665748
12,l65,True,0.042380116501466544,-0.047232586613332385
12,l66,True,0.05051537633831322,0.05009121900492755
12,l68,True,0.9882730540776392,2.014252929286362
12,l69,True,0.048210770143319676,0.04733767857614293
12,l70,True,0.020496012651463388,0.01896470973112082
12,l71,True,0.0077061418661287465,0.006279338739208469
12,l72,True,0.16562060834275324,0.16633753110706312
12,l73,True,0.2253428038742859,0.49111497379973296
12,l74,True,0.09661272167468268,0.09596024946661055
12,l75,True,0.025013702545227716,0.023098079922023316
12,l76,True,0.4296112283651601,0.8592962684025988
12,l77,True,0.09362381803600875,0.18793035078515094
12,l78,True,0.10972253683395684,0.21855694140339618
12,l79,True,0.005835913293964814,0.0081494810795744
12,l80,True,0.5381862974641408,1.0980413104847249
12,l81,True,0.20972798344631882,0.42783828961331166
12,l82,True,0.31716965692591476,0.6296465797275596
12,l83,True,0.09599971423005627,0.09345604687896776
12,l84,True,0.3320600027398941,0.6715551898900886
12,l85,True,0.030005893899171496,0.027707511210861412
12,l86,True,0.09857529594787774,0.20208034549032164
12,l87,True,0.018476388416806003,0.01775099008793768
12,l88,True,0.03537821413650818,0.07041488474163635
12,l89,True,0.024071074078987294,0.02319837473446023
12,l90,True,0.016444121943983193,0.02913520427610638
12,l91,True,0.032405226822200345,0.031130137814616318
12,l92,True,0.008853662929593935,0.014738680244120237
12,l93,True,0.017168438212211187,0.015866957408274176
12,l94,True,0.007614574020659055,0.010127340930934618
12,l95,True,0.0036561190645734314,0.002748497655324172
12,l96,True,0.006021013245412178,0.005479545455860716
12,l97,True,0.010556046293462714,0.008665446451397656
12,l98,True,0.0036381190947759024,0.0007847183082158153
12,l99,True,-4.145698519660006e-08,-0.019700770448673566
12,l118,True,0.8489027133733617,1.7301575999273338
12,l101,True,0.933796392703196,1.9031978066779993
12,l105,True,1.103582130306284,2.2492666596318593
12,l108,True,-5.1389097712516974e-08,-0.02464353970092902
12,l114,True,1.4290134284035885,2.920679433509067
12,l116,True,3.5851780128086683,7.388447009505275
12,l117,True,1.7288977496296867,3.5167283611923814
12,sw1,True,0.0005532242516055703,-4.845729563385248e-09
12,sw2,True,0.00015461680968292056,-3.379587724339217e-09
12,sw3,True,6.573014514287933e-05,-1.393345883116126e-10
12,sw4,True,9.741442068479955e-05,-3.0385926947928964e-09
12,sw5,True,5.8569530956447125e-05,-2.9437069315463303e-10
12,sw6,True,5.5359362927109855e-19,-3.469446951953614e-20
12,sw7,False,0.0,0.0
12,sw8,True,1.128087125835009e-06,-1.5534169506281613e-11
12,sw9,True,8.593837374064605e-06,-4.229659680277109e-10
13,l115,True,12.982537621943512,27.061462306599772
13,l1,True,0.0013242437127464655,0.00046211892652627283
13,l2,True,0.04710117088988045,0.04651321655934953
13,l3,True,9.078123987941071,18.89088552533349
13,l4,True,0.006164863565387349,0.005261554942850125
13,l5,True,0.021716123055412026,0.02041010144651227
13,l6,True,0.007367577289332985,0.006235705032093392
13,l7,True,5.991210985973011,12.45903187037236
13,l8,True,0.0017160410337728536,0.0006165186420657847
13,l9,True,0.042392267551927945,0.04189429713100617
13,l10,True,8.50136192447564,17.645552436272148
13,l11,True,0.027854008543872624,0.026198033623106312
13,l12,True,0.028580959184473613,0.02825111037054012
13,l13,True,4.051284339080972,8.215084833644534
13,l14,True,0.007156784799630259,0.006057251422931586
13,l15,True,0.001884290348358263,0.0007119372556799135
13,l16,True,0.011862382673531102,0.010219430011949953
13,l17,True,0.002766022447643991,0.001117557214374756
13,l18,True,0.03126908667621319,0.030524033070658332
13,l20,True,0.009796863624826074,0.008405284123255115
13,l21,True,0.032370019527974365,0.03022944825511513
13,l22,True,0.047477537291066255,0.09600556949940074
13,l23,True,0.0379411220316033,0.03585715218770201
13,l24,True,0.0645764920077636,0.12660639678795996
13,l25,True,0.008437720483543671,0.01539288375178512
13,l26,True,0.02349087122286437,0.043945398593783463
13,l27,True,0.006047605104872836,0.010966969164538562
13,l28,True,0.0039002608146474814,0.002901576397827739
13,l29,True,0.03194090902850439,0.02997676568212046
13,l30,True,0.00710172464876814,0.010116757448082353
13,l31,True,0.008321092052654421,0.011918810421037051
13,l32,True,3.1843311600591536e-08,-0.004390941289639209
13,l33,True,0.001300363091953841,-8.436473593519623e-05
13,l34,True,0.00711549324371299,0.006731449874212558
13,l36,True,0.9132571954315063,1.8713869711359148
13,l41,True,0.9132600310488488,1.871407674077229
13,l43,True,0.7306100539060426,1.4971409906815971
13,l45,True,4.3495883519157545e-08,-0.005481139738180434
13,l52,True,1.7838489042629952,3.668815980947533
13,l53,True,1.0806405539207626,2.2172835476308466
13,l54,True,0.0011836901283702036,-0.0035535102553839954
13,l55,True,2.9403284561086913,6.036260453521034
13,l56,True,0.000749577224945891,-0.00437822624916546
13,l57,True,0.007723722016158717,0.0066058161090713835
13,l58,True,6.121769083713531,12.537487278726468
13,l59,True,0.0019449313349978183,0.0007480011232337347
13,l60,True,9.657910366548186e-08,-0.011933307877828104
13,l61,True,0.19664712678875368,0.04199387625532108
13,l62,True,0.10357871333164803,0.012554153864177351
13,l63,True,0.1921936826369638,0.01752385001759103
13,l64,True,0.1604934936867503,-0.009989474681227876
13,l65,True,0.041488081203984624,-0.04779552970453733
13,l66,True,0.04966010850104794,0.049221442575559195
13,l68,True,0.9506354865375324,1.9372221308241568
13,l69,True,0.04739474476064061,0.04650702369096689
13,l70,True,0.02014922231012315,0.018609770934082916
13,l71,True,0.007575765769382997,0.006144474656979582
13,l72,True,0.15509430313366465,0.15566619780127075
13,l73,True,0.23796732527177664,0.5168378792169388
13,l74,True,0.09047712681017583,0.0897378521152059
13,l75,True,0.023425060556808604,0.021482906776054734
13,l76,True,0.43163799373283834,0.8637020468418778
13,l77,True,0.07759051780449226,0.15751761231511047
13,l78,True,0.11032689236267469,0.21988641660293798
13,l79,True,0.005463040667746373,0.007260095928556593
13,l80,True,0.5413123356274809,1.1041303682836006
13,l81,True,0.2105354998663388,0.4293176042115083
13,l82,True,0.3180868542251519,0.6318183122598566
13,l83,True,0.089900069315554,0.08726580168132932
13,l84,True,0.3326733560451903,0.6727882413686893
13,l85,True,0.02810005288580578,0.02576988891765359
13,l86,True,0.09271374470188312,0.1892133335955732
13,l87,True,0.018256658475409495,0.01752557984460145
13,l88,True,0.03385358128658845,0.06713774882286089
13,l89,True,0.02362698602749151,0.022757793403146934
13,l90,True,0.015886175997780812,0.028009211112403135
13,l91,True,0.03204110219253198,0.030758565297735914
13,l92,True,0.008241744290361926,0.013328264320455963
13,l93,True,0.015983451250154757,0.014662676500403904
13,l94,True,0.007088671511725379,0.008902177684025318
13,l95,True,0.0034037901443516603,0.0024911977249103072
13,l96,True,0.005913425051086961,0.005247552202610677
13,l97,True,0.010366329902102735,0.008236066540619504
13,l98,True,0.0035776856078773562,0.000635542979103775
13,l99,True,1.2802805125824599e-07,-0.019736899994413117
13,l118,True,0.8152267739541712,1.6612121908952104
13,l101,True,0.896752795531007,1.8273573867206288
13,l105,True,1.059803248469485,2.159636442785617
13,l108,True,1.598093999131885e-07,-0.02468856068922573
13,l114,True,1.3701554776334088,2.800140009312614
13,l116,True,3.6861389761709145,7.6005853246161275
13,l117,True,1.8061674109202577,3.674821479037535
13,sw1,True,0.0005572699718177319,2.0893581677228213e-08
13,sw2,True,0.00015899770508985968,9.035298717208206e-09
13,sw3,True,6.30237169098109e-05,6.619811756536365e-10
13,sw4,True,0.00010179921676171943,6.669270078418776e-09
13,sw5,True,5.624609539518133e-05,5.414767656475306e-10
13,sw6,True,5.525094270986131e-19,0.0
13,sw7,False,0.0,0.0
13,sw8,True,1.2002692819805815e-06,1.4180841390043498e-11
13,sw9,True,9.946637335815467e-06,2.626620698720217e-10
14,l115,True,13.334038167461054,27.7856337881255
14,l1,True,0.0012725110663286614,0.0004089191611947172
14,l2,True,0.04532162964436429,0.0447076200624615
14,l3,True,9.348736747893039,19.44931658493218
14,l4,True,0.005921944720499596,0.005014073860545977
14,l5,True,0.020919626607101238,0.01960063237834038
14,l6,True,0.00710138945838844,0.005964298396844242
14,l7,True,6.172356412987924,12.832724724638334
14,l8,True,0.0016489209375031351,0.0005474774720742062
14,l9,True,0.040789437999053914,0.040268159671635655
14,l10,True,8.777403257087688,18.213919292462787
14,l11,True,0.026831532043084735,0.025159055194344547
14,l12,True,0.027488414236155223,0.027142389764823745
14,l13,True,4.080587840084627,8.275292968709167
14,l14,True,0.006897990141755145,0.00579343487463484
14,l15,True,0.0018131166462153488,0.0006383258731930255
14,l16,True,0.011391506157469849,0.009739334484786014
14,l17,True,0.0026562599647859315,0.001003763899891055
14,l18,True,0.030060179402775247,0.029297016261083626
14,l20,True,0.009426759432855761,0.00802812853269279
14,l21,True,0.030203499940311303,0.028030406503527047
14,l22,True,0.048932149876491166,0.09865956586164976
14,l23,True,0.0352155458079942,0.033089521825048
14,l24,True,0.06143577359481424,0.12008757642816635
14,l25,True,0.007854084360540583,0.014033698016439302
14,l26,True,0.022601823831311776,0.04208968738809199
14,l27,True,0.005630580482783591,0.00997975493390438
14,l28,True,0.0036242101195748545,0.0026199393829901964
14,l29,True,0.02973842628912098,0.027740745617145877
14,l30,True,0.006590287863546109,0.008904382755157713
14,l31,True,0.007723116926426883,0.01050017353779549
14,l32,True,2.5174075526365995e-08,-0.004396560547121416
14,l33,True,0.0012083188450924354,-0.0001800629226827368
14,l34,True,0.006833068438623741,0.006444403740544658
14,l36,True,0.8750176722361939,1.7927141791602335
14,l41,True,0.8750204487545998,1.7927344564265368
14,l43,True,0.7000183460742119,1.4342021123522573
14,l45,True,3.422569748364268e-08,-0.005488413171429872
14,l52,True,1.887093194353627,3.8817847549141806
14,l53,True,1.1450667858504457,2.3498840973937987
14,l54,True,0.0011391479008864462,-0.0036553233920956756
14,l55,True,3.1205759684208316,6.404194169007824
14,l56,True,0.0007205683157851242,-0.004450675513421425
14,l57,True,0.007427181678100169,0.006303863325601924
14,l58,True,6.507544441994163,13.323517248223041
14,l59,True,0.0018684749052117694,0.0006692064055387163
14,l60,True,7.418313355045131e-08,-0.011948582727746834
14,l61,True,0.1892735849729943,0.038370634721286476
14,l62,True,0.09967454208583512,0.010639996533238445
14,l63,True,0.1849528732308245,0.013985742005701468
14,l64,True,0.15439584505886889,-0.013130270294408547
14,l65,True,0.039829173251600875,-0.048711261335545715
14,l66,True,0.04786727008064918,0.04740271386208769
14,l68,True,0.8942583393456298,1.821921964644891
14,l69,True,0.04568413298262749,0.04477107665188669
14,l70,True,0.019422255582430808,0.017870504257502036
14,l71,True,0.007302479519865301,0.005865423852230379
14,l72,True,0.14482749794746633,0.1452547367797597
14,l73,True,0.2606110898652405,0.5637821416360966
14,l74,True,0.08449222952267155,0.08366663224287185
14,l75,True,0.02187545293921721,0.019907683807992727
14,l76,True,0.4337094289104207,0.8679690578856971
14,l77,True,0.061990487988798124,0.1297444960657449
14,l78,True,0.11091368238184077,0.221149692913983
14,l79,True,0.005099002968191789,0.0063950089484670295
14,l80,True,0.5442968351667732,1.109794650986034
14,l81,True,0.21126254992997565,0.4306273588978511
14,l82,True,0.31886252698258616,0.6336918295708892
14,l83,True,0.08394972360844258,0.08122645793457559
14,l84,True,0.33312885500568884,0.6736880169569631
14,l85,True,0.026240770145763235,0.02387992570021015
14,l86,True,0.0871943363821265,0.17696017762770497
14,l87,True,0.018059899606974794,0.017324953678900783
14,l88,True,0.03241020282947284,0.06400047678306874
14,l89,True,0.02321235727729072,0.022334007200097403
14,l90,True,0.015350898384160245,0.0269361330248139
14,l91,True,0.03170326146726438,0.03041361878628959
14,l92,True,0.00766085050107348,0.011989270287361168
14,l93,True,0.014874037449590104,0.0135361932215892
14,l94,True,0.0065834733274866206,0.007726697843813207
14,l95,True,0.0031611459431187543,0.0022441553555818247
14,l96,True,0.005693939526187023,0.004791533224504747
14,l97,True,0.00997826490514126,0.007402179022126802
14,l98,True,0.0034498427424150577,0.00033812927695544203
14,l99,True,1.0183269017182242e-07,-0.019764102441138492
14,l118,True,0.7654461520315963,1.5593615628524713
14,l101,True,0.8419940077238134,1.7153209661102156
14,l105,True,0.995088178966369,2.027228785856336
14,l108,True,1.2718287790217364e-07,-0.02472224995678891
14,l114,True,1.3127756137062678,2.682565140676015
14,l116,True,3.8926121350909817,8.027330314580329
14,l117,True,1.9603927067591576,3.989552388422919
14,sw1,True,0.0005725307459942997,1.653065555728972e-08
14,sw2,True,0.00016789654607418924,6.669783033430576e-09
14,sw3,True,6.03844458819367e-05,5.224428605288267e-10
14,sw4,True,0.00011046097602229565,4.75456181447953e-09
14,sw5,True,5.2812609530519694e-05,3.6355049815028907e-10
14,sw6,True,5.507747036226363e-19,-1.3877787807814457e-20
14,sw7,False,0.0,0.0
14,sw8,True,1.4592155275749973e-06,1.2463715393096209e-11
14,sw9,True,1.2499631920945831e-05,2.626620698720217e-10
15,l115,True,13.50119593273732,28.117924342415062
15,l1,True,0.0012230655939711142,0.0003590535667171935
15,l2,True,0.043575414815655675,0.042937062280343524
15,l3,True,9.482774618602823,19.71708206078675
15,l4,True,0.005691296993107244,0.004780270442392066
15,l5,True,0.020119551676456467,0.018789469389786973
15,l6,True,0.006830798395567399,0.005689982459805833
15,l7,True,6.262828822181676,13.013778524244088
15,l8,True,0.0015849793433171727,0.00048315710462247806
15,l9,True,0.03921696188712667,0.03867403020625352
15,l10,True,8.920755869653192,18.50255042107645
15,l11,True,0.02581104267885894,0.024124124002235476
15,l12,True,0.026426695474117877,0.026065733935469324
15,l13,True,3.6769771604845882,7.454202239926526
15,l14,True,0.006637428784069925,0.005528965763034648
15,l15,True,0.001743250382009137,0.0005671456595209747
15,l16,True,0.010948807250057143,0.00929066497481108
15,l17,True,0.0025530569843322153,0.0008994204256168814
15,l18,True,0.0288838926797398,0.028104043702507624
15,l20,True,0.009063492471719656,0.0076589097109063
15,l21,True,0.031652630322132606,0.02949865234015306
15,l22,True,0.035346316783303335,0.0710801278570434
15,l23,True,0.0369573478117818,0.0348533029867358
15,l24,True,0.032393473134339726,0.06205284873579876
15,l25,True,0.008238578219017655,0.014923298661951776
15,l26,True,0.0075024594270071245,0.011449044550714462
15,l27,True,0.0059065576931609945,0.010627882715976983
15,l28,True,0.0038001244599727216,0.002797563449183144
15,l29,True,0.031196227547581657,0.02921695871225893
15,l30,True,0.006914192531068693,0.009662146934624615
15,l31,True,0.008101864073978504,0.01138699008495314
15,l32,True,-1.5357694011537098e-08,-0.004399313162420175
15,l33,True,0.0012669638593652054,-0.00012145551724006509
15,l34,True,0.0065675478871416995,0.006175195669107779
15,l36,True,0.8384262161428924,1.7173692168096895
15,l41,True,0.8384289314793423,1.7173890679861505
15,l43,True,0.6707450886882725,1.3739254970167385
15,l45,True,-2.479125012869409e-08,-0.005490185521973685
15,l52,True,2.0981798313307807,4.313473796917155
15,l53,True,1.275996153090382,2.6174873798309055
15,l54,True,0.0010957657996411574,-0.0037438735900372187
15,l55,True,3.4838572889186907,7.148759238600825
15,l56,True,0.0006932797987787057,-0.0045079139534596885
15,l57,True,0.007143037338755676,0.006017085585343011
15,l58,True,7.278149315840914,14.901391315527741
15,l59,True,0.001797234433455742,0.0005985774178061547
15,l60,True,-7.496536156278077e-08,-0.011931806346529059
15,l61,True,0.18193194643969765,0.034904379834355494
15,l62,True,0.09581007357685303,0.008844518450277974
15,l63,True,0.1777820786210068,0.010680090325527998
15,l64,True,0.14843748848159158,-0.01596106334587239
15,l65,True,0.038315903014830836,-0.049370628569828115
15,l66,True,0.046000047028050176,0.04551187255138939
15,l68,True,0.8563615174554289,1.7445400831966253
15,l69,True,0.043902501934746395,0.04296732898220216
15,l70,True,0.01866508998768404,0.017105010204071732
15,l71,True,0.007017847322727902,0.005578430301047774
15,l72,True,0.15158490614921902,0.15210453112540562
15,l73,True,0.27915740266304057,0.6047610547198565
15,l74,True,0.08843136627660715,0.08766122639665264
15,l75,True,0.02289536191475054,0.020944875349065115
15,l76,True,0.4320718065403198,0.8643656684967281
15,l77,True,0.06600802645376826,0.14764600570976472
15,l78,True,0.11043330026552575,0.22009309408877745
15,l79,True,0.0053385608198261375,0.006969619435675209
15,l80,True,0.5419171205400635,1.1051067951008735
15,l81,True,0.2105977227152762,0.429383811430831
15,l82,True,0.3180783131590506,0.6318801794750616
15,l83,True,0.08786244145752425,0.08519755370493658
15,l84,True,0.33257175557872687,0.6725671093894925
15,l85,True,0.0274633439413592,0.025123277341463107
15,l86,True,0.09095118879277288,0.18518696647726757
15,l87,True,0.01817466107950895,0.017443186837124813
15,l88,True,0.03338398361363215,0.06608065372988495
15,l89,True,0.02344431776905549,0.022559517018020416
15,l90,True,0.015707986680172325,0.02766349001125491
15,l91,True,0.031902112394687716,0.03061737624862144
15,l92,True,0.008053431522134485,0.012894246053366008
15,l93,True,0.015606428125938692,0.014281451230039238
15,l94,True,0.006930606300622002,0.00854117684251152
15,l95,True,0.003327598449675861,0.002415735805481745
15,l96,True,0.0054738931389074425,0.004355042621706161
15,l97,True,0.009592088224406325,0.00661667897346706
15,l98,True,0.0033140516537168876,4.449081944403588e-05
15,l99,True,-7.21650016447018e-08,-0.01973338623400941
15,l118,True,0.7327790341532091,1.4926285031011794
15,l101,True,0.8060601028001402,1.6419140792776161
15,l105,True,0.9526207362781279,1.9404744934782938
15,l108,True,-8.958840523892374e-08,-0.024683505449662566
15,l114,True,1.2578367442582967,2.5698624421116256
15,l116,True,4.317648076665122,8.89695578317478
15,l117,True,2.2473300943842625,4.5771445138188
15,sw1,True,0.0005797789238858968,-8.748611435294152e-09
15,sw2,True,0.00018620228196959942,-7.37616210244596e-09
15,sw3,True,5.7856972329318524e-05,-1.4169199857860804e-10
15,sw4,True,0.00012647087423829363,-6.926435162313282e-09
15,sw5,True,5.0559124909341335e-05,-4.913599696010351e-10
15,sw6,True,5.542441505745899e-19,2.0816681711721686e-20
15,sw7,False,0.0,0.0
15,sw8,True,1.0840045506483875e-06,-1.0331859812140464e-11
15,sw9,True,1.597865705844015e-05,-2.037588274106383e-09
16,l115,True,16.082886715734844,33.476009958097535
16,l1,True,0.0013814063442023326,0.0005238220383453154
16,l2,True,0.04891393318858172,0.04835622255242561
16,l3,True,11.318924899276347,23.523212549803166
16,l4,True,0.006435520483486471,0.005540610946552988
16,l5,True,0.02247214464386343,0.021184009768439864
16,l6,True,0.007610728768820991,0.006488098544641616
16,l7,True,7.4774794590033125,15.530307604569504
16,l8,True,0.0017919615564205742,0.0006994679792906027
16,l9,True,0.044026047312741866,0.04355797994253589
16,l10,True,10.667415529628983,22.11569780650371
16,l11,True,0.02877101308001147,0.027142689112140943
16,l12,True,0.029729865117784356,0.029420180862827692
16,l13,True,4.000321029540559,8.11045969221677
16,l14,True,0.007372670546330482,0.0062851078596468145
16,l15,True,0.0019564530185125478,0.00079414879266551
16,l16,True,0.012409541559758508,0.010786287657552749
16,l17,True,0.00289355183040243,0.0012583915239802082
16,l18,True,0.032615676963047006,0.03189839034426768
16,l20,True,0.010171761058638366,0.008798225863742118
16,l21,True,0.035983793933701234,0.0339061000724505
16,l22,True,0.046633394636548475,0.09490138646119158
16,l23,True,0.04290323283010366,0.040904310323367096
16,l24,True,0.03728156185249099,0.07237465751481796
16,l25,True,0.009461530356333242,0.017797272572977817
16,l26,True,0.008655046996413148,0.013925964364119863
16,l27,True,0.006774238748460688,0.012703237739107389
16,l28,True,0.004400993051407568,0.003416226055320294
16,l29,True,0.03577817845370009,0.03388660044047719
16,l30,True,0.008029581666189188,0.012345363885840925
16,l31,True,0.009405723729389137,0.014525705368589116
16,l32,True,-3.4651840051425144e-08,-0.004360881789835359
16,l33,True,0.0014673137278496142,9.440730135065678e-05
16,l34,True,0.007443675188682391,0.0070672893767696225
16,l36,True,0.809827631886059,1.6589212066117034
16,l41,True,0.8098302885931334,1.6589406324052542
16,l43,True,0.647866132588475,1.3271664439910964
16,l45,True,-4.3375442742173714e-08,-0.005443946061837614
16,l52,True,2.6544645584869433,5.454726638773099
16,l53,True,1.6162559176352806,3.3145366382548964
16,l54,True,0.0012276611841575762,-0.003405195401289276
16,l55,True,4.417110416657291,9.064435481040586
16,l56,True,0.0007839384588526692,-0.004244937958322428
16,l57,True,0.008055388435328496,0.006952675617840214
16,l58,True,9.2358039846709,18.913626685828916
16,l59,True,0.002038425335846114,0.0008538541123443793
16,l60,True,-1.1491992858035302e-07,-0.011784723450766825
16,l61,True,0.2037475839073013,0.04607558079950104
16,l62,True,0.10742594317952171,0.014855469513793651
16,l63,True,0.19926638667476074,0.021802999886102042
16,l64,True,0.16668241243633383,-0.005811822746523831
16,l65,True,0.04358701056987047,-0.04590615023094506
16,l66,True,0.051667797693546166,0.05127429592762928
16,l68,True,0.843401730556041,1.7184227982781886
16,l69,True,0.049361573224181485,0.04852477164782249
16,l70,True,0.02101731239222863,0.01951753685901349
16,l71,True,0.007906254009394615,0.006502865818274586
16,l72,True,0.17190606756601481,0.1727250708178981
16,l73,True,0.3436333883155021,0.7473443682986545
16,l74,True,0.10042086812747585,0.09984026601200457
16,l75,True,0.02612826956743811,0.024250056819830206
16,l76,True,0.4238728525604674,0.8476076843599148
16,l77,True,0.11001108106629226,0.25247118542702085
16,l78,True,0.10812084814398987,0.21522830164560583
16,l79,True,0.006014093665406442,0.008634088101787358
16,l80,True,0.530091467380058,1.0814128677511763
16,l81,True,0.20691365127840253,0.42204809001111426
16,l82,True,0.3132292618047068,0.621438543648168
16,l83,True,0.09932830186285718,0.09686853230969791
16,l84,True,0.32815848421871485,0.6635675919429049
16,l85,True,0.03104580382051063,0.02878846515979967
16,l86,True,0.10352984062158793,0.21320633025404823
16,l87,True,0.018509436385444132,0.017789847876112617
16,l88,True,0.03654860622776323,0.07307296882038646
16,l89,True,0.024182875700018484,0.023325342181320593
16,l90,True,0.016879440667784365,0.030094462994464267
16,l91,True,0.03237462631868402,0.031116818275564583
16,l92,True,0.009398534727261394,0.01606181275386662
16,l93,True,0.018237429192842682,0.016973517690705195
16,l94,True,0.008081908492755715,0.011299585420888977
16,l95,True,0.0038804523615181097,0.0029887803740857636
16,l96,True,0.006138406384725386,0.005798488661943338
16,l97,True,0.01076228479785641,0.009259601775827832
16,l98,True,0.0036716097550270207,0.0009422849906750343
16,l99,True,-1.5607440828472324e-07,-0.019481532786497537
16,l118,True,0.7138363310471759,1.454242752509279
16,l101,True,0.7852230737940991,1.599689305628097
16,l105,True,0.9279950819671503,1.8905718861155036
16,l108,True,-1.9436085818123367e-07,-0.02436955675029627
16,l114,True,1.2149737817159039,2.482209848201819
16,l116,True,5.455021807884681,11.233893716067163
16,l117,True,2.9012613078203286,5.9179401209453095
16,sw1,True,0.000690931681310758,-2.3605709429830313e-08
16,sw2,True,0.00023524756415281445,-1.3130615116097032e-08
16,sw3,True,5.5883511202409864e-05,-5.598849384114146e-10
16,sw4,True,0.00016295245359651745,-1.0980602382915094e-08
16,sw5,True,4.924244043650106e-05,-5.581969162449241e-10
16,sw6,True,5.4903998014665945e-19,-1.3877787807814457e-20
16,sw7,False,0.0,0.0
16,sw8,True,1.915802975418046e-06,-2.7561327442526816e-11
16,sw9,True,2.4653059575939552e-05,-3.3873075153678656e-09
17,l115,True,19.479623180398484,40.54531209261151
17,l1,True,0.0016393044739816105,0.0007916037381091882
17,l2,True,0.057508078234073765,0.057079954246000854
17,l3,True,13.720645257471595,28.515407842384068
17,l4,True,0.007651731670182926,0.006782549774896325
17,l5,True,0.02621770357456262,0.024995820504933364
17,l6,True,0.00884561856664368,0.007751352775647319
17,l7,True,9.064116047152318,18.826488416359993
17,l8,True,0.0021292378250855107,0.0010507863380753407
17,l9,True,0.05177831412988598,0.051431209219826995
17,l10,True,12.934605691044126,26.8185248509394
17,l11,True,0.03345955815823254,0.03192371150787585
17,l12,True,0.03507332397699065,0.034846243732623405
17,l13,True,4.324175757654419,8.766334503327293
17,l14,True,0.008527003900177079,0.007472001837475545
17,l15,True,0.0022996181164089647,0.0011587572295366044
17,l16,True,0.014805822860420448,0.013237844676885288
17,l17,True,0.003452068956747098,0.0018452575175642778
17,l18,True,0.03871051943575003,0.03809534921490558
17,l20,True,0.011955958055197698,0.010631399767780748
17,l21,True,0.04208995696834609,0.04012133011223341
17,l22,True,0.04712114985482185,0.09692626275746442
17,l23,True,0.05152918063721881,0.049683934476885044
17,l24,True,0.030151523851985985,0.05930220026508687
17,l25,True,0.011229033171541232,0.021951013247202354
17,l26,True,0.0058670248382986755,0.0085697690854322
17,l27,True,0.00802461836051742,0.015695252667285033
17,l28,True,0.005288478321417643,0.004329697883194967
17,l29,True,0.0423815562138916,0.04061888626735526
17,l30,True,0.009635846807948838,0.016210389464624313
17,l31,True,0.011283027477511497,0.01904565718185404
17,l32,True,-1.7672466076691684e-08,-0.004305402076093905
17,l33,True,0.0017632430681060213,0.0004127716290822718
17,l34,True,0.00888088249318389,0.008530234374629799
17,l36,True,0.8752618147049216,1.7940640177167224
17,l41,True,0.8752645629384206,1.7940840823488542
17,l43,True,0.7002136170647573,1.4352816600627993
17,l45,True,-1.6594242982040037e-08,-0.005373460000717263
17,l52,True,3.429062657009694,7.048385596487671
17,l53,True,2.0887494923898484,4.28512211005653
17,l54,True,0.0014389434432997975,-0.0028698649852812205
17,l55,True,5.711464840497938,11.722538873829311
17,l56,True,0.0009314670092639735,-0.0038262673155680556
17,l57,True,0.009533694914814986,0.008466309221324991
17,l58,True,11.949366294866078,24.47896537617853
17,l59,True,0.0024320012811476772,0.0012676811231394822
17,l60,True,-5.030853406910165e-08,-0.011571108634767074
17,l61,True,0.23724672657101473,0.06314845732542017
17,l62,True,0.12519633253151552,0.023997144645305526
17,l63,True,0.23273866363636625,0.039018492824128774
17,l64,True,0.19465001073971508,0.009649617431517982
17,l65,True,0.051524015639282876,-0.04073913200245442
17,l66,True,0.06233400251736748,0.06211144383107603
17,l68,True,0.9121351376119419,1.8608123214499792
17,l69,True,0.05955530956067378,0.05889295242020307
17,l70,True,0.025359924570744624,0.023961761812635814
17,l71,True,0.009540108628731104,0.008195083483824419
17,l72,True,0.20491413104716047,0.2062168027590742
17,l73,True,0.4090697217695415,0.8927764082432841
17,l74,True,0.11887419430779118,0.11858407980427
17,l75,True,0.03163016084363335,0.02986853256640461
17,l76,True,0.41304967523646335,0.8256733463639393
17,l77,True,0.20230726674695323,0.46064916958690444
17,l78,True,0.10499033653149673,0.2086867538265651
17,l79,True,0.0069332007820806195,0.010904403924160536
17,l80,True,0.5132139187867578,1.0474659869431344
17,l81,True,0.20164293260493288,0.4115421258412825
17,l82,True,0.30625985771872366,0.6063932306451607
17,l83,True,0.11878307434339513,0.11666065619457368
17,l84,True,0.3217621836410981,0.65047511833522
17,l85,True,0.037180017777987816,0.035056369824924334
17,l86,True,0.1225866944096415,0.2556086213423114
17,l87,True,0.01920037493243581,0.018514766223604966
17,l88,True,0.04124581602697435,0.08339254623821034
17,l89,True,0.02543855962694215,0.024625790147263616
17,l90,True,0.018643449208037056,0.033731461207928075
17,l91,True,0.03335302360911737,0.03213844992506347
17,l92,True,0.011404993765987536,0.020782712466087025
17,l93,True,0.022233405374296127,0.02106118794070426
17,l94,True,0.00976600177827646,0.015333012516506848
17,l95,True,0.004686554888750834,0.0038227744591658847
17,l96,True,0.007265512965197558,0.008234463762375526
17,l97,True,0.012642252775040106,0.013481576776064685
17,l98,True,0.0042319464150969,0.0023387546814701635
17,l99,True,-9.519080015084963e-08,-0.019114640588249313
17,l118,True,0.7657916440230329,1.5621138919873339
17,l101,True,0.842374004868092,1.7183481335305406
17,l105,True,0.995537206894951,2.0308058141455403
17,l108,True,-1.18630816503866e-07,-0.023912255211564787
17,l114,True,1.3131910197772667,2.6839858674941497
17,l116,True,7.043392236571992,14.507178771151885
17,l117,True,3.8004548587679166,7.760674499839842
17,sw1,True,0.0008370123356580734,-1.2306554708629847e-08
17,sw2,True,0.000303733074455522,-7.0128589868545535e-09
17,sw3,True,6.039914215216413e-05,-3.2008392736315725e-10
17,sw4,True,0.00021322096674703062,-6.6670108935795726e-09
17,sw5,True,5.2812667679972944e-05,-2.4985638447105887e-10
17,sw6,True,5.39499001028787e-19,6.938893903907229e-21
17,sw7,False,0.0,0.0
17,sw8,True,2.0942014089087023e-06,-2.637534635141492e-11
17,sw9,True,3.632519621169194e-05,-1.5523110050708056e-09
18,l115,True,1.5567638385601459,3.365849635286926
18,l1,True,0.0017090708132764122,0.0008236880330250642
18,l2,True,0.0625480445636349,0.06213125261845562
18,l3,True,0.9386010662074841,2.0326881110258546
18,l4,True,0.00795310341005461,0.007041733876529179
18,l5,True,0.02940329554458731,0.02815004837617016
18,l6,True,0.010070824741927937,0.008935703153962095
18,l7,True,0.5927968195054855,1.2803821537875628
18,l8,True,0.00219497676953506,0.001055289429973527
18,l9,True,0.05627175683205132,0.05592286027158116
18,l10,True,0.6637217172498349,1.4212449566261784
18,l11,True,0.03784336221773265,0.03624648670664465
18,l12,True,0.03759524533172953,0.03735260484590981
18,l13,True,0.04694559521687001,0.08623020634873468
18,l14,True,0.009834342089332494,0.008725875368390916
18,l15,True,0.002503577146824682,0.001293910697195315
18,l16,True,0.015052265165370044,0.013362426205751034
18,l17,True,0.003509592488593626,0.0017866825489845724
18,l18,True,0.0405267525602103,0.03984595200522017
18,l20,True,0.013018175594683271,0.011589398541247646
18,l21,True,0.0483544239460025,0.046461214342671156
18,l22,True,0.007994337945393937,0.012910410343973073
18,l23,True,0.057789556626637935,0.055955833233172596
18,l24,True,0.015531091691344045,0.02958504466456725
18,l25,True,0.01286602122550903,0.02560423477045697
18,l26,True,0.020293207177630394,0.03797282688075938
18,l27,True,0.009208419185459928,0.018359709980169534
18,l28,True,0.005890143110758799,0.004907761593640317
18,l29,True,0.04863447170007566,0.04683877545208816
18,l30,True,0.024464530630059017,0.04393303318407561
18,l31,True,0.02867792757726056,0.05151802050607512
18,l32,True,-3.3033508005075836e-11,-0.004441057395285846
18,l33,True,0.0019638585347183835,0.0005737155098186122
18,l34,True,0.009028752768230333,0.008646701422636398
18,l36,True,2.548963577986285e-10,-0.005544418421247576
18,l41,True,0.9376313796858303,1.9154062987537035
18,l43,True,0.7501071627153433,1.5323402022445516
18,l45,True,6.119329053796749e-11,-0.005544419014743686
18,l52,True,0.25352296633154037,0.5305413185029465
18,l53,True,0.1370659237789223,0.2842937686919904
18,l54,True,0.0015599580392905647,-0.0030689864291167917
18,l55,True,0.3432343496698304,0.6981706528278592
18,l56,True,0.0009450335796627424,-0.0042535371811949175
18,l57,True,0.009980060678655717,0.008821463901051175
18,l58,True,0.6843590388417943,1.3969735148599138
18,l59,True,0.0024479380846860297,0.0011864860940386278
18,l60,True,7.932657946707957e-11,-0.01265166567558704
18,l61,True,0.2640654963916313,0.071418578813973
18,l62,True,0.13837711021446739,0.027001757652345987
18,l63,True,0.2570258470431145,0.04399328090583731
18,l64,True,0.2125162339159724,0.010519681271653099
18,l65,True,0.052205907045128695,-0.04649374854326379
18,l66,True,0.0689088479734055,0.06868107199796941
18,l68,True,0.007239490289954119,0.008187559130510636
18,l69,True,0.0657603459606762,0.06505137405324057
18,l70,True,0.027953961683168018,0.026434560673013037
18,l71,True,0.01050977677044284,0.009045144075444114
18,l72,True,0.24464282697683665,0.2466506705675274
18,l73,True,0.062457006735581674,0.13575051784790412
18,l74,True,0.136546202775673,0.13670224544501253
18,l75,True,0.04086124848078907,0.03945979600881401
18,l76,True,0.2537631751662702,0.5055026157477259
18,l77,True,0.1726744318723213,0.34120690384748015
18,l78,True,0.09977097455907642,0.19967797052612876
18,l79,True,0.007328396424014741,0.012122357719235994
18,l80,True,0.4818128636926631,0.9895028281651321
18,l81,True,0.19174935581713362,0.3942861289338907
18,l82,True,0.29238317775939504,0.5815238992001978
18,l83,True,0.15341538008744102,0.15216546490699692
18,l84,True,0.3063854569542727,0.6223948272946582
18,l85,True,0.04802779305375589,0.04633308508245318
18,l86,True,0.09609120642543713,0.19692324229946825
18,l87,True,0.019925238122239536,0.01932755970630751
18,l88,True,0.08818918686069083,0.18707614425969224
18,l89,True,0.02782364147780754,0.0269791144170631
18,l90,True,0.08777998766340897,0.18415731122837314
18,l91,True,0.03416861271477683,0.033138350322886256
18,l92,True,0.11432062616839539,0.23397018625611962
18,l93,True,0.027732433120472706,0.02674757609024891
18,l94,True,0.010642963283467916,0.017730142460694532
18,l95,True,0.005110524384781457,0.004200257975162458
18,l96,True,0.007963941635756783,0.009009310339610237
18,l97,True,0.013861844052658853,0.014810120284528239
18,l98,True,0.0050389048345205086,0.0034553453302469278
18,l99,True,2.7800698516125267e-10,-0.020970454777526907
18,l118,True,5.347518127196693e-10,-0.005547917772053728
18,l101,True,0.9712517447936698,1.9837390520095068
18,l105,True,1.1478473113114596,2.344450791702126
18,l108,True,4.31453800016719e-10,-0.02219167718477158
18,l114,True,4.537955922145898e-11,-0.007383164980850335
18,l116,True,0.5866969154117396,1.2388416070884267
18,l117,True,0.06940792713520932,0.14564434255117523
18,sw1,True,6.258885859278962e-05,0.0
18,sw2,True,2.3992701986571774e-05,1.6007106751203536e-13
18,sw3,False,0.0,0.0
18,sw4,True,3.332688025693642e-06,-4.001776687800884e-14
18,sw5,False,0.0,0.0
18,sw6,True,5.906733435701029e-19,-2.7755575615628914e-20
18,sw7,False,0.0,0.0
18,sw8,False,0.0,0.0
18,sw9,False,0.0,0.0
19,l115,True,22.630013843861175,47.07463103578106
19,l1,True,0.0016798291697632522,0.0008387703832786428
19,l2,True,0.05852159155764093,0.058120706620931745
19,l3,True,16.000252556823426,33.2355822457227
19,l4,True,0.007855693637626246,0.006998014708622577
19,l5,True,0.026517349630084938,0.02531430409333916
19,l6,True,0.00892002847799813,0.007837542889727047
19,l7,True,10.576287190972828,21.95703799336846
19,l8,True,0.0021847742723712146,0.001116276405084136
19,l9,True,0.052696069423043806,0.05237300535693066
19,l10,True,15.14258399754367,31.388100899019104
19,l11,True,0.033783761512597266,0.03227432265901734
19,l12,True,0.03579505431982397,0.03558896605957852
19,l13,True,4.727962565318798,9.589195845164621
19,l14,True,0.008576372937357519,0.007535032702431636
19,l15,True,0.002339209463478255,0.0012119266323061312
19,l16,True,0.01525386210403667,0.013714108053776727
19,l17,True,0.0035565135201304655,0.001970830313541228
19,l18,True,0.03889828943771863,0.03830057128888802
19,l20,True,0.012011998054382274,0.01070749179591803
19,l21,True,0.0503751585701757,0.04854305069122347
19,l22,True,0.05428675703475892,0.1128153888943707
19,l23,True,0.061317729419344685,0.05964584024123542
19,l24,True,0.032916739597680135,0.066160119093518
19,l25,True,0.013528629226897465,0.02733620037055516
19,l26,True,0.006970498619346472,0.01111949592943347
19,l27,True,0.009660705312910757,0.019591068385420702
19,l28,True,0.006405211727957066,0.005475771046189039
19,l29,True,0.05102201682453597,0.04940915428250446
19,l30,True,0.011470211444036977,0.020608939221452603
19,l31,True,0.013426595285251097,0.024188527099326167
19,l32,True,-8.702642723222808e-09,-0.004254324922408605
19,l33,True,0.0021345903884448488,0.0008073503009454725
19,l34,True,0.009149565095831348,0.008808916066394886
19,l36,True,0.9430115011765156,1.9338093538767134
19,l41,True,0.9430143392443424,1.9338300585109682
19,l43,True,0.7544135018567322,1.5470788977860939
19,l45,True,3.926045541895502e-09,-0.005309936657678483
19,l52,True,4.172991631448386,8.57877494618902
19,l53,True,2.547366351990262,5.228094345081176
19,l54,True,0.0014631007470601186,-0.002741609685894173
19,l55,True,6.978460910453927,14.32084699878085
19,l56,True,0.0009577143539189316,-0.0036895837355360875
19,l57,True,0.009757509561870393,0.008706971404359137
19,l58,True,14.626852400323376,29.96718421631705
19,l59,True,0.002504689652865636,0.0013555970400930164
19,l60,True,-1.6925150069186345e-08,-0.011379032840539795
19,l61,True,0.23776963811380847,0.0642087121546574
19,l62,True,0.1256238850915397,0.024768678732434636
19,l63,True,0.23370784517646825,0.040621182714668976
19,l64,True,0.19452745586924722,0.01102259647835308
19,l65,True,0.05143147437815787,-0.03968900249487342
19,l66,True,0.06466386876140313,0.06449303822317597
19,l68,True,1.0366871098786943,2.1170915199459124
19,l69,True,0.06178235974925338,0.06117812423761643
19,l70,True,0.026308911368345435,0.02495700396229222
19,l71,True,0.009897182849093952,0.008585360342298372
19,l72,True,0.25052078643749703,0.2525052760920371
19,l73,True,0.48167466925646296,1.0520113020440622
19,l74,True,0.14423836446112545,0.14434821830361033
19,l75,True,0.03930517745861289,0.03769380173250465
19,l76,True,0.4039539338882605,0.8075520947608457
19,l77,True,0.2907219135052583,0.6570865263390806
19,l78,True,0.10216800211151712,0.2028511643605889
19,l79,True,0.008214862600745287,0.014020127464295698
19,l80,True,0.49711015509607387,1.0160678420548792
19,l81,True,0.1968670246306283,0.40248836386326003
19,l82,True,0.29981292797252534,0.5923263388087217
19,l83,True,0.14762775711959694,0.14598654699287
19,l84,True,0.31595163455653164,0.6387208476018277
19,l85,True,0.046213384129616314,0.0442681109653422
19,l86,True,0.1453401022371545,0.3056154627543983
19,l87,True,0.020561881588000687,0.019906522015782684
19,l88,True,0.04677951047525858,0.09523682563811235
19,l89,True,0.027250436016227467,0.026480712206950557
19,l90,True,0.020754734528032715,0.03792949994305673
19,l91,True,0.03546295995060791,0.034350665844100146
19,l92,True,0.013823174529642044,0.02644420421680789
19,l93,True,0.02765869543284498,0.026590736317593837
19,l94,True,0.011571938151802597,0.019629362019321587
19,l95,True,0.005552593060947401,0.004716110000821573
19,l96,True,0.007429678425156453,0.00869647678651745
19,l97,True,0.012842383162369514,0.014144586910309955
19,l98,True,0.004228211500798352,0.002456894361641389
19,l99,True,9.449946056806596e-08,-0.018780632212017232
19,l118,True,0.8785234937798232,1.7940202848130866
19,l101,True,0.9663792420632672,1.9734465791323454
19,l105,True,1.1420891207430977,2.332287686853204
19,l108,True,1.1939284393634265e-07,-0.02349473071446072
19,l114,True,1.4147937934010988,2.8925198953621876
19,l116,True,8.552499163603526,17.61333741717317
19,l117,True,4.758318566413247,9.724027761627905
19,sw1,True,0.0009726817987393588,3.2845418900251387e-09
19,sw2,True,0.00036884170514531433,1.0923831723630428e-09
19,sw3,True,6.507517106365412e-05,1.348962541669607e-10
19,sw4,True,0.00026684220181778074,2.114087692461908e-09
19,sw5,True,6.0581627127248794e-05,-8.69622454047203e-10
19,sw6,True,5.264885749589609e-19,6.938893903907229e-21
19,sw7,False,0.0,0.0
19,sw8,True,2.5474417634541167e-06,1.0879739420488476e-10
19,sw9,True,4.78986477246508e-05,3.6098645068705084e-09
20,l115,True,21.704836517616407,45.117674850479176
20,l1,True,0.001450258695438606,0.0006031052185489898
20,l2,True,0.05077487912126526,0.050258478556654156
20,l3,True,15.396951822865056,31.961183380004716
20,l4,True,0.006766267319937469,0.005888045803016211
20,l5,True,0.02312356139274925,0.02186422019386009
20,l6,True,0.007797740601250553,0.006692822153338057
20,l7,True,10.183342059406218,21.12754453091667
20,l8,True,0.0018855293070355402,0.000808865034747214
20,l9,True,0.04572272368302947,0.045299895800530066
20,l10,True,14.621703972354531,30.28896515679592
20,l11,True,0.029502677135511475,0.027921664394660182
20,l12,True,0.030985981493024155,0.030706148091823707
20,l13,True,4.943625655964483,10.033271216993278
20,l14,True,0.007513363606041821,0.0064490052884139
20,l15,True,0.002030458881295999,0.0008901332362211178
20,l16,True,0.013111900549232815,0.011528952765049326
20,l17,True,0.0030572469685903342,0.0014527714949690562
20,l18,True,0.034130750288430135,0.03346155828321571
20,l20,True,0.010537268731590303,0.00920100857514808
20,l21,True,0.04524114614384598,0.04333068401597848
20,l22,True,0.0722242774663755,0.14885563244629157
20,l23,True,0.05531755514922406,0.05354023446837164
20,l24,True,0.0476711254848924,0.09433088250156288
20,l25,True,0.012177283523164079,0.02417541767376133
20,l26,True,0.011019931415823522,0.01901554690034391
20,l27,True,0.008690629052895117,0.017285375067876026
20,l28,True,0.005767184682299558,0.004821489954030767
20,l29,True,0.045901738672240754,0.044203974273426865
20,l30,True,0.010341776213201228,0.01791021624827408
20,l31,True,0.012107971326549886,0.02103319193533025
20,l32,True,4.765223687081094e-08,-0.004280145305066795
20,l33,True,0.00192285825622821,0.0005832356302553308
20,l34,True,0.007864915898826439,0.007502563202058809
20,l36,True,0.8616723457244807,1.7660690383729234
20,l41,True,0.8616750675403164,1.7660888933427341
20,l43,True,0.6893420018494362,1.4128853587003831
20,l45,True,4.794047981733202e-08,-0.005345006361894075
20,l52,True,3.877020164618734,7.965971747789838
20,l53,True,2.3691084244442173,4.859553394268194
20,l54,True,0.0012719907172799112,-0.0031904040803962604
20,l55,True,6.495559546727338,13.336342255129493
20,l56,True,0.000827495209222089,-0.004026031184271088
20,l57,True,0.008441904727103974,0.007367724267867743
20,l58,True,13.625956838718615,27.929418380946505
20,l59,True,0.0021580417928453244,0.000998082987156522
20,l60,True,1.367765136112949e-07,-0.01148666341659414
20,l61,True,0.20852928262911155,0.04966553213705629
20,l62,True,0.11007762853839086,0.017026742593698144
20,l63,True,0.20468138408428058,0.026191793232996134
20,l64,True,0.1709730654791201,-0.0014625808267737738
20,l65,True,0.045260112070485775,-0.04337988355194466
20,l66,True,0.05537627636137768,0.0550710585681154
20,l68,True,0.9425064405280282,1.9240793856751843
20,l69,True,0.05290615467405587,0.052167784428846065
20,l70,True,0.022527612659716395,0.02110454190604287
20,l71,True,0.00847455551307212,0.007125585140713156
20,l72,True,0.22258218031786964,0.22413564993727778
20,l73,True,0.4962262257067487,1.0802467899259645
20,l74,True,0.12872175023128513,0.1285797576796249
20,l75,True,0.034589877426325986,0.032885385122437584
20,l76,True,0.4088391262238438,0.8175482512229355
20,l77,True,0.26208701066514184,0.5921238016912393
20,l78,True,0.10366900193801848,0.20601782023659326
20,l79,True,0.007439791954672294,0.012144063217723525
20,l80,True,0.5060829088163373,1.0338673683862725
20,l81,True,0.19946460837915947,0.40750642359058836
20,l82,True,0.30330257588926907,0.6001126067641599
20,l83,True,0.12991110597716032,0.12796830165596113
20,l84,True,0.3191791390736944,0.6453291350527143
20,l85,True,0.04066484040309297,0.03860910681280075
20,l86,True,0.1311712272044897,0.27450733080403006
20,l87,True,0.01968696314906265,0.019040867646293917
20,l88,True,0.04331419661375548,0.08779226024707895
20,l89,True,0.026061990934584174,0.025269660922938784
20,l90,True,0.019423654237740267,0.03526291611600027
20,l91,True,0.034107242730387954,0.032930321681116766
20,l92,True,0.012321981818743723,0.0229289725026667
20,l93,True,0.024329161633708282,0.023199991152214352
20,l94,True,0.010439648870333872,0.016947883642234374
20,l95,True,0.0050097424546911495,0.004159704083140241
20,l96,True,0.006429753723616159,0.006586764757455967
20,l97,True,0.011167563924413116,0.010480603740224978
20,l98,True,0.0037149770070027443,0.0012325542296221102
20,l99,True,2.837274094199485e-07,-0.018966197681025806
20,l118,True,0.8021274944400648,1.637430848430362
20,l101,True,0.8823435092692962,1.801197226377917
20,l105,True,1.042773985929147,2.1287189680757
20,l108,True,3.545714775571745e-07,-0.023725485138649322
20,l114,True,1.2927493635273422,2.6421190261554
20,l116,True,7.937450940699317,16.337817154525023
20,l117,True,4.478874656161759,9.157885367426367
20,sw1,True,0.0009333945901598781,3.713089972734451e-08
20,sw2,True,0.00034235966647975147,2.0672305254265665e-08
20,sw3,True,5.9462188568431887e-05,9.683571988716722e-10
20,sw4,True,0.0002510864103678614,2.0019171643070878e-08
20,sw5,True,5.5314018216449764e-05,5.758483894169331e-10
20,sw6,True,5.347285114698508e-19,-1.3877787807814457e-20
20,sw7,False,0.0,0.0
20,sw8,True,4.31154172110837e-06,6.493064574897289e-11
20,sw9,True,4.8634396283887326e-05,6.765258149243891e-09
21,l115,True,17.4705852294222,36.305989586307234
21,l1,True,0.001133980628570498,0.0002739178109932254
21,l2,True,0.040192787242413035,0.03951533508685679
21,l3,True,12.404133471274516,25.741328839204566
21,l4,True,0.0052741585354342535,0.004362975646019549
21,l5,True,0.018498793886148633,0.017155547143203876
21,l6,True,0.006270790932187083,0.005129145392700593
21,l7,True,8.206226105711423,17.020628650831263
21,l8,True,0.0014720242414277892,0.00037710099692867514
21,l9,True,0.03618198186263908,0.035607587623460855
21,l10,True,11.796418534156167,24.427875052562477
21,l11,True,0.023697965942381414,0.02199889363856528
21,l12,True,0.02441291522317624,0.024030527970062394
21,l13,True,4.153274333621433,8.428821979304077
21,l14,True,0.006079652405787783,0.004973023341441149
21,l15,True,0.0016079640719235612,0.0004393361504062341
21,l16,True,0.010172066418435861,0.00851808236368197
21,l17,True,0.002371987582602742,0.0007296110577672153
21,l18,True,0.02676159517047927,0.025965336302084325
21,l20,True,0.008360157776976847,0.00696055678254561
21,l21,True,0.035901971745210176,0.033831129023183165
21,l22,True,0.05627497332362691,0.11467971057014074
21,l23,True,0.042932258852881204,0.04093595110499882
21,l24,True,0.0373136826027403,0.07247165664844214
21,l25,True,0.009468124649691163,0.01781554076523389
21,l26,True,0.008663483201846248,0.013951733474837965
21,l27,True,0.006776288410691652,0.012709687521803617
21,l28,True,0.00440361052044318,0.003419324896085527
21,l29,True,0.035791073011394475,0.033900834660529656
21,l30,True,0.008035059150155576,0.012362226013890905
21,l31,True,0.009412111470344826,0.014545413300285873
21,l32,True,8.184106526288623e-08,-0.004358509018335273
21,l33,True,0.0014681924743763376,9.579024682807358e-05
21,l34,True,0.006101652082179498,0.005706923426416324
21,l36,True,0.7412138558489969,1.5176715605489735
21,l41,True,0.7412164013817092,1.5176901404487435
21,l43,True,0.592974943643203,1.2141654455811077
21,l45,True,9.200767015420401e-08,-0.005442565289298858
21,l52,True,3.085738591333502,6.338141491584131
21,l53,True,1.8875100120843853,3.8701861998021196
21,l54,True,0.0010110065891196151,-0.0038586809187507553
21,l55,True,5.179575405274285,10.633977664485457
21,l56,True,0.0006465821175018824,-0.004547784219243331
21,l57,True,0.006629009626958577,0.005511203954460143
21,l58,True,10.872364891969832,22.281141434204574
21,l59,True,0.0016770502865110757,0.0004915038227736658
21,l60,True,2.408312727915306e-07,-0.01176308881039676
21,l61,True,0.16738966136715316,0.028640109017360374
21,l62,True,0.08824248205739423,0.005751668607525062
21,l63,True,0.16368547381286044,0.005022857433665194
21,l64,True,0.1368736075300694,-0.020434406796259283
21,l65,True,0.035736603631376054,-0.04969724652229707
21,l66,True,0.04242084185361455,0.04190124080087844
21,l68,True,0.78146085361531,1.592088989445023
21,l69,True,0.04052552062449831,0.039568049494257136
21,l70,True,0.01725393302761222,0.015702477663595345
21,l71,True,0.006490453433631046,0.005067327088992897
21,l72,True,0.17198313117712677,0.1728044839862414
21,l73,True,0.432653087677696,0.9378388100712909
21,l74,True,0.10042578850220889,0.09984786647406872
21,l75,True,0.026172928614440025,0.024298291242779668
21,l76,True,0.42275783890237656,0.8459333614653733
21,l77,True,0.2058377893198922,0.46307301367619946
21,l78,True,0.1078009857265206,0.21468728290047148
21,l79,True,0.006011224746803418,0.008641283416839078
21,l80,True,0.5286932925030414,1.0791316647218192
21,l81,True,0.20637241104526038,0.4211073362085153
21,l82,True,0.31238951040049506,0.6199241508516424
21,l83,True,0.09917742114579596,0.09672035038140166
21,l84,True,0.3274318697120143,0.6622237277069652
21,l85,True,0.0309986481974629,0.028744423287022074
21,l86,True,0.10385627465821017,0.2141571089920908
21,l87,True,0.01848966262162867,0.017806264506318257
21,l88,True,0.03659944405436545,0.07323273956990306
21,l89,True,0.02408042455814575,0.023242372521093783
21,l90,True,0.01691793738292472,0.03018343415483105
21,l91,True,0.03231578216022899,0.031060434295592132
21,l92,True,0.009440360787164535,0.01616845117757347
21,l93,True,0.01828064545353118,0.01701943731074425
21,l94,True,0.008137203340379234,0.011451444794553357
21,l95,True,0.003907370102322602,0.0030223443708837293
21,l96,True,0.005049880200665939,0.0035966584257803333
21,l97,True,0.008862410496258235,0.0052834021035178015
21,l98,True,0.0030197857609782657,-0.0005072206881159218
21,l99,True,4.00461279552621e-07,-0.01944109034099371
21,l118,True,0.6680953728454188,1.360907101358549
21,l101,True,0.7349079188320902,1.4970193338182727
21,l105,True,0.868531582153053,1.7692336334306746
21,l108,True,4.999103795684047e-07,-0.024317341960943453
21,l114,True,1.1119978059496498,2.2711303881934435
21,l116,True,6.310441760464222,12.98554213347903
21,l117,True,3.5869027152605124,7.331446920797563
21,sw1,True,0.0007514548420440405,5.6947581470012663e-08
21,sw2,True,0.00027223958785180003,2.923699503298849e-08
21,sw3,True,5.1150669751223173e-05,1.328924554400146e-09
21,sw4,True,0.00020121772319544107,2.4455046514049173e-08
21,sw5,True,4.6086092654149976e-05,7.90401827543974e-10
21,sw6,True,5.429684479807406e-19,-1.3877787807814457e-20
21,sw7,False,0.0,0.0
21,sw8,True,3.3637324813753365e-06,7.4454874265939e-11
21,sw9,True,4.116884607356042e-05,1.0292744264006615e-08
22,l115,True,13.65772593326401,28.396557967401897
22,l1,True,0.0008585621695019654,-1.5167459440817765e-05
22,l2,True,0.030851168931185384,0.030028066581475287
22,l3,True,9.709140837802668,20.159558218703374
22,l4,True,0.003982351071532321,0.0030398213222888443
22,l5,True,0.014358020213494456,0.0129356071025868
22,l6,True,0.004894031449155591,0.003716301773689338
22,l7,True,6.424807455272414,13.332642617157282
22,l8,True,0.0011123089951979638,-2.3755005804559912e-06
22,l9,True,0.027761278414269328,0.02704889693361474
22,l10,True,9.245343417469062,19.152163036061655
22,l11,True,0.018451237647914242,0.01664075847528329
22,l12,True,0.018647875566617587,0.018172832368920352
22,l13,True,3.4237217497237142,6.945254787739658
22,l14,True,0.0047680669013570876,0.0036206338020219847
22,l15,True,0.0012343409341101506,3.807036493162741e-05
22,l16,True,0.0076422357847477545,0.0059200702953075965
22,l17,True,0.0017822161956610216,0.00010069736138120788
22,l18,True,0.02028242230589967,0.019369187244752537
22,l20,True,0.006417574712329952,0.004957293996880253
22,l21,True,0.025523625768790224,0.023271017693874456
22,l22,True,0.04622358646559587,0.09236775878610934
22,l23,True,0.0290517831656216,0.026810299993039733
22,l24,True,0.03255086162436055,0.06159118320678317
22,l25,True,0.006569287450003685,0.011006056877059564
22,l26,True,0.00901670636268682,0.01433259940784228
22,l27,True,0.00471605029679644,0.007785415507961495
22,l28,True,0.002998317280655101,0.0019729695357336824
22,l29,True,0.024908299197362795,0.02281222728438297
22,l30,True,0.005432227830424381,0.006109171217309267
22,l31,True,0.006369029420980951,0.007229338264491162
22,l32,True,4.8001674813477516e-08,-0.004442586089110899
22,l33,True,0.0009996288804986762,-0.0004082608516791879
22,l34,True,0.004584238896768511,0.004159752028870571
22,l36,True,0.6003447967181564,1.2277126895972033
22,l41,True,0.600347105046676,1.2277295686585712
22,l43,True,0.48027933773072434,0.9821957719516067
22,l45,True,6.643358210171697e-08,-0.0055477341351764615
22,l52,True,2.3787636061970843,4.891224795932685
22,l53,True,1.4563405515865888,2.9887905655505818
22,l54,True,0.0007786648083173433,-0.004474392796240298
22,l55,True,4.001574241484399,8.208768438363848
22,l56,True,0.0004888817260683832,-0.005025768812049038
22,l57,True,0.005041866828589264,0.003879224033707942
22,l58,True,8.410882105293219,17.220036628589856
22,l59,True,0.0012599918230207549,4.561679823564191e-05
22,l60,True,1.73521722010842e-07,-0.012059866335823491
22,l61,True,0.1291109007431951,0.008866252235646244
22,l62,True,0.06789507745887385,-0.004898441117693437
22,l63,True,0.12602598689429578,-0.014725759306609689
22,l64,True,0.10496114520438278,-0.038493665211623014
22,l65,True,0.02666727304574306,-0.0559183458822481
22,l66,True,0.03314632065677142,0.03246473747083655
22,l68,True,0.6311569133441662,1.283939489127326
22,l69,True,0.03163733805919765,0.0305108098817509
22,l70,True,0.013452073807784473,0.011794089654107666
22,l71,True,0.005058025818230817,0.003569514531707682
22,l72,True,0.12290866816380003,0.12301697089077789
22,l73,True,0.3869218661742052,0.8289913651066599
22,l74,True,0.07171351560746553,0.07069051716349349
22,l75,True,0.018566895916814246,0.016529058000069197
22,l76,True,0.44177280045196676,0.8847368811409105
22,l77,True,0.14632790824901168,0.3243530865264183
22,l78,True,0.11305955896656088,0.22570708653432667
22,l79,True,0.00433599059459641,0.0045454502769562526
22,l80,True,0.5550406997377286,1.1310599442825187
22,l81,True,0.214355992948731,0.4366221762979403
22,l82,True,0.3226047607888213,0.6419875308238552
22,l83,True,0.07124038056135032,0.06830120545911632
22,l84,True,0.3362762008048885,0.6801344094827364
22,l85,True,0.02226935645074991,0.019824772187314012
22,l86,True,0.07550451125551626,0.15095547066935977
22,l87,True,0.01784899067702645,0.01709945125262311
22,l88,True,0.02938809306780604,0.0573872704098103
22,l89,True,0.0224160062970077,0.021529061419932986
22,l90,True,0.014261158331046318,0.02470399164684932
22,l91,True,0.031257645062672965,0.029945746883102402
22,l92,True,0.0064304622234975265,0.009121398236478543
22,l93,True,0.012637291715080209,0.011250429171805082
22,l94,True,0.005478440570984173,0.005114843812749213
22,l95,True,0.002630628712482576,0.0017029451347852955
22,l96,True,0.003903949549279787,0.0010831274740194204
22,l97,True,0.006817856806141208,0.0006185252475370362
22,l98,True,0.002382829471367586,-0.0021301123687371727
22,l99,True,2.104343997200555e-07,-0.019953832107826648
22,l118,True,0.5415220409940812,1.1012533976656704
22,l101,True,0.5956769780177856,1.2113983730445907
22,l105,True,0.7039855566177284,1.4316790603400296
22,l108,True,2.626037913891928e-07,-0.024956525137154843
22,l114,True,0.9006940154872136,1.8377655813309393
22,l116,True,4.860456985180499,10.014067615803004
22,l117,True,2.7942359914904227,5.700150797913797
22,sw1,True,0.000587301324121654,2.6297668227925897e-08
22,sw2,True,0.0002096686001168564,1.4953649952076375e-08
22,sw3,True,4.143027204554528e-05,5.325127858668566e-10
22,sw4,True,0.000157150944811292,1.3070064596831799e-08
22,sw5,True,3.7366157339420167e-05,5.709007382392883e-10
22,sw6,True,5.590146401335261e-19,2.0816681711721686e-20
22,sw7,False,0.0,0.0
22,sw8,True,2.9388420371105895e-06,1.607986632734537e-11
22,sw9,True,3.561232017818838e-05,5.1910465117543936e-09
23,l115,True,11.475315417643637,23.868993300858214
23,l1,True,0.0006973679697202897,-0.00018588554928737722
23,l2,True,0.02531243269069819,0.02440038743075638
23,l3,True,8.170823461217223,16.9735679373849
23,l4,True,0.0032284749758218823,0.0022653931565328094
23,l5,True,0.011875062859406172,0.010401867314132687
23,l6,True,0.004063870547994156,0.00286186673309021
23,l7,True,5.408106422743062,11.227839479600924
23,l8,True,0.000902132613951835,-0.00022640335802316257
23,l9,True,0.02277320682780555,0.021977980008268786
23,l10,True,7.791094589117332,16.144365499721317
23,l11,True,0.015288123171252664,0.013407159934813536
23,l12,True,0.015247835987014695,0.014715903746389813
23,l13,True,3.1601100075561552,6.409929709461168
23,l14,True,0.003970371538365726,0.0027960127456408373
23,l15,True,0.001012770663270203,-0.00020247586796904216
23,l16,True,0.00617308398460591,0.004405511902343278
23,l17,True,0.0014396763954682684,-0.00026997724141256184
23,l18,True,0.016498886261302685,0.015515638587217837
23,l20,True,0.005265553520570392,0.0037660571431315476
23,l21,True,0.01777688155731448,0.015388263204453323
23,l22,True,0.052678955786817826,0.10435036953948293
23,l23,True,0.019494804552923597,0.017081729682589867
23,l24,True,0.04230635123714455,0.08037117946968647
23,l25,True,0.004493175394165519,0.006128814641186182
23,l26,True,0.017005510404676898,0.030367994871856353
23,l27,True,0.003231965452411776,0.004239624625873802
23,l28,True,0.0020242957889913668,0.0009695740278903031
23,l29,True,0.017070128762032254,0.01482891883748016
23,l30,True,0.0036417763483477758,0.0018053980970435077
23,l31,True,0.004274606993243652,0.0021902940269283135
23,l32,True,2.600993056292025e-08,-0.0045025543840687765
23,l33,True,0.0006748767356029929,-0.0007588354285021524
23,l34,True,0.003703000931789575,0.0032596787768325156
23,l36,True,0.5063744454183324,1.0343662647337915
23,l41,True,0.5063765769048477,1.0343818699034455
23,l43,True,0.40510278924327575,0.827516701404209
23,l45,True,3.6485771173374896e-08,-0.005623647417038216
23,l52,True,1.9232719028658467,3.959456534822355
23,l53,True,1.178210193236242,2.420464261238274
23,l54,True,0.0006403793314315624,-0.0048590984487346355
23,l55,True,3.2404175978908314,6.642879713978698
23,l56,True,0.00039669699568830794,-0.00532453725156476
23,l57,True,0.004108629558242683,0.0029156708059235826
23,l58,True,6.818781964064576,13.948541896340881
23,l59,True,0.001017340455802696,-0.00021775331290336907
23,l60,True,9.453529422448438e-08,-0.012283147333717421
23,l61,True,0.1063337012954289,-0.0031026506358466576
23,l62,True,0.05581353377392952,-0.011365878368575067
23,l63,True,0.10364255115150445,-0.02675133131191251
23,l64,True,0.0860755311473331,-0.04954161140154611
23,l65,True,0.02142760287949568,-0.05981372016767455
23,l66,True,0.027816554600423843,0.027038347444489772
23,l68,True,0.5123659859263571,1.0407332321045397
23,l69,True,0.026551247584910016,0.025322403144185955
23,l70,True,0.011290130393703293,0.0095637585603763
23,l71,True,0.004245227558414626,0.002712672266190566
23,l72,True,0.08634594715239655,0.08591967563444632
23,l73,True,0.37740597835864176,0.7993089683736325
23,l74,True,0.05039105129914242,0.04903416571861817
23,l75,True,0.013046818084472762,0.010886615797006016
23,l76,True,0.46063628948108815,0.9234868000940769
23,l77,True,0.107730183333897,0.2331082074327787
23,l78,True,0.1178718668715519,0.23580898208590223
23,l79,True,0.0030503229311551793,0.0014048664351067792
23,l80,True,0.5777996977942675,1.1756777422486921
23,l81,True,0.22113920301590406,0.44976194172466055
23,l82,True,0.3308044483599006,0.6599601493573282
23,l83,True,0.050058060744362594,0.04674957156095115
23,l84,True,0.3429721878217715,0.6936496374602721
23,l85,True,0.015649528398975234,0.013058056662313902
23,l86,True,0.057394259140372016,0.11033041613878596
23,l87,True,0.01779332250686275,0.017021440313284984
23,l88,True,0.02476161724945996,0.04714425654606748
23,l89,True,0.021777041485220253,0.02085157455287117
23,l90,True,0.012549889052195794,0.02118211196881748
23,l91,True,0.03107724991577561,0.029729680109150648
23,l92,True,0.004401465079944124,0.00434841516026312
23,l93,True,0.008894577859406127,0.007422149290054221
23,l94,True,0.0036581789215523464,0.0007603107768527027
23,l95,True,0.0017564457792177564,0.0007972377837068052
23,l96,True,0.0032285067277589407,-0.00042542873650381805
23,l97,True,0.0056064545690205705,-0.0021976376851143868
23,l98,True,0.001996177117642219,-0.0031442549276689533
23,l99,True,1.134716317649291e-07,-0.020342052498124694
23,l118,True,0.4389578427223023,0.8911476432737109
23,l101,True,0.4828561009478581,0.9802802573292138
23,l105,True,0.5706514464990469,1.15853707275528
23,l108,True,1.416880096259829e-07,-0.025440631431238345
23,l114,True,0.7596964173328015,1.5487678699024836
23,l116,True,3.9274455278002423,8.103157902759296
23,l117,True,2.282448324761295,4.646780403810582
23,sw1,True,0.0004934033239260316,1.2997043086215853e-08
23,sw2,True,0.0001693921028636396,7.394206477329135e-09
23,sw3,True,3.494478040374816e-05,2.1574669517576695e-10
23,sw4,True,0.00012862502498319373,6.584610673598945e-09
23,sw5,True,3.0292004143120723e-05,2.2405583877116442e-10
23,sw6,True,5.655198531684391e-19,-1.3877787807814457e-20
23,sw7,False,0.0,0.0
23,sw8,True,3.669039564556442e-06,2.557499101385474e-12
23,sw9,True,3.380529856076464e-05,2.597051206976175e-09
